student_id,list_of_countries,what_is_your_year_of_birth_just_the_year_eg_1995_,how_do_you_describe_yourself___selected_choice,how_do_you_describe_yourself___prefer_to_self_describe___text,what_is_your_first_degree_subject_area,how_many_years_work_experience_do_you_have,what_sectors_have_you_worked_in,previous_experiences_of_team_working_in_study_and_work,enjoy_working_in_the_team,team_communication_will_be_highly_effective,team_communication_will_be_very_frequent,bond_perosnally_with_my_team_members,we_will_collaborate_together_on_the_same_tasks,work_separately_and_link_up_our_work_later,develop_my_professional_skills,develop_my_team_working_skills,adjust_the_project_regularly,we_will_stick_to_our_original_project,we_will_produce_an_end_result_which_we_are_proud_of,i_see_myself_as___extraverted_enthusiastic,i_see_myself_as___critical_quarrelsome,i_see_myself_as___dependable_self_disciplined,i_see_myself_as___anxious_easily_upset,i_see_myself_as___open_to_a_new_experiences_complex,i_see_myself_as___reserved_quiet,i_see_myself_as___sympathetic_warm,i_see_myself_as___disorganised_careless,i_see_myself_as___calm_emotionally_stable,i_see_myself_as___conventional_uncreative,this_module_is_interesting,for_my_own_good,because_i_am_supposed_to_do_it,i_don’t_see_any_good_reasons_in_the_module,this_module_is_pleasant,this_module_is_good_for_me,because_it_is_something_that_i_have_to_do,i_am_not_sure_if_it_is_worth_it,because_this_module_looks_fun,by_personal_decision,don’t_have_any_choice,don’t_see_what_this_module_brings_me,because_i_feel_good_about_this_module,module_is_important_for_me,i_feel_that_i_have_to_do_it,i_am_not_sure_it_is_a_good_thing_to_pursue_it
1,Nigeria,1996,Male,,"CAH13-01	Architecture, building and planning",5,"CONSTRUCTION,REAL ESTATE ACTIVITIES",I have some experience,Strongly agree,Strongly agree,Strongly agree,Somewhat agree,Strongly agree,Somewhat agree,Strongly agree,Strongly agree,Strongly agree,Somewhat agree,Strongly agree,Agree moderately,Disagree moderately,Agree moderately,Diagree strongly,Agree strongly,Neither agree nor disagree,Neither agree nor disagree,Diagree strongly,Agree moderately,Diagree strongly,Exactly,Exactly,Exactly,Moderately,Exactly,A Little,Exactly,Enough,Exactly,Exactly,Not At All,Moderately,Exactly,Exactly,Exactly,A Little
2,Nigeria,1996,Male,,CAH07-02	Chemistry,3,INFORMATION AND COMMUNICATION,I have extensive experience of teamworking,Strongly agree,Somewhat agree,Somewhat agree,Neither agree nor disagree,Somewhat agree,Somewhat disagree,Strongly agree,Strongly disagree,Somewhat agree,Somewhat disagree,Strongly agree,Diagree strongly,Disagree a little,Agree strongly,Disagree a little,Agree strongly,Agree moderately,Neither agree nor disagree,Diagree strongly,Agree moderately,Agree a little,Enough,A Lot,Exactly,Not At All,Moderately,A Lot,Exactly,Not At All,A Little,Not At All,Moderately,Not At All,Enough,A Lot,Moderately,Not At All
3,Nigeria,1990,Female,,CAH15-02	Economics,2,"ARTS, ENTERTAINMENT AND RECREATION",I have some experience,Somewhat agree,Somewhat agree,Neither agree nor disagree,Somewhat agree,Somewhat agree,Strongly agree,Strongly agree,Somewhat agree,Neither agree nor disagree,Somewhat agree,Strongly agree,Disagree moderately,Diagree strongly,Agree moderately,Disagree moderately,Agree moderately,Agree strongly,Agree moderately,Disagree moderately,Agree moderately,Disagree moderately,Moderately,A Lot,Moderately,Not At All,Moderately,A Lot,Moderately,Not At All,Moderately,A Lot,Not At All,Not At All,Moderately,A Lot,Moderately,Not At All
4,Nigeria,1991,Male,,CAH15-02	Economics,6,"INFORMATION AND COMMUNICATION,ADMINISTRATIVE AND SUPPORT SERVICE ACTIVITIES",I have experience of teamworking and have also led teams,Strongly agree,Strongly agree,Strongly agree,Somewhat agree,Strongly agree,Somewhat agree,Strongly agree,Strongly agree,Strongly agree,Somewhat agree,Somewhat agree,Agree moderately,Disagree moderately,Agree moderately,Disagree moderately,Agree strongly,Neither agree nor disagree,Agree a little,Diagree strongly,Agree moderately,Diagree strongly,Exactly,Exactly,Not At All,Not At All,Exactly,Exactly,Not At All,Not At All,Exactly,Exactly,Not At All,Not At All,Exactly,Exactly,Moderately,Not At All
5,Pakistan,1998,Male,,CAH17-01	Business and management,0,,I have some experience,Neither agree nor disagree,Somewhat agree,Neither agree nor disagree,Neither agree nor disagree,Neither agree nor disagree,Neither agree nor disagree,Neither agree nor disagree,Neither agree nor disagree,Somewhat agree,Neither agree nor disagree,Somewhat agree,Agree moderately,Diagree strongly,Agree moderately,Diagree strongly,Agree strongly,Diagree strongly,Agree a little,Disagree moderately,Agree strongly,Diagree strongly,Moderately,Enough,Moderately,A Very Little,Enough,Enough,A Very Little,A Little,Enough,Moderately,Moderately,Moderately,Moderately,Moderately,Moderately,Moderately
6,Nigeria,1985,Male,,CAH10-01	Engineering,11,"TRANSPORTATION AND STORAGE,PROFESSIONAL, SCIENTIFIC AND TECHNICAL ACTIVITIES,EDUCATION",I have some experience,Somewhat agree,Strongly agree,Strongly agree,Somewhat agree,Somewhat agree,Somewhat agree,Somewhat agree,Neither agree nor disagree,Neither agree nor disagree,Somewhat agree,Strongly agree,Neither agree nor disagree,Disagree moderately,Agree strongly,Diagree strongly,Agree moderately,Agree a little,Diagree strongly,Diagree strongly,Agree strongly,Diagree strongly,A Lot,Exactly,A Lot,A Lot,Enough,A Lot,Moderately,Not At All,A Lot,Enough,A Very Little,Not At All,Enough,Enough,Moderately,Moderately
7,Nigeria,1985,Male,,CAH11-01	Computing,10,"MANUFACTURING,INFORMATION AND COMMUNICATION,EDUCATION",I have extensive experience of teamworking,Strongly agree,Strongly agree,Strongly agree,Strongly agree,Strongly agree,Strongly agree,Strongly agree,Strongly agree,Strongly agree,Strongly agree,Strongly agree,Agree strongly,Diagree strongly,Agree strongly,Disagree a little,Agree strongly,Diagree strongly,Neither agree nor disagree,Diagree strongly,Agree strongly,Diagree strongly,Exactly,Exactly,Exactly,Not At All,Exactly,Exactly,Exactly,Not At All,Exactly,Exactly,Not At All,Not At All,Exactly,Exactly,Exactly,Not At All
8,United Kingdom of Great Britain and Northern Ireland,2001,Female,,"CAH07-04	General, applied and forensic sciences",5,"FINANCIAL AND INSURANCE ACTIVITIES,HUMAN HEALTH AND SOCIAL WORK ACTIVITIES,OTHER SERVICE ACTIVITIES",I have experience of teamworking and have also led teams,Somewhat agree,Strongly agree,Strongly agree,Somewhat agree,Somewhat agree,Somewhat agree,Strongly agree,Strongly agree,Somewhat agree,Neither agree nor disagree,Somewhat disagree,Agree a little,Agree strongly,Agree strongly,Agree moderately,Agree a little,Neither agree nor disagree,Agree a little,Diagree strongly,Diagree strongly,Agree a little,Enough,Enough,Exactly,A Little,Enough,Enough,A Lot,Enough,Moderately,Moderately,Exactly,Enough,Moderately,Moderately,Enough,Moderately
9,Nigeria,1976,Male,,CAH03-01	Biosciences,21,FINANCIAL AND INSURANCE ACTIVITIES,I have experience of teamworking and have also led teams,Strongly disagree,Strongly disagree,Strongly disagree,Strongly disagree,Strongly disagree,Strongly disagree,Strongly disagree,Strongly disagree,Strongly disagree,Strongly disagree,Strongly disagree,Agree moderately,Disagree moderately,Agree strongly,Disagree a little,Agree strongly,Agree moderately,Agree strongly,Diagree strongly,Agree strongly,Disagree a little,Exactly,Exactly,Enough,Not At All,Exactly,Exactly,Exactly,Moderately,Moderately,Enough,Not At All,A Little,Exactly,Exactly,A Lot,Not At All
10,India,1998,Female,,CAH11-01	Computing,2.5,"PROFESSIONAL, SCIENTIFIC AND TECHNICAL ACTIVITIES",I have some experience,Strongly agree,Strongly agree,Strongly agree,Strongly agree,Somewhat agree,Somewhat disagree,Strongly agree,Strongly agree,Somewhat agree,Neither agree nor disagree,Strongly agree,Agree moderately,Diagree strongly,Agree strongly,Agree a little,Agree moderately,Disagree moderately,Agree a little,Diagree strongly,Disagree a little,Diagree strongly,Exactly,Exactly,Not At All,Not At All,Moderately,Exactly,A Very Little,Not At All,Moderately,Not At All,Not At All,Not At All,Moderately,Exactly,Not At All,Not At All
11,Nigeria,1996,Female,,CAH07-02	Chemistry,3,"ADMINISTRATIVE AND SUPPORT SERVICE ACTIVITIES,OTHER SERVICE ACTIVITIES",I have extensive experience of teamworking,Strongly agree,Strongly agree,Strongly agree,Strongly agree,Strongly agree,Neither agree nor disagree,Strongly agree,Strongly agree,Strongly agree,Somewhat disagree,Strongly agree,Disagree moderately,Diagree strongly,Agree strongly,Diagree strongly,Agree strongly,Neither agree nor disagree,Agree strongly,Diagree strongly,Agree strongly,Disagree moderately,Exactly,Exactly,Exactly,Not At All,Exactly,Exactly,Moderately,Not At All,Exactly,Exactly,Not At All,Not At All,Exactly,Exactly,Not At All,Not At All
12,Nigeria,1986,Female,,"CAH06-01	Agriculture, food and related studies",10,FINANCIAL AND INSURANCE ACTIVITIES,I have experience of teamworking and have also led teams,Strongly agree,Somewhat agree,Somewhat agree,Neither agree nor disagree,Somewhat agree,Strongly agree,Strongly agree,Strongly agree,Somewhat agree,Somewhat agree,Strongly agree,Agree a little,Diagree strongly,Agree moderately,Neither agree nor disagree,Agree a little,Agree moderately,Agree moderately,Disagree moderately,Agree a little,Agree a little,A Lot,Exactly,Exactly,Not At All,A Lot,Exactly,Moderately,Not At All,A Lot,Moderately,Moderately,Not At All,A Lot,A Lot,Enough,Not At All
13,United Kingdom of Great Britain and Northern Ireland,1995,Male,,CAH11-01	Computing,6,"ACCOMMODATION AND FOOD SERVICE ACTIVITIES,INFORMATION AND COMMUNICATION",I have experience of teamworking and have also led teams,Strongly agree,Strongly agree,Strongly agree,Strongly agree,Strongly agree,Somewhat agree,Strongly agree,Strongly agree,Neither agree nor disagree,Neither agree nor disagree,Strongly agree,Agree strongly,Disagree moderately,Agree moderately,Diagree strongly,Agree strongly,Diagree strongly,Agree a little,Disagree a little,Agree strongly,Disagree a little,A Lot,Exactly,Exactly,Not At All,Enough,Exactly,Exactly,Not At All,A Lot,Not At All,Exactly,Not At All,A Lot,Exactly,Exactly,Not At All
14,Bangladesh,1997,Female,,CAH10-01	Engineering,0,,I have experience of teamworking and have also led teams,Strongly agree,Strongly agree,Strongly agree,Strongly agree,Strongly agree,Strongly agree,Strongly agree,Strongly agree,Strongly agree,Strongly agree,Strongly agree,Agree strongly,Diagree strongly,Agree strongly,Diagree strongly,Agree strongly,Disagree moderately,Agree strongly,Diagree strongly,Agree strongly,Diagree strongly,Exactly,Not At All,A Lot,Not At All,Exactly,Exactly,A Lot,Not At All,A Lot,A Lot,Not At All,Not At All,Exactly,Exactly,A Lot,Not At All
15,Italy,2000,Female,,CAH16-01	Law,1,"ACCOMMODATION AND FOOD SERVICE ACTIVITIES,OTHER SERVICE ACTIVITIES",I have some experience,Somewhat agree,Somewhat agree,Somewhat agree,Neither agree nor disagree,Somewhat agree,Neither agree nor disagree,Strongly agree,Strongly agree,Somewhat agree,Neither agree nor disagree,Strongly agree,Disagree a little,Disagree moderately,Agree strongly,Diagree strongly,Agree strongly,Agree a little,Agree a little,Diagree strongly,Agree moderately,Diagree strongly,Exactly,Exactly,Enough,Not At All,A Lot,Exactly,Enough,Not At All,Exactly,Not At All,Enough,Not At All,A Lot,Exactly,Not At All,Not At All
16,Sri Lanka,1993,Female,,CAH17-01	Business and management,5,"MANUFACTURING,INFORMATION AND COMMUNICATION",I have some experience,Strongly agree,Strongly agree,Strongly agree,Neither agree nor disagree,Somewhat agree,Somewhat agree,Somewhat agree,Strongly agree,Somewhat agree,Neither agree nor disagree,Strongly agree,Agree moderately,Disagree moderately,Agree moderately,Diagree strongly,Agree strongly,Disagree moderately,Agree moderately,Disagree moderately,Agree moderately,Diagree strongly,Exactly,A Lot,A Very Little,A Very Little,Exactly,Exactly,Moderately,A Very Little,A Lot,A Lot,A Very Little,A Very Little,A Lot,A Lot,Moderately,A Very Little
17,Viet Nam,1999,Male,,CAH11-01	Computing,1,"INFORMATION AND COMMUNICATION,EDUCATION",I have some experience,Neither agree nor disagree,Somewhat agree,Somewhat agree,Neither agree nor disagree,Neither agree nor disagree,Neither agree nor disagree,Somewhat agree,Neither agree nor disagree,Somewhat agree,Somewhat agree,Strongly agree,Neither agree nor disagree,Agree a little,Agree moderately,Disagree moderately,Agree a little,Agree a little,Agree moderately,Diagree strongly,Agree moderately,Neither agree nor disagree,A Lot,Enough,Exactly,A Very Little,Moderately,A Lot,A Lot,A Little,Moderately,Moderately,Moderately,A Little,Enough,Moderately,A Lot,A Very Little
18,Viet Nam,1996,Female,,CAH17-01	Business and management,1,"FINANCIAL AND INSURANCE ACTIVITIES,EDUCATION",I have some experience,Somewhat agree,Somewhat agree,Neither agree nor disagree,Somewhat agree,Somewhat agree,Somewhat agree,Strongly agree,Strongly agree,Somewhat agree,Somewhat disagree,Somewhat agree,Disagree a little,Agree a little,Agree a little,Neither agree nor disagree,Agree moderately,Agree a little,Agree moderately,Disagree a little,Neither agree nor disagree,Disagree a little,A Lot,A Lot,A Lot,A Very Little,Moderately,Enough,A Lot,A Little,Enough,Enough,A Very Little,A Very Little,Enough,Enough,Enough,A Very Little
19,United Kingdom of Great Britain and Northern Ireland,2001,Male,,CAH15-02	Economics,0,,I have some experience,Somewhat agree,Somewhat agree,Neither agree nor disagree,Somewhat agree,Neither agree nor disagree,Somewhat disagree,Strongly agree,Strongly agree,Somewhat agree,Neither agree nor disagree,Strongly agree,Agree a little,Neither agree nor disagree,Agree a little,Disagree moderately,Agree strongly,Disagree a little,Neither agree nor disagree,Disagree moderately,Agree a little,Neither agree nor disagree,,,,,,,,,,,,,,,,
20,Sri Lanka,1989,Female,,CAH17-01	Business and management,12,"FINANCIAL AND INSURANCE ACTIVITIES,PROFESSIONAL, SCIENTIFIC AND TECHNICAL ACTIVITIES",I have experience of teamworking and have also led teams,Somewhat agree,Strongly agree,Somewhat agree,Somewhat agree,Somewhat agree,Somewhat agree,Somewhat agree,Somewhat agree,Somewhat agree,Somewhat agree,Somewhat agree,Agree moderately,Disagree a little,Agree moderately,Neither agree nor disagree,Agree moderately,Agree strongly,Agree strongly,Agree a little,Agree a little,Disagree a little,Exactly,Exactly,Exactly,Exactly,Exactly,Exactly,Exactly,A Little,Exactly,A Little,A Little,Moderately,Exactly,Exactly,Enough,A Lot
21,Sri Lanka,1997,Male,,CAH17-01	Business and management,3,FINANCIAL AND INSURANCE ACTIVITIES,I have some experience,Strongly agree,Strongly agree,Somewhat agree,Somewhat agree,Strongly agree,Somewhat agree,Strongly agree,Somewhat agree,Somewhat agree,Somewhat agree,Strongly agree,Agree moderately,Agree moderately,Agree strongly,Agree moderately,Agree strongly,Agree a little,Agree moderately,Disagree moderately,Agree moderately,Agree moderately,A Lot,A Lot,Exactly,A Lot,A Lot,A Lot,A Lot,Enough,Enough,Moderately,A Lot,Moderately,Moderately,A Lot,Enough,Moderately
22,Nigeria,1990,Male,,"CAH07-04	General, applied and forensic sciences",7,"FINANCIAL AND INSURANCE ACTIVITIES,OTHER SERVICE ACTIVITIES",I have some experience,Strongly agree,Strongly agree,Strongly agree,Somewhat agree,Strongly agree,Somewhat agree,Strongly agree,Strongly agree,Strongly agree,Somewhat agree,Strongly agree,Agree moderately,Agree moderately,Agree moderately,Agree a little,Agree strongly,Disagree moderately,Agree moderately,Agree a little,Agree moderately,Diagree strongly,Enough,Exactly,Moderately,Not At All,A Lot,A Lot,Moderately,Not At All,A Little,Exactly,Not At All,Not At All,A Lot,Exactly,Exactly,Not At All
23,Nigeria,1993,Female,,CAH09-01	Mathematical sciences,6,FINANCIAL AND INSURANCE ACTIVITIES,I have extensive experience of teamworking,Strongly agree,Strongly agree,Strongly agree,Somewhat agree,Strongly agree,Strongly agree,Strongly agree,Strongly agree,Strongly agree,Somewhat agree,Strongly agree,Agree strongly,Disagree moderately,Agree strongly,Disagree moderately,Agree strongly,Agree strongly,Agree strongly,Diagree strongly,Agree strongly,Diagree strongly,,,,,,Exactly,Enough,,,,,,,,,
24,United Kingdom of Great Britain and Northern Ireland,1988,Male,,CAH03-01	Biosciences,10,EDUCATION,I have experience of teamworking and have also led teams,Somewhat agree,Strongly agree,Somewhat agree,Somewhat agree,Neither agree nor disagree,Somewhat agree,Somewhat agree,Neither agree nor disagree,Strongly agree,Neither agree nor disagree,Strongly agree,Disagree a little,Disagree a little,Agree moderately,Neither agree nor disagree,Agree strongly,Agree a little,Agree a little,Neither agree nor disagree,Agree moderately,Neither agree nor disagree,A Lot,A Lot,Not At All,Not At All,Moderately,Enough,Not At All,Not At All,Enough,A Lot,Not At All,Not At All,Moderately,Enough,Not At All,A Very Little
25,United Kingdom of Great Britain and Northern Ireland,2000,Male,,CAH17-01	Business and management,,OTHER SERVICE ACTIVITIES,,,,,,,,,,,,,,,,,,,,,,,,,,,,,,,,,,,,,,
26,United Kingdom of Great Britain and Northern Ireland,1998,Male,,CAH15-02	Economics,0,,I have some experience,Neither agree nor disagree,Neither agree nor disagree,Neither agree nor disagree,Neither agree nor disagree,Somewhat disagree,Somewhat agree,Somewhat agree,Somewhat agree,Somewhat agree,Somewhat disagree,Neither agree nor disagree,Disagree a little,Neither agree nor disagree,Agree a little,Agree a little,Agree a little,Neither agree nor disagree,Agree a little,Neither agree nor disagree,Agree a little,Agree a little,A Very Little,A Little,A Little,A Little,Moderately,Enough,A Little,A Little,A Very Little,A Very Little,A Lot,Not At All,A Little,A Very Little,A Very Little,Not At All
27,Switzerland,1996,Female,,CAH17-01	Business and management,13,"ACCOMMODATION AND FOOD SERVICE ACTIVITIES,EDUCATION,HUMAN HEALTH AND SOCIAL WORK ACTIVITIES",I have extensive experience of teamworking,Somewhat agree,Strongly agree,Strongly agree,Strongly agree,Strongly agree,Strongly agree,Strongly agree,Strongly agree,Somewhat agree,Somewhat agree,Strongly agree,Agree a little,Disagree a little,Agree moderately,Agree a little,Agree a little,Agree moderately,Agree a little,Disagree a little,Agree a little,Disagree a little,Moderately,Moderately,Exactly,A Little,Moderately,Moderately,Moderately,Moderately,Moderately,Moderately,Exactly,A Little,Moderately,Moderately,Moderately,Moderately
28,United Kingdom of Great Britain and Northern Ireland,1995,Non-binary / third gender,,"CAH15-01	Sociology, social policy and anthropology",,OTHER SERVICE ACTIVITIES,I have extensive experience of teamworking,Neither agree nor disagree,Neither agree nor disagree,Neither agree nor disagree,Neither agree nor disagree,Somewhat agree,Somewhat agree,Strongly agree,Neither agree nor disagree,Somewhat agree,Somewhat disagree,Somewhat agree,Disagree moderately,Agree a little,Agree moderately,Neither agree nor disagree,Agree moderately,Neither agree nor disagree,Agree moderately,Disagree a little,Diagree strongly,Neither agree nor disagree,A Little,A Very Little,Exactly,A Very Little,Moderately,Exactly,Enough,Exactly,Enough,A Lot,Exactly,Enough,A Lot,Exactly,Exactly,A Little
29,United Kingdom of Great Britain and Northern Ireland,1998,Male,,CAH11-01	Computing,8,"PROFESSIONAL, SCIENTIFIC AND TECHNICAL ACTIVITIES",I have experience of teamworking and have also led teams,Somewhat agree,Neither agree nor disagree,Strongly agree,Strongly agree,Somewhat agree,Strongly agree,Strongly agree,Somewhat agree,Strongly agree,Neither agree nor disagree,Strongly agree,Diagree strongly,Disagree moderately,Agree moderately,Agree moderately,Agree strongly,Disagree a little,Neither agree nor disagree,Agree a little,Disagree moderately,Neither agree nor disagree,A Lot,Exactly,Exactly,A Very Little,Moderately,Exactly,Exactly,A Very Little,A Lot,Exactly,Enough,Not At All,Exactly,Exactly,A Lot,A Little
30,Spain,1983,Male,,CAH10-01	Engineering,13,"MANUFACTURING,INFORMATION AND COMMUNICATION,PROFESSIONAL, SCIENTIFIC AND TECHNICAL ACTIVITIES,HUMAN HEALTH AND SOCIAL WORK ACTIVITIES",I have extensive experience of teamworking,Somewhat agree,Neither agree nor disagree,Somewhat agree,Somewhat agree,Neither agree nor disagree,Somewhat agree,Somewhat agree,Neither agree nor disagree,Somewhat agree,Somewhat disagree,Somewhat agree,Disagree a little,Agree a little,Agree strongly,Neither agree nor disagree,Agree moderately,Agree moderately,Agree moderately,Diagree strongly,Agree strongly,Disagree moderately,Enough,A Little,Enough,A Very Little,A Very Little,Enough,Exactly,A Lot,A Little,A Very Little,A Lot,A Very Little,A Little,Moderately,A Lot,Moderately
31,India,1998,Male,,CAH11-01	Computing,1.75,HUMAN HEALTH AND SOCIAL WORK ACTIVITIES,I have experience of teamworking and have also led teams,Somewhat agree,Somewhat agree,Neither agree nor disagree,Neither agree nor disagree,Neither agree nor disagree,Somewhat agree,Somewhat agree,Somewhat agree,Somewhat agree,Neither agree nor disagree,Strongly agree,Agree a little,Disagree a little,Neither agree nor disagree,Diagree strongly,Agree moderately,Agree a little,Neither agree nor disagree,Disagree moderately,Agree a little,Disagree a little,Moderately,Enough,Enough,Enough,Enough,Enough,A Lot,Enough,A Lot,Enough,A Lot,Enough,A Lot,Enough,A Lot,Enough
32,Nigeria,1979,Female,,CAH17-01	Business and management,19,FINANCIAL AND INSURANCE ACTIVITIES,I have experience of teamworking and have also led teams,Strongly agree,Strongly agree,Strongly agree,Strongly agree,Strongly agree,Somewhat agree,Strongly agree,Strongly agree,Somewhat agree,Neither agree nor disagree,Strongly agree,Agree strongly,Agree moderately,Agree moderately,Agree moderately,Agree strongly,Disagree moderately,Agree strongly,Diagree strongly,Agree a little,Diagree strongly,A Lot,A Lot,Not At All,Not At All,A Lot,A Lot,A Very Little,Not At All,A Lot,A Lot,Not At All,A Lot,A Lot,A Lot,A Very Little,Not At All
33,Nigeria,1970,Prefer to self-describe,,CAH17-01	Business and management,16,FINANCIAL AND INSURANCE ACTIVITIES,I have some experience,Strongly agree,Strongly agree,Somewhat agree,Somewhat agree,Somewhat agree,Strongly agree,Neither agree nor disagree,Strongly agree,Somewhat agree,Somewhat agree,Strongly agree,Agree a little,Disagree a little,Agree a little,Agree moderately,Agree moderately,Agree strongly,Agree a little,Diagree strongly,Agree moderately,Diagree strongly,Moderately,,Enough,Exactly,Exactly,A Lot,Exactly,Not At All,A Lot,A Lot,Moderately,A Lot,Exactly,Exactly,A Lot,Enough
34,Sri Lanka,1992,Female,,CAH17-01	Business and management,5,OTHER SERVICE ACTIVITIES,I have experience of teamworking and have also led teams,Strongly agree,Strongly agree,Strongly agree,Strongly agree,Strongly agree,Strongly agree,Strongly agree,Strongly agree,Strongly agree,Strongly agree,Strongly agree,Agree strongly,Neither agree nor disagree,Agree strongly,Neither agree nor disagree,Agree strongly,Agree moderately,Agree moderately,Neither agree nor disagree,Agree strongly,Disagree moderately,Exactly,Exactly,Exactly,Exactly,Exactly,Exactly,Exactly,Not At All,Enough,A Lot,Not At All,Not At All,A Lot,Exactly,Exactly,Not At All
35,Nigeria,1999,Male,,CAH11-01	Computing,7,"ACCOMMODATION AND FOOD SERVICE ACTIVITIES,FINANCIAL AND INSURANCE ACTIVITIES,PUBLIC ADMINISTRATION AND DEFENCE; COMPULSORY SOCIAL SECURITY,HUMAN HEALTH AND SOCIAL WORK ACTIVITIES,ARTS, ENTERTAINMENT AND RECREATION,OTHER SERVICE ACTIVITIES",I have experience of teamworking and have also led teams,Neither agree nor disagree,Somewhat agree,Strongly agree,Strongly disagree,Somewhat agree,Somewhat agree,Neither agree nor disagree,Somewhat agree,Strongly agree,Somewhat disagree,Strongly agree,Agree a little,Agree a little,Agree strongly,Diagree strongly,Agree strongly,Agree moderately,Agree strongly,Disagree moderately,Agree strongly,Agree a little,A Little,Exactly,Enough,Moderately,Enough,Exactly,A Lot,Moderately,A Very Little,Exactly,Moderately,Moderately,A Lot,A Little,Enough,Moderately
36,Nigeria,1987,Female,,"CAH07-04	General, applied and forensic sciences",6,"ADMINISTRATIVE AND SUPPORT SERVICE ACTIVITIES,OTHER SERVICE ACTIVITIES",I have some experience,Strongly agree,Strongly agree,Strongly agree,Strongly agree,Strongly agree,Somewhat agree,Strongly agree,Strongly agree,Somewhat agree,Somewhat agree,Strongly agree,Agree moderately,Diagree strongly,Agree moderately,Disagree moderately,Agree strongly,Agree moderately,Agree moderately,Disagree moderately,Agree moderately,Disagree moderately,Exactly,Moderately,Exactly,Not At All,Exactly,Exactly,Exactly,A Very Little,Enough,A Lot,Enough,Moderately,A Lot,A Lot,A Lot,A Very Little
37,Sri Lanka,1981,Male,,CAH17-01	Business and management,17,INFORMATION AND COMMUNICATION,I have experience of teamworking and have also led teams,Strongly agree,Strongly agree,Somewhat agree,Strongly agree,Somewhat disagree,Neither agree nor disagree,Somewhat agree,Somewhat agree,Strongly agree,Strongly disagree,Strongly agree,Agree moderately,Agree moderately,Neither agree nor disagree,Agree moderately,Agree strongly,Agree a little,Agree a little,Diagree strongly,Agree moderately,Diagree strongly,Exactly,Enough,A Lot,Not At All,Enough,Exactly,Not At All,Not At All,Enough,Exactly,Not At All,Not At All,Exactly,Exactly,Not At All,Not At All
38,Pakistan,1993,Male,,CAH11-01	Computing,5,"INFORMATION AND COMMUNICATION,PROFESSIONAL, SCIENTIFIC AND TECHNICAL ACTIVITIES,ADMINISTRATIVE AND SUPPORT SERVICE ACTIVITIES",I have experience of teamworking and have also led teams,Somewhat agree,Strongly agree,Somewhat agree,Strongly agree,Somewhat disagree,Strongly agree,Somewhat agree,Strongly agree,Strongly agree,Somewhat disagree,Strongly agree,Agree strongly,Diagree strongly,Agree a little,Disagree a little,Agree strongly,Agree a little,Agree moderately,Disagree moderately,Disagree moderately,Agree a little,A Lot,Enough,A Lot,A Lot,A Lot,A Lot,A Lot,A Very Little,Not At All,A Little,Moderately,Not At All,A Lot,A Lot,A Lot,Enough
39,Pakistan,1991,Female,,CAH11-01	Computing,,,,,,,,,,,,,,,,,,,,,,,,,,,,,,,,,,,,,,,,
40,Sri Lanka,1996,Male,,CAH17-01	Business and management,4,"INFORMATION AND COMMUNICATION,FINANCIAL AND INSURANCE ACTIVITIES,PROFESSIONAL, SCIENTIFIC AND TECHNICAL ACTIVITIES",I have extensive experience of teamworking,Strongly agree,Somewhat agree,Somewhat agree,Somewhat agree,Somewhat agree,Somewhat agree,Strongly agree,Strongly agree,Somewhat agree,Somewhat disagree,Strongly agree,Agree moderately,Neither agree nor disagree,Agree moderately,Disagree a little,Agree strongly,Disagree a little,Agree moderately,Diagree strongly,Agree moderately,Diagree strongly,Exactly,Moderately,Moderately,Not At All,Exactly,Exactly,A Lot,Not At All,Enough,A Lot,Not At All,Not At All,Enough,Exactly,Not At All,Not At All
41,India,1992,Male,,CAH15-02	Economics,7,FINANCIAL AND INSURANCE ACTIVITIES,I have experience of teamworking and have also led teams,Strongly agree,Strongly agree,Strongly agree,Strongly agree,Strongly agree,Strongly agree,Strongly agree,Strongly agree,Strongly agree,Strongly agree,Strongly agree,,,,,,,,,,,,,,,,,,,,,,,,,,
42,United Kingdom of Great Britain and Northern Ireland,1975,Female,,CAH07-01	Physics and astronomy,10,"TRANSPORTATION AND STORAGE,ACCOMMODATION AND FOOD SERVICE ACTIVITIES,PROFESSIONAL, SCIENTIFIC AND TECHNICAL ACTIVITIES",I have some experience,Strongly agree,Strongly agree,Somewhat agree,Somewhat agree,Neither agree nor disagree,Neither agree nor disagree,Strongly agree,Strongly agree,Strongly agree,Neither agree nor disagree,Strongly agree,Disagree a little,Diagree strongly,Agree strongly,Agree a little,Agree strongly,Agree moderately,Agree strongly,Disagree moderately,Agree moderately,Agree a little,Exactly,Exactly,A Very Little,A Very Little,Enough,Exactly,Enough,Not At All,A Lot,Moderately,Moderately,Not At All,Exactly,Exactly,A Very Little,A Very Little
43,Sri Lanka,1990,Female,,CAH17-01	Business and management,9.5,FINANCIAL AND INSURANCE ACTIVITIES,I have experience of teamworking and have also led teams,Somewhat agree,Strongly agree,Neither agree nor disagree,Somewhat agree,Somewhat agree,Strongly agree,Strongly agree,Strongly agree,Strongly agree,Somewhat disagree,Strongly agree,,Neither agree nor disagree,Agree moderately,Disagree a little,Agree strongly,Agree strongly,Agree a little,Disagree moderately,Neither agree nor disagree,Disagree moderately,A Lot,Exactly,Not At All,Not At All,Moderately,Exactly,A Lot,Not At All,Not At All,Exactly,Not At All,Not At All,Exactly,Exactly,Exactly,Not At All
44,Malaysia,1993,Male,,CAH17-01	Business and management,4,FINANCIAL AND INSURANCE ACTIVITIES,I have extensive experience of teamworking,Somewhat agree,Somewhat agree,Somewhat agree,Somewhat agree,Somewhat agree,Somewhat agree,Somewhat agree,Somewhat agree,Somewhat agree,Somewhat agree,Somewhat agree,Neither agree nor disagree,Agree a little,Agree a little,Disagree a little,Agree a little,Agree a little,Agree a little,Agree a little,Agree a little,Neither agree nor disagree,Moderately,Moderately,Moderately,Moderately,Moderately,Moderately,Moderately,Moderately,Moderately,Moderately,A Lot,A Very Little,A Little,Moderately,Moderately,A Very Little
45,Thailand,1993,Male,,CAH10-01	Engineering,5,MANUFACTURING,,,,,,,,,,,,,,,,,,,,,,,,,,,,,,,,,,,,,,
46,India,1994,Male,,CAH17-01	Business and management,,FINANCIAL AND INSURANCE ACTIVITIES,I have some experience,Strongly agree,Strongly agree,Strongly agree,Strongly agree,Strongly agree,Strongly agree,Strongly agree,Strongly agree,Strongly agree,Strongly agree,Strongly agree,Agree strongly,Diagree strongly,Agree strongly,Disagree moderately,Agree strongly,Diagree strongly,Agree moderately,Diagree strongly,Agree moderately,Diagree strongly,Exactly,A Lot,Not At All,Not At All,Enough,A Lot,A Little,A Very Little,Enough,Exactly,Not At All,Not At All,Moderately,Exactly,A Little,Not At All
47,United Kingdom of Great Britain and Northern Ireland,1997,Female,,"CAH26-01 Geography, earth and environmental studies",,,I have extensive experience of teamworking,Somewhat agree,Somewhat agree,Neither agree nor disagree,Neither agree nor disagree,Somewhat agree,Somewhat agree,Strongly agree,Strongly agree,Strongly agree,Somewhat disagree,Strongly agree,Disagree a little,Diagree strongly,Agree a little,Agree a little,Agree a little,Agree a little,Agree moderately,Disagree a little,Agree a little,Disagree a little,A Lot,A Lot,Exactly,A Very Little,Enough,Enough,A Lot,Moderately,Moderately,Moderately,Moderately,Moderately,Enough,A Lot,Moderately,Moderately
48,Malaysia,1992,Male,,CAH25-01	Creative arts and design,5,"MANUFACTURING,WHOLESALE AND RETAIL TRADE; REPAIR OF MOTOR VEHICLES AND MOTORCYCLES,ARTS, ENTERTAINMENT AND RECREATION,OTHER SERVICE ACTIVITIES",I have some experience,Neither agree nor disagree,Somewhat agree,Somewhat agree,Somewhat agree,Somewhat agree,Somewhat agree,Somewhat agree,Somewhat agree,Somewhat agree,Somewhat agree,Somewhat agree,Agree a little,Agree a little,Agree a little,Agree a little,Agree a little,Agree a little,Agree a little,Agree a little,Agree a little,Agree a little,A Lot,Enough,A Lot,A Little,,Exactly,Exactly,Enough,A Lot,Enough,A Very Little,,A Lot,A Lot,A Lot,A Lot
49,Nigeria,1984,Female,,CAH11-01	Computing,8,FINANCIAL AND INSURANCE ACTIVITIES,I have some experience,Strongly agree,Strongly agree,Somewhat agree,Strongly agree,Strongly agree,Strongly agree,Somewhat agree,Somewhat agree,Somewhat agree,Strongly agree,Strongly agree,Agree strongly,Agree moderately,Agree strongly,Disagree a little,Agree strongly,Agree a little,Agree strongly,Diagree strongly,Agree strongly,Agree moderately,Exactly,Exactly,A Lot,Enough,Enough,Enough,Enough,A Lot,Enough,Enough,A Lot,Enough,Enough,Enough,A Lot,A Lot
50,Nigeria,1992,Male,,CAH11-01	Computing,6,REAL ESTATE ACTIVITIES,I have experience of teamworking and have also led teams,Strongly agree,Strongly agree,Strongly agree,Strongly agree,Strongly agree,Strongly agree,Strongly agree,Strongly agree,Strongly agree,Somewhat agree,Strongly agree,Agree strongly,Diagree strongly,Agree strongly,Disagree moderately,Agree moderately,Neither agree nor disagree,Neither agree nor disagree,Diagree strongly,Agree moderately,Diagree strongly,A Lot,A Lot,A Lot,Not At All,Exactly,Exactly,Exactly,Not At All,Exactly,A Lot,Not At All,Not At All,A Lot,Exactly,A Lot,Not At All
51,Nigeria,1998,Female,,CAH16-01	Law,1,"FINANCIAL AND INSURANCE ACTIVITIES,ADMINISTRATIVE AND SUPPORT SERVICE ACTIVITIES",I have experience of teamworking and have also led teams,Strongly agree,Strongly agree,Somewhat agree,Somewhat agree,Strongly agree,Neither agree nor disagree,Strongly agree,Strongly agree,Strongly agree,Neither agree nor disagree,Somewhat agree,Agree strongly,Diagree strongly,Agree moderately,Disagree moderately,Agree strongly,Disagree moderately,Agree strongly,Disagree moderately,Neither agree nor disagree,Disagree moderately,A Lot,Exactly,Exactly,Not At All,A Lot,Exactly,Moderately,Not At All,Enough,A Little,A Very Little,Not At All,Exactly,Exactly,Enough,Not At All
52,Nigeria,1991,Female,,CAH10-03	Materials and technology,5,FINANCIAL AND INSURANCE ACTIVITIES,I have some experience,Strongly disagree,,Strongly disagree,Strongly disagree,Strongly disagree,Strongly disagree,Strongly disagree,Strongly disagree,Strongly disagree,Strongly disagree,Strongly disagree,Neither agree nor disagree,Diagree strongly,Agree a little,Agree a little,Agree a little,Agree a little,Agree a little,Diagree strongly,Agree moderately,Agree a little,A Little,Moderately,A Little,Moderately,Moderately,Moderately,Moderately,Moderately,Moderately,,Not At All,,Moderately,Moderately,Moderately,Not At All
53,Nigeria,2001,Female,,CAH09-01	Mathematical sciences,,"INFORMATION AND COMMUNICATION,FINANCIAL AND INSURANCE ACTIVITIES",I have experience of teamworking and have also led teams,Somewhat agree,Neither agree nor disagree,Neither agree nor disagree,Somewhat agree,Neither agree nor disagree,Strongly agree,Somewhat agree,Somewhat agree,Somewhat agree,Somewhat agree,Strongly agree,Disagree moderately,Disagree moderately,Agree moderately,Agree moderately,Agree strongly,Agree moderately,Agree a little,Disagree moderately,Agree a little,Disagree a little,Moderately,Moderately,Enough,Not At All,Moderately,Moderately,Enough,Not At All,Moderately,Moderately,Moderately,Not At All,Enough,A Lot,Enough,Not At All
54,Nigeria,1979,Female,,CAH11-01	Computing,7,INFORMATION AND COMMUNICATION,I have some experience,Somewhat agree,Somewhat agree,Somewhat agree,Strongly agree,Strongly agree,Somewhat agree,Strongly agree,Strongly agree,Neither agree nor disagree,Somewhat agree,Strongly agree,Agree moderately,Diagree strongly,Agree moderately,Diagree strongly,Agree moderately,Neither agree nor disagree,Agree moderately,Diagree strongly,Agree moderately,Diagree strongly,Enough,Exactly,Moderately,A Little,A Lot,A Lot,A Lot,Not At All,Moderately,Moderately,,Not At All,A Lot,Exactly,Exactly,Not At All
55,Nigeria,1986,Female,,CAH10-03	Materials and technology,13,FINANCIAL AND INSURANCE ACTIVITIES,I have experience of teamworking and have also led teams,Strongly agree,Somewhat agree,Strongly agree,Strongly agree,,Neither agree nor disagree,Neither agree nor disagree,Somewhat agree,Strongly agree,Neither agree nor disagree,Strongly agree,Agree moderately,Disagree a little,,Neither agree nor disagree,Agree moderately,Agree a little,Agree strongly,Diagree strongly,Agree a little,Disagree moderately,,,,,,,Exactly,,,,,,,,,
56,Nigeria,1986,Female,,CAH11-01	Computing,11,INFORMATION AND COMMUNICATION,I have experience of teamworking and have also led teams,Strongly agree,Strongly agree,Somewhat agree,Neither agree nor disagree,Strongly agree,Neither agree nor disagree,Strongly agree,Strongly agree,Neither agree nor disagree,Neither agree nor disagree,Strongly agree,Agree a little,Disagree moderately,Agree moderately,Diagree strongly,Agree strongly,Disagree moderately,Agree moderately,Disagree moderately,Agree moderately,Disagree moderately,,,,,,,,,,,,,,,,
57,Nigeria,1990,Female,,CAH17-01	Business and management,,"INFORMATION AND COMMUNICATION,HUMAN HEALTH AND SOCIAL WORK ACTIVITIES,OTHER SERVICE ACTIVITIES",I have experience of teamworking and have also led teams,Strongly agree,Strongly agree,Somewhat agree,Somewhat agree,Somewhat agree,Somewhat agree,Somewhat agree,Somewhat agree,Somewhat agree,Strongly agree,Strongly agree,Agree a little,Disagree moderately,Agree strongly,Diagree strongly,Agree strongly,Neither agree nor disagree,Agree moderately,Disagree moderately,Agree moderately,Diagree strongly,,,,,,,,,,,,,,,,
58,Nigeria,1992,Male,,CAH03-01	Biosciences,7,FINANCIAL AND INSURANCE ACTIVITIES,I have extensive experience of teamworking,Strongly agree,Strongly agree,Strongly agree,Somewhat agree,Strongly agree,Strongly agree,Strongly agree,Strongly agree,Strongly agree,Somewhat agree,Strongly agree,Agree moderately,Agree moderately,,Disagree moderately,Agree strongly,Agree moderately,Agree strongly,Diagree strongly,Agree moderately,Agree moderately,Exactly,Exactly,A Lot,Exactly,Exactly,Exactly,A Lot,Not At All,A Lot,Exactly,Not At All,Not At All,A Lot,Exactly,Not At All,Not At All
59,Sri Lanka,1991,Male,,CAH10-01	Engineering,4,MANUFACTURING,I have extensive experience of teamworking,Strongly agree,Strongly agree,Strongly agree,Somewhat agree,Somewhat agree,Somewhat agree,Strongly agree,Strongly agree,Somewhat agree,Neither agree nor disagree,Strongly agree,Agree strongly,Disagree moderately,Disagree moderately,Disagree moderately,Agree moderately,Agree a little,Agree a little,Disagree moderately,Agree moderately,Disagree moderately,Exactly,Exactly,Not At All,Not At All,A Lot,Exactly,Not At All,Not At All,Enough,Moderately,A Little,A Little,A Lot,A Lot,Moderately,A Very Little
60,Viet Nam,1997,Female,,CAH17-01	Business and management,2,"ADMINISTRATIVE AND SUPPORT SERVICE ACTIVITIES,OTHER SERVICE ACTIVITIES",I have some experience,Somewhat agree,Somewhat agree,Somewhat agree,Strongly agree,Somewhat agree,Somewhat agree,Somewhat agree,Somewhat agree,Strongly agree,Somewhat agree,Somewhat agree,Agree a little,Neither agree nor disagree,Agree a little,Disagree a little,Agree a little,Disagree a little,Agree a little,Diagree strongly,Disagree a little,Neither agree nor disagree,A Lot,Enough,Enough,Moderately,Enough,A Lot,Enough,Moderately,A Lot,A Lot,Not At All,Not At All,A Lot,A Lot,A Lot,A Lot
61,India,1993,Female,,CAH10-01	Engineering,3,"INFORMATION AND COMMUNICATION,PROFESSIONAL, SCIENTIFIC AND TECHNICAL ACTIVITIES",,,,,,,,,,,,,,,,,,,,,,,,,,,,,,,,,,,,,,
62,Turkey,1996,Male,,CAH17-01	Business and management,2,"INFORMATION AND COMMUNICATION,OTHER SERVICE ACTIVITIES",I have some experience,Somewhat agree,Somewhat agree,Somewhat agree,Somewhat agree,Somewhat disagree,Somewhat agree,Strongly agree,Strongly agree,Somewhat agree,Somewhat agree,Strongly agree,Neither agree nor disagree,Agree a little,Agree moderately,Disagree a little,Agree moderately,Agree a little,Agree a little,Diagree strongly,Agree strongly,Disagree a little,Enough,A Lot,Moderately,Not At All,Enough,A Lot,A Very Little,A Very Little,Moderately,Exactly,Not At All,Not At All,Moderately,A Lot,A Lot,Moderately
63,United Kingdom of Great Britain and Northern Ireland,1998,Female,,CAH17-01	Business and management,1,"EDUCATION,ARTS, ENTERTAINMENT AND RECREATION",,,,,,,,,,,,,,,,,,,,,,,,,,,,,,,,,,,,,,
64,Iran,1989,Female,,CAH15-04	Health and social care,7,"ADMINISTRATIVE AND SUPPORT SERVICE ACTIVITIES,HUMAN HEALTH AND SOCIAL WORK ACTIVITIES",I have experience of teamworking and have also led teams,Strongly agree,Strongly agree,Strongly agree,Strongly agree,Strongly agree,Somewhat agree,Strongly agree,Strongly agree,Strongly agree,Somewhat agree,Somewhat agree,Agree moderately,Agree a little,Agree a little,Diagree strongly,Agree strongly,Disagree a little,Neither agree nor disagree,Diagree strongly,Agree a little,Disagree a little,Enough,Enough,Enough,A Little,Enough,A Lot,A Little,A Very Little,Enough,Enough,A Very Little,A Very Little,Enough,Moderately,A Very Little,A Very Little
65,Hong Kong (S.A.R.),2000,Male,,"CAH13-01	Architecture, building and planning",0,,I have some experience,Strongly agree,Strongly agree,Strongly agree,Somewhat agree,Strongly agree,Strongly agree,Neither agree nor disagree,Neither agree nor disagree,Somewhat agree,Somewhat agree,Somewhat agree,Agree a little,Disagree a little,Agree a little,Disagree moderately,Neither agree nor disagree,Agree moderately,Agree moderately,Agree a little,Agree strongly,Disagree a little,Exactly,Enough,A Lot,A Little,Enough,A Very Little,A Lot,Exactly,Moderately,A Lot,Not At All,A Little,Enough,Moderately,Enough,Exactly
66,Hong Kong (S.A.R.),1995,Female,,"CAH15-01	Sociology, social policy and anthropology",5,"INFORMATION AND COMMUNICATION,EDUCATION",I have experience of teamworking and have also led teams,Somewhat agree,Strongly agree,Strongly agree,Neither agree nor disagree,Somewhat agree,Strongly agree,Strongly agree,Strongly agree,Strongly agree,Neither agree nor disagree,Somewhat agree,Agree a little,Neither agree nor disagree,Agree moderately,Agree a little,Agree strongly,Agree a little,Agree strongly,Disagree moderately,Agree moderately,Disagree a little,Enough,Enough,Moderately,Moderately,Enough,Enough,A Lot,Enough,Moderately,Enough,A Very Little,A Little,Enough,Enough,Enough,Enough
67,India,1987,Female,,CAH17-01	Business and management,8,FINANCIAL AND INSURANCE ACTIVITIES,I have extensive experience of teamworking,Strongly agree,Strongly agree,Strongly agree,Somewhat agree,Strongly agree,Strongly agree,Strongly agree,Strongly agree,Strongly agree,Strongly agree,Strongly agree,Agree moderately,Agree moderately,Agree strongly,Disagree a little,Agree moderately,Agree strongly,Agree strongly,Diagree strongly,Agree moderately,Agree a little,Exactly,A Lot,Not At All,Not At All,A Lot,A Lot,Not At All,Not At All,A Lot,Exactly,Not At All,Not At All,Exactly,Exactly,Exactly,Not At All
68,Myanmar,1996,Female,,CAH11-01	Computing,5,"INFORMATION AND COMMUNICATION,FINANCIAL AND INSURANCE ACTIVITIES,PROFESSIONAL, SCIENTIFIC AND TECHNICAL ACTIVITIES,EDUCATION",I have experience of teamworking and have also led teams,Strongly agree,Strongly agree,Somewhat disagree,Strongly agree,Strongly agree,Neither agree nor disagree,Strongly agree,Strongly agree,Somewhat agree,Somewhat disagree,Strongly agree,Agree a little,Neither agree nor disagree,Agree strongly,Disagree moderately,Agree strongly,Neither agree nor disagree,Agree strongly,Disagree moderately,Agree moderately,Disagree a little,Exactly,A Lot,Moderately,A Lot,Moderately,Moderately,A Very Little,Moderately,Enough,Exactly,A Little,Moderately,A Lot,A Lot,A Little,A Little
69,United Kingdom of Great Britain and Northern Ireland,1992,Male,,CAH10-01	Engineering,7,"MANUFACTURING,TRANSPORTATION AND STORAGE,PUBLIC ADMINISTRATION AND DEFENCE; COMPULSORY SOCIAL SECURITY",I have experience of teamworking and have also led teams,Somewhat disagree,Somewhat disagree,Somewhat agree,Neither agree nor disagree,Somewhat agree,Strongly agree,Somewhat agree,Somewhat agree,Strongly agree,Strongly disagree,Neither agree nor disagree,Neither agree nor disagree,Disagree moderately,Agree moderately,Disagree a little,Agree a little,Agree moderately,Agree moderately,Disagree a little,Agree moderately,Agree moderately,A Lot,Enough,Enough,A Little,Enough,Enough,Enough,Enough,A Lot,Not At All,Exactly,A Little,Moderately,Moderately,A Lot,Moderately
70,Nigeria,1995,Male,,CAH15-02	Economics,3,"FINANCIAL AND INSURANCE ACTIVITIES,HUMAN HEALTH AND SOCIAL WORK ACTIVITIES",I have experience of teamworking and have also led teams,Strongly agree,Strongly agree,Strongly agree,Somewhat agree,Somewhat agree,Somewhat agree,Somewhat agree,Somewhat agree,Neither agree nor disagree,Neither agree nor disagree,Strongly agree,Agree moderately,Neither agree nor disagree,Agree a little,Neither agree nor disagree,Agree moderately,Agree moderately,Agree moderately,Diagree strongly,Agree moderately,Disagree a little,Enough,A Lot,Enough,Not At All,A Lot,A Lot,A Lot,A Little,Moderately,Enough,A Very Little,A Very Little,A Lot,A Lot,Moderately,Not At All
71,Viet Nam,1998,Male,,CAH15-02	Economics,1,"WHOLESALE AND RETAIL TRADE; REPAIR OF MOTOR VEHICLES AND MOTORCYCLES,FINANCIAL AND INSURANCE ACTIVITIES,OTHER SERVICE ACTIVITIES",I have experience of teamworking and have also led teams,Strongly agree,Strongly agree,Somewhat agree,Somewhat agree,Neither agree nor disagree,Somewhat agree,Strongly agree,Strongly agree,Somewhat agree,Somewhat disagree,Strongly agree,Agree moderately,Neither agree nor disagree,Agree moderately,Diagree strongly,Agree strongly,Agree a little,Agree moderately,Diagree strongly,Agree strongly,Diagree strongly,A Lot,A Lot,Moderately,Not At All,A Lot,Exactly,Exactly,A Very Little,Exactly,Enough,Enough,Not At All,Exactly,Exactly,Exactly,Not At All
72,India,1984,Male,,"CAH06-01	Agriculture, food and related studies",,,,,,,,,,,,,,,,,,,,,,,,,,,,,,,,,,,,,,,,
73,India,1997,Female,,CAH10-01	Engineering,3,"INFORMATION AND COMMUNICATION,ADMINISTRATIVE AND SUPPORT SERVICE ACTIVITIES",I have extensive experience of teamworking,Strongly agree,Strongly agree,Strongly agree,Somewhat agree,Neither agree nor disagree,Somewhat agree,Strongly agree,Strongly agree,Neither agree nor disagree,Strongly agree,Strongly agree,,,,,,,,,,,,,,,,,,,,,,,,,,
74,Sri Lanka,1986,Female,,CAH17-01	Business and management,12,FINANCIAL AND INSURANCE ACTIVITIES,I have extensive experience of teamworking,Strongly agree,Strongly agree,Strongly agree,Strongly agree,Strongly agree,Strongly agree,Strongly agree,Strongly agree,Strongly agree,Strongly agree,Strongly agree,Agree moderately,Diagree strongly,Agree moderately,Diagree strongly,Agree strongly,Disagree a little,Agree strongly,Agree moderately,Agree moderately,Diagree strongly,A Lot,Exactly,Moderately,Not At All,Moderately,Exactly,Not At All,Not At All,Exactly,A Little,Not At All,Not At All,Exactly,Exactly,Enough,A Little
75,Sri Lanka,1980,Male,,CAH17-01	Business and management,,FINANCIAL AND INSURANCE ACTIVITIES,I have some experience,Strongly agree,Strongly agree,Somewhat agree,Somewhat agree,Somewhat agree,Strongly agree,Strongly agree,Strongly agree,Strongly agree,Strongly agree,Strongly agree,Agree strongly,Agree moderately,Agree strongly,Agree strongly,Agree strongly,Disagree a little,Agree strongly,Disagree moderately,Agree strongly,Disagree moderately,A Lot,A Lot,Enough,A Very Little,Enough,A Lot,A Lot,A Very Little,A Lot,A Little,A Lot,A Very Little,A Lot,A Lot,A Lot,A Very Little
76,Poland,1996,Male,,CAH02-05	Medical sciences,,"MANUFACTURING,CONSTRUCTION,WHOLESALE AND RETAIL TRADE; REPAIR OF MOTOR VEHICLES AND MOTORCYCLES,HUMAN HEALTH AND SOCIAL WORK ACTIVITIES",I have experience of teamworking and have also led teams,Strongly agree,Strongly agree,Strongly agree,Strongly agree,Strongly agree,Strongly agree,Strongly agree,Strongly agree,Strongly agree,Strongly agree,Strongly agree,Agree moderately,Agree strongly,Agree a little,Diagree strongly,Agree strongly,Diagree strongly,Agree strongly,Disagree moderately,Agree moderately,Diagree strongly,Exactly,Exactly,Moderately,Not At All,Exactly,Exactly,Moderately,Not At All,Exactly,Exactly,Not At All,Not At All,Exactly,Exactly,Moderately,Moderately
77,Sri Lanka,1990,Male,,CAH17-01	Business and management,5,,,,,,,,,,,,,,,,,,,,,,,,,,,,,,,,,,,,,,,
78,Pakistan,1992,Male,,CAH10-01	Engineering,3,,,,,,,,,,,,,,,,,,,,,,,,,,,,,,,,,,,,,,,
79,India,1994,Female,,CAH15-02	Economics, ,,,,,,,,,,,,,,,,,,,,,,,,,,,,,,,,,,,,,,,
80,Nigeria,1988,Male,,CAH10-01	Engineering,5,,,,,,,,,,,,,,,,,,,,,,,,,,,,,,,,,,,,,,,
81,India,26-07-1989,Female,,CAH11-01	Computing,9,INFORMATION AND COMMUNICATION,I have experience of teamworking and have also led teams,Strongly agree,Strongly agree,Strongly agree,Strongly agree,Strongly disagree,Strongly agree,Strongly agree,Strongly agree,Strongly agree,Somewhat disagree,Strongly agree,Neither agree nor disagree,Diagree strongly,Diagree strongly,Diagree strongly,Agree strongly,Agree a little,Agree moderately,Diagree strongly,Agree strongly,Diagree strongly,Exactly,Exactly,Moderately,A Little,Exactly,Exactly,Moderately,Moderately,Moderately,Not At All,Moderately,Moderately,Exactly,Exactly,Exactly,Moderately
82,Nigeria,1985,Female,,CAH09-01	Mathematical sciences,12,EDUCATION,I have no prior experience of teamworking,Strongly agree,Strongly agree,Somewhat agree,Strongly agree,Strongly agree,Strongly agree,Somewhat agree,Strongly agree,Neither agree nor disagree,Somewhat agree,Strongly agree,Diagree strongly,Diagree strongly,Agree moderately,Diagree strongly,Agree moderately,Agree moderately,Agree moderately,Diagree strongly,Agree moderately,Neither agree nor disagree,Moderately,Exactly,Exactly,Moderately,Moderately,Exactly,Exactly,Not At All,A Little,Exactly,Enough,Moderately,Moderately,Exactly,Exactly,Not At All
83,Nigeria,1996,Female,,CAH07-01	Physics and astronomy,2,"INFORMATION AND COMMUNICATION,EDUCATION,OTHER SERVICE ACTIVITIES",I have some experience,Strongly agree,Somewhat agree,Somewhat agree,Strongly disagree,Strongly agree,Strongly disagree,Strongly disagree,Strongly disagree,Strongly agree,Somewhat agree,Strongly agree,Diagree strongly,Diagree strongly,Agree strongly,Agree strongly,Agree strongly,Agree strongly,Agree strongly,Diagree strongly,Agree strongly,Agree moderately,Exactly,Exactly,Exactly,Not At All,A Lot,Exactly,Exactly,Not At All,A Lot,Exactly,Moderately,Not At All,Exactly,Exactly,Exactly,Not At All
84,India,1999,Male,,CAH11-01	Computing,0,,I have no prior experience of teamworking,Somewhat agree,Neither agree nor disagree,Somewhat disagree,Neither agree nor disagree,Neither agree nor disagree,Somewhat agree,Somewhat agree,Somewhat agree,Somewhat agree,Somewhat agree,Somewhat agree,Disagree a little,Disagree a little,Agree moderately,Disagree moderately,Agree moderately,Agree a little,Agree a little,Agree a little,Agree moderately,Agree a little,Exactly,Enough,A Little,A Very Little,Moderately,Moderately,Moderately,Moderately,Moderately,Moderately,Not At All,Moderately,Moderately,Moderately,Moderately,Moderately
85,Nigeria,1993,Male,,"CAH02-02	Pharmacology, toxicology and pharmacy",2,"ELECTRICITY, GAS, STEAM AND AIR CONDITIONING SUPPLY",I have experience of teamworking and have also led teams,Strongly agree,Strongly agree,Somewhat agree,Somewhat agree,Strongly agree,Somewhat agree,Strongly agree,Strongly agree,Strongly agree,Strongly agree,Strongly agree,Agree a little,Disagree moderately,Agree strongly,Neither agree nor disagree,Agree strongly,Agree strongly,Agree moderately,,Agree strongly,Neither agree nor disagree,Enough,Exactly,Moderately,Not At All,Moderately,A Lot,A Lot,Not At All,Enough,Moderately,A Very Little,A Very Little,Moderately,Enough,Enough,Not At All
86,Cameroon,1997,Male,,CAH10-03	Materials and technology,3,OTHER SERVICE ACTIVITIES,I have some experience,Somewhat agree,Somewhat agree,Somewhat agree,Strongly agree,Somewhat agree,Somewhat agree,Strongly agree,Somewhat agree,Somewhat agree,Neither agree nor disagree,Strongly agree,Agree moderately,Neither agree nor disagree,Agree strongly,Disagree moderately,Agree a little,Agree a little,Disagree moderately,Agree a little,Neither agree nor disagree,Agree a little,A Lot,A Lot,Enough,Not At All,A Lot,A Lot,Enough,Not At All,Enough,Enough,A Very Little,Not At All,A Lot,A Lot,A Lot,Not At All
87,Egypt,1996,Male,,CAH10-01	Engineering,,"INFORMATION AND COMMUNICATION,PROFESSIONAL, SCIENTIFIC AND TECHNICAL ACTIVITIES",I have extensive experience of teamworking,Neither agree nor disagree,Neither agree nor disagree,Neither agree nor disagree,Neither agree nor disagree,Neither agree nor disagree,Neither agree nor disagree,Neither agree nor disagree,Neither agree nor disagree,Neither agree nor disagree,Somewhat disagree,Somewhat agree,Agree moderately,Agree a little,Neither agree nor disagree,Agree a little,Neither agree nor disagree,Agree a little,Neither agree nor disagree,Agree a little,Neither agree nor disagree,Disagree a little,A Little,Enough,A Lot,Exactly,A Little,A Very Little,A Lot,Exactly,A Very Little,A Very Little,Exactly,Exactly,A Very Little,A Very Little,Exactly,Exactly
88,Nigeria,1980,Male,,CAH10-01	Engineering,15,FINANCIAL AND INSURANCE ACTIVITIES,I have some experience,Strongly agree,Strongly agree,Strongly agree,Somewhat agree,Strongly agree,Strongly disagree,Strongly agree,Strongly agree,Strongly agree,Strongly disagree,Strongly agree,Agree moderately,Diagree strongly,Agree strongly,Diagree strongly,Agree strongly,Neither agree nor disagree,Agree strongly,Diagree strongly,Agree strongly,Diagree strongly,Exactly,Exactly,A Little,Not At All,A Little,Exactly,Exactly,Not At All,A Lot,Not At All,Not At All,Not At All,Exactly,Exactly,Exactly,Not At All
89,Thailand,1997,Male,,CAH11-01	Computing,3,INFORMATION AND COMMUNICATION,I have experience of teamworking and have also led teams,Somewhat agree,Strongly agree,Strongly agree,Somewhat agree,Strongly agree,Neither agree nor disagree,Strongly agree,Strongly agree,Strongly agree,Neither agree nor disagree,Strongly agree,Agree a little,Agree strongly,Agree moderately,Agree moderately,Agree strongly,Agree strongly,Agree strongly,Diagree strongly,Agree strongly,Diagree strongly,Exactly,Exactly,Exactly,A Very Little,Enough,A Lot,A Lot,Not At All,A Lot,Exactly,Not At All,Not At All,Exactly,Exactly,Exactly,Not At All
90,Pakistan,1995,Male,,CAH11-01	Computing,4,"PROFESSIONAL, SCIENTIFIC AND TECHNICAL ACTIVITIES,EDUCATION,HUMAN HEALTH AND SOCIAL WORK ACTIVITIES",I have extensive experience of teamworking,Strongly agree,Strongly agree,Somewhat agree,Somewhat agree,Strongly agree,Somewhat agree,Strongly agree,Strongly agree,Strongly agree,Somewhat disagree,Strongly agree,Agree moderately,Diagree strongly,Agree moderately,Disagree a little,Agree strongly,Agree moderately,Agree strongly,Diagree strongly,Agree moderately,Disagree a little,A Lot,A Lot,A Lot,A Lot,A Lot,Exactly,Exactly,Moderately,A Lot,Exactly,A Little,A Very Little,Exactly,Exactly,A Lot,Not At All
91,Sri Lanka,1994,Male,,CAH17-01	Business and management,2.5,"MANUFACTURING,TRANSPORTATION AND STORAGE,INFORMATION AND COMMUNICATION",I have extensive experience of teamworking,Strongly agree,Strongly agree,Strongly agree,Somewhat agree,Somewhat agree,Somewhat agree,Strongly agree,Strongly agree,Somewhat agree,Somewhat agree,Strongly agree,Agree a little,Agree a little,Agree moderately,Neither agree nor disagree,Agree strongly,Agree a little,Agree a little,Disagree moderately,Agree moderately,Diagree strongly,Exactly,A Lot,Moderately,Not At All,Exactly,Exactly,Moderately,Moderately,Exactly,Exactly,Moderately,Moderately,Exactly,Exactly,Moderately,Moderately
92,Nigeria,1992,Male,,,6,"AGRICULTURE, FORESTRY AND FISHING,REAL ESTATE ACTIVITIES",I have some experience,Strongly agree,Strongly agree,Somewhat agree,Strongly agree,Somewhat agree,Strongly agree,Strongly agree,Somewhat agree,Strongly agree,Strongly agree,Strongly agree,Agree moderately,Diagree strongly,Agree strongly,Agree moderately,Agree strongly,Agree moderately,Agree strongly,Diagree strongly,Agree strongly,Diagree strongly,Enough,Exactly,Exactly,Not At All,Exactly,Exactly,Exactly,Not At All,Not At All,Not At All,A Lot,Not At All,Exactly,Exactly,Exactly,Not At All
93,Sri Lanka,1986,Male,,CAH11-01	Computing,12,INFORMATION AND COMMUNICATION,I have experience of teamworking and have also led teams,Strongly agree,Strongly agree,Somewhat agree,Somewhat agree,Somewhat agree,Somewhat agree,Somewhat agree,Strongly agree,Somewhat agree,Somewhat agree,Somewhat agree,,,,,,,,,,,,,,,,,,,,,,,,,,
94,India,1984,Female,,CAH10-01	Engineering,15,"INFORMATION AND COMMUNICATION,PROFESSIONAL, SCIENTIFIC AND TECHNICAL ACTIVITIES",I have experience of teamworking and have also led teams,Strongly agree,Strongly agree,Strongly agree,Strongly agree,Strongly disagree,Strongly agree,Strongly agree,Strongly agree,Somewhat disagree,Somewhat agree,Strongly agree,Agree a little,Diagree strongly,Agree strongly,Agree moderately,Agree strongly,Agree a little,Agree strongly,Diagree strongly,Agree a little,Diagree strongly,Exactly,Exactly,Moderately,Not At All,Moderately,Exactly,Exactly,Not At All,A Little,Not At All,Not At All,Not At All,Exactly,Exactly,Moderately,Not At All
95,Nigeria,1980,Female,,CAH03-01	Biosciences,14,"WHOLESALE AND RETAIL TRADE; REPAIR OF MOTOR VEHICLES AND MOTORCYCLES,FINANCIAL AND INSURANCE ACTIVITIES",I have experience of teamworking and have also led teams,Strongly agree,Somewhat agree,Strongly agree,Neither agree nor disagree,Strongly agree,Strongly agree,Strongly agree,Strongly agree,Strongly agree,Neither agree nor disagree,Strongly agree,Agree moderately,Diagree strongly,Agree strongly,Diagree strongly,Agree strongly,Disagree a little,Agree strongly,Diagree strongly,Agree strongly,Diagree strongly,Exactly,Moderately,Moderately,Not At All,Exactly,Exactly,Exactly,Not At All,Exactly,Exactly,Not At All,Not At All,Exactly,Exactly,Not At All,Not At All
96,Sri Lanka,1998,Male,,CAH11-01	Computing,3,INFORMATION AND COMMUNICATION,I have some experience,Strongly agree,Strongly agree,Somewhat agree,Neither agree nor disagree,Somewhat agree,Somewhat agree,Strongly agree,Strongly agree,Somewhat agree,Somewhat disagree,Strongly agree,Agree moderately,Agree a little,Agree moderately,Disagree moderately,Agree moderately,Neither agree nor disagree,Neither agree nor disagree,Disagree moderately,Agree moderately,Neither agree nor disagree,A Lot,A Lot,Moderately,A Very Little,Enough,A Lot,Moderately,A Very Little,A Lot,,A Very Little,A Very Little,Enough,A Lot,Moderately,A Very Little
97,Bolivia,02/01/1998,Male,,CAH10-01	Engineering,2,WHOLESALE AND RETAIL TRADE; REPAIR OF MOTOR VEHICLES AND MOTORCYCLES,I have some experience,Somewhat agree,Somewhat agree,Strongly agree,Strongly agree,Somewhat agree,Somewhat agree,Strongly agree,Strongly agree,Somewhat agree,Neither agree nor disagree,Strongly agree,Neither agree nor disagree,Agree moderately,Agree moderately,Disagree a little,Agree moderately,Agree a little,Neither agree nor disagree,Disagree moderately,Agree strongly,Disagree a little,Exactly,A Lot,Moderately,Not At All,A Lot,A Lot,Enough,Not At All,A Lot,Exactly,Not At All,Not At All,A Lot,Exactly,Moderately,Not At All
98,Spain,1994,Female,,"CAH24-01	Media, journalism and communications",5,INFORMATION AND COMMUNICATION,I have experience of teamworking and have also led teams,Neither agree nor disagree,Somewhat agree,Somewhat agree,Somewhat agree,Somewhat agree,Strongly disagree,Strongly agree,Neither agree nor disagree,Somewhat agree,Somewhat disagree,Somewhat agree,Agree strongly,Neither agree nor disagree,Agree moderately,Agree a little,Agree moderately,Diagree strongly,Agree strongly,Disagree moderately,Neither agree nor disagree,Diagree strongly,Exactly,Exactly,Not At All,Not At All,Moderately,Exactly,Moderately,Not At All,Moderately,A Lot,Not At All,Not At All,A Lot,Exactly,A Little,Not At All
99,Turkey,1987,Male,,CAH17-01	Business and management,7,FINANCIAL AND INSURANCE ACTIVITIES,I have some experience,Somewhat agree,Somewhat agree,Somewhat agree,Somewhat agree,Somewhat agree,Somewhat disagree,Neither agree nor disagree,Somewhat agree,Somewhat agree,Somewhat disagree,Neither agree nor disagree,Agree moderately,Agree moderately,Agree moderately,Agree a little,Agree moderately,Disagree a little,Agree a little,Disagree moderately,Agree a little,Disagree moderately,Enough,Moderately,A Lot,A Little,Moderately,Enough,A Lot,Enough,Moderately,A Little,A Lot,Moderately,Enough,Moderately,Enough,Enough
100,Turkey,1990,Male,,CAH15-02	Economics,,FINANCIAL AND INSURANCE ACTIVITIES,I have some experience,Strongly agree,Somewhat agree,Neither agree nor disagree,Neither agree nor disagree,Somewhat disagree,Somewhat agree,Strongly agree,Somewhat agree,Somewhat agree,Neither agree nor disagree,Strongly agree,Agree a little,Agree moderately,Agree strongly,Disagree a little,Agree moderately,Neither agree nor disagree,Agree moderately,Neither agree nor disagree,Agree a little,Disagree moderately,Moderately,A Little,A Lot,A Very Little,Moderately,Moderately,Enough,A Very Little,A Very Little,Not At All,Enough,Moderately,Moderately,Enough,Moderately,A Very Little
101,Nigeria,20 March 2023,Male,,CAH10-01	Engineering,10,"WHOLESALE AND RETAIL TRADE; REPAIR OF MOTOR VEHICLES AND MOTORCYCLES,INFORMATION AND COMMUNICATION",I have extensive experience of teamworking,Strongly agree,Strongly agree,Somewhat agree,Strongly agree,Strongly agree,Strongly agree,Somewhat agree,Strongly agree,Somewhat agree,Somewhat disagree,Strongly agree,Agree strongly,Neither agree nor disagree,Agree moderately,Disagree a little,Agree strongly,Agree a little,Agree a little,Disagree moderately,Neither agree nor disagree,Diagree strongly,Exactly,A Lot,Moderately,Not At All,Exactly,Exactly,Moderately,Not At All,Exactly,A Lot,Not At All,Not At All,Exactly,Exactly,Exactly,Not At All
102,Nigeria,23/06/1995,Male,,CAH07-01	Physics and astronomy,3,"INFORMATION AND COMMUNICATION,OTHER SERVICE ACTIVITIES",I have experience of teamworking and have also led teams,Strongly agree,Strongly agree,Strongly agree,Strongly agree,Strongly agree,Somewhat agree,Strongly agree,Strongly agree,Neither agree nor disagree,Somewhat agree,Strongly agree,Agree moderately,Disagree moderately,Agree strongly,Neither agree nor disagree,Agree moderately,Agree moderately,Agree moderately,Diagree strongly,Agree a little,Diagree strongly,Enough,A Lot,Exactly,Not At All,Enough,Exactly,Exactly,Not At All,Enough,Enough,A Very Little,Not At All,A Lot,Exactly,Enough,Not At All
103,Nigeria,20/11/1997,Female,,CAH07-02	Chemistry,3,"ARTS, ENTERTAINMENT AND RECREATION,OTHER SERVICE ACTIVITIES",I have experience of teamworking and have also led teams,Strongly agree,Strongly agree,Strongly disagree,Somewhat disagree,Strongly agree,Strongly agree,Strongly agree,Strongly agree,Strongly agree,Somewhat disagree,Strongly agree,Agree moderately,Diagree strongly,Agree strongly,Diagree strongly,Agree strongly,Agree a little,Agree moderately,Diagree strongly,Agree strongly,Diagree strongly,Enough,A Lot,A Little,Not At All,A Lot,A Lot,A Very Little,A Lot,Enough,Enough,A Little,Moderately,Enough,A Lot,A Little,Enough
104,Nigeria,1976,Male,,CAH11-01	Computing,15,"INFORMATION AND COMMUNICATION,ADMINISTRATIVE AND SUPPORT SERVICE ACTIVITIES,OTHER SERVICE ACTIVITIES",I have experience of teamworking and have also led teams,Strongly disagree,Strongly disagree,Strongly disagree,Strongly disagree,Strongly disagree,Strongly disagree,Strongly disagree,Strongly disagree,Strongly disagree,Strongly disagree,Strongly disagree,,,,,,,,,,,,,,,,,,,,,,,,,,
105,Sri Lanka,1977,Male,,CAH09-01	Mathematical sciences,18.5,MANUFACTURING,I have experience of teamworking and have also led teams,Strongly agree,Strongly agree,Somewhat agree,Strongly agree,Strongly agree,Somewhat disagree,Strongly agree,Strongly agree,Somewhat agree,Neither agree nor disagree,Strongly agree,Agree strongly,Disagree a little,Agree moderately,Disagree moderately,Agree strongly,Diagree strongly,Disagree a little,Diagree strongly,Agree moderately,Diagree strongly,Exactly,A Lot,A Lot,Not At All,A Lot,Exactly,Exactly,Not At All,A Lot,A Lot,Moderately,Not At All,Exactly,Exactly,Exactly,Not At All
106,Nigeria,1986,Female,,CAH03-01	Biosciences,7,EDUCATION,I have some experience,Strongly agree,Somewhat agree,Strongly agree,Somewhat agree,Strongly agree,Strongly agree,Strongly agree,Strongly agree,Neither agree nor disagree,Somewhat agree,Strongly agree,,,,,,,,,,,,,,,,,,,,,,,,,,
107,Bangladesh,07/09/1999,Male,,CAH11-01	Computing,0,,I have no prior experience of teamworking,Strongly agree,Strongly agree,Strongly agree,Somewhat agree,Somewhat agree,Strongly agree,Strongly agree,Strongly agree,Strongly agree,Strongly agree,Strongly agree,,Agree moderately,Agree strongly,Agree moderately,Agree moderately,Agree strongly,Agree strongly,Diagree strongly,Agree moderately,Agree a little,Exactly,Exactly,A Little,Enough,A Lot,A Lot,Moderately,A Very Little,Enough,A Lot,Not At All,Moderately,A Lot,A Lot,A Lot,A Very Little
108,India,1997,Female,,CAH11-01	Computing,5,"INFORMATION AND COMMUNICATION,PROFESSIONAL, SCIENTIFIC AND TECHNICAL ACTIVITIES",I have experience of teamworking and have also led teams,Strongly agree,Strongly agree,Strongly agree,Strongly agree,Somewhat agree,Strongly agree,Strongly agree,Strongly agree,Strongly agree,Neither agree nor disagree,Strongly agree,Agree strongly,Diagree strongly,Agree strongly,Diagree strongly,Agree strongly,Agree strongly,Agree strongly,Diagree strongly,Agree strongly,Diagree strongly,Exactly,A Lot,A Very Little,Not At All,A Lot,A Lot,Not At All,Not At All,Enough,Exactly,Not At All,A Very Little,Enough,Enough,Not At All,A Very Little
109,United States of America,1997,Male,,CAH03-02	Sport and exercise sciences,3,ACCOMMODATION AND FOOD SERVICE ACTIVITIES,I have no prior experience of teamworking,Somewhat agree,Strongly agree,Somewhat agree,Somewhat disagree,Somewhat agree,Somewhat agree,Strongly agree,Strongly agree,Somewhat agree,Neither agree nor disagree,Strongly agree,Diagree strongly,Diagree strongly,Agree a little,Diagree strongly,Agree strongly,Agree moderately,Agree moderately,Disagree a little,Agree a little,Agree a little,Enough,Enough,Not At All,Not At All,Moderately,Moderately,Enough,A Very Little,A Very Little,Enough,Not At All,Not At All,Moderately,Enough,Moderately,Not At All
110,United Kingdom of Great Britain and Northern Ireland,1998,Female,,CAH03-01	Biosciences,1,OTHER SERVICE ACTIVITIES,I have some experience,Neither agree nor disagree,Neither agree nor disagree,Neither agree nor disagree,Neither agree nor disagree,Neither agree nor disagree,Neither agree nor disagree,Strongly agree,Strongly agree,Somewhat agree,Somewhat agree,Somewhat agree,Agree a little,Disagree a little,Agree strongly,Neither agree nor disagree,Agree moderately,Agree a little,Neither agree nor disagree,Disagree moderately,Agree moderately,Disagree moderately,Enough,Exactly,Exactly,A Little,A Little,Enough,Exactly,A Little,Moderately,Moderately,Moderately,Not At All,Moderately,Enough,Enough,A Very Little
111,Nigeria,1980,Male,,CAH15-02	Economics,15,FINANCIAL AND INSURANCE ACTIVITIES,I have experience of teamworking and have also led teams,Strongly agree,Strongly agree,Strongly agree,Strongly agree,Strongly agree,Somewhat agree,Strongly agree,Strongly agree,Strongly agree,Strongly agree,Strongly agree,Agree a little,Disagree a little,Agree moderately,Disagree a little,Agree strongly,Disagree moderately,Agree strongly,Disagree moderately,Agree moderately,Disagree moderately,Exactly,Exactly,A Lot,A Very Little,Exactly,Exactly,Exactly,Not At All,Enough,Exactly,Not At All,Not At All,Exactly,Exactly,Exactly,Not At All
112,Sri Lanka,1992,Female,,CAH09-01	Mathematical sciences,5,FINANCIAL AND INSURANCE ACTIVITIES,I have some experience,Somewhat agree,Somewhat agree,Strongly agree,Neither agree nor disagree,Somewhat agree,Somewhat agree,Strongly agree,Strongly agree,Somewhat agree,Strongly agree,Strongly agree,Agree moderately,Neither agree nor disagree,Agree a little,Agree moderately,Agree moderately,Agree a little,Agree strongly,Disagree moderately,Agree a little,Neither agree nor disagree,A Lot,Exactly,Moderately,Not At All,A Lot,Exactly,Enough,Not At All,Moderately,Moderately,Not At All,Not At All,Exactly,Exactly,Exactly,Not At All
113,Nigeria,1990,Male,,CAH16-01	Law,5,ADMINISTRATIVE AND SUPPORT SERVICE ACTIVITIES,I have some experience,Neither agree nor disagree,Somewhat agree,Strongly agree,Somewhat agree,Strongly agree,Strongly agree,Somewhat agree,Strongly agree,Strongly agree,Strongly agree,Strongly agree,Neither agree nor disagree,Neither agree nor disagree,Agree strongly,Neither agree nor disagree,Agree strongly,Agree moderately,Agree moderately,Disagree moderately,Agree a little,Disagree moderately,Exactly,Exactly,Exactly,Not At All,A Lot,A Lot,A Lot,Not At All,A Lot,A Lot,A Very Little,A Very Little,A Lot,A Lot,A Lot,Not At All
114,Nigeria,1996,Female,,CAH19-01	English studies,3,FINANCIAL AND INSURANCE ACTIVITIES,I have experience of teamworking and have also led teams,Somewhat agree,Somewhat agree,Somewhat agree,Somewhat agree,Somewhat agree,Somewhat agree,Somewhat agree,Somewhat agree,Somewhat agree,Somewhat agree,Strongly agree,Agree strongly,Diagree strongly,Agree moderately,Disagree a little,Agree moderately,Agree moderately,Agree strongly,,Disagree moderately,Disagree a little,Moderately,Exactly,Exactly,Not At All,Moderately,A Lot,Exactly,A Very Little,Enough,Enough,A Lot,A Very Little,Enough,Enough,A Lot,Moderately
115,Nigeria,2001,Male,,CAH07-01	Physics and astronomy,0,,I have some experience,Strongly agree,Neither agree nor disagree,Somewhat agree,Somewhat agree,Somewhat agree,Strongly agree,Strongly agree,Strongly agree,Strongly agree,Strongly agree,Strongly agree,Neither agree nor disagree,Disagree moderately,Agree strongly,Disagree moderately,Agree strongly,Neither agree nor disagree,Neither agree nor disagree,Diagree strongly,Agree strongly,Diagree strongly,Exactly,Exactly,A Little,Not At All,A Little,Exactly,Exactly,A Very Little,Enough,Exactly,Enough,Enough,Enough,Enough,Enough,Enough
116,Ghana,1992,Male,,CAH04-01	Psychology,,FINANCIAL AND INSURANCE ACTIVITIES,I have experience of teamworking and have also led teams,Strongly agree,Strongly agree,Somewhat agree,Strongly agree,Strongly agree,Strongly agree,Strongly agree,Strongly agree,Strongly agree,Neither agree nor disagree,Strongly agree,Agree moderately,Neither agree nor disagree,Agree moderately,Disagree a little,Agree strongly,Neither agree nor disagree,Agree a little,Diagree strongly,Agree moderately,Diagree strongly,Exactly,Exactly,Moderately,Not At All,A Lot,Exactly,A Lot,Not At All,Enough,Exactly,Not At All,Not At All,Exactly,Exactly,Exactly,A Very Little
117,Pakistan,1999,Female,,CAH11-01	Computing,,"INFORMATION AND COMMUNICATION,ADMINISTRATIVE AND SUPPORT SERVICE ACTIVITIES",I have experience of teamworking and have also led teams,Strongly agree,Strongly agree,Somewhat agree,Neither agree nor disagree,Somewhat agree,Strongly agree,Strongly agree,Strongly agree,Strongly agree,Neither agree nor disagree,Strongly agree,Agree moderately,Disagree a little,Agree strongly,Disagree moderately,Agree moderately,Disagree a little,Agree strongly,Diagree strongly,Agree strongly,Neither agree nor disagree,Enough,Exactly,Enough,A Very Little,A Lot,Exactly,Moderately,Not At All,Enough,A Lot,Not At All,Not At All,Enough,A Lot,Moderately,Not At All
118,Myanmar,1991,Female,,CAH17-01	Business and management,5,"WHOLESALE AND RETAIL TRADE; REPAIR OF MOTOR VEHICLES AND MOTORCYCLES,ACCOMMODATION AND FOOD SERVICE ACTIVITIES",I have some experience,Somewhat agree,Strongly agree,Strongly agree,Somewhat agree,Somewhat agree,Strongly agree,Strongly agree,Strongly agree,Somewhat agree,Neither agree nor disagree,Strongly agree,Agree a little,Agree a little,Agree moderately,Agree a little,Agree a little,Disagree a little,Agree a little,Disagree moderately,Neither agree nor disagree,Disagree moderately,Exactly,Exactly,Exactly,A Very Little,Enough,Enough,Moderately,Enough,Moderately,Enough,Not At All,Not At All,Moderately,Enough,Moderately,Not At All
119,Nigeria,1994,Male,,"CAH26-01 Geography, earth and environmental studies",,"WATER SUPPLY; SEWERAGE, WASTE MANAGEMENT AND REMEDIATION ACTIVITIES,FINANCIAL AND INSURANCE ACTIVITIES,PROFESSIONAL, SCIENTIFIC AND TECHNICAL ACTIVITIES",I have experience of teamworking and have also led teams,Somewhat agree,Strongly agree,Somewhat agree,Somewhat agree,Somewhat agree,Strongly agree,Strongly agree,Somewhat agree,Neither agree nor disagree,Neither agree nor disagree,Strongly agree,Agree strongly,Agree moderately,Agree moderately,Diagree strongly,Agree strongly,Agree moderately,Agree moderately,Diagree strongly,Agree strongly,Diagree strongly,Not At All,A Lot,Exactly,Not At All,Not At All,Moderately,Exactly,Not At All,Not At All,Not At All,Not At All,Not At All,Not At All,Exactly,Not At All,Not At All
120,United Kingdom of Great Britain and Northern Ireland,2000,Male,,CAH04-01	Psychology,0,,I have some experience,Somewhat agree,Somewhat agree,Somewhat agree,Somewhat agree,Somewhat disagree,Somewhat agree,Strongly agree,Strongly agree,Somewhat agree,Somewhat disagree,Somewhat agree,Agree moderately,Neither agree nor disagree,Agree a little,Disagree a little,Agree a little,Disagree a little,Agree a little,Agree a little,Agree a little,Disagree moderately,Enough,A Lot,A Very Little,Not At All,Enough,A Lot,Not At All,A Very Little,Enough,Exactly,Not At All,Not At All,Enough,A Lot,Not At All,A Very Little
121,United Kingdom of Great Britain and Northern Ireland,2002,Male,,CAH11-01	Computing,3,"MANUFACTURING,CONSTRUCTION",I have experience of teamworking and have also led teams,Strongly agree,Strongly agree,Strongly agree,Somewhat agree,Somewhat agree,Strongly agree,Somewhat agree,Strongly agree,Strongly agree,Somewhat disagree,Strongly agree,Agree a little,Disagree a little,Agree moderately,Disagree moderately,Agree a little,Disagree moderately,Agree a little,Disagree a little,Agree moderately,Disagree moderately,Moderately,Enough,Exactly,A Lot,Enough,A Little,Exactly,A Lot,A Little,Enough,A Lot,Moderately,Moderately,Moderately,A Lot,Enough
122,Poland,2001,Male,,CAH17-01	Business and management,2,"AGRICULTURE, FORESTRY AND FISHING",I have experience of teamworking and have also led teams,Somewhat agree,Somewhat agree,Strongly agree,Somewhat agree,Somewhat disagree,Somewhat agree,Somewhat agree,Somewhat agree,Strongly agree,Neither agree nor disagree,Strongly agree,Agree a little,Agree a little,Agree moderately,Disagree moderately,Agree moderately,Disagree a little,Agree a little,Diagree strongly,Agree strongly,Neither agree nor disagree,Enough,A Lot,A Very Little,A Very Little,Moderately,Enough,A Very Little,A Little,Enough,Moderately,A Very Little,A Very Little,A Lot,A Lot,A Very Little,A Very Little
123,Iran,1982,Male,,CAH10-01	Engineering,10,OTHER SERVICE ACTIVITIES,I have some experience,Strongly agree,Somewhat agree,Neither agree nor disagree,Neither agree nor disagree,Somewhat agree,Somewhat agree,Strongly agree,Strongly agree,Strongly agree,Neither agree nor disagree,Somewhat agree,Agree a little,Agree a little,Agree a little,Agree a little,Agree moderately,Disagree moderately,Agree a little,Diagree strongly,Neither agree nor disagree,Diagree strongly,Enough,Enough,Moderately,Not At All,Enough,Enough,Moderately,Moderately,Enough,Enough,Not At All,Not At All,Enough,Moderately,A Little,Not At All
124,Malaysia,1992,Male,,CAH17-01	Business and management,7,FINANCIAL AND INSURANCE ACTIVITIES,I have some experience,Somewhat agree,Somewhat agree,Somewhat agree,Somewhat agree,Somewhat agree,Somewhat agree,Somewhat agree,Somewhat agree,Somewhat agree,Somewhat agree,Somewhat agree,Agree a little,Agree moderately,Agree moderately,Neither agree nor disagree,Agree moderately,Agree a little,Agree moderately,Disagree a little,Agree moderately,Agree moderately,A Lot,A Lot,Not At All,Not At All,A Lot,Exactly,Not At All,Not At All,A Lot,Exactly,Not At All,Not At All,Exactly,Exactly,Not At All,Not At All
125,United Kingdom of Great Britain and Northern Ireland,1987,Male,,CAH10-01	Engineering,5,"PROFESSIONAL, SCIENTIFIC AND TECHNICAL ACTIVITIES",I have extensive experience of teamworking,Strongly agree,Strongly agree,Neither agree nor disagree,Somewhat agree,Strongly agree,Strongly agree,Strongly agree,Strongly agree,Neither agree nor disagree,Neither agree nor disagree,Strongly agree,Agree a little,Diagree strongly,Agree strongly,Disagree moderately,Agree strongly,Agree a little,Agree strongly,Diagree strongly,Agree moderately,Diagree strongly,Exactly,Exactly,Not At All,Not At All,Moderately,Exactly,Exactly,Not At All,Exactly,Exactly,Not At All,Not At All,Exactly,Exactly,Exactly,Not At All
126,Algeria,2002,Female,,"CAH07-04	General, applied and forensic sciences",1,"MANUFACTURING,TRANSPORTATION AND STORAGE,OTHER SERVICE ACTIVITIES",I have some experience,Strongly agree,Strongly agree,Somewhat agree,Somewhat agree,Somewhat agree,Somewhat agree,Strongly agree,Strongly agree,Strongly agree,Neither agree nor disagree,Strongly agree,Disagree a little,Neither agree nor disagree,Agree a little,Disagree moderately,Agree moderately,Agree a little,Agree a little,Diagree strongly,Disagree a little,Disagree moderately,A Lot,Moderately,Not At All,Not At All,Moderately,A Lot,A Very Little,A Very Little,Moderately,Enough,A Very Little,Not At All,Moderately,Enough,A Very Little,A Very Little
127,United Kingdom of Great Britain and Northern Ireland,1980,Female,,CAH07-01	Physics and astronomy,26,"FINANCIAL AND INSURANCE ACTIVITIES,PUBLIC ADMINISTRATION AND DEFENCE; COMPULSORY SOCIAL SECURITY,OTHER SERVICE ACTIVITIES",I have some experience,Neither agree nor disagree,Somewhat agree,Strongly agree,Somewhat agree,Somewhat agree,Somewhat agree,Strongly agree,Strongly agree,Somewhat agree,Somewhat disagree,Somewhat agree,Disagree a little,Diagree strongly,Agree moderately,Disagree moderately,Agree strongly,Agree a little,Agree moderately,Agree a little,Agree strongly,Agree moderately,A Little,Moderately,A Lot,A Little,A Very Little,Moderately,A Lot,A Little,A Very Little,Moderately,A Lot,Moderately,Moderately,A Little,A Lot,A Little
128,United Kingdom of Great Britain and Northern Ireland,1984,Female,,CAH04-01	Psychology,17,"PROFESSIONAL, SCIENTIFIC AND TECHNICAL ACTIVITIES,HUMAN HEALTH AND SOCIAL WORK ACTIVITIES,OTHER SERVICE ACTIVITIES",I have experience of teamworking and have also led teams,Somewhat agree,Somewhat agree,Somewhat agree,Somewhat agree,Somewhat agree,Neither agree nor disagree,Strongly agree,Strongly agree,Somewhat agree,Neither agree nor disagree,Strongly agree,Agree moderately,Diagree strongly,Agree strongly,Neither agree nor disagree,Agree moderately,Disagree a little,Agree moderately,Diagree strongly,Agree strongly,Neither agree nor disagree,A Lot,Enough,Enough,Not At All,Enough,Enough,Moderately,Not At All,A Lot,A Little,Moderately,Not At All,A Lot,A Lot,Moderately,Not At All
129,United Kingdom of Great Britain and Northern Ireland,1988,Male,,,15,CONSTRUCTION,I have experience of teamworking and have also led teams,Somewhat agree,Strongly agree,Strongly agree,Strongly agree,Strongly agree,Somewhat agree,Strongly agree,Somewhat agree,Strongly agree,Strongly agree,Strongly agree,Agree strongly,Agree a little,Agree a little,Disagree a little,Agree strongly,Diagree strongly,Neither agree nor disagree,Neither agree nor disagree,Agree a little,Disagree moderately,A Lot,Enough,Moderately,A Little,A Lot,Exactly,Not At All,A Very Little,Moderately,Enough,A Very Little,A Very Little,A Lot,A Lot,A Very Little,A Very Little
130,China,2001,Male,,CAH11-01	Computing,0,OTHER SERVICE ACTIVITIES,I have no prior experience of teamworking,Somewhat agree,Strongly agree,Somewhat agree,Somewhat agree,Somewhat agree,Neither agree nor disagree,Somewhat agree,Neither agree nor disagree,Somewhat agree,Somewhat agree,Somewhat agree,Disagree a little,Diagree strongly,Agree moderately,Agree a little,Neither agree nor disagree,Agree a little,Agree moderately,Disagree moderately,Agree moderately,Disagree moderately,Enough,Enough,Enough,Moderately,Enough,Enough,A Lot,A Lot,A Lot,Enough,Enough,Moderately,A Lot,A Lot,A Lot,Moderately
131,Singapore,1988,Female,,CAH04-01	Psychology,12,"ACCOMMODATION AND FOOD SERVICE ACTIVITIES,FINANCIAL AND INSURANCE ACTIVITIES",I have experience of teamworking and have also led teams,Somewhat agree,Neither agree nor disagree,Neither agree nor disagree,Somewhat disagree,Somewhat disagree,Somewhat agree,Neither agree nor disagree,Somewhat agree,Strongly agree,Strongly disagree,Strongly agree,Agree a little,Disagree moderately,Agree strongly,Diagree strongly,Agree strongly,Disagree moderately,Agree moderately,Disagree moderately,Agree a little,Disagree a little,Enough,Exactly,A Very Little,Not At All,Enough,A Lot,Not At All,Moderately,Enough,Exactly,Not At All,Not At All,Enough,Moderately,Not At All,Not At All
132,India,1990,Male,,CAH11-01	Computing,12,"FINANCIAL AND INSURANCE ACTIVITIES,OTHER SERVICE ACTIVITIES",I have experience of teamworking and have also led teams,Strongly agree,Strongly agree,Strongly agree,Strongly agree,Strongly agree,Strongly agree,Strongly agree,Somewhat agree,Somewhat agree,Somewhat agree,Strongly agree,Agree strongly,Disagree a little,Agree strongly,Disagree a little,Agree strongly,Disagree a little,Agree a little,Diagree strongly,Agree moderately,Disagree moderately,Exactly,Exactly,Moderately,A Very Little,Enough,Enough,Enough,A Very Little,Moderately,A Very Little,Moderately,A Little,Enough,Enough,Enough,Moderately
133,Philippines,1984,Male,,CAH17-01	Business and management,16,"MANUFACTURING,ELECTRICITY, GAS, STEAM AND AIR CONDITIONING SUPPLY,FINANCIAL AND INSURANCE ACTIVITIES",I have experience of teamworking and have also led teams,Neither agree nor disagree,Somewhat agree,Somewhat agree,Neither agree nor disagree,Strongly agree,Somewhat disagree,Somewhat agree,Neither agree nor disagree,Strongly agree,Neither agree nor disagree,Neither agree nor disagree,Agree moderately,Disagree a little,Agree moderately,Neither agree nor disagree,Agree strongly,Diagree strongly,Agree moderately,Neither agree nor disagree,Neither agree nor disagree,Disagree moderately,Enough,Exactly,Enough,A Lot,Exactly,Exactly,Exactly,Not At All,Exactly,Exactly,,Not At All,A Lot,A Lot,Exactly,Not At All
134,Turkey,1982,Male,,CAH11-01	Computing,4,"INFORMATION AND COMMUNICATION,OTHER SERVICE ACTIVITIES",I have extensive experience of teamworking,Neither agree nor disagree,Somewhat agree,Somewhat agree,Somewhat agree,Somewhat agree,Neither agree nor disagree,Somewhat agree,Neither agree nor disagree,Neither agree nor disagree,Somewhat disagree,Somewhat agree,Disagree a little,Agree moderately,Agree moderately,Neither agree nor disagree,Agree moderately,Neither agree nor disagree,Neither agree nor disagree,Disagree moderately,Agree a little,Disagree a little,Enough,Enough,Enough,A Little,Enough,A Lot,A Little,A Little,Enough,A Little,Enough,Moderately,Enough,Enough,Enough,A Little
135,Viet Nam,1995,Male,,,6,"MANUFACTURING,WHOLESALE AND RETAIL TRADE; REPAIR OF MOTOR VEHICLES AND MOTORCYCLES",I have experience of teamworking and have also led teams,Strongly agree,Strongly agree,Somewhat agree,Neither agree nor disagree,Somewhat agree,Somewhat agree,Somewhat agree,Strongly agree,Somewhat agree,Somewhat agree,Somewhat agree,Diagree strongly,Agree a little,Agree moderately,Disagree moderately,Agree moderately,Agree strongly,Agree moderately,Disagree moderately,Neither agree nor disagree,Disagree moderately,Enough,A Lot,Exactly,A Very Little,Moderately,Enough,A Lot,A Very Little,Moderately,A Little,Moderately,A Little,Enough,Enough,A Lot,A Little
136,United Kingdom of Great Britain and Northern Ireland,1974,Male,,CAH11-01	Computing,,"ACCOMMODATION AND FOOD SERVICE ACTIVITIES,INFORMATION AND COMMUNICATION,FINANCIAL AND INSURANCE ACTIVITIES,PROFESSIONAL, SCIENTIFIC AND TECHNICAL ACTIVITIES",I have experience of teamworking and have also led teams,Strongly agree,Strongly agree,,Somewhat agree,Somewhat agree,Somewhat agree,Strongly agree,Strongly agree,Strongly agree,Somewhat agree,Somewhat agree,Neither agree nor disagree,Diagree strongly,Agree strongly,Diagree strongly,Agree strongly,Disagree moderately,Agree strongly,Disagree moderately,Agree strongly,Disagree a little,A Lot,Moderately,Exactly,A Lot,Moderately,Moderately,Moderately,Enough,Moderately,Moderately,Exactly,Moderately,Moderately,Moderately,Moderately,Moderately
137,Nigeria,1991,Female,,CAH17-01	Business and management,3,"WHOLESALE AND RETAIL TRADE; REPAIR OF MOTOR VEHICLES AND MOTORCYCLES,ADMINISTRATIVE AND SUPPORT SERVICE ACTIVITIES,EDUCATION,OTHER SERVICE ACTIVITIES",I have some experience,Strongly agree,Somewhat disagree,Strongly agree,Strongly agree,Strongly agree,Somewhat agree,Strongly agree,Strongly agree,Somewhat agree,Somewhat agree,Strongly agree,Agree strongly,Diagree strongly,Agree strongly,Diagree strongly,Agree strongly,Agree strongly,Agree strongly,Diagree strongly,Agree strongly,Diagree strongly,A Lot,A Lot,Not At All,Not At All,A Lot,A Lot,A Lot,Not At All,A Lot,Exactly,Not At All,Not At All,A Lot,Exactly,A Lot,Not At All
138,Morocco,2001,Male,,CAH11-01	Computing,1,"TRANSPORTATION AND STORAGE,EDUCATION",I have extensive experience of teamworking,Somewhat agree,Strongly agree,Somewhat agree,Neither agree nor disagree,Somewhat disagree,Somewhat agree,Strongly agree,Strongly agree,Somewhat agree,Somewhat agree,Strongly agree,Neither agree nor disagree,Agree moderately,Agree moderately,Neither agree nor disagree,Agree moderately,Agree moderately,Agree a little,Neither agree nor disagree,Agree moderately,Disagree moderately,Exactly,Exactly,Not At All,Not At All,A Lot,A Lot,Moderately,Not At All,Exactly,Exactly,Not At All,Not At All,Exactly,Exactly,Enough,Not At All
139,Nigeria,2000,Male,,CAH03-01	Biosciences,1,OTHER SERVICE ACTIVITIES,I have some experience,Somewhat agree,Strongly agree,Strongly agree,Strongly agree,Strongly agree,Strongly agree,Strongly agree,Strongly agree,Strongly agree,Strongly agree,Strongly agree,Agree a little,Diagree strongly,Agree moderately,Disagree a little,Agree strongly,Agree moderately,Agree moderately,Diagree strongly,Agree strongly,Diagree strongly,A Lot,Moderately,Enough,Not At All,A Lot,A Lot,A Lot,Not At All,Enough,Exactly,Not At All,Not At All,A Lot,Enough,Enough,Not At All
140,United Kingdom of Great Britain and Northern Ireland,1988,Female,,CAH04-01	Psychology,15,"WHOLESALE AND RETAIL TRADE; REPAIR OF MOTOR VEHICLES AND MOTORCYCLES,FINANCIAL AND INSURANCE ACTIVITIES,ADMINISTRATIVE AND SUPPORT SERVICE ACTIVITIES,PUBLIC ADMINISTRATION AND DEFENCE; COMPULSORY SOCIAL SECURITY,EDUCATION",I have experience of teamworking and have also led teams,Somewhat agree,Somewhat agree,Somewhat agree,Somewhat agree,Neither agree nor disagree,Somewhat agree,Somewhat agree,Somewhat agree,Strongly agree,Somewhat disagree,Somewhat agree,Agree moderately,Neither agree nor disagree,Agree a little,Agree a little,Agree moderately,Disagree moderately,Agree a little,Neither agree nor disagree,Disagree a little,Disagree a little,Enough,Enough,Exactly,Moderately,A Little,Enough,Exactly,Moderately,A Little,Not At All,Exactly,Moderately,Moderately,Moderately,Exactly,A Very Little
141,China,2001,Male,,CAH11-01	Computing,0,,I have no prior experience of teamworking,Neither agree nor disagree,Neither agree nor disagree,Neither agree nor disagree,Neither agree nor disagree,Neither agree nor disagree,Neither agree nor disagree,Neither agree nor disagree,Neither agree nor disagree,Neither agree nor disagree,Neither agree nor disagree,Neither agree nor disagree,Diagree strongly,Diagree strongly,Diagree strongly,Agree strongly,Diagree strongly,Agree strongly,Diagree strongly,Agree strongly,Agree strongly,Agree strongly,Moderately,Moderately,Moderately,Moderately,Moderately,Moderately,Moderately,Moderately,Moderately,Moderately,Moderately,Moderately,Moderately,Moderately,Moderately,Moderately
142,Jordan,1994,Female,,CAH04-01	Psychology,6,"ADMINISTRATIVE AND SUPPORT SERVICE ACTIVITIES,HUMAN HEALTH AND SOCIAL WORK ACTIVITIES",I have some experience,Somewhat agree,Strongly agree,Somewhat agree,Neither agree nor disagree,Neither agree nor disagree,Somewhat agree,Strongly agree,Strongly agree,Somewhat agree,Neither agree nor disagree,Strongly agree,Agree a little,Agree a little,Neither agree nor disagree,Agree a little,Agree moderately,Disagree a little,Agree moderately,Neither agree nor disagree,Agree a little,Diagree strongly,Moderately,Moderately,Exactly,Not At All,Enough,A Lot,Exactly,A Little,Moderately,Not At All,Exactly,Not At All,Enough,A Lot,Exactly,Not At All
143,United Kingdom of Great Britain and Northern Ireland,1990,Male,,CAH02-05	Medical sciences,,"TRANSPORTATION AND STORAGE,FINANCIAL AND INSURANCE ACTIVITIES",I have extensive experience of teamworking,Neither agree nor disagree,Strongly agree,Somewhat agree,Neither agree nor disagree,Somewhat agree,Neither agree nor disagree,Strongly agree,Somewhat agree,Neither agree nor disagree,Neither agree nor disagree,Strongly agree,Disagree moderately,Diagree strongly,Agree strongly,Disagree a little,Agree strongly,Neither agree nor disagree,Agree strongly,Diagree strongly,Agree strongly,Diagree strongly,Enough,Moderately,A Lot,Not At All,Moderately,Moderately,Exactly,A Very Little,Moderately,Not At All,A Lot,Not At All,Enough,Moderately,A Lot,Not At All
144,Bangladesh,1995,Female,,CAH17-01	Business and management,3,"INFORMATION AND COMMUNICATION,FINANCIAL AND INSURANCE ACTIVITIES,OTHER SERVICE ACTIVITIES",I have some experience,Strongly agree,Strongly agree,Strongly agree,Somewhat agree,Strongly agree,Somewhat agree,Strongly agree,Somewhat agree,Somewhat agree,Neither agree nor disagree,Strongly agree,Agree a little,Disagree a little,,Agree moderately,Agree strongly,Diagree strongly,Agree strongly,Diagree strongly,Agree strongly,Agree a little,Exactly,Exactly,Not At All,Not At All,Exactly,Exactly,Not At All,Not At All,Exactly,A Lot,A Very Little,Not At All,Exactly,Exactly,Not At All,A Very Little
145,United Kingdom of Great Britain and Northern Ireland,2002,Male,,CAH20-01	History and archaeology,5,"WHOLESALE AND RETAIL TRADE; REPAIR OF MOTOR VEHICLES AND MOTORCYCLES,ACCOMMODATION AND FOOD SERVICE ACTIVITIES",I have some experience,Somewhat agree,Strongly agree,Somewhat agree,Neither agree nor disagree,Somewhat agree,Somewhat agree,Somewhat agree,Somewhat agree,Somewhat agree,Neither agree nor disagree,Strongly agree,Neither agree nor disagree,Disagree moderately,Agree a little,Disagree moderately,Agree a little,Disagree a little,Neither agree nor disagree,Disagree moderately,Agree moderately,Disagree a little,Moderately,Enough,A Lot,A Little,Enough,Enough,Enough,A Very Little,Moderately,A Little,A Very Little,A Very Little,Moderately,Moderately,A Little,A Very Little
146,United Kingdom of Great Britain and Northern Ireland,1979,Female,,CAH22-01	Education and teaching,6,"PROFESSIONAL, SCIENTIFIC AND TECHNICAL ACTIVITIES",I have extensive experience of teamworking,Neither agree nor disagree,Strongly agree,Somewhat agree,Somewhat agree,Somewhat agree,Somewhat agree,Somewhat agree,Somewhat agree,Somewhat agree,Neither agree nor disagree,Somewhat agree,Disagree moderately,Disagree moderately,Agree moderately,Disagree moderately,Agree strongly,Agree moderately,Agree strongly,Diagree strongly,Agree moderately,Disagree moderately,Moderately,Enough,Enough,A Lot,A Very Little,A Lot,A Lot,A Very Little,A Very Little,A Lot,A Lot,A Very Little,Moderately,Exactly,Exactly,A Very Little
147,United Kingdom of Great Britain and Northern Ireland,1983,Male,,CAH09-01	Mathematical sciences,13,EDUCATION,I have experience of teamworking and have also led teams,Somewhat agree,Somewhat agree,Somewhat agree,Somewhat agree,Somewhat agree,Neither agree nor disagree,Somewhat agree,Somewhat agree,Neither agree nor disagree,Neither agree nor disagree,Strongly agree,Neither agree nor disagree,Agree a little,Agree moderately,Agree a little,Agree a little,Neither agree nor disagree,Agree moderately,Neither agree nor disagree,Agree a little,Neither agree nor disagree,A Little,Moderately,Exactly,Not At All,Moderately,Moderately,Exactly,A Little,A Little,A Little,Exactly,A Little,A Little,Moderately,Exactly,Not At All
148,Sri Lanka,1983,Male,,CAH10-01	Engineering,15,"ELECTRICITY, GAS, STEAM AND AIR CONDITIONING SUPPLY",I have experience of teamworking and have also led teams,Strongly agree,Strongly agree,Strongly agree,Strongly agree,Strongly agree,Somewhat disagree,Somewhat agree,Somewhat agree,Neither agree nor disagree,Neither agree nor disagree,Strongly agree,Agree strongly,Agree a little,Agree strongly,Disagree moderately,Agree strongly,Neither agree nor disagree,Agree a little,Diagree strongly,Agree moderately,Disagree moderately,A Lot,Exactly,Enough,,A Lot,Exactly,Exactly,Enough,Exactly,Enough,A Very Little,A Very Little,Exactly,Exactly,Exactly,A Very Little
149,Sri Lanka,1993,Male,,CAH17-01	Business and management,9,FINANCIAL AND INSURANCE ACTIVITIES,I have extensive experience of teamworking,Strongly agree,Strongly agree,Strongly agree,Strongly agree,Strongly agree,Strongly agree,Somewhat agree,Strongly agree,Strongly agree,Strongly agree,Strongly agree,Agree moderately,Agree moderately,Agree moderately,Neither agree nor disagree,Agree strongly,Disagree a little,Agree a little,Diagree strongly,Agree a little,Disagree moderately,Enough,A Lot,A Very Little,A Very Little,Moderately,A Lot,Moderately,Not At All,Moderately,Moderately,A Very Little,A Very Little,A Lot,A Lot,Moderately,A Very Little
150,United Kingdom of Great Britain and Northern Ireland,2000,Male,,CAH09-01	Mathematical sciences,1,"ACCOMMODATION AND FOOD SERVICE ACTIVITIES,ADMINISTRATIVE AND SUPPORT SERVICE ACTIVITIES",I have no prior experience of teamworking,Somewhat agree,Strongly agree,Somewhat agree,Somewhat agree,Strongly agree,Somewhat agree,Somewhat agree,Somewhat agree,Strongly agree,Neither agree nor disagree,Strongly agree,Disagree moderately,Agree moderately,Agree a little,Neither agree nor disagree,Agree moderately,Agree a little,Neither agree nor disagree,Disagree moderately,Agree moderately,Neither agree nor disagree,Enough,A Lot,Enough,Not At All,A Very Little,Exactly,Not At All,Not At All,A Very Little,Not At All,Not At All,Not At All,A Very Little,A Lot,Not At All,Not At All
151,United Kingdom of Great Britain and Northern Ireland,1996,Male,,CAH04-01	Psychology,5,"PROFESSIONAL, SCIENTIFIC AND TECHNICAL ACTIVITIES",I have experience of teamworking and have also led teams,Somewhat agree,Somewhat agree,Somewhat agree,Somewhat agree,Neither agree nor disagree,Neither agree nor disagree,Strongly agree,Strongly agree,Somewhat agree,Neither agree nor disagree,Strongly agree,Disagree a little,Diagree strongly,Agree strongly,Neither agree nor disagree,Agree moderately,Agree moderately,Agree strongly,Diagree strongly,Agree strongly,Neither agree nor disagree,A Little,A Little,Exactly,Not At All,A Little,Moderately,Exactly,Moderately,A Little,Not At All,Exactly,Moderately,A Little,Moderately,A Lot,A Very Little
152,Bangladesh,1999,Male,,CAH10-01	Engineering,2,EDUCATION,I have extensive experience of teamworking,Neither agree nor disagree,Somewhat agree,Somewhat agree,Somewhat agree,Somewhat agree,Neither agree nor disagree,Strongly agree,Strongly agree,Neither agree nor disagree,Neither agree nor disagree,Strongly agree,Agree a little,Disagree moderately,Agree moderately,Disagree a little,Agree strongly,Agree strongly,Disagree moderately,Disagree moderately,Agree strongly,Agree strongly,Exactly,Exactly,Exactly,Exactly,Exactly,Exactly,Exactly,A Very Little,A Little,A Lot,Moderately,Not At All,A Very Little,Exactly,Exactly,Not At All
153,Nigeria,1976,Female,,CAH25-01	Creative arts and design,,FINANCIAL AND INSURANCE ACTIVITIES,I have some experience,Strongly agree,Strongly agree,Somewhat agree,Strongly agree,Strongly agree,Neither agree nor disagree,Strongly agree,Strongly agree,Somewhat agree,Neither agree nor disagree,Strongly agree,Agree moderately,Diagree strongly,,Agree a little,Agree strongly,Disagree a little,Agree strongly,Diagree strongly,Agree strongly,Agree a little,Enough,A Lot,Moderately,Not At All,Enough,Enough,Moderately,Not At All,Enough,Moderately,Not At All,Not At All,Enough,A Lot,Moderately,Not At All
154,Pakistan,1998,Male,,CAH11-01	Computing,4,"INFORMATION AND COMMUNICATION,EDUCATION",I have experience of teamworking and have also led teams,Strongly agree,Strongly agree,Strongly agree,Strongly agree,Somewhat agree,Strongly agree,Strongly agree,Strongly agree,Strongly agree,Neither agree nor disagree,Strongly agree,Agree a little,Disagree moderately,Agree moderately,Disagree moderately,Agree strongly,Neither agree nor disagree,Agree moderately,Diagree strongly,Agree moderately,Diagree strongly,Enough,A Lot,Moderately,Not At All,Moderately,Moderately,Moderately,Not At All,A Lot,A Lot,Not At All,Not At All,Enough,Enough,Moderately,A Very Little
155,Turkey,1969,Female,,CAH22-01	Education and teaching,30,"FINANCIAL AND INSURANCE ACTIVITIES,EDUCATION",I have experience of teamworking and have also led teams,Strongly agree,Strongly agree,Strongly agree,Somewhat agree,Somewhat agree,Somewhat agree,Strongly agree,Strongly agree,Somewhat agree,Somewhat agree,Strongly agree,Agree moderately,Agree strongly,Agree strongly,Neither agree nor disagree,Agree strongly,Agree moderately,Agree moderately,Diagree strongly,,Diagree strongly,Exactly,Exactly,Moderately,Not At All,Exactly,Exactly,Moderately,Not At All,Moderately,Moderately,Not At All,Not At All,Exactly,Exactly,Moderately,Not At All
156,Sri Lanka,2001,Male,,CAH17-01	Business and management,1,MANUFACTURING,I have some experience,Strongly agree,Somewhat agree,Somewhat agree,Somewhat agree,Strongly agree,Somewhat agree,Strongly agree,Somewhat agree,Neither agree nor disagree,Somewhat agree,Somewhat agree,Agree strongly,Agree moderately,Agree strongly,Neither agree nor disagree,Agree strongly,Agree a little,Agree moderately,Disagree a little,Agree moderately,Diagree strongly,A Lot,A Lot,Moderately,A Very Little,Enough,A Lot,Enough,A Little,Enough,Enough,A Little,A Little,A Lot,A Lot,A Little,A Little
157,Sri Lanka,1986,Male,,CAH17-01	Business and management,,"FINANCIAL AND INSURANCE ACTIVITIES,ADMINISTRATIVE AND SUPPORT SERVICE ACTIVITIES",I have extensive experience of teamworking,Strongly agree,Strongly agree,Strongly agree,Strongly agree,Somewhat disagree,Somewhat disagree,Strongly agree,Strongly agree,Strongly agree,Somewhat disagree,Strongly agree,Neither agree nor disagree,Neither agree nor disagree,Agree strongly,Diagree strongly,Agree strongly,Diagree strongly,Diagree strongly,Diagree strongly,Agree strongly,Diagree strongly,Exactly,Exactly,Not At All,Not At All,A Little,Enough,Not At All,Not At All,Enough,A Very Little,Not At All,Not At All,Enough,Exactly,Not At All,A Very Little
158,India,1995,Male,,CAH10-01	Engineering,5,INFORMATION AND COMMUNICATION,I have some experience,Strongly agree,Strongly agree,Somewhat agree,Strongly agree,Somewhat agree,Strongly agree,Somewhat agree,Somewhat agree,Somewhat agree,Somewhat agree,Strongly agree,Agree strongly,Disagree moderately,Disagree a little,Neither agree nor disagree,Agree strongly,Agree a little,Neither agree nor disagree,Diagree strongly,Agree strongly,Diagree strongly,A Lot,A Lot,A Very Little,Not At All,Enough,Exactly,Moderately,A Very Little,Exactly,Exactly,Not At All,Not At All,A Lot,Exactly,Exactly,Not At All
159,Cameroon,1991,Female,,CAH17-01	Business and management,2,OTHER SERVICE ACTIVITIES,I have some experience,Strongly agree,Strongly agree,,,Strongly agree,Strongly agree,,,,,,Agree strongly,,,,,,,,,,,,,,,,,,,,,,,,,
160,United Kingdom of Great Britain and Northern Ireland,2001,Male,,CAH09-01	Mathematical sciences,0,,I have extensive experience of teamworking,Strongly agree,Strongly agree,Somewhat agree,Strongly agree,Strongly agree,Somewhat agree,Strongly agree,Strongly agree,Neither agree nor disagree,Neither agree nor disagree,Strongly agree,Agree moderately,Agree strongly,Agree moderately,Neither agree nor disagree,Agree strongly,Agree a little,Agree moderately,Neither agree nor disagree,Agree moderately,Neither agree nor disagree,A Lot,Moderately,Moderately,Not At All,Enough,A Lot,Moderately,Not At All,Enough,A Lot,Not At All,Not At All,A Lot,A Lot,Not At All,Not At All
161,Egypt,2000,Male,,CAH11-01	Computing,0,"MANUFACTURING,OTHER SERVICE ACTIVITIES",I have experience of teamworking and have also led teams,Somewhat agree,Somewhat agree,Somewhat agree,Neither agree nor disagree,Somewhat agree,Strongly agree,Strongly agree,Strongly agree,Strongly agree,Somewhat agree,Strongly agree,Agree moderately,Agree moderately,Agree strongly,Neither agree nor disagree,Agree strongly,Neither agree nor disagree,Neither agree nor disagree,Disagree moderately,Agree moderately,Diagree strongly,A Lot,Enough,Exactly,A Lot,Moderately,Enough,Exactly,A Little,Moderately,A Very Little,A Lot,A Little,Moderately,A Lot,A Lot,Enough
162,Myanmar,1995,Male,,CAH11-01	Computing,5,INFORMATION AND COMMUNICATION,I have extensive experience of teamworking,Strongly agree,Strongly agree,Somewhat agree,Somewhat agree,Strongly agree,Somewhat agree,Strongly agree,Strongly agree,Strongly agree,Strongly agree,Strongly agree,Neither agree nor disagree,Disagree a little,Agree strongly,Disagree a little,Agree strongly,Agree moderately,Agree strongly,Disagree moderately,Agree moderately,Diagree strongly,Exactly,Exactly,Moderately,Not At All,A Lot,Exactly,,Not At All,A Lot,Exactly,Not At All,Not At All,Exactly,Exactly,A Lot,Not At All
163,United Kingdom of Great Britain and Northern Ireland,1991,Male,,CAH15-03	Politics,10,"INFORMATION AND COMMUNICATION,EDUCATION,OTHER SERVICE ACTIVITIES",I have extensive experience of teamworking,Strongly agree,Strongly agree,Somewhat agree,Somewhat agree,Somewhat agree,Neither agree nor disagree,Strongly agree,Somewhat agree,Somewhat agree,Neither agree nor disagree,Strongly agree,Agree moderately,Diagree strongly,Agree a little,Disagree moderately,Agree strongly,Neither agree nor disagree,Agree a little,Diagree strongly,Agree moderately,Disagree a little,Enough,A Lot,Enough,A Very Little,Enough,A Lot,Moderately,Moderately,Enough,Moderately,Moderately,A Very Little,Enough,Enough,Moderately,A Little
164,Sri Lanka,1994,Male,,CAH11-01	Computing,6,INFORMATION AND COMMUNICATION,I have some experience,Strongly agree,Strongly agree,Strongly agree,Strongly agree,Strongly agree,Strongly agree,Strongly agree,Strongly agree,Strongly agree,Strongly agree,Strongly agree,Agree strongly,Neither agree nor disagree,Agree strongly,Diagree strongly,Agree strongly,Neither agree nor disagree,Agree strongly,Diagree strongly,Agree strongly,Disagree moderately,Exactly,Enough,Not At All,Not At All,Exactly,Exactly,Not At All,A Little,Exactly,Enough,Not At All,Not At All,Exactly,Exactly,Not At All,A Little
165,Turkey,1984,Male,,CAH17-01	Business and management,9,"TRANSPORTATION AND STORAGE,INFORMATION AND COMMUNICATION",I have some experience,Somewhat agree,Strongly agree,Somewhat agree,Neither agree nor disagree,Somewhat agree,Somewhat agree,Strongly agree,Strongly agree,Strongly agree,Somewhat agree,Somewhat agree,Neither agree nor disagree,Diagree strongly,Agree moderately,Agree a little,Agree moderately,Neither agree nor disagree,Agree strongly,Diagree strongly,Agree moderately,Agree a little,Exactly,Exactly,A Little,Not At All,Exactly,Exactly,A Little,Not At All,Exactly,Exactly,Not At All,Not At All,Exactly,Exactly,Not At All,Not At All
166,Malaysia,1998,Female,,CAH17-01	Business and management,2.5,FINANCIAL AND INSURANCE ACTIVITIES,I have experience of teamworking and have also led teams,Strongly agree,Strongly agree,Strongly agree,Strongly agree,Strongly agree,Strongly agree,Strongly agree,Strongly agree,Strongly agree,Strongly agree,Strongly agree,Agree strongly,Diagree strongly,Agree strongly,Diagree strongly,Agree strongly,Diagree strongly,Agree strongly,Diagree strongly,Agree strongly,Diagree strongly,Exactly,Exactly,Moderately,Moderately,Moderately,Exactly,Moderately,Moderately,Exactly,Exactly,Moderately,Moderately,Exactly,Exactly,Moderately,Moderately
167,Pakistan,1995,Male,,CAH10-01	Engineering,3,INFORMATION AND COMMUNICATION,I have some experience,Somewhat agree,Neither agree nor disagree,Neither agree nor disagree,Neither agree nor disagree,Somewhat agree,Somewhat agree,Somewhat agree,Strongly agree,Neither agree nor disagree,Somewhat agree,Strongly agree,Agree moderately,Agree moderately,,Diagree strongly,Agree moderately,Disagree a little,Agree moderately,Diagree strongly,Agree moderately,Diagree strongly,A Lot,A Lot,A Lot,Not At All,A Lot,A Lot,A Very Little,A Very Little,A Lot,A Lot,A Very Little,A Very Little,A Lot,A Lot,A Very Little,Not At All
168,United Kingdom of Great Britain and Northern Ireland,2001,Female,,CAH17-01	Business and management,3,"ACCOMMODATION AND FOOD SERVICE ACTIVITIES,ADMINISTRATIVE AND SUPPORT SERVICE ACTIVITIES",I have extensive experience of teamworking,Somewhat agree,Strongly agree,Somewhat agree,Neither agree nor disagree,Neither agree nor disagree,Somewhat agree,Somewhat agree,Somewhat agree,Somewhat agree,Neither agree nor disagree,Somewhat agree,Neither agree nor disagree,Agree a little,Agree moderately,Agree moderately,Neither agree nor disagree,Agree a little,Agree moderately,Agree a little,Neither agree nor disagree,Agree a little,,,,,,,,,,,,,,,,
169,Sweden,1977,Male,,"CAH15-01	Sociology, social policy and anthropology",20,"ACCOMMODATION AND FOOD SERVICE ACTIVITIES,INFORMATION AND COMMUNICATION,PROFESSIONAL, SCIENTIFIC AND TECHNICAL ACTIVITIES,ADMINISTRATIVE AND SUPPORT SERVICE ACTIVITIES,ARTS, ENTERTAINMENT AND RECREATION,OTHER SERVICE ACTIVITIES",I have experience of teamworking and have also led teams,Somewhat disagree,Somewhat disagree,Somewhat disagree,Somewhat disagree,Neither agree nor disagree,Somewhat agree,Somewhat agree,Somewhat agree,Strongly agree,Neither agree nor disagree,Somewhat agree,Disagree moderately,Disagree a little,Agree moderately,Agree a little,Agree moderately,Agree strongly,Agree moderately,Neither agree nor disagree,Agree a little,Neither agree nor disagree,Moderately,Moderately,Exactly,Enough,Moderately,Enough,Exactly,A Little,Moderately,Moderately,Exactly,Moderately,Enough,Enough,Exactly,A Little
170,Pakistan,1987,Male,,CAH11-01	Computing,10,"INFORMATION AND COMMUNICATION,FINANCIAL AND INSURANCE ACTIVITIES,REAL ESTATE ACTIVITIES,EDUCATION",I have extensive experience of teamworking,Somewhat disagree,Strongly agree,Somewhat agree,Somewhat disagree,Neither agree nor disagree,Somewhat agree,Somewhat agree,Somewhat agree,Neither agree nor disagree,Somewhat agree,Strongly agree,Disagree a little,Disagree a little,Disagree a little,Disagree a little,Agree a little,Agree moderately,Agree a little,Disagree a little,Disagree moderately,Disagree a little,A Lot,Enough,Exactly,Not At All,Moderately,Enough,Enough,Not At All,A Lot,Moderately,Moderately,Moderately,A Very Little,Enough,Enough,A Very Little
171,India,2001,Male,,CAH10-01	Engineering,0,,I have experience of teamworking and have also led teams,Somewhat agree,Strongly agree,Strongly agree,Neither agree nor disagree,Somewhat agree,Somewhat agree,Strongly agree,Strongly agree,Somewhat agree,Somewhat agree,Strongly agree,Agree strongly,Agree moderately,Agree strongly,Disagree a little,Agree moderately,Neither agree nor disagree,Agree a little,Diagree strongly,Agree a little,Disagree moderately,A Lot,Exactly,Exactly,Not At All,Moderately,A Lot,Exactly,Not At All,Moderately,Moderately,A Lot,Not At All,Enough,Exactly,Exactly,Not At All
172,Nigeria,2001,Male,,"CAH26-01 Geography, earth and environmental studies",1,"WATER SUPPLY; SEWERAGE, WASTE MANAGEMENT AND REMEDIATION ACTIVITIES",I have some experience,Somewhat agree,Somewhat agree,Somewhat agree,Neither agree nor disagree,Somewhat agree,Neither agree nor disagree,Neither agree nor disagree,Somewhat agree,Somewhat agree,Somewhat agree,Somewhat agree,Disagree a little,Disagree moderately,Agree a little,Disagree moderately,Agree a little,Agree moderately,Neither agree nor disagree,Agree a little,Agree moderately,Neither agree nor disagree,A Lot,Moderately,Exactly,A Little,Enough,Enough,Enough,A Very Little,Enough,Moderately,Moderately,A Little,Enough,Enough,A Lot,A Little
173,Viet Nam,1998,Male,,CAH11-01	Computing,2,"PROFESSIONAL, SCIENTIFIC AND TECHNICAL ACTIVITIES",I have some experience,Somewhat agree,Strongly agree,Strongly agree,Somewhat agree,Strongly agree,Somewhat agree,Strongly agree,Strongly agree,Somewhat agree,Neither agree nor disagree,Somewhat agree,Agree moderately,Agree moderately,Agree moderately,Neither agree nor disagree,Agree a little,Agree moderately,Agree a little,Diagree strongly,Agree moderately,Disagree a little,Exactly,Moderately,Moderately,Not At All,A Little,A Lot,Exactly,Not At All,A Little,Moderately,Not At All,Not At All,A Lot,Exactly,Exactly,Not At All
174,China,2002,Male,,CAH11-01	Computing,0,,I have no prior experience of teamworking,Neither agree nor disagree,Neither agree nor disagree,Neither agree nor disagree,Neither agree nor disagree,Neither agree nor disagree,Neither agree nor disagree,Neither agree nor disagree,Neither agree nor disagree,Neither agree nor disagree,Neither agree nor disagree,Neither agree nor disagree,Diagree strongly,Diagree strongly,Agree strongly,Diagree strongly,Diagree strongly,Agree strongly,Agree strongly,Agree strongly,Agree strongly,Agree strongly,Moderately,Moderately,Moderately,Moderately,Moderately,Moderately,Exactly,Moderately,Moderately,Moderately,Moderately,Moderately,Moderately,Moderately,Moderately,Moderately
175,Nigeria,1996,Female,,CAH17-01	Business and management,,FINANCIAL AND INSURANCE ACTIVITIES,I have some experience,Somewhat agree,Strongly agree,Strongly agree,Somewhat agree,Somewhat agree,Neither agree nor disagree,Strongly agree,Somewhat agree,Somewhat agree,Strongly agree,Somewhat agree,Agree moderately,Neither agree nor disagree,Agree strongly,Agree a little,Agree moderately,Neither agree nor disagree,Agree strongly,Disagree a little,Agree strongly,Disagree moderately,A Lot,Exactly,Exactly,Not At All,A Lot,Exactly,Exactly,Moderately,A Lot,A Lot,Moderately,Moderately,Exactly,Exactly,A Lot,A Very Little
176,Nigeria,1980,Female,,CAH09-01	Mathematical sciences,16,FINANCIAL AND INSURANCE ACTIVITIES,I have experience of teamworking and have also led teams,Strongly agree,Strongly agree,Strongly agree,Neither agree nor disagree,Strongly agree,Strongly agree,Strongly agree,Strongly agree,Strongly agree,Strongly agree,Strongly agree,Agree strongly,Neither agree nor disagree,Agree strongly,Agree a little,Agree moderately,Agree strongly,Neither agree nor disagree,Neither agree nor disagree,Agree moderately,Disagree a little,A Lot,Not At All,Exactly,A Lot,A Lot,A Lot,A Lot,Moderately,Moderately,Moderately,Moderately,Not At All,A Lot,A Lot,A Lot,A Lot
177,Nigeria,2001,Female,,CAH17-01	Business and management,1.7,"FINANCIAL AND INSURANCE ACTIVITIES,ADMINISTRATIVE AND SUPPORT SERVICE ACTIVITIES",I have some experience,Strongly agree,Somewhat agree,Somewhat agree,Somewhat agree,Strongly agree,Strongly agree,Strongly agree,Strongly agree,Somewhat agree,Neither agree nor disagree,Somewhat agree,Neither agree nor disagree,Diagree strongly,Agree moderately,Diagree strongly,Agree strongly,Agree strongly,Agree strongly,Diagree strongly,Agree moderately,Disagree a little,A Lot,A Lot,Exactly,Not At All,Enough,A Lot,A Lot,Not At All,Enough,Moderately,Moderately,Not At All,Enough,A Lot,A Lot,Not At All
178,Australia,1977,Female,,CAH16-01	Law,,"INFORMATION AND COMMUNICATION,EDUCATION,ARTS, ENTERTAINMENT AND RECREATION,OTHER SERVICE ACTIVITIES",I have some experience,Somewhat agree,Neither agree nor disagree,Somewhat agree,Somewhat agree,Somewhat agree,Somewhat agree,Somewhat agree,Somewhat agree,Somewhat agree,Somewhat disagree,Somewhat agree,Disagree a little,Disagree a little,Agree moderately,Disagree moderately,Agree moderately,Neither agree nor disagree,Agree a little,Disagree a little,Agree moderately,Disagree moderately,A Lot,A Lot,Exactly,Not At All,Moderately,A Lot,Exactly,Not At All,Enough,Not At All,Exactly,Not At All,Moderately,Exactly,Exactly,Not At All
179,United Kingdom of Great Britain and Northern Ireland,2001,Male,,CAH11-01	Computing,5,WHOLESALE AND RETAIL TRADE; REPAIR OF MOTOR VEHICLES AND MOTORCYCLES,I have experience of teamworking and have also led teams,Somewhat disagree,Somewhat disagree,Somewhat disagree,Somewhat disagree,Neither agree nor disagree,Strongly agree,Somewhat agree,Somewhat agree,Somewhat agree,Neither agree nor disagree,Somewhat agree,Disagree moderately,Agree a little,Agree strongly,Diagree strongly,Agree a little,Agree a little,Agree moderately,Disagree moderately,Agree strongly,Disagree a little,Not At All,A Very Little,Exactly,A Lot,Not At All,A Very Little,Exactly,A Lot,Not At All,Not At All,Exactly,A Lot,Not At All,Not At All,Exactly,Enough
180,India,2000,Male,,CAH10-01	Engineering,1,ADMINISTRATIVE AND SUPPORT SERVICE ACTIVITIES,I have extensive experience of teamworking,Strongly agree,Strongly agree,Strongly agree,Somewhat agree,Strongly agree,Somewhat agree,Strongly agree,Strongly agree,Somewhat agree,Strongly agree,Strongly agree,Agree moderately,Neither agree nor disagree,Agree a little,Disagree moderately,Agree strongly,Agree moderately,Neither agree nor disagree,Diagree strongly,Agree moderately,Disagree moderately,A Lot,Exactly,Enough,Not At All,A Little,Exactly,A Lot,Not At All,Enough,Exactly,Not At All,Not At All,A Lot,A Lot,Exactly,Not At All
181,Nigeria,1976,Female,,CAH17-01	Business and management,,"INFORMATION AND COMMUNICATION,FINANCIAL AND INSURANCE ACTIVITIES",I have experience of teamworking and have also led teams,Somewhat agree,Somewhat agree,Somewhat agree,Somewhat agree,Neither agree nor disagree,Somewhat agree,Strongly agree,Strongly agree,Somewhat agree,Neither agree nor disagree,Somewhat agree,Agree moderately,Disagree a little,Agree moderately,Neither agree nor disagree,Agree moderately,Diagree strongly,Agree moderately,Disagree a little,Neither agree nor disagree,Disagree a little,Enough,Enough,Enough,Not At All,Enough,Enough,A Little,A Very Little,A Lot,A Very Little,A Very Little,A Very Little,Enough,Enough,A Very Little,A Very Little
182,Sri Lanka,2000,Female,,CAH17-01	Business and management,2,FINANCIAL AND INSURANCE ACTIVITIES,I have experience of teamworking and have also led teams,Strongly agree,Strongly agree,Strongly agree,Somewhat agree,Somewhat agree,Somewhat agree,Somewhat agree,Somewhat agree,Somewhat agree,Neither agree nor disagree,Strongly agree,Neither agree nor disagree,Disagree a little,Agree strongly,Agree moderately,Agree strongly,Agree a little,Agree moderately,Disagree moderately,Disagree a little,Agree a little,A Lot,Exactly,Moderately,Not At All,Enough,A Lot,A Lot,A Very Little,Enough,Exactly,A Very Little,A Very Little,A Lot,A Lot,A Lot,A Very Little
183,Viet Nam,1997,Female,,CAH17-01	Business and management,4,"FINANCIAL AND INSURANCE ACTIVITIES,OTHER SERVICE ACTIVITIES",I have some experience,Somewhat agree,Strongly agree,,Neither agree nor disagree,Somewhat agree,Somewhat agree,Somewhat agree,Strongly agree,Strongly agree,Somewhat agree,Somewhat agree,Disagree a little,Disagree moderately,Agree a little,Diagree strongly,Agree strongly,Neither agree nor disagree,Agree a little,Diagree strongly,Disagree a little,Disagree moderately,Moderately,Enough,Enough,A Very Little,Moderately,Enough,Enough,Not At All,Moderately,Not At All,Moderately,Moderately,Moderately,Moderately,A Little,A Very Little
184,Thailand,2001,Male,,CAH17-01	Business and management,0,,I have some experience,Somewhat agree,Strongly agree,Strongly agree,Strongly agree,Strongly agree,Somewhat agree,Somewhat agree,Somewhat agree,Somewhat agree,Somewhat agree,Strongly agree,Disagree a little,Agree a little,Agree moderately,Diagree strongly,Agree moderately,Neither agree nor disagree,Agree strongly,Diagree strongly,Agree a little,Disagree a little,Exactly,Enough,Moderately,A Very Little,Exactly,Exactly,Enough,A Very Little,A Lot,Enough,Not At All,Not At All,Enough,Enough,A Little,Not At All
185,United Kingdom of Great Britain and Northern Ireland,2001,Male,,CAH04-01	Psychology,1,OTHER SERVICE ACTIVITIES,I have some experience,Somewhat agree,Somewhat agree,Somewhat agree,Neither agree nor disagree,Somewhat agree,Somewhat agree,Somewhat agree,Somewhat agree,Somewhat agree,Somewhat agree,Somewhat agree,Agree a little,Agree a little,Agree moderately,Neither agree nor disagree,Agree a little,Agree a little,Agree a little,Disagree moderately,Agree a little,Agree a little,Enough,Enough,Enough,A Very Little,Enough,Enough,Enough,A Very Little,Enough,Enough,Enough,A Very Little,Enough,Enough,Enough,A Very Little
186,Iran,1995,Female,,CAH10-01	Engineering,6,"PROFESSIONAL, SCIENTIFIC AND TECHNICAL ACTIVITIES",I have extensive experience of teamworking,Somewhat agree,Somewhat agree,Strongly agree,Somewhat agree,Somewhat disagree,Strongly agree,Strongly agree,Strongly agree,Somewhat agree,Neither agree nor disagree,Strongly agree,Agree strongly,Agree moderately,Agree strongly,Disagree a little,Agree strongly,Disagree a little,Agree moderately,Disagree a little,Neither agree nor disagree,Diagree strongly,A Lot,Exactly,Enough,Not At All,A Lot,Exactly,Enough,A Very Little,Moderately,Exactly,Not At All,Not At All,Exactly,Exactly,Moderately,Not At All
187,United Kingdom of Great Britain and Northern Ireland,1997,Female,,CAH09-01	Mathematical sciences,10,"ADMINISTRATIVE AND SUPPORT SERVICE ACTIVITIES,EDUCATION,ARTS, ENTERTAINMENT AND RECREATION",I have some experience,Somewhat agree,Somewhat agree,Strongly agree,Neither agree nor disagree,Somewhat agree,Neither agree nor disagree,Strongly agree,Somewhat agree,Somewhat agree,Somewhat disagree,Somewhat agree,Agree a little,Disagree moderately,Agree moderately,Diagree strongly,Agree moderately,Agree a little,Agree moderately,Disagree moderately,Agree strongly,Disagree a little,A Lot,A Lot,A Lot,A Very Little,Moderately,Enough,Moderately,A Very Little,Enough,Enough,A Very Little,A Very Little,Enough,A Lot,A Little,Not At All
188,Egypt,1986,Male,,CAH10-01	Engineering,10,CONSTRUCTION,I have some experience,Somewhat agree,Somewhat agree,Somewhat agree,Somewhat agree,Somewhat agree,Strongly agree,Somewhat agree,Somewhat agree,Strongly agree,Somewhat agree,Strongly agree,Agree a little,Disagree a little,Agree strongly,Disagree moderately,Neither agree nor disagree,Agree strongly,Agree a little,Agree a little,Agree a little,Agree moderately,A Lot,A Lot,Exactly,A Very Little,Moderately,A Lot,Exactly,A Little,Moderately,Enough,Moderately,A Very Little,Enough,A Lot,Exactly,Moderately
189,Sri Lanka,1987,Female,,CAH10-01	Engineering,7,"PROFESSIONAL, SCIENTIFIC AND TECHNICAL ACTIVITIES,ADMINISTRATIVE AND SUPPORT SERVICE ACTIVITIES",I have some experience,Strongly agree,Somewhat agree,Strongly agree,Somewhat disagree,Somewhat agree,Neither agree nor disagree,Strongly agree,Strongly agree,Somewhat agree,Strongly agree,Strongly agree,Agree strongly,Diagree strongly,Agree moderately,Diagree strongly,Agree strongly,Disagree moderately,Diagree strongly,Diagree strongly,Agree a little,Diagree strongly,Exactly,A Lot,Exactly,Moderately,A Lot,A Lot,Exactly,A Lot,Not At All,Not At All,Not At All,Not At All,Exactly,Exactly,Exactly,A Very Little
190,Algeria,1996,Male,,,1,CONSTRUCTION,I have some experience,Strongly agree,Strongly agree,Strongly agree,Strongly agree,Strongly agree,Strongly agree,Somewhat agree,Somewhat agree,Somewhat agree,Somewhat agree,Somewhat agree,Agree a little,Agree a little,Agree moderately,Disagree moderately,Agree a little,Agree moderately,Agree moderately,Disagree a little,Agree strongly,Disagree a little,Exactly,Exactly,Enough,Not At All,A Lot,A Lot,A Lot,Not At All,A Lot,A Lot,Not At All,Not At All,A Lot,A Lot,A Lot,Not At All
191,Sri Lanka,1996,Female,,CAH17-01	Business and management,2,FINANCIAL AND INSURANCE ACTIVITIES,I have experience of teamworking and have also led teams,Strongly agree,Strongly agree,Somewhat agree,Somewhat agree,Somewhat agree,Somewhat agree,Strongly agree,Somewhat agree,Neither agree nor disagree,Neither agree nor disagree,Somewhat agree,Agree a little,Neither agree nor disagree,Agree moderately,Disagree a little,Agree a little,Disagree a little,Agree moderately,Disagree moderately,Agree moderately,Disagree moderately,Enough,Moderately,Moderately,Not At All,Enough,Enough,A Very Little,A Very Little,A Lot,Moderately,Not At All,A Little,Moderately,A Lot,Moderately,A Little
192,Iran,1988,Male,,CAH10-01	Engineering,7,"ELECTRICITY, GAS, STEAM AND AIR CONDITIONING SUPPLY,CONSTRUCTION,REAL ESTATE ACTIVITIES",I have extensive experience of teamworking,Strongly agree,Strongly agree,Strongly agree,Strongly agree,Strongly agree,Strongly agree,Strongly agree,Strongly agree,Strongly agree,Strongly agree,Strongly agree,Agree strongly,,Agree strongly,Agree moderately,Agree strongly,,Agree strongly,Diagree strongly,Agree strongly,,A Lot,A Lot,Exactly,A Lot,Exactly,Exactly,A Lot,,,A Lot,,,A Lot,Exactly,A Lot,
193,Sri Lanka,1996,Female,,CAH09-01	Mathematical sciences,1,MANUFACTURING,I have some experience,Somewhat agree,Strongly agree,Somewhat agree,Strongly agree,Neither agree nor disagree,Strongly agree,Neither agree nor disagree,Somewhat agree,Somewhat disagree,Somewhat agree,Somewhat agree,Agree a little,Neither agree nor disagree,Agree a little,Agree strongly,Agree a little,Agree strongly,Agree a little,Disagree moderately,Agree a little,Diagree strongly,A Little,A Lot,Exactly,Not At All,Moderately,Moderately,Exactly,Not At All,Moderately,Not At All,Moderately,Not At All,Moderately,A Lot,A Very Little,Not At All
194,India,1996,Male,,CAH17-01	Business and management,,CONSTRUCTION,I have some experience,Somewhat agree,Strongly agree,Neither agree nor disagree,Neither agree nor disagree,Somewhat disagree,Somewhat agree,Strongly agree,Strongly agree,Neither agree nor disagree,Strongly agree,Strongly agree,Agree moderately,Diagree strongly,Agree strongly,Diagree strongly,Agree strongly,Agree moderately,Agree a little,Disagree moderately,Agree moderately,Disagree moderately,A Lot,A Lot,Not At All,Not At All,A Lot,Exactly,Exactly,Not At All,A Lot,Exactly,Not At All,Not At All,A Lot,Exactly,Not At All,Not At All
195,India,1997,Male,,CAH10-01	Engineering,2.7,"REAL ESTATE ACTIVITIES,OTHER SERVICE ACTIVITIES",I have some experience,Strongly agree,Strongly agree,Strongly agree,Somewhat agree,Somewhat agree,Strongly agree,Strongly agree,Strongly agree,Neither agree nor disagree,Somewhat agree,Strongly agree,Agree moderately,Disagree moderately,Agree strongly,Disagree moderately,Agree strongly,Disagree a little,Neither agree nor disagree,Diagree strongly,Agree moderately,Diagree strongly,Exactly,Exactly,Moderately,Not At All,Enough,A Lot,A Lot,Not At All,Exactly,Exactly,Not At All,Not At All,Enough,Exactly,Exactly,Not At All
196,Nigeria,1991,Male,,CAH11-01	Computing,5,"MANUFACTURING,WHOLESALE AND RETAIL TRADE; REPAIR OF MOTOR VEHICLES AND MOTORCYCLES,ACCOMMODATION AND FOOD SERVICE ACTIVITIES,OTHER SERVICE ACTIVITIES",I have some experience,Strongly agree,Strongly agree,Strongly agree,Strongly agree,Strongly agree,Strongly agree,Strongly agree,Strongly agree,Somewhat agree,Strongly agree,Strongly agree,Agree moderately,Diagree strongly,Agree moderately,Diagree strongly,Agree strongly,Agree a little,Agree moderately,Diagree strongly,Agree strongly,Disagree moderately,Exactly,Exactly,A Little,A Very Little,A Lot,Exactly,A Lot,Not At All,Exactly,Exactly,Not At All,Not At All,Exactly,Exactly,A Lot,Not At All
197,Nigeria,1997,Female,,CAH15-02	Economics,2,ADMINISTRATIVE AND SUPPORT SERVICE ACTIVITIES,I have some experience,Strongly agree,Strongly agree,Strongly agree,Somewhat agree,Strongly agree,Somewhat agree,Strongly agree,Strongly agree,Somewhat agree,Strongly agree,Strongly agree,Agree strongly,,Agree strongly,Diagree strongly,Agree strongly,Agree a little,Agree moderately,Diagree strongly,Neither agree nor disagree,Disagree moderately,Exactly,Exactly,A Lot,Not At All,Exactly,Exactly,A Lot,Not At All,Exactly,Moderately,Moderately,Not At All,Exactly,Exactly,Not At All,Not At All
198,United Kingdom of Great Britain and Northern Ireland,2000,Female,,CAH04-01	Psychology,2.5,"WHOLESALE AND RETAIL TRADE; REPAIR OF MOTOR VEHICLES AND MOTORCYCLES,ACCOMMODATION AND FOOD SERVICE ACTIVITIES",I have some experience,Somewhat disagree,Strongly agree,Somewhat disagree,Neither agree nor disagree,Strongly agree,Strongly agree,Strongly agree,Strongly agree,Strongly agree,Strongly agree,Strongly agree,Agree a little,Agree moderately,Agree strongly,Agree strongly,Agree strongly,Agree a little,Agree strongly,Disagree moderately,Agree moderately,Disagree a little,Enough,Exactly,Moderately,Moderately,Moderately,Enough,Exactly,Enough,A Very Little,Not At All,A Lot,Moderately,Not At All,Moderately,Exactly,Enough
199,Malaysia,2000,Female,,CAH17-01	Business and management,,FINANCIAL AND INSURANCE ACTIVITIES,I have some experience,Somewhat agree,Somewhat agree,Somewhat agree,Somewhat agree,Somewhat agree,Somewhat agree,Somewhat agree,Somewhat agree,Somewhat agree,Somewhat agree,Somewhat agree,Neither agree nor disagree,Neither agree nor disagree,Agree a little,Neither agree nor disagree,Agree a little,Agree a little,Agree a little,Neither agree nor disagree,Agree a little,Neither agree nor disagree,Enough,Enough,Enough,A Little,Enough,Enough,Enough,Enough,Enough,Enough,Moderately,A Very Little,Enough,Enough,Enough,Enough
200,United Kingdom of Great Britain and Northern Ireland,2001,Female,,CAH15-02	Economics,,FINANCIAL AND INSURANCE ACTIVITIES,I have extensive experience of teamworking,Somewhat agree,Somewhat agree,Somewhat agree,Somewhat agree,Strongly agree,Neither agree nor disagree,Strongly agree,Strongly agree,Somewhat agree,Neither agree nor disagree,Strongly agree,Disagree a little,Disagree moderately,Agree a little,Neither agree nor disagree,Agree a little,Agree moderately,Agree a little,Diagree strongly,Agree moderately,Disagree a little,Moderately,A Lot,Exactly,Not At All,Enough,Enough,A Lot,Not At All,Enough,A Lot,Enough,A Little,A Little,Moderately,A Little,A Little
201,China,2002,Male,,CAH11-01	Computing,0,,I have no prior experience of teamworking,Somewhat disagree,Somewhat disagree,Somewhat disagree,Neither agree nor disagree,Somewhat agree,Neither agree nor disagree,Somewhat agree,Neither agree nor disagree,Somewhat disagree,Neither agree nor disagree,Somewhat agree,Disagree moderately,Disagree moderately,Disagree moderately,Disagree moderately,Disagree moderately,Neither agree nor disagree,Disagree a little,Disagree moderately,Agree a little,Agree a little,Exactly,,,,,,,,,,,,,,,
202,Iran,1992,Female,,CAH10-01	Engineering,6,"PROFESSIONAL, SCIENTIFIC AND TECHNICAL ACTIVITIES",I have experience of teamworking and have also led teams,Strongly disagree,Strongly disagree,Strongly disagree,Somewhat disagree,Somewhat disagree,Somewhat disagree,Neither agree nor disagree,Strongly disagree,Strongly disagree,Strongly disagree,Strongly disagree,Agree a little,Disagree a little,Diagree strongly,Diagree strongly,Agree strongly,Disagree moderately,Agree a little,Diagree strongly,Agree strongly,Disagree moderately,A Lot,Moderately,A Very Little,A Very Little,Exactly,Exactly,Not At All,Not At All,Exactly,Not At All,Not At All,Not At All,Exactly,Exactly,A Very Little,A Very Little
203,Pakistan,1994,Male,,CAH10-01	Engineering,4,OTHER SERVICE ACTIVITIES,I have some experience,Strongly disagree,Strongly disagree,Strongly agree,Strongly agree,Strongly agree,Somewhat agree,Strongly agree,Strongly agree,Strongly agree,Strongly agree,Strongly agree,Agree strongly,Diagree strongly,Agree strongly,Diagree strongly,Agree strongly,Disagree moderately,Agree strongly,Diagree strongly,Agree strongly,Diagree strongly,Exactly,Exactly,Exactly,Not At All,Exactly,Exactly,Exactly,Not At All,A Little,Exactly,Not At All,Not At All,Exactly,Exactly,Exactly,Not At All
204,India,1999,Male,,CAH10-01	Engineering,1,"AGRICULTURE, FORESTRY AND FISHING,EDUCATION",I have some experience,Strongly agree,Strongly agree,Somewhat agree,Somewhat agree,Somewhat agree,Strongly agree,Somewhat agree,Somewhat agree,Strongly agree,Somewhat agree,Strongly agree,Agree moderately,Neither agree nor disagree,Agree a little,Disagree a little,Agree moderately,Agree a little,Disagree a little,Disagree a little,Agree moderately,Disagree moderately,A Lot,Exactly,A Lot,A Very Little,A Lot,Exactly,A Lot,A Very Little,A Lot,Moderately,Not At All,Not At All,Exactly,Exactly,Exactly,A Very Little
205,Myanmar,2001,Female,,CAH17-01	Business and management,2,"FINANCIAL AND INSURANCE ACTIVITIES,ADMINISTRATIVE AND SUPPORT SERVICE ACTIVITIES",I have extensive experience of teamworking,Somewhat agree,Somewhat agree,Somewhat agree,Somewhat agree,Somewhat agree,Somewhat disagree,Somewhat agree,Somewhat agree,Somewhat agree,Somewhat disagree,Somewhat agree,Disagree a little,Agree moderately,Agree a little,Agree moderately,Agree moderately,Disagree a little,Agree a little,Agree a little,Disagree moderately,Neither agree nor disagree,Enough,Moderately,Exactly,A Little,A Little,Moderately,A Lot,A Little,A Little,Moderately,A Lot,A Very Little,Moderately,A Little,A Lot,A Little
206,Turkey,1999,Female,,CAH10-01	Engineering,1,"CONSTRUCTION,WHOLESALE AND RETAIL TRADE; REPAIR OF MOTOR VEHICLES AND MOTORCYCLES",I have extensive experience of teamworking,Strongly agree,Strongly agree,Strongly disagree,Somewhat agree,Somewhat agree,Somewhat agree,Strongly agree,Somewhat agree,Strongly agree,Somewhat agree,Strongly agree,Agree moderately,Agree moderately,Agree strongly,Neither agree nor disagree,Agree moderately,Disagree a little,Agree moderately,Diagree strongly,Agree a little,Disagree a little,A Lot,A Lot,A Lot,Not At All,A Lot,A Lot,Enough,A Little,Enough,Enough,Moderately,Not At All,A Lot,A Lot,Moderately,A Very Little
207,Nigeria,1994,Male,,CAH15-02	Economics,3,INFORMATION AND COMMUNICATION,I have experience of teamworking and have also led teams,Strongly agree,Strongly agree,Strongly agree,Strongly agree,Strongly agree,Neither agree nor disagree,Strongly agree,Neither agree nor disagree,Neither agree nor disagree,Neither agree nor disagree,Strongly agree,Agree strongly,Disagree a little,Neither agree nor disagree,Diagree strongly,Agree strongly,Diagree strongly,Agree moderately,Disagree moderately,Agree strongly,Diagree strongly,Enough,A Lot,Exactly,Not At All,Not At All,A Lot,Exactly,Not At All,Not At All,Enough,Enough,Not At All,Enough,Enough,Exactly,Not At All
208,India,1992,Male,,CAH19-01	English studies,10,"FINANCIAL AND INSURANCE ACTIVITIES,HUMAN HEALTH AND SOCIAL WORK ACTIVITIES",I have experience of teamworking and have also led teams,Strongly agree,Strongly agree,Strongly agree,Neither agree nor disagree,Somewhat agree,Strongly agree,Strongly agree,Strongly agree,Strongly agree,Strongly agree,Strongly agree,Agree strongly,Diagree strongly,Neither agree nor disagree,Disagree moderately,Agree strongly,Diagree strongly,Agree moderately,Diagree strongly,Agree strongly,Diagree strongly,A Lot,Not At All,Exactly,Not At All,A Lot,Exactly,Exactly,A Lot,Exactly,Enough,Not At All,Not At All,A Lot,Exactly,Enough,Not At All
209,Bangladesh,1996,Female,,CAH17-01	Business and management,4,FINANCIAL AND INSURANCE ACTIVITIES,I have extensive experience of teamworking,Somewhat agree,Somewhat agree,Somewhat agree,Somewhat agree,Somewhat agree,Strongly agree,Strongly agree,Strongly agree,Strongly agree,Neither agree nor disagree,Strongly agree,Agree strongly,Diagree strongly,Agree strongly,Disagree a little,Agree strongly,Diagree strongly,Agree strongly,Diagree strongly,Agree moderately,Disagree moderately,A Lot,A Lot,A Very Little,A Very Little,A Very Little,A Lot,A Very Little,A Very Little,Moderately,A Lot,Not At All,A Very Little,Enough,Exactly,Exactly,Not At All
210,Sri Lanka,1996,Female,,CAH11-01	Computing,1,"PROFESSIONAL, SCIENTIFIC AND TECHNICAL ACTIVITIES",I have some experience,Somewhat disagree,Somewhat disagree,Somewhat disagree,Somewhat disagree,Somewhat disagree,Somewhat disagree,Somewhat disagree,Somewhat disagree,Somewhat disagree,Neither agree nor disagree,Somewhat disagree,Agree moderately,Diagree strongly,Agree moderately,Diagree strongly,Agree moderately,Neither agree nor disagree,Agree a little,Disagree moderately,Agree moderately,Disagree a little,A Little,A Little,A Little,A Little,A Little,A Little,A Little,A Little,A Little,A Little,A Little,A Little,A Little,A Little,A Little,A Little
211,Myanmar,1998,Female,,CAH11-01	Computing,1,OTHER SERVICE ACTIVITIES,I have extensive experience of teamworking,Strongly agree,Strongly agree,Somewhat agree,Somewhat agree,Strongly agree,Strongly agree,Strongly agree,Strongly agree,Strongly agree,Strongly agree,Strongly agree,Agree strongly,Diagree strongly,Agree moderately,Diagree strongly,Agree moderately,Agree a little,Agree strongly,Disagree moderately,Agree moderately,Disagree moderately,Exactly,A Lot,A Little,A Very Little,A Lot,Exactly,Exactly,Not At All,A Lot,Exactly,Not At All,Not At All,A Lot,Exactly,A Lot,Not At All
212,United States of America,2001,Male,,CAH11-01	Computing,2,"INFORMATION AND COMMUNICATION,FINANCIAL AND INSURANCE ACTIVITIES,HUMAN HEALTH AND SOCIAL WORK ACTIVITIES,OTHER SERVICE ACTIVITIES",I have experience of teamworking and have also led teams,Somewhat agree,Somewhat agree,Somewhat agree,Somewhat agree,Somewhat agree,Somewhat agree,Somewhat agree,Strongly agree,Strongly agree,Neither agree nor disagree,Strongly agree,Agree moderately,Agree a little,Agree strongly,Diagree strongly,Agree strongly,Agree moderately,Agree moderately,Disagree moderately,Agree strongly,Diagree strongly,A Lot,A Lot,Not At All,Not At All,Moderately,A Lot,Not At All,Not At All,Moderately,Exactly,Not At All,Not At All,Enough,Exactly,Enough,Not At All
