Mark_on_Task_1_out_of_25,Mark_on_Task_2_out_of_25,Mark_on_Task_3_out_of_25,Mark_on_Task_4_out_of_25,Final_mark_task_1,Final_mark_task_2,Final_mark_task_3,Final_mark_task_4,total_marks,what_is_your_year_of_birth_just_the_year,student_id,date_range,monday,tuesday,wednesday,thursday,friday,saturday,sunday,student_time_in_course,avg_time_per_user,total_items,total_logins,std_act_assignments,std_act_learning_materials,std_act_module_information_handbook,std_act_reading_list,std_act_week0,std_act_week1,no_of_times_accessed_assignments,no_of_times_accessed_learning_materials,no_of_times_accessed_module_information_handbook,no_of_times_accessed_reading_list1,no_of_times_week0,no_of_times_week1,initial_access_assignments,initial_access_learning_materials,initial_access_information_handbook,initial_access_reading_list,initial_access_week0,initial_access_week1,main_week,std_act_week2,std_act_week3,no_of_times_week2,no_of_times_week3,initial_access_week2,initial_access_week3,std_act_week4,no_of_times_accessed_reading_list,no_of_times_week4,initial_access_module_information_handbook,initial_access_week4,std_act_week5,no_of_times_accessed_assignments1,no_of_times_week5,initial_accessassignments,initial_access_module_information,initial_access_week5,std_act_week6,std_act_feedback_task_1_journal,no_of_times_week6,no_of_times_feedback_task_1_journal,initial_access_week6,initial_access_feedback_task_1_journal,std_act_week7,std_act_feedback_task_2_journal,no_of_times_week7,no_of_times_feedback_task_2_journal,initial_access_week7,initial_access_feedback_task_2_journal,std_act_week8,std_act_feedback_task_3_journal,no_of_times_week8,no_of_times_feedback_task_3_journal,initial_access_week8,initial_access_feedback_task_3_journal,std_act_week9,std_act_feedback_task_1_journal1,std_act_feedback_task_1_journal2,std_act_feedback_task_1_journal3,no_of_times_week9,initial_access_week9,std_act_week10,std_act_feedback_task_4_journal,no_of_times_week10,no_of_times_feedback_task_4_journal,initial_access_week10,initial_access_feedback_task_4_journal,student_time_in_course_total_hrs,avg_total_time
0.48,0.48,0.52, ,0.56,0.56,0.56,0.56,56,1999,1_datatwo,03/10/22 - 09/10/22,0.0,0.10833333333333334,0.0,0.0,0.02222166666666667,0.0,0.0,00:07:50,00:22:36,8,13,0.0016666666666666668,0.0022216666666666665,0.021111666666666664,0.0013883333333333332,0.0,0.0475,3.0,4,5,2.0,0,2,2022-10-04 11:12:03.997000,2022-10-04 11:11:57.874000,2022-10-04 11:11:59.852000,2022-10-07 17:27:57.359000,NA,2022-10-04 11:27:30.818000,Week 1,NA,NA,NA,NA,NA,NA,NA,NA,NA,NA,NA,NA,NA,NA,NA,NA,NA,NA,NA,NA,NA,NA,NA,NA,NA,NA,NA,NA,NA,NA,NA,NA,NA,NA,NA,NA,NA,NA,NA,NA,NA,NA,NA,NA,NA,NA,NA,470,1356
 , , , ,0.56,0.56,0.56,0.24,48,1992,2_datatwo,03/10/22 - 09/10/22,0.0,0.0,0.0,0.0,0.0,0.0,0.0,00:00:00,00:22:36,0,0,0.0,0.0,0.0,0.0,0.0,0.0,0.0,0,0,0.0,0,0,NA,NA,NA,NA,NA,NA,Week 1,NA,NA,NA,NA,NA,NA,NA,NA,NA,NA,NA,NA,NA,NA,NA,NA,NA,NA,NA,NA,NA,NA,NA,NA,NA,NA,NA,NA,NA,NA,NA,NA,NA,NA,NA,NA,NA,NA,NA,NA,NA,NA,NA,NA,NA,NA,NA,0,1356
 , , , ,0.64,0.61,0.64,0.59,62,1987,3_datatwo,03/10/22 - 09/10/22,0.0,0.0,0.0,0.0,0.0,0.0,0.0,00:00:00,00:22:36,0,0,0.0,0.0,0.0,0.0,0.0,0.0,0.0,0,0,0.0,0,0,NA,NA,NA,NA,NA,NA,Week 1,NA,NA,NA,NA,NA,NA,NA,NA,NA,NA,NA,NA,NA,NA,NA,NA,NA,NA,NA,NA,NA,NA,NA,NA,NA,NA,NA,NA,NA,NA,NA,NA,NA,NA,NA,NA,NA,NA,NA,NA,NA,NA,NA,NA,NA,NA,NA,0,1356
0.28,0.44, , ,0.68,0.68,0.52,0.64,63,1993,4_datatwo,03/10/22 - 09/10/22,0.0,0.0,0.0,0.0,0.08888833333333332,0.0,0.0,00:05:20,00:22:36,5,5,0.0,0.016111666666666666,0.010833333333333334,0.0025,0.0,0.03388833333333333,0.0,3,2,1.0,0,1,NA,2022-10-07 14:14:39.932000,2022-10-07 14:14:26.647000,2022-10-07 14:19:02.917000,NA,2022-10-07 14:17:01.123000,Week 1,NA,NA,NA,NA,NA,NA,NA,NA,NA,NA,NA,NA,NA,NA,NA,NA,NA,NA,NA,NA,NA,NA,NA,NA,NA,NA,NA,NA,NA,NA,NA,NA,NA,NA,NA,NA,NA,NA,NA,NA,NA,NA,NA,NA,NA,NA,NA,320,1356
 , , , ,0.59,0.59,0.69,0.69,64,1996,5_datatwo,03/10/22 - 09/10/22,0.0,0.0,0.0,0.0,0.0,0.0,0.0,00:00:00,00:22:36,0,0,0.0,0.0,0.0,0.0,0.0,0.0,0.0,0,0,0.0,0,0,NA,NA,NA,NA,NA,NA,Week 1,NA,NA,NA,NA,NA,NA,NA,NA,NA,NA,NA,NA,NA,NA,NA,NA,NA,NA,NA,NA,NA,NA,NA,NA,NA,NA,NA,NA,NA,NA,NA,NA,NA,NA,NA,NA,NA,NA,NA,NA,NA,NA,NA,NA,NA,NA,NA,0,1356
 , , , ,0.56,0.6,0.6,0.52,57,1996,6_datatwo,03/10/22 - 09/10/22,0.0,0.8283333333333334,0.0,0.0,0.0,0.0,0.0,00:49:42,00:22:36,4,4,0.0,0.10083333333333333,0.0011116666666666666,0.0,0.003055,0.7225,0.0,4,2,0.0,2,2,NA,2022-10-04 17:08:07.043000,2022-10-04 17:57:29.800000,NA,2022-10-04 17:14:02.700000,2022-10-04 17:14:08.941000,Week 1,NA,NA,NA,NA,NA,NA,NA,NA,NA,NA,NA,NA,NA,NA,NA,NA,NA,NA,NA,NA,NA,NA,NA,NA,NA,NA,NA,NA,NA,NA,NA,NA,NA,NA,NA,NA,NA,NA,NA,NA,NA,NA,NA,NA,NA,NA,NA,2982,1356
0.52,0.6,0.48, ,0.7,0.77,0.72,0.69,72,1993,7_datatwo,03/10/22 - 09/10/22,0.0,0.5411116666666665,0.0,0.0,0.0,0.0,0.0,00:32:28,00:22:36,2,2,0.0,0.0047216666666666665,0.0,0.0,0.0,0.0,0.0,1,0,0.0,0,0,NA,2022-10-04 21:27:35.200000,NA,NA,NA,NA,Week 1,NA,NA,NA,NA,NA,NA,NA,NA,NA,NA,NA,NA,NA,NA,NA,NA,NA,NA,NA,NA,NA,NA,NA,NA,NA,NA,NA,NA,NA,NA,NA,NA,NA,NA,NA,NA,NA,NA,NA,NA,NA,NA,NA,NA,NA,NA,NA,1948,1356
 , , , ,0.68,0.68,0.68,0.68,68,1992,8_datatwo,03/10/22 - 09/10/22,0.0,0.0,0.0,0.0,0.0,0.0,0.0,00:00:00,00:22:36,0,0,0.0,0.0,0.0,0.0,0.0,0.0,0.0,0,0,0.0,0,0,NA,NA,NA,NA,NA,NA,Week 1,NA,NA,NA,NA,NA,NA,NA,NA,NA,NA,NA,NA,NA,NA,NA,NA,NA,NA,NA,NA,NA,NA,NA,NA,NA,NA,NA,NA,NA,NA,NA,NA,NA,NA,NA,NA,NA,NA,NA,NA,NA,NA,NA,NA,NA,NA,NA,0,1356
 , , , ,0.69,0.69,0.69,0.73,70,1992,9_datatwo,03/10/22 - 09/10/22,0.0,0.6688883333333333,0.0,0.0,0.0,0.0,0.0,00:40:08,00:22:36,3,3,0.0,0.03166666666666666,0.0,0.004166666666666667,0.0,0.6263883333333333,0.0,3,0,2.0,0,5,NA,2022-10-04 11:25:41.497000,NA,NA,NA,2022-10-04 11:27:29.396000,Week 1,NA,NA,NA,NA,NA,NA,NA,NA,NA,NA,NA,NA,NA,NA,NA,NA,NA,NA,NA,NA,NA,NA,NA,NA,NA,NA,NA,NA,NA,NA,NA,NA,NA,NA,NA,NA,NA,NA,NA,NA,NA,NA,NA,NA,NA,NA,NA,2408,1356
 , , , ,0.69,0.7,0.7,0.79,72,1994,10_datatwo,03/10/22 - 09/10/22,0.0,0.0,0.0,0.0,0.0,0.0,0.0,00:00:00,00:22:36,0,0,0.0,0.0,0.0,0.0,0.0,0.0,0.0,0,0,0.0,0,0,NA,NA,NA,NA,NA,NA,Week 1,NA,NA,NA,NA,NA,NA,NA,NA,NA,NA,NA,NA,NA,NA,NA,NA,NA,NA,NA,NA,NA,NA,NA,NA,NA,NA,NA,NA,NA,NA,NA,NA,NA,NA,NA,NA,NA,NA,NA,NA,NA,NA,NA,NA,NA,NA,NA,0,1356
0.56,0.64,0.64,0.68,0.72,0.76,0.8,0.72,75,1991,11_datatwo,03/10/22 - 09/10/22,0.0,0.011666666666666665,0.0,0.0,0.08694500000000001,0.0,0.0,00:05:55,00:22:36,5,7,0.013611666666666668,0.02861,0.013333333333333334,0.0,0.0,0.027778333333333332,1.0,3,1,1.0,0,2,2022-10-07 08:56:44.218000,2022-10-04 17:15:23.079000,2022-10-07 08:57:33.709000,2022-10-07 09:01:51.233000,NA,2022-10-04 17:15:25.571000,Week 1,NA,NA,NA,NA,NA,NA,NA,NA,NA,NA,NA,NA,NA,NA,NA,NA,NA,NA,NA,NA,NA,NA,NA,NA,NA,NA,NA,NA,NA,NA,NA,NA,NA,NA,NA,NA,NA,NA,NA,NA,NA,NA,NA,NA,NA,NA,NA,355,1356
 , , , ,0.52,0.59,0.56,0.53,55,1987,12_datatwo,03/10/22 - 09/10/22,0.004166666666666667,0.0,0.0,0.0,0.0,0.0,0.0,00:00:15,00:22:36,0,0,0.0,0.0,0.0,0.0,0.0,0.0,0.0,0,0,0.0,0,0,NA,NA,NA,NA,NA,NA,Week 1,NA,NA,NA,NA,NA,NA,NA,NA,NA,NA,NA,NA,NA,NA,NA,NA,NA,NA,NA,NA,NA,NA,NA,NA,NA,NA,NA,NA,NA,NA,NA,NA,NA,NA,NA,NA,NA,NA,NA,NA,NA,NA,NA,NA,NA,NA,NA,15,1356
 ,0.48, , ,0.56,0.64,0.56,0.64,60,1995,13_datatwo,03/10/22 - 09/10/22,0.0,0.0,0.0,0.0,0.0,0.0,0.0,00:00:00,00:22:36,0,0,0.0,0.0,0.0,0.0,0.0,0.0,0.0,0,0,0.0,0,0,NA,NA,NA,NA,NA,NA,Week 1,NA,NA,NA,NA,NA,NA,NA,NA,NA,NA,NA,NA,NA,NA,NA,NA,NA,NA,NA,NA,NA,NA,NA,NA,NA,NA,NA,NA,NA,NA,NA,NA,NA,NA,NA,NA,NA,NA,NA,NA,NA,NA,NA,NA,NA,NA,NA,0,1356
 , ,0.56, ,0.68,0.72,0.68,0.64,68,1995,14_datatwo,03/10/22 - 09/10/22,0.0,0.0,0.0,0.0,0.017778333333333333,0.0,0.0,00:01:04,00:22:36,0,0,0.0,0.0,0.0,0.0,0.0,0.0,0.0,0,0,0.0,0,0,NA,NA,NA,NA,NA,NA,Week 1,NA,NA,NA,NA,NA,NA,NA,NA,NA,NA,NA,NA,NA,NA,NA,NA,NA,NA,NA,NA,NA,NA,NA,NA,NA,NA,NA,NA,NA,NA,NA,NA,NA,NA,NA,NA,NA,NA,NA,NA,NA,NA,NA,NA,NA,NA,NA,64,1356
0.48,0.56,0.56, ,0.72,0.68,0.68,0.64,68,1996,15_datatwo,03/10/22 - 09/10/22,0.0,1.4922216666666666,0.0,0.0033333333333333335,1.9586116666666666,0.0,0.0,03:27:15,00:22:36,11,24,1.6244450000000001,0.23972166666666667,0.04361,0.009445000000000002,0.050278333333333335,0.7216666666666666,2.0,16,6,2.0,1,8,2022-10-07 11:05:39.606000,2022-10-04 06:24:14.436000,2022-10-04 06:23:33.419000,2022-10-04 11:16:13.853000,2022-10-04 11:13:12.983000,2022-10-04 06:41:21.180000,Week 1,NA,NA,NA,NA,NA,NA,NA,NA,NA,NA,NA,NA,NA,NA,NA,NA,NA,NA,NA,NA,NA,NA,NA,NA,NA,NA,NA,NA,NA,NA,NA,NA,NA,NA,NA,NA,NA,NA,NA,NA,NA,NA,NA,NA,NA,NA,NA,12435,1356
0.4,0.48, , ,0.52,0.6,0.36,0.52,50,1993,16_datatwo,03/10/22 - 09/10/22,0.0,0.18305500000000002,0.45027833333333334,0.0,0.0,0.0,0.0,00:38:00,00:22:36,13,15,0.005833333333333333,0.2502783333333333,0.03833333333333333,0.09583333333333334,0.0,0.030555000000000002,2.0,6,4,6.0,0,5,2022-10-04 11:35:01.747000,2022-10-04 11:30:50.091000,2022-10-04 11:29:04.909000,2022-10-04 11:30:16.454000,NA,2022-10-04 11:30:55.200000,Week 1,NA,NA,NA,NA,NA,NA,NA,NA,NA,NA,NA,NA,NA,NA,NA,NA,NA,NA,NA,NA,NA,NA,NA,NA,NA,NA,NA,NA,NA,NA,NA,NA,NA,NA,NA,NA,NA,NA,NA,NA,NA,NA,NA,NA,NA,NA,NA,2280,1356
 ,0.4,0.56, ,0.68,0.6,0.64,0.68,65,1998,17_datatwo,03/10/22 - 09/10/22,0.0,0.0011116666666666666,0.0,0.0,0.0,0.0,0.0,00:00:04,00:22:36,2,2,0.0,0.000555,0.0,0.0,0.0,0.0,0.0,1,0,0.0,0,1,NA,2022-10-04 11:27:47.378000,NA,NA,NA,2022-10-04 11:27:49.760000,Week 1,NA,NA,NA,NA,NA,NA,NA,NA,NA,NA,NA,NA,NA,NA,NA,NA,NA,NA,NA,NA,NA,NA,NA,NA,NA,NA,NA,NA,NA,NA,NA,NA,NA,NA,NA,NA,NA,NA,NA,NA,NA,NA,NA,NA,NA,NA,NA,4,1356
 , , , ,0.6,0.6,0.52,0.6,58,1993,18_datatwo,03/10/22 - 09/10/22,0.0,0.06111166666666667,0.0,0.0,0.0,0.0,0.0,00:03:40,00:22:36,4,5,0.0,0.008333333333333333,0.003055,0.0,0.0,0.0,0.0,2,1,0.0,0,1,NA,2022-10-04 16:46:43.719000,2022-10-04 16:46:32.607000,NA,NA,2022-10-04 17:15:23.451000,Week 1,NA,NA,NA,NA,NA,NA,NA,NA,NA,NA,NA,NA,NA,NA,NA,NA,NA,NA,NA,NA,NA,NA,NA,NA,NA,NA,NA,NA,NA,NA,NA,NA,NA,NA,NA,NA,NA,NA,NA,NA,NA,NA,NA,NA,NA,NA,NA,220,1356
 , , , ,0.6,0.64,0.6,0.68,63,1997,19_datatwo,03/10/22 - 09/10/22,0.0,0.680555,0.0,0.0,0.0,0.0,0.0,00:40:50,00:22:36,4,5,0.0,0.0025,0.09777833333333333,0.001945,0.0,0.5711116666666667,0.0,2,2,1.0,0,3,NA,2022-10-04 11:30:43.736000,2022-10-04 11:17:05.207000,2022-10-04 11:30:59.577000,NA,2022-10-04 11:30:51.050000,Week 1,NA,NA,NA,NA,NA,NA,NA,NA,NA,NA,NA,NA,NA,NA,NA,NA,NA,NA,NA,NA,NA,NA,NA,NA,NA,NA,NA,NA,NA,NA,NA,NA,NA,NA,NA,NA,NA,NA,NA,NA,NA,NA,NA,NA,NA,NA,NA,2450,1356
0.56,0.4,0.52,0.24,0.72,0.64,0.6,0.6,64,1997,20_datatwo,03/10/22 - 09/10/22,0.0,0.0,0.0,0.0,0.0,0.0,0.0,00:00:00,00:22:36,0,0,0.0,0.0,0.0,0.0,0.0,0.0,0.0,0,0,0.0,0,0,NA,NA,NA,NA,NA,NA,Week 1,NA,NA,NA,NA,NA,NA,NA,NA,NA,NA,NA,NA,NA,NA,NA,NA,NA,NA,NA,NA,NA,NA,NA,NA,NA,NA,NA,NA,NA,NA,NA,NA,NA,NA,NA,NA,NA,NA,NA,NA,NA,NA,NA,NA,NA,NA,NA,0,1356
0.48,0.52,0.56,0.24,0.52,0.52,0.56,0.48,52,1995,21_datatwo,03/10/22 - 09/10/22,0.0,0.01972166666666667,0.0,0.0,0.0,0.0,0.0,00:01:11,00:22:36,2,2,0.0,0.016666666666666666,0.0,0.0,0.0,0.0,0.0,1,0,0.0,1,0,NA,2022-10-04 16:34:21.012000,NA,NA,2022-10-04 16:35:20.905000,NA,Week 1,NA,NA,NA,NA,NA,NA,NA,NA,NA,NA,NA,NA,NA,NA,NA,NA,NA,NA,NA,NA,NA,NA,NA,NA,NA,NA,NA,NA,NA,NA,NA,NA,NA,NA,NA,NA,NA,NA,NA,NA,NA,NA,NA,NA,NA,NA,NA,71,1356
 , , , ,0.48,0.48,0.32,0.4,42,1996,22_datatwo,03/10/22 - 09/10/22,0.0,0.1,0.05277833333333334,0.12333333333333334,0.0,0.035555,0.0,00:18:42,00:22:36,8,18,0.025555,0.014166666666666666,0.04,0.011666666666666665,0.07444500000000001,0.043054999999999996,7.0,6,6,1.0,1,4,2022-10-05 19:35:05.314000,2022-10-04 17:16:29.650000,2022-10-05 19:35:38.896000,2022-10-08 14:39:39.089000,2022-10-06 12:39:59.099000,2022-10-04 17:16:43.538000,Week 1,NA,NA,NA,NA,NA,NA,NA,NA,NA,NA,NA,NA,NA,NA,NA,NA,NA,NA,NA,NA,NA,NA,NA,NA,NA,NA,NA,NA,NA,NA,NA,NA,NA,NA,NA,NA,NA,NA,NA,NA,NA,NA,NA,NA,NA,NA,NA,1122,1356
0.36,0.32, , ,0.52,0.6,0.52,0.52,54,1987,23_datatwo,03/10/22 - 09/10/22,0.0,0.0,0.0,0.0,0.0,0.0,0.0,00:00:00,00:22:36,0,0,0.0,0.0,0.0,0.0,0.0,0.0,0.0,0,0,0.0,0,0,NA,NA,NA,NA,NA,NA,Week 1,NA,NA,NA,NA,NA,NA,NA,NA,NA,NA,NA,NA,NA,NA,NA,NA,NA,NA,NA,NA,NA,NA,NA,NA,NA,NA,NA,NA,NA,NA,NA,NA,NA,NA,NA,NA,NA,NA,NA,NA,NA,NA,NA,NA,NA,NA,NA,0,1356
 , , , ,0.52,0.4,0.4,0.52,46,2000,24_datatwo,03/10/22 - 09/10/22,0.0,1.5102766666666667,0.0,0.0,0.0,0.0,0.0,01:30:37,00:22:36,5,5,0.0,0.005833333333333333,0.0,0.0033333333333333335,0.0,1.4875,0.0,5,1,3.0,0,6,NA,2022-10-04 11:29:19.888000,2022-10-04 11:16:42.447000,2022-10-04 11:30:31.970000,NA,2022-10-04 11:29:23.871000,Week 1,NA,NA,NA,NA,NA,NA,NA,NA,NA,NA,NA,NA,NA,NA,NA,NA,NA,NA,NA,NA,NA,NA,NA,NA,NA,NA,NA,NA,NA,NA,NA,NA,NA,NA,NA,NA,NA,NA,NA,NA,NA,NA,NA,NA,NA,NA,NA,5437,1356
 , , , ,0.68,0.68,0.6,0.6,64,1994,25_datatwo,03/10/22 - 09/10/22,0.0,0.0,0.0,0.0,0.0,0.0,0.0,00:00:00,00:22:36,0,0,0.0,0.0,0.0,0.0,0.0,0.0,0.0,0,0,0.0,0,0,NA,NA,NA,NA,NA,NA,Week 1,NA,NA,NA,NA,NA,NA,NA,NA,NA,NA,NA,NA,NA,NA,NA,NA,NA,NA,NA,NA,NA,NA,NA,NA,NA,NA,NA,NA,NA,NA,NA,NA,NA,NA,NA,NA,NA,NA,NA,NA,NA,NA,NA,NA,NA,NA,NA,0,1356
 , , , ,0.64,0.6,0.52,0.52,57,1995,26_datatwo,03/10/22 - 09/10/22,0.0,0.056945,0.0,0.0,0.0,0.0,0.0,00:03:25,00:22:36,3,3,0.0,0.017778333333333333,0.0,0.0,0.035555,0.0,0.0,2,0,0.0,1,1,NA,2022-10-04 11:24:23.471000,NA,NA,2022-10-04 11:25:23.944000,2022-10-04 11:27:35.085000,Week 1,NA,NA,NA,NA,NA,NA,NA,NA,NA,NA,NA,NA,NA,NA,NA,NA,NA,NA,NA,NA,NA,NA,NA,NA,NA,NA,NA,NA,NA,NA,NA,NA,NA,NA,NA,NA,NA,NA,NA,NA,NA,NA,NA,NA,NA,NA,NA,205,1356
 , , , ,0.68,0.68,0.64,0.68,67,1995,27_datatwo,03/10/22 - 09/10/22,0.0,0.290555,0.0,0.0,0.0,0.0,0.0,00:17:26,00:22:36,5,5,0.0,0.005,0.09111166666666667,0.009166666666666667,0.0022216666666666665,0.16999999999999998,0.0,4,1,2.0,1,5,NA,2022-10-04 11:30:42.810000,2022-10-04 11:25:14.468000,2022-10-04 11:30:58.653000,2022-10-04 11:30:45.507000,2022-10-04 11:30:55.205000,Week 1,NA,NA,NA,NA,NA,NA,NA,NA,NA,NA,NA,NA,NA,NA,NA,NA,NA,NA,NA,NA,NA,NA,NA,NA,NA,NA,NA,NA,NA,NA,NA,NA,NA,NA,NA,NA,NA,NA,NA,NA,NA,NA,NA,NA,NA,NA,NA,1046,1356
 ,0.4,0.52,0.52,0.76,0.68,0.68,0.68,70,1991,28_datatwo,03/10/22 - 09/10/22,0.21694499999999997,0.0,0.0,0.0,0.0,0.0,0.0,00:13:01,00:22:36,5,5,0.0,0.001945,0.010833333333333334,0.009166666666666667,0.0,0.17361166666666664,0.0,2,1,2.0,0,3,NA,2022-10-03 18:56:35.237000,2022-10-03 18:55:56.004000,2022-10-03 18:59:52.224000,NA,2022-10-03 18:57:58.051000,Week 1,NA,NA,NA,NA,NA,NA,NA,NA,NA,NA,NA,NA,NA,NA,NA,NA,NA,NA,NA,NA,NA,NA,NA,NA,NA,NA,NA,NA,NA,NA,NA,NA,NA,NA,NA,NA,NA,NA,NA,NA,NA,NA,NA,NA,NA,NA,NA,781,1356
 , , , ,0.68,0.68,0.76,0.68,70,1981,29_datatwo,03/10/22 - 09/10/22,0.0,0.03222333333333333,0.0,0.0,0.0,0.0,0.0,00:01:56,00:22:36,5,6,0.0,0.0013883333333333332,0.021388333333333336,0.006111666666666666,0.0,0.0,0.0,2,2,1.0,0,1,NA,2022-10-04 16:45:59.609000,2022-10-04 16:44:18.770000,2022-10-04 16:44:52.301000,NA,2022-10-04 17:14:17.624000,Week 1,NA,NA,NA,NA,NA,NA,NA,NA,NA,NA,NA,NA,NA,NA,NA,NA,NA,NA,NA,NA,NA,NA,NA,NA,NA,NA,NA,NA,NA,NA,NA,NA,NA,NA,NA,NA,NA,NA,NA,NA,NA,NA,NA,NA,NA,NA,NA,116,1356
0.4, , , ,0.68,0.64,0.64,0.68,66,1981,30_datatwo,03/10/22 - 09/10/22,0.0,0.0,0.0,0.0,0.0,0.0,0.22361166666666665,00:13:25,00:22:36,6,6,0.0,0.0013883333333333332,0.026111666666666665,0.0,0.0,0.0,0.0,1,2,0.0,0,1,NA,2022-10-09 22:41:52.198000,2022-10-09 22:28:05.919000,NA,NA,2022-10-09 22:41:57.444000,Week 1,NA,NA,NA,NA,NA,NA,NA,NA,NA,NA,NA,NA,NA,NA,NA,NA,NA,NA,NA,NA,NA,NA,NA,NA,NA,NA,NA,NA,NA,NA,NA,NA,NA,NA,NA,NA,NA,NA,NA,NA,NA,NA,NA,NA,NA,NA,NA,805,1356
0.56,0.44,0.48, ,0.6,0.6,0.56,0.52,57,1992,31_datatwo,03/10/22 - 09/10/22,0.0,0.005833333333333333,0.0,0.0,0.0,0.0,0.0,00:00:21,00:22:36,3,3,0.0,0.0022216666666666665,0.0,0.0,0.0,0.0,0.0,2,0,0.0,0,1,NA,2022-10-04 17:16:37.084000,NA,NA,NA,2022-10-04 17:16:53.721000,Week 1,NA,NA,NA,NA,NA,NA,NA,NA,NA,NA,NA,NA,NA,NA,NA,NA,NA,NA,NA,NA,NA,NA,NA,NA,NA,NA,NA,NA,NA,NA,NA,NA,NA,NA,NA,NA,NA,NA,NA,NA,NA,NA,NA,NA,NA,NA,NA,21,1356
 , , , ,0.6,0.6,0.56,0.64,60,1994,32_datatwo,03/10/22 - 09/10/22,0.0,0.0,0.0,0.0,0.0,0.0,0.0,00:00:00,00:22:36,0,0,0.0,0.0,0.0,0.0,0.0,0.0,0.0,0,0,0.0,0,0,NA,NA,NA,NA,NA,NA,Week 1,NA,NA,NA,NA,NA,NA,NA,NA,NA,NA,NA,NA,NA,NA,NA,NA,NA,NA,NA,NA,NA,NA,NA,NA,NA,NA,NA,NA,NA,NA,NA,NA,NA,NA,NA,NA,NA,NA,NA,NA,NA,NA,NA,NA,NA,NA,NA,0,1356
 , , , ,0.42,0.52,0.56,0.54,51,1989,33_datatwo,03/10/22 - 09/10/22,0.0,0.0,0.0,0.0,0.0,0.0,0.0,00:00:00,00:22:36,0,0,0.0,0.0,0.0,0.0,0.0,0.0,0.0,0,0,0.0,0,0,NA,NA,NA,NA,NA,NA,Week 1,NA,NA,NA,NA,NA,NA,NA,NA,NA,NA,NA,NA,NA,NA,NA,NA,NA,NA,NA,NA,NA,NA,NA,NA,NA,NA,NA,NA,NA,NA,NA,NA,NA,NA,NA,NA,NA,NA,NA,NA,NA,NA,NA,NA,NA,NA,NA,0,1356
 , , , ,0.64,0.6,0.68,0.68,65,1991,34_datatwo,03/10/22 - 09/10/22,0.0,0.28027833333333335,0.5083333333333333,0.0,0.0,0.0,0.0,00:47:19,00:22:36,8,11,0.0016666666666666668,0.08916666666666666,0.043054999999999996,0.0022216666666666665,0.0047216666666666665,0.5436099999999999,1.0,14,3,1.0,2,10,2022-10-05 10:56:47.910000,2022-10-04 12:47:02.802000,2022-10-05 10:55:52.171000,2022-10-05 10:56:40.321000,2022-10-04 12:47:06.919000,2022-10-04 12:47:06.919000,Week 1,NA,NA,NA,NA,NA,NA,NA,NA,NA,NA,NA,NA,NA,NA,NA,NA,NA,NA,NA,NA,NA,NA,NA,NA,NA,NA,NA,NA,NA,NA,NA,NA,NA,NA,NA,NA,NA,NA,NA,NA,NA,NA,NA,NA,NA,NA,NA,2839,1356
0.36,0.28, , ,0.52,0.52,0.52,0.52,52,1981,35_datatwo,03/10/22 - 09/10/22,0.0,0.0,0.0,0.0,0.0,0.0,0.0,00:00:00,00:22:36,0,0,0.0,0.0,0.0,0.0,0.0,0.0,0.0,0,0,0.0,0,0,NA,NA,NA,NA,NA,NA,Week 1,NA,NA,NA,NA,NA,NA,NA,NA,NA,NA,NA,NA,NA,NA,NA,NA,NA,NA,NA,NA,NA,NA,NA,NA,NA,NA,NA,NA,NA,NA,NA,NA,NA,NA,NA,NA,NA,NA,NA,NA,NA,NA,NA,NA,NA,NA,NA,0,1356
 , , , ,0.52,0.52,0.52,0.56,53,1994,36_datatwo,03/10/22 - 09/10/22,0.001945,0.14250000000000002,0.0,0.0,0.0,0.0,0.0,00:08:40,00:22:36,5,6,0.009721666666666665,0.0016666666666666668,0.020555,0.0027783333333333336,0.0,0.10361166666666667,1.0,2,3,1.0,0,3,2022-10-04 11:23:15.948000,2022-10-04 11:23:51.798000,2022-10-04 11:11:42.989000,2022-10-04 11:30:11.565000,NA,2022-10-04 11:23:57.282000,Week 1,NA,NA,NA,NA,NA,NA,NA,NA,NA,NA,NA,NA,NA,NA,NA,NA,NA,NA,NA,NA,NA,NA,NA,NA,NA,NA,NA,NA,NA,NA,NA,NA,NA,NA,NA,NA,NA,NA,NA,NA,NA,NA,NA,NA,NA,NA,NA,520,1356
0.48,0.64, , ,0.52,0.64,0.32,0.56,51,1986,37_datatwo,03/10/22 - 09/10/22,0.0,0.0,0.0,0.0,0.0,0.0,0.0,00:00:00,00:22:36,0,0,0.0,0.0,0.0,0.0,0.0,0.0,0.0,0,0,0.0,0,0,NA,NA,NA,NA,NA,NA,Week 1,NA,NA,NA,NA,NA,NA,NA,NA,NA,NA,NA,NA,NA,NA,NA,NA,NA,NA,NA,NA,NA,NA,NA,NA,NA,NA,NA,NA,NA,NA,NA,NA,NA,NA,NA,NA,NA,NA,NA,NA,NA,NA,NA,NA,NA,NA,NA,0,1356
 , , , ,0.44,0.52,0.4,0.52,47,1992,38_datatwo,03/10/22 - 09/10/22,0.0,0.7233316666666667,0.11138833333333334,0.0,0.0,0.0,0.0,00:50:04,00:22:36,10,23,0.005,0.06111166666666667,0.08861,0.019166666666666665,0.013055,0.5427783333333333,2.0,7,6,4.0,1,10,2022-10-04 11:16:33.924000,2022-10-04 11:16:37.627000,2022-10-04 11:16:38.453000,2022-10-04 11:16:36.478000,2022-10-04 23:15:20.577000,2022-10-04 11:27:29.611000,Week 1,NA,NA,NA,NA,NA,NA,NA,NA,NA,NA,NA,NA,NA,NA,NA,NA,NA,NA,NA,NA,NA,NA,NA,NA,NA,NA,NA,NA,NA,NA,NA,NA,NA,NA,NA,NA,NA,NA,NA,NA,NA,NA,NA,NA,NA,NA,NA,3004,1356
 , , , ,0.52,0.6,0.52,0.52,54,1992,39_datatwo,03/10/22 - 09/10/22,0.0,0.2783333333333333,0.0,0.0,0.0,0.0,0.0,00:16:42,00:22:36,4,5,0.0,0.060000000000000005,0.0033333333333333335,0.0022216666666666665,0.0,0.2,0.0,1,2,2.0,0,3,NA,2022-10-04 11:26:08.811000,2022-10-04 11:17:16.059000,2022-10-04 11:31:10.420000,NA,2022-10-04 11:29:45.292000,Week 1,NA,NA,NA,NA,NA,NA,NA,NA,NA,NA,NA,NA,NA,NA,NA,NA,NA,NA,NA,NA,NA,NA,NA,NA,NA,NA,NA,NA,NA,NA,NA,NA,NA,NA,NA,NA,NA,NA,NA,NA,NA,NA,NA,NA,NA,NA,NA,1002,1356
0.52,0.52,0.48, ,0.56,0.56,0.6,0.56,57,1996,40_datatwo,03/10/22 - 09/10/22,0.0,0.6663883333333334,0.0,0.0,0.0,0.0,0.0,00:39:59,00:22:36,6,6,0.0,0.1752783333333333,0.0,0.0022216666666666665,0.0016666666666666668,0.23083333333333333,0.0,5,1,1.0,1,3,NA,2022-10-04 11:24:27.094000,2022-10-04 11:10:21.844000,2022-10-04 11:30:24.047000,2022-10-04 11:28:28.349000,2022-10-04 11:28:36.288000,Week 1,NA,NA,NA,NA,NA,NA,NA,NA,NA,NA,NA,NA,NA,NA,NA,NA,NA,NA,NA,NA,NA,NA,NA,NA,NA,NA,NA,NA,NA,NA,NA,NA,NA,NA,NA,NA,NA,NA,NA,NA,NA,NA,NA,NA,NA,NA,NA,2399,1356
 , , , ,0.56,0.52,0.4,0.6,52,1997,41_datatwo,03/10/22 - 09/10/22,0.0,0.10611166666666666,0.0,0.0,0.0,0.0,0.0,00:06:22,00:22:36,4,5,0.0,0.0022216666666666665,0.0025,0.0,0.09888833333333333,0.0,0.0,2,2,0.0,1,1,NA,2022-10-04 11:21:55.814000,2022-10-04 11:10:10.620000,NA,2022-10-04 11:22:01.803000,2022-10-04 11:28:00.186000,Week 1,NA,NA,NA,NA,NA,NA,NA,NA,NA,NA,NA,NA,NA,NA,NA,NA,NA,NA,NA,NA,NA,NA,NA,NA,NA,NA,NA,NA,NA,NA,NA,NA,NA,NA,NA,NA,NA,NA,NA,NA,NA,NA,NA,NA,NA,NA,NA,382,1356
0.28,0.4,0.4,0.36,0.52,0.56,0.52,0.56,54,1996,42_datatwo,03/10/22 - 09/10/22,0.0,0.645555,0.0,0.0,0.0,0.0,0.0,00:38:44,00:22:36,4,6,0.0,0.06166666666666667,0.000555,0.0022216666666666665,0.0,0.5791666666666667,0.0,3,1,1.0,0,4,NA,2022-10-04 11:26:45.816000,2022-10-04 12:29:14.569000,2022-10-04 11:30:25.853000,NA,2022-10-04 11:30:22.598000,Week 1,NA,NA,NA,NA,NA,NA,NA,NA,NA,NA,NA,NA,NA,NA,NA,NA,NA,NA,NA,NA,NA,NA,NA,NA,NA,NA,NA,NA,NA,NA,NA,NA,NA,NA,NA,NA,NA,NA,NA,NA,NA,NA,NA,NA,NA,NA,NA,2324,1356
 ,0.44,0.44, ,0.52,0.56,0.52,0.6,55,1991,43_datatwo,03/10/22 - 09/10/22,0.0,0.0,0.0,0.0,0.09027833333333334,0.0,0.0,00:05:25,00:22:36,5,5,0.0,0.008888333333333333,0.0027783333333333336,0.0,0.021111666666666664,0.04777833333333334,0.0,3,1,0.0,1,1,NA,2022-10-07 13:04:07.869000,2022-10-07 13:03:58.045000,NA,2022-10-07 13:04:26.699000,2022-10-07 13:06:01.761000,Week 1,NA,NA,NA,NA,NA,NA,NA,NA,NA,NA,NA,NA,NA,NA,NA,NA,NA,NA,NA,NA,NA,NA,NA,NA,NA,NA,NA,NA,NA,NA,NA,NA,NA,NA,NA,NA,NA,NA,NA,NA,NA,NA,NA,NA,NA,NA,NA,325,1356
0.56,0.68,0.72,0.72,0.72,0.76,0.8,0.8,77,1986,44_datatwo,03/10/22 - 09/10/22,0.1361116666666667,0.0,0.0,0.0,0.02333333333333333,0.0,5.057778333333333,05:13:02,00:22:36,7,12,0.0013883333333333332,0.11583333333333333,0.0052766666666666665,0.016944999999999998,0.0,4.683333333333334,1.0,7,3,2.0,0,4,2022-10-07 22:18:58.490000,2022-10-03 16:57:39.824000,2022-10-03 16:59:07.034000,2022-10-07 22:17:57.550000,NA,2022-10-03 16:57:43.697000,Week 1,NA,NA,NA,NA,NA,NA,NA,NA,NA,NA,NA,NA,NA,NA,NA,NA,NA,NA,NA,NA,NA,NA,NA,NA,NA,NA,NA,NA,NA,NA,NA,NA,NA,NA,NA,NA,NA,NA,NA,NA,NA,NA,NA,NA,NA,NA,NA,18782,1356
0.44,0.56,0.48, ,0.56,0.64,0.68,0.6,62,1989,45_datatwo,03/10/22 - 09/10/22,0.0,0.855,0.0,0.0,0.0,0.0,0.0,00:51:18,00:22:36,6,7,0.0011116666666666666,0.016666666666666666,0.076945,0.000555,0.0,0.7527783333333333,2.0,2,3,1.0,0,4,2022-10-04 11:24:38.105000,2022-10-04 11:27:34.332000,2022-10-04 11:14:02.429000,2022-10-04 11:27:32.051000,NA,2022-10-04 11:28:32.659000,Week 1,NA,NA,NA,NA,NA,NA,NA,NA,NA,NA,NA,NA,NA,NA,NA,NA,NA,NA,NA,NA,NA,NA,NA,NA,NA,NA,NA,NA,NA,NA,NA,NA,NA,NA,NA,NA,NA,NA,NA,NA,NA,NA,NA,NA,NA,NA,NA,3078,1356
0.36,0.4,NA,0.68,0.8,0.72,0.72,0.68,73,1992,46_datatwo,30/01/23 - 05/02/23,0.0,1.1977783333333334,0.10166666666666666,0.0,0.0,0.0,0.031111666666666666,01:19:50,01:20:23,9,20,0.000555,0.14527666666666667,0.34638833333333335,0.000555,0.31222333333333335,0.38277833333333333,1.0,8,6,2.0,3,3,2023-01-31 13:24:14.802000,2023-01-31 12:56:40.050000,2023-01-31 12:36:48.059000,2023-01-31 13:24:13.238000,2023-01-31 13:08:12.897000,2023-01-31 13:24:37.460000,Week 1,NA,NA,NA,NA,NA,NA,NA,NA,NA,NA,NA,NA,NA,NA,NA,NA,NA,NA,NA,NA,NA,NA,NA,NA,NA,NA,NA,NA,NA,NA,NA,NA,NA,NA,NA,NA,NA,NA,NA,NA,NA,NA,NA,NA,NA,NA,NA,4790,4823
0.52,0.6,0.52,0.72,0.64,0.68,0.68,0.8,70,1999,47_datatwo,30/01/23 - 05/02/23,0.06666666666666667,1.2086116666666666,0.0,0.0,2.903888333333333,0.0,0.0,04:10:45,01:20:23,10,21,0.0036116666666666667,0.2791666666666667,0.36916666666666664,0.014721666666666666,0.36583333333333334,1.775555,2.0,12,3,6.0,5,2,2023-01-30 00:23:28.148000,2023-01-30 00:23:58.741000,2023-01-30 00:22:34.028000,2023-01-30 23:10:33.270000,2023-01-30 00:24:45.852000,2023-01-31 13:24:34.722000,Week 1,NA,NA,NA,NA,NA,NA,NA,NA,NA,NA,NA,NA,NA,NA,NA,NA,NA,NA,NA,NA,NA,NA,NA,NA,NA,NA,NA,NA,NA,NA,NA,NA,NA,NA,NA,NA,NA,NA,NA,NA,NA,NA,NA,NA,NA,NA,NA,15045,4823
0.48,0.6,0.48,0.52,0.64,0.64,0.56,0.56,60,1989,48_datatwo,30/01/23 - 05/02/23,0.0,2.0238883333333333,0.0,0.0,0.0,0.0,0.06833333333333333,02:05:32,01:20:23,12,21,0.018333333333333333,0.33305666666666667,0.7583333333333333,0.000555,0.314445,0.09916666666666667,1.0,11,7,1.0,3,5,2023-01-31 10:24:25.612000,2023-01-31 10:10:58.336000,2023-01-31 10:03:31.648000,2023-01-31 10:03:56.814000,2023-01-31 10:21:33.122000,2023-01-31 13:24:18.112000,Week 1,NA,NA,NA,NA,NA,NA,NA,NA,NA,NA,NA,NA,NA,NA,NA,NA,NA,NA,NA,NA,NA,NA,NA,NA,NA,NA,NA,NA,NA,NA,NA,NA,NA,NA,NA,NA,NA,NA,NA,NA,NA,NA,NA,NA,NA,NA,NA,7532,4823
NA,NA,NA,NA,0.56,0.64,0.56,0.64,60,1995,49_datatwo,30/01/23 - 05/02/23,0.0,0.0,0.0,0.0,0.0,0.0,0.0,00:00:00,01:20:23,0,0,0.0,0.0,0.0,0.0,0.0,0.0,0.0,0,0,0.0,0,0,NA,NA,NA,NA,NA,NA,Week 1,NA,NA,NA,NA,NA,NA,NA,NA,NA,NA,NA,NA,NA,NA,NA,NA,NA,NA,NA,NA,NA,NA,NA,NA,NA,NA,NA,NA,NA,NA,NA,NA,NA,NA,NA,NA,NA,NA,NA,NA,NA,NA,NA,NA,NA,NA,NA,0,4823
0.48,0.4,NA,0.4,0.72,0.76,0.68,0.72,72,1988,50_datatwo,30/01/23 - 05/02/23,0.0,1.3372216666666668,0.0,0.0,0.0,0.0,0.025278333333333333,01:21:45,01:20:23,8,13,0.0,0.15916666666666668,0.34750000000000003,0.0011116666666666666,0.3527766666666667,0.17083333333333334,0.0,8,5,1.0,3,4,NA,2023-01-31 12:56:51.173000,2023-01-31 12:36:03.206000,2023-01-31 15:10:41.179000,2023-01-31 12:59:23.521000,2023-01-31 13:25:12.879000,Week 1,NA,NA,NA,NA,NA,NA,NA,NA,NA,NA,NA,NA,NA,NA,NA,NA,NA,NA,NA,NA,NA,NA,NA,NA,NA,NA,NA,NA,NA,NA,NA,NA,NA,NA,NA,NA,NA,NA,NA,NA,NA,NA,NA,NA,NA,NA,NA,4905,4823
0.56,0.68,0.72,0.76,0.72,0.76,0.72,0.8,75,1994,51_datatwo,30/01/23 - 05/02/23,0.0,1.6013883333333332,0.0,0.0,1.9338883333333332,0.0,0.0,03:32:07,01:20:23,14,20,0.0016666666666666668,0.6950000000000001,0.34750000000000003,0.3922216666666667,0.5549999999999999,0.8116666666666668,1.0,13,4,2.0,4,6,2023-02-03 21:38:13.926000,2023-01-31 12:10:42.061000,2023-01-31 12:35:48.143000,2023-02-03 21:10:17.268000,2023-01-31 13:08:24.821000,2023-01-31 13:23:53.538000,Week 1,NA,NA,NA,NA,NA,NA,NA,NA,NA,NA,NA,NA,NA,NA,NA,NA,NA,NA,NA,NA,NA,NA,NA,NA,NA,NA,NA,NA,NA,NA,NA,NA,NA,NA,NA,NA,NA,NA,NA,NA,NA,NA,NA,NA,NA,NA,NA,12727,4823
0.44,0.4,NA,NA,0.64,0.52,0.56,0.64,60,1997,52_datatwo,30/01/23 - 05/02/23,0.0,1.5775000000000001,0.0,0.0,0.0,0.0,0.012221666666666665,01:35:23,01:20:23,9,12,0.0,0.008333333333333333,0.373055,0.38166666666666665,0.23611166666666664,0.17861166666666667,1.0,9,4,4.0,1,2,2023-01-31 13:09:13.553000,2023-01-31 13:05:28.620000,2023-01-31 12:35:55.120000,2023-01-31 12:13:19.007000,2023-01-31 13:09:47.561000,2023-01-31 13:23:59.015000,Week 1,NA,NA,NA,NA,NA,NA,NA,NA,NA,NA,NA,NA,NA,NA,NA,NA,NA,NA,NA,NA,NA,NA,NA,NA,NA,NA,NA,NA,NA,NA,NA,NA,NA,NA,NA,NA,NA,NA,NA,NA,NA,NA,NA,NA,NA,NA,NA,5723,4823
0.36,NA,NA,0.76,0.68,0.68,0.68,0.76,70,1991,53_datatwo,30/01/23 - 05/02/23,0.0,1.1838883333333332,0.0,0.0,0.0,0.0,0.0,01:11:02,01:20:23,6,6,0.0,0.17055500000000004,0.3458333333333333,0.0,0.36111166666666666,0.005833333333333333,0.0,5,2,0.0,1,1,NA,2023-01-31 12:56:33.018000,2023-01-31 12:35:50.048000,NA,2023-01-31 13:07:30.088000,2023-01-31 13:29:12.185000,Week 1,NA,NA,NA,NA,NA,NA,NA,NA,NA,NA,NA,NA,NA,NA,NA,NA,NA,NA,NA,NA,NA,NA,NA,NA,NA,NA,NA,NA,NA,NA,NA,NA,NA,NA,NA,NA,NA,NA,NA,NA,NA,NA,NA,NA,NA,NA,NA,4262,4823
0.52,NA,0.52,0.52,0.6,0.68,0.56,0.56,60,1992,54_datatwo,30/01/23 - 05/02/23,0.0,1.2772216666666665,0.0,0.0,0.0,0.0,0.0,01:16:38,01:20:23,6,6,0.0,0.04777833333333334,0.3477783333333333,0.0,0.26833333333333337,0.05888833333333333,0.0,4,1,0.0,1,1,NA,2023-01-31 12:57:03.865000,2023-01-31 12:35:54.807000,NA,2023-01-31 13:09:53.106000,2023-01-31 13:26:00.551000,Week 1,NA,NA,NA,NA,NA,NA,NA,NA,NA,NA,NA,NA,NA,NA,NA,NA,NA,NA,NA,NA,NA,NA,NA,NA,NA,NA,NA,NA,NA,NA,NA,NA,NA,NA,NA,NA,NA,NA,NA,NA,NA,NA,NA,NA,NA,NA,NA,4598,4823
NA,NA,NA,NA,0.48,0.56,0.56,0.6,55,1992,55_datatwo,30/01/23 - 05/02/23,0.0,1.2391666666666665,0.0,0.0,0.0,0.0,0.0,01:14:21,01:20:23,7,7,0.0027783333333333336,0.171945,0.3472216666666667,0.0013883333333333332,0.281945,0.334445,2.0,6,1,1.0,3,1,2023-01-31 12:57:55.404000,2023-01-31 12:57:59.864000,2023-01-31 12:35:53.834000,2023-01-31 13:47:45.661000,2023-01-31 13:03:53.448000,2023-01-31 13:24:38.442000,Week 1,NA,NA,NA,NA,NA,NA,NA,NA,NA,NA,NA,NA,NA,NA,NA,NA,NA,NA,NA,NA,NA,NA,NA,NA,NA,NA,NA,NA,NA,NA,NA,NA,NA,NA,NA,NA,NA,NA,NA,NA,NA,NA,NA,NA,NA,NA,NA,4461,4823
0.56,NA,NA,NA,0.64,0.76,0.76,0.76,73,1985,56_datatwo,30/01/23 - 05/02/23,0.0,0.6652783333333333,0.0,0.0,0.0,0.0,0.16222166666666668,00:49:39,01:20:23,10,14,0.0025,0.09861,0.009445000000000002,0.0175,0.379445,0.18944333333333332,1.0,12,3,1.0,3,3,2023-01-31 13:02:04.205000,2023-01-31 12:53:54.610000,2023-01-31 12:53:24.002000,2023-01-31 12:55:25.714000,2023-01-31 13:02:19.464000,2023-01-31 13:24:56.181000,Week 1,NA,NA,NA,NA,NA,NA,NA,NA,NA,NA,NA,NA,NA,NA,NA,NA,NA,NA,NA,NA,NA,NA,NA,NA,NA,NA,NA,NA,NA,NA,NA,NA,NA,NA,NA,NA,NA,NA,NA,NA,NA,NA,NA,NA,NA,NA,NA,2979,4823
NA,NA,0.6,NA,0.68,0.68,0.72,0.8,72,1987,57_datatwo,30/01/23 - 05/02/23,0.08111166666666667,1.5194450000000002,0.0,0.0,0.0,0.0,0.5863883333333334,02:11:13,01:20:23,13,24,0.0016666666666666668,0.429445,0.7380566666666667,0.025555,0.33111,0.31,1.0,12,3,6.0,2,3,2023-01-30 14:33:41.230000,2023-01-30 14:31:39.901000,2023-01-30 14:30:03.458000,2023-01-30 14:32:29.566000,2023-01-31 13:09:37.360000,2023-01-31 13:24:07.039000,Week 1,NA,NA,NA,NA,NA,NA,NA,NA,NA,NA,NA,NA,NA,NA,NA,NA,NA,NA,NA,NA,NA,NA,NA,NA,NA,NA,NA,NA,NA,NA,NA,NA,NA,NA,NA,NA,NA,NA,NA,NA,NA,NA,NA,NA,NA,NA,NA,7873,4823
NA,NA,NA,NA,0.4,0.48,0.4,0.52,45,1998,58_datatwo,30/01/23 - 05/02/23,0.0,1.2247216666666667,0.0,0.0,0.0,0.0,0.058333333333333334,01:16:59,01:20:23,6,6,0.0,0.09583333333333334,0.33388833333333334,0.0,0.226945,0.09916666666666667,0.0,6,2,0.0,2,2,NA,2023-01-31 12:58:48.558000,2023-01-31 12:36:31.681000,NA,2023-01-31 13:11:17.131000,2023-01-31 13:24:42.587000,Week 1,NA,NA,NA,NA,NA,NA,NA,NA,NA,NA,NA,NA,NA,NA,NA,NA,NA,NA,NA,NA,NA,NA,NA,NA,NA,NA,NA,NA,NA,NA,NA,NA,NA,NA,NA,NA,NA,NA,NA,NA,NA,NA,NA,NA,NA,NA,NA,4619,4823
0.68,0.72,0.48,0.72,0.68,0.72,0.76,0.76,73,1994,59_datatwo,30/01/23 - 05/02/23,0.0,1.5425,0.007778333333333333,0.0,1.641945,0.0,0.0,03:11:32,01:20:23,11,18,0.003055,0.030555000000000002,0.3722233333333333,0.026111666666666665,0.49583333333333335,0.083055,1.0,9,3,2.0,3,1,2023-01-31 01:00:19.065000,2023-01-31 00:56:20.039000,2023-01-31 00:55:01.223000,2023-01-31 12:13:04.306000,2023-01-31 12:22:45.189000,2023-01-31 13:24:49.728000,Week 1,NA,NA,NA,NA,NA,NA,NA,NA,NA,NA,NA,NA,NA,NA,NA,NA,NA,NA,NA,NA,NA,NA,NA,NA,NA,NA,NA,NA,NA,NA,NA,NA,NA,NA,NA,NA,NA,NA,NA,NA,NA,NA,NA,NA,NA,NA,NA,11492,4823
0.56,0.7,NA,NA,0.68,0.76,0.8,0.8,76,1998,60_datatwo,30/01/23 - 05/02/23,0.0,1.7136116666666668,0.0,0.0,0.0,0.0,0.0,01:42:49,01:20:23,10,10,0.09083333333333334,0.439445,0.26555500000000004,0.0008333333333333334,0.41888833333333336,0.08499999999999999,2.0,8,6,2.0,3,1,2023-01-31 12:51:33.795000,2023-01-31 12:10:46.906000,2023-01-31 12:35:45.111000,2023-01-31 12:57:35.664000,2023-01-31 12:11:03.595000,2023-01-31 13:24:21.248000,Week 1,NA,NA,NA,NA,NA,NA,NA,NA,NA,NA,NA,NA,NA,NA,NA,NA,NA,NA,NA,NA,NA,NA,NA,NA,NA,NA,NA,NA,NA,NA,NA,NA,NA,NA,NA,NA,NA,NA,NA,NA,NA,NA,NA,NA,NA,NA,NA,6169,4823
0.6,0.4,NA,0.72,0.8,0.76,0.72,0.8,77,1994,61_datatwo,30/01/23 - 05/02/23,0.0,1.2027783333333335,0.0027783333333333336,3.95,0.0,0.0,1.0638883333333333,06:13:10,01:20:23,14,23,1.0347216666666668,0.19,0.349445,1.0511116666666667,0.764445,0.08166666666666668,3.0,17,4,4.0,8,5,2023-02-05 14:58:17.751000,2023-01-31 12:56:33.469000,2023-01-31 12:35:45.487000,2023-02-02 10:44:50.965000,2023-01-31 13:07:39.831000,2023-01-31 13:24:19.776000,Week 1,NA,NA,NA,NA,NA,NA,NA,NA,NA,NA,NA,NA,NA,NA,NA,NA,NA,NA,NA,NA,NA,NA,NA,NA,NA,NA,NA,NA,NA,NA,NA,NA,NA,NA,NA,NA,NA,NA,NA,NA,NA,NA,NA,NA,NA,NA,NA,22390,4823
NA,NA,NA,NA,0.68,0.64,0.56,0.52,60,2001,62_datatwo,30/01/23 - 05/02/23,0.0,1.1849999999999998,0.0,0.033611666666666665,0.3783333333333333,0.0,0.0,01:35:49,01:20:23,8,18,0.003055,0.18861166666666665,0.38027833333333333,0.0016666666666666668,0.3102783333333333,0.109445,2.0,13,9,2.0,3,2,2023-01-31 13:10:07.018000,2023-01-31 12:56:34.257000,2023-01-31 12:35:45.930000,2023-01-31 13:09:42.314000,2023-01-31 13:07:41.120000,2023-01-31 13:24:35.372000,Week 1,NA,NA,NA,NA,NA,NA,NA,NA,NA,NA,NA,NA,NA,NA,NA,NA,NA,NA,NA,NA,NA,NA,NA,NA,NA,NA,NA,NA,NA,NA,NA,NA,NA,NA,NA,NA,NA,NA,NA,NA,NA,NA,NA,NA,NA,NA,NA,5749,4823
0.56,0.6,0.6,0.64,0.64,0.68,0.68,0.68,67,1993,63_datatwo,30/01/23 - 05/02/23,1.6805566666666667,1.2352783333333335,0.0,0.08833333333333333,0.0,1.04,0.0,04:02:39,01:20:23,12,29,0.9197216666666667,0.2647216666666667,0.4027766666666667,0.06166666666666667,1.6255549999999999,0.060555,3.0,16,7,3.0,6,1,2023-01-31 07:45:51.945000,2023-01-30 00:28:10.365000,2023-01-30 00:28:46.859000,2023-01-30 00:28:24.237000,2023-01-30 00:33:08.948000,2023-01-31 13:25:45.109000,Week 1,NA,NA,NA,NA,NA,NA,NA,NA,NA,NA,NA,NA,NA,NA,NA,NA,NA,NA,NA,NA,NA,NA,NA,NA,NA,NA,NA,NA,NA,NA,NA,NA,NA,NA,NA,NA,NA,NA,NA,NA,NA,NA,NA,NA,NA,NA,NA,14559,4823
0.52,NA,NA,NA,0.52,0.52,0.56,0.72,58,1998,64_datatwo,30/01/23 - 05/02/23,0.0,1.6188883333333333,0.0,0.0,0.0,0.0,0.04777833333333334,01:40:00,01:20:23,9,13,0.031944999999999994,0.189445,0.368055,0.0027783333333333336,0.24361166666666667,0.09666666666666666,3.0,12,5,1.0,2,1,2023-02-05 12:20:50.261000,2023-01-31 12:13:21.894000,2023-01-31 12:12:25.080000,2023-02-05 12:22:44.814000,2023-01-31 12:58:45.106000,2023-01-31 13:23:52.531000,Week 1,NA,NA,NA,NA,NA,NA,NA,NA,NA,NA,NA,NA,NA,NA,NA,NA,NA,NA,NA,NA,NA,NA,NA,NA,NA,NA,NA,NA,NA,NA,NA,NA,NA,NA,NA,NA,NA,NA,NA,NA,NA,NA,NA,NA,NA,NA,NA,6000,4823
0.44,NA,NA,0.24,0.72,0.68,0.58,0.54,63,1982,65_datatwo,30/01/23 - 05/02/23,0.008333333333333333,2.2827783333333334,0.0,0.0,0.0,0.0,0.10166666666666666,02:23:34,01:20:23,9,12,0.0,1.1291666666666667,0.35138833333333336,0.042221666666666664,0.2527783333333333,0.38611166666666663,0.0,5,1,2.0,2,1,NA,2023-01-31 07:32:35.107000,2023-01-31 12:36:00.641000,2023-02-05 05:58:06.816000,2023-01-31 08:34:52.738000,2023-01-31 13:25:12.648000,Week 1,NA,NA,NA,NA,NA,NA,NA,NA,NA,NA,NA,NA,NA,NA,NA,NA,NA,NA,NA,NA,NA,NA,NA,NA,NA,NA,NA,NA,NA,NA,NA,NA,NA,NA,NA,NA,NA,NA,NA,NA,NA,NA,NA,NA,NA,NA,NA,8614,4823
NA,NA,NA,NA,0.58,0.58,0.58,0.58,58,1980,66_datatwo,30/01/23 - 05/02/23,0.007500000000000001,1.1944450000000002,0.0,0.0,0.0,0.0,0.0,01:12:07,01:20:23,6,7,0.0,0.17916666666666667,0.3408333333333333,0.0,0.269445,0.09666666666666666,0.0,4,2,0.0,1,1,NA,2023-01-31 12:56:34.140000,2023-01-30 22:38:32.368000,NA,2023-01-31 13:07:42.885000,2023-01-31 13:23:56.413000,Week 1,NA,NA,NA,NA,NA,NA,NA,NA,NA,NA,NA,NA,NA,NA,NA,NA,NA,NA,NA,NA,NA,NA,NA,NA,NA,NA,NA,NA,NA,NA,NA,NA,NA,NA,NA,NA,NA,NA,NA,NA,NA,NA,NA,NA,NA,NA,NA,4327,4823
NA,NA,NA,NA,0.58,0.66,0.58,0.58,60,1986,67_datatwo,30/01/23 - 05/02/23,0.3102783333333333,0.5947216666666667,0.0,0.0,0.005833333333333333,0.0,0.0,00:54:39,01:20:23,11,16,0.0,0.1925,0.06749999999999999,0.024721666666666666,0.17833333333333332,0.07472166666666666,0.0,14,5,2.0,2,2,NA,2023-01-30 23:56:05.735000,2023-01-31 00:09:07.684000,2023-01-31 13:11:27.400000,2023-01-31 13:10:03.216000,2023-01-31 13:24:53.568000,Week 1,NA,NA,NA,NA,NA,NA,NA,NA,NA,NA,NA,NA,NA,NA,NA,NA,NA,NA,NA,NA,NA,NA,NA,NA,NA,NA,NA,NA,NA,NA,NA,NA,NA,NA,NA,NA,NA,NA,NA,NA,NA,NA,NA,NA,NA,NA,NA,3279,4823
0.6,NA,NA,NA,0.6,0.64,0.56,0.64,61,1989,68_datatwo,30/01/23 - 05/02/23,0.0,1.1847216666666667,0.0,0.0,0.023055,0.0,0.0,01:12:28,01:20:23,7,10,0.0,0.17305500000000001,0.35777666666666674,0.000555,0.29111166666666666,0.07027833333333335,0.0,5,2,1.0,1,1,NA,2023-01-31 12:56:34.800000,2023-01-31 12:35:44.974000,2023-01-31 13:46:36.221000,2023-01-31 13:07:40.476000,2023-01-31 13:25:10.807000,Week 1,NA,NA,NA,NA,NA,NA,NA,NA,NA,NA,NA,NA,NA,NA,NA,NA,NA,NA,NA,NA,NA,NA,NA,NA,NA,NA,NA,NA,NA,NA,NA,NA,NA,NA,NA,NA,NA,NA,NA,NA,NA,NA,NA,NA,NA,NA,NA,4348,4823
0.68,0.6,0.6,0.48,0.68,0.6,0.64,0.72,66,1989,69_datatwo,30/01/23 - 05/02/23,0.0,1.2266666666666666,0.0,0.05583333333333333,0.0,5.718611666666666,0.0,07:00:04,01:20:23,16,30,0.0013883333333333332,0.6413883333333333,0.6363883333333333,0.009721666666666665,4.810278333333333,0.09111,1.0,14,7,3.0,5,3,2023-02-02 22:53:56.938000,2023-01-31 12:56:37.643000,2023-01-31 12:35:44.998000,2023-02-02 22:53:11.183000,2023-01-31 13:07:33.632000,2023-01-31 13:24:07.398000,Week 1,NA,NA,NA,NA,NA,NA,NA,NA,NA,NA,NA,NA,NA,NA,NA,NA,NA,NA,NA,NA,NA,NA,NA,NA,NA,NA,NA,NA,NA,NA,NA,NA,NA,NA,NA,NA,NA,NA,NA,NA,NA,NA,NA,NA,NA,NA,NA,25204,4823
0.56,0.52,NA,0.52,0.68,0.76,0.72,0.72,72,1995,70_datatwo,30/01/23 - 05/02/23,0.0,2.2530566666666667,0.0,0.0,0.0,0.0,0.0,02:15:11,01:20:23,15,20,0.17055500000000004,0.014166666666666666,0.5416666666666666,0.03277833333333333,0.3416666666666667,0.5197216666666666,2.0,12,9,3.0,6,4,2023-01-31 12:10:59.776000,2023-01-31 11:15:55.117000,2023-01-31 11:13:01.624000,2023-01-31 11:28:57.791000,2023-01-31 11:30:56.792000,2023-01-31 13:24:01.020000,Week 1,NA,NA,NA,NA,NA,NA,NA,NA,NA,NA,NA,NA,NA,NA,NA,NA,NA,NA,NA,NA,NA,NA,NA,NA,NA,NA,NA,NA,NA,NA,NA,NA,NA,NA,NA,NA,NA,NA,NA,NA,NA,NA,NA,NA,NA,NA,NA,8111,4823
0.64,NA,NA,NA,0.64,0.76,0.6,0.56,64,1990,71_datatwo,30/01/23 - 05/02/23,0.0,1.1858333333333335,0.0,0.0,0.0,0.0,0.0,01:11:09,01:20:23,6,6,0.0,0.19666666666666668,0.3491666666666667,0.0,0.24888833333333335,0.098055,0.0,9,2,0.0,1,2,NA,2023-01-31 12:56:33.862000,2023-01-31 12:35:43.961000,NA,2023-01-31 13:08:50.251000,2023-01-31 13:23:59.984000,Week 1,NA,NA,NA,NA,NA,NA,NA,NA,NA,NA,NA,NA,NA,NA,NA,NA,NA,NA,NA,NA,NA,NA,NA,NA,NA,NA,NA,NA,NA,NA,NA,NA,NA,NA,NA,NA,NA,NA,NA,NA,NA,NA,NA,NA,NA,NA,NA,4269,4823
NA,NA,NA,NA,0.68,0.68,0.48,0.64,62,1998,72_datatwo,30/01/23 - 05/02/23,0.0,1.1866666666666668,0.0,0.0,0.0,0.0,0.0,01:11:12,01:20:23,9,9,0.000555,0.17722166666666667,0.33888833333333335,0.0013883333333333332,0.26999999999999996,0.09166666666666666,1.0,10,6,3.0,2,1,2023-01-31 12:52:04.129000,2023-01-31 12:51:06.236000,2023-01-31 12:36:04.587000,2023-01-31 12:51:11.321000,2023-01-31 13:07:34.505000,2023-01-31 13:23:52.643000,Week 1,NA,NA,NA,NA,NA,NA,NA,NA,NA,NA,NA,NA,NA,NA,NA,NA,NA,NA,NA,NA,NA,NA,NA,NA,NA,NA,NA,NA,NA,NA,NA,NA,NA,NA,NA,NA,NA,NA,NA,NA,NA,NA,NA,NA,NA,NA,NA,4272,4823
NA,NA,NA,NA,0.56,0.6,0.56,0.48,55,1996,73_datatwo,30/01/23 - 05/02/23,0.0,1.2188883333333331,0.0,0.0,0.0,0.0,0.0,01:13:08,01:20:23,9,9,0.0011116666666666666,0.19666666666666668,0.3452783333333333,0.00027833333333333334,0.24638833333333335,0.3375,1.0,11,3,1.0,2,2,2023-01-31 13:08:58.136000,2023-01-31 12:56:39.395000,2023-01-31 12:35:58.734000,2023-01-31 13:08:56.846000,2023-01-31 13:07:27.430000,2023-01-31 13:24:20.021000,Week 1,NA,NA,NA,NA,NA,NA,NA,NA,NA,NA,NA,NA,NA,NA,NA,NA,NA,NA,NA,NA,NA,NA,NA,NA,NA,NA,NA,NA,NA,NA,NA,NA,NA,NA,NA,NA,NA,NA,NA,NA,NA,NA,NA,NA,NA,NA,NA,4388,4823
0.52,0.72,0.48,0.52,0.6,0.72,0.48,0.72,63,1998,74_datatwo,30/01/23 - 05/02/23,0.0,1.12,0.0,0.0,0.0,0.0,0.0,01:07:12,01:20:23,7,7,0.0,0.17944499999999997,0.33416666666666667,0.0,0.27666666666666667,0.003888333333333333,0.0,8,1,0.0,3,1,NA,2023-01-31 12:56:33.938000,2023-01-31 12:36:31.092000,NA,2023-01-31 13:07:46.613000,2023-01-31 13:29:05.221000,Week 1,NA,NA,NA,NA,NA,NA,NA,NA,NA,NA,NA,NA,NA,NA,NA,NA,NA,NA,NA,NA,NA,NA,NA,NA,NA,NA,NA,NA,NA,NA,NA,NA,NA,NA,NA,NA,NA,NA,NA,NA,NA,NA,NA,NA,NA,NA,NA,4032,4823
0.52,0.68,0.52,0.68,0.52,0.68,0.52,0.72,61,1992,75_datatwo,30/01/23 - 05/02/23,0.0,2.13361,0.0,0.0,0.0,0.0,0.07083333333333333,02:12:16,01:20:23,9,17,0.0,0.6255550000000001,0.35694499999999996,0.004723333333333334,0.5855549999999999,0.355555,0.0,15,2,4.0,4,1,NA,2023-01-31 10:50:58.355000,2023-01-31 11:18:12.283000,2023-01-31 11:31:22.349000,2023-01-31 11:01:04.510000,2023-01-31 13:24:16.808000,Week 1,NA,NA,NA,NA,NA,NA,NA,NA,NA,NA,NA,NA,NA,NA,NA,NA,NA,NA,NA,NA,NA,NA,NA,NA,NA,NA,NA,NA,NA,NA,NA,NA,NA,NA,NA,NA,NA,NA,NA,NA,NA,NA,NA,NA,NA,NA,NA,7936,4823
0.56,NA,NA,NA,0.6,0.52,0.56,0.64,58,1993,76_datatwo,30/01/23 - 05/02/23,0.0,1.185555,0.0,0.0,0.0,0.0,0.0,01:11:08,01:20:23,8,8,0.0,0.16,0.34833333333333333,0.0011116666666666666,0.2847216666666667,0.36361166666666667,0.0,6,3,1.0,3,2,NA,2023-01-31 12:56:35.550000,2023-01-31 12:35:44.513000,2023-01-31 13:46:35.992000,2023-01-31 12:58:27.838000,2023-01-31 13:24:40.097000,Week 1,NA,NA,NA,NA,NA,NA,NA,NA,NA,NA,NA,NA,NA,NA,NA,NA,NA,NA,NA,NA,NA,NA,NA,NA,NA,NA,NA,NA,NA,NA,NA,NA,NA,NA,NA,NA,NA,NA,NA,NA,NA,NA,NA,NA,NA,NA,NA,4268,4823
NA,0.48,0.64,NA,0.68,0.56,0.68,0.68,65,2002,77_datatwo,30/01/23 - 05/02/23,0.0,0.5672216666666667,0.0,0.0,0.0,0.0,0.0,00:34:02,01:20:23,6,9,0.0,0.007778333333333333,0.006666666666666667,0.0025,0.0,0.29472166666666666,0.0,5,3,1.0,0,1,NA,2023-01-31 13:22:03.625000,2023-01-31 13:21:11.472000,2023-01-31 13:21:31.137000,NA,2023-01-31 13:27:46.799000,Week 1,NA,NA,NA,NA,NA,NA,NA,NA,NA,NA,NA,NA,NA,NA,NA,NA,NA,NA,NA,NA,NA,NA,NA,NA,NA,NA,NA,NA,NA,NA,NA,NA,NA,NA,NA,NA,NA,NA,NA,NA,NA,NA,NA,NA,NA,NA,NA,2042,4823
NA,NA,NA,NA,0.32,0.32,0.2,0.56,35,1989,78_datatwo,30/01/23 - 05/02/23,0.0,0.0,0.0,0.0,0.0,0.0,0.0,00:00:00,01:20:23,0,0,0.0,0.0,0.0,0.0,0.0,0.0,0.0,0,0,0.0,0,0,NA,NA,NA,NA,NA,NA,Week 1,NA,NA,NA,NA,NA,NA,NA,NA,NA,NA,NA,NA,NA,NA,NA,NA,NA,NA,NA,NA,NA,NA,NA,NA,NA,NA,NA,NA,NA,NA,NA,NA,NA,NA,NA,NA,NA,NA,NA,NA,NA,NA,NA,NA,NA,NA,NA,0,4823
0.4,NA,NA,0.48,0.58,0.66,0.58,0.58,60,1997,79_datatwo,30/01/23 - 05/02/23,0.0,0.0,0.0,0.0,0.0,0.0,0.0,00:00:00,01:20:23,0,0,0.0,0.0,0.0,0.0,0.0,0.0,0.0,0,0,0.0,0,0,NA,NA,NA,NA,NA,NA,Week 1,NA,NA,NA,NA,NA,NA,NA,NA,NA,NA,NA,NA,NA,NA,NA,NA,NA,NA,NA,NA,NA,NA,NA,NA,NA,NA,NA,NA,NA,NA,NA,NA,NA,NA,NA,NA,NA,NA,NA,NA,NA,NA,NA,NA,NA,NA,NA,0,4823
NA,NA,NA,NA,55.0,66.0,50.0,49.0,55,1998,80_datatwo,02/10/23 - 08/10/23,0.0,1.1902783333333333,0.0,0.0,0.0,0.0,0.0,01:11:25,00:50:35,5,5,0.0,0.022500000000000003,0.0,0.008333333333333333,0.007500000000000001,0.868055,0.0,7,1,5.0,2,1,NA,2023-10-03 11:45:54.684000,2023-10-03 12:57:43.748000,2023-10-03 11:46:16.464000,2023-10-03 11:46:05.481000,2023-10-03 11:47:50.664000,Week 1,NA,NA,NA,NA,NA,NA,NA,NA,NA,NA,NA,NA,NA,NA,NA,NA,NA,NA,NA,NA,NA,NA,NA,NA,NA,NA,NA,NA,NA,NA,NA,NA,NA,NA,NA,NA,NA,NA,NA,NA,NA,NA,NA,NA,NA,NA,NA,4285,3035
NA,NA,NA,NA,52.0,68.0,52.0,40.0,53,1989,81_datatwo,02/10/23 - 08/10/23,0.0,0.964445,0.0,0.0,0.0,0.0,0.0,00:57:52,00:50:35,3,3,0.0,0.0025,0.0,0.0022216666666666665,0.013611666666666668,0.0,0.0,1,0,1.0,1,0,NA,2023-10-03 11:45:23.428000,NA,2023-10-03 11:45:47.005000,2023-10-03 11:45:32.848000,NA,Week 1,NA,NA,NA,NA,NA,NA,NA,NA,NA,NA,NA,NA,NA,NA,NA,NA,NA,NA,NA,NA,NA,NA,NA,NA,NA,NA,NA,NA,NA,NA,NA,NA,NA,NA,NA,NA,NA,NA,NA,NA,NA,NA,NA,NA,NA,NA,NA,3472,3035
0.48,0.36,NA,NA,56.0,56.0,56.0,64.0,58,1998,82_datatwo,02/10/23 - 08/10/23,0.0,1.7666666666666666,0.0,0.0,0.0,0.0,0.0,01:46:00,00:50:35,7,8,0.000555,0.5336116666666667,0.005278333333333333,0.0022216666666666665,0.001945,1.0186116666666667,1.0,5,1,1.0,2,3,2023-10-03 11:42:11.450000,2023-10-03 11:41:01.133000,2023-10-03 12:55:36.805000,2023-10-03 12:35:00.251000,2023-10-03 11:42:00.742000,2023-10-03 11:42:20.086000,Week 1,NA,NA,NA,NA,NA,NA,NA,NA,NA,NA,NA,NA,NA,NA,NA,NA,NA,NA,NA,NA,NA,NA,NA,NA,NA,NA,NA,NA,NA,NA,NA,NA,NA,NA,NA,NA,NA,NA,NA,NA,NA,NA,NA,NA,NA,NA,NA,6360,3035
0.48,0.32,NA,NA,66.0,53.0,60.0,65.0,61,1997,83_datatwo,02/10/23 - 08/10/23,0.0,0.03388833333333333,0.0,0.0,0.0,0.0,0.0,00:02:02,00:50:35,0,0,0.0,0.0,0.0,0.0,0.0,0.0,0.0,0,0,0.0,0,0,NA,NA,NA,NA,NA,NA,Week 1,NA,NA,NA,NA,NA,NA,NA,NA,NA,NA,NA,NA,NA,NA,NA,NA,NA,NA,NA,NA,NA,NA,NA,NA,NA,NA,NA,NA,NA,NA,NA,NA,NA,NA,NA,NA,NA,NA,NA,NA,NA,NA,NA,NA,NA,NA,NA,122,3035
NA,0.2,NA,NA,57.0,57.0,56.0,58.0,57,1991,84_datatwo,02/10/23 - 08/10/23,0.0,0.4772216666666667,0.0,0.0,0.0,0.0,0.0,00:28:38,00:50:35,5,5,0.0,0.008055,0.0,0.0,0.2833333333333333,0.11944500000000001,0.0,4,0,0.0,1,1,NA,2023-10-03 12:18:00.739000,NA,NA,2023-10-03 12:26:00.292000,2023-10-03 12:18:43.753000,Week 1,NA,NA,NA,NA,NA,NA,NA,NA,NA,NA,NA,NA,NA,NA,NA,NA,NA,NA,NA,NA,NA,NA,NA,NA,NA,NA,NA,NA,NA,NA,NA,NA,NA,NA,NA,NA,NA,NA,NA,NA,NA,NA,NA,NA,NA,NA,NA,1718,3035
0.4,0.52,0.72,0.74,60.0,65.0,72.0,75.0,68,1984,85_datatwo,02/10/23 - 08/10/23,0.0,0.0,0.0,0.0,0.0,0.0,0.0,00:00:00,00:50:35,0,0,0.0,0.0,0.0,0.0,0.0,0.0,0.0,0,0,0.0,0,0,NA,NA,NA,NA,NA,NA,Week 1,NA,NA,NA,NA,NA,NA,NA,NA,NA,NA,NA,NA,NA,NA,NA,NA,NA,NA,NA,NA,NA,NA,NA,NA,NA,NA,NA,NA,NA,NA,NA,NA,NA,NA,NA,NA,NA,NA,NA,NA,NA,NA,NA,NA,NA,NA,NA,0,3035
0.52,0.68,0.64,NA,60.0,68.0,72.0,72.0,68,1995,86_datatwo,02/10/23 - 08/10/23,0.0,1.3591666666666666,0.0,0.0,0.6036116666666665,0.07166666666666667,0.0,02:02:04,00:50:35,12,15,0.12555666666666668,0.005833333333333333,0.01944333333333333,0.009445000000000002,0.8602783333333334,0.078055,2.0,5,4,1.0,1,3,2023-10-03 12:49:44.710000,2023-10-03 11:38:33.666000,2023-10-03 11:37:07.127000,2023-10-03 12:57:19.791000,2023-10-03 11:43:12.314000,2023-10-03 11:38:37.786000,Week 1,NA,NA,NA,NA,NA,NA,NA,NA,NA,NA,NA,NA,NA,NA,NA,NA,NA,NA,NA,NA,NA,NA,NA,NA,NA,NA,NA,NA,NA,NA,NA,NA,NA,NA,NA,NA,NA,NA,NA,NA,NA,NA,NA,NA,NA,NA,NA,7324,3035
NA,NA,NA,NA,70.0,62.0,72.0,76.0,70,1996,87_datatwo,02/10/23 - 08/10/23,0.0,0.0,0.104445,0.0,0.0,0.0,0.0,00:06:16,00:50:35,7,7,0.0,0.003055,0.018333333333333333,0.01972166666666667,0.04888833333333333,0.010278333333333334,0.0,4,1,1.0,3,1,NA,2023-10-04 01:01:55.477000,2023-10-04 01:00:49.737000,2023-10-04 01:03:58.608000,2023-10-04 01:02:07.505000,2023-10-04 01:06:17.674000,Week 1,NA,NA,NA,NA,NA,NA,NA,NA,NA,NA,NA,NA,NA,NA,NA,NA,NA,NA,NA,NA,NA,NA,NA,NA,NA,NA,NA,NA,NA,NA,NA,NA,NA,NA,NA,NA,NA,NA,NA,NA,NA,NA,NA,NA,NA,NA,NA,376,3035
0.56,0.68,0.6,0.64,64.0,68.0,64.0,76.0,68,1986,88_datatwo,02/10/23 - 08/10/23,0.0,2.384443333333333,0.0,0.0,0.0,0.0,3.243056666666667,05:37:39,00:50:35,12,23,0.00389,0.04111166666666667,2.443611666666667,0.11166666666666666,0.5875,2.1708333333333334,4.0,13,8,9.0,2,7,2023-10-03 12:49:21.130000,2023-10-03 11:41:29.068000,2023-10-03 12:49:11.586000,2023-10-03 12:48:08.495000,2023-10-03 23:31:22.553000,2023-10-03 11:42:00.628000,Week 1,NA,NA,NA,NA,NA,NA,NA,NA,NA,NA,NA,NA,NA,NA,NA,NA,NA,NA,NA,NA,NA,NA,NA,NA,NA,NA,NA,NA,NA,NA,NA,NA,NA,NA,NA,NA,NA,NA,NA,NA,NA,NA,NA,NA,NA,NA,NA,20259,3035
NA,NA,NA,NA,52.0,56.0,52.0,72.0,58,1996,89_datatwo,02/10/23 - 08/10/23,0.0,0.0,0.0,0.0,0.0,0.0,0.0,00:00:00,00:50:35,0,0,0.0,0.0,0.0,0.0,0.0,0.0,0.0,0,0,0.0,0,0,NA,NA,NA,NA,NA,NA,Week 1,NA,NA,NA,NA,NA,NA,NA,NA,NA,NA,NA,NA,NA,NA,NA,NA,NA,NA,NA,NA,NA,NA,NA,NA,NA,NA,NA,NA,NA,NA,NA,NA,NA,NA,NA,NA,NA,NA,NA,NA,NA,NA,NA,NA,NA,NA,NA,0,3035
NA,NA,NA,NA,52.0,52.0,52.0,56.0,53,1998,90_datatwo,02/10/23 - 08/10/23,0.0,0.0,0.0,0.0,0.0,0.0,0.0,00:00:00,00:50:35,0,0,0.0,0.0,0.0,0.0,0.0,0.0,0.0,0,0,0.0,0,0,NA,NA,NA,NA,NA,NA,Week 1,NA,NA,NA,NA,NA,NA,NA,NA,NA,NA,NA,NA,NA,NA,NA,NA,NA,NA,NA,NA,NA,NA,NA,NA,NA,NA,NA,NA,NA,NA,NA,NA,NA,NA,NA,NA,NA,NA,NA,NA,NA,NA,NA,NA,NA,NA,NA,0,3035
0.36,0.28,NA,NA,32.0,52.0,56.0,64.0,51,1992,91_datatwo,02/10/23 - 08/10/23,0.0,1.0413883333333334,0.0,0.0,0.0,0.0,0.0,01:02:29,00:50:35,3,3,0.0,0.051666666666666666,0.005278333333333333,0.0,0.0,0.9813883333333333,0.0,4,1,0.0,0,2,NA,2023-10-03 11:41:11.096000,2023-10-03 11:41:42.809000,NA,NA,2023-10-03 11:42:06.298000,Week 1,NA,NA,NA,NA,NA,NA,NA,NA,NA,NA,NA,NA,NA,NA,NA,NA,NA,NA,NA,NA,NA,NA,NA,NA,NA,NA,NA,NA,NA,NA,NA,NA,NA,NA,NA,NA,NA,NA,NA,NA,NA,NA,NA,NA,NA,NA,NA,3749,3035
0.6,0.68,0.72,0.68,70.0,77.0,81.0,80.0,77,1996,92_datatwo,02/10/23 - 08/10/23,0.0,0.0,0.0,0.0,0.0,0.0,0.0,00:00:00,00:50:35,0,0,0.0,0.0,0.0,0.0,0.0,0.0,0.0,0,0,0.0,0,0,NA,NA,NA,NA,NA,NA,Week 1,NA,NA,NA,NA,NA,NA,NA,NA,NA,NA,NA,NA,NA,NA,NA,NA,NA,NA,NA,NA,NA,NA,NA,NA,NA,NA,NA,NA,NA,NA,NA,NA,NA,NA,NA,NA,NA,NA,NA,NA,NA,NA,NA,NA,NA,NA,NA,0,3035
NA,NA,NA,NA,56.0,60.0,68.0,48.0,58,1989,92_datatwo,02/10/23 - 08/10/23,0.0,0.9027783333333333,0.039445,0.0,0.0,0.0,0.0,00:56:32,00:50:35,5,5,0.0,0.021945,0.014721666666666666,0.0008333333333333334,0.024721666666666666,0.876945,0.0,1,1,1.0,1,2,NA,2023-10-03 11:41:09.489000,2023-10-04 19:03:17.973000,2023-10-03 12:34:39.965000,2023-10-04 19:04:11.076000,2023-10-03 11:42:28.823000,Week 1,NA,NA,NA,NA,NA,NA,NA,NA,NA,NA,NA,NA,NA,NA,NA,NA,NA,NA,NA,NA,NA,NA,NA,NA,NA,NA,NA,NA,NA,NA,NA,NA,NA,NA,NA,NA,NA,NA,NA,NA,NA,NA,NA,NA,NA,NA,NA,3392,3035
NA,NA,NA,NA,68.0,60.0,52.0,52.0,58,1994,94_datatwo,02/10/23 - 08/10/23,0.0,1.3822216666666665,0.0,0.0,0.0,0.0,0.0,01:22:56,00:50:35,4,4,0.0,0.056666666666666664,0.0016666666666666668,0.0,0.0,0.9597216666666667,0.0,4,2,0.0,1,2,NA,2023-10-03 11:44:48.358000,2023-10-03 11:51:54.055000,NA,2023-10-06 21:26:17.810000,2023-10-03 11:45:09.952000,Week 1,NA,NA,NA,NA,NA,NA,NA,NA,NA,NA,NA,NA,NA,NA,NA,NA,NA,NA,NA,NA,NA,NA,NA,NA,NA,NA,NA,NA,NA,NA,NA,NA,NA,NA,NA,NA,NA,NA,NA,NA,NA,NA,NA,NA,NA,NA,NA,4976,3035
0.56,0.6,0.36,NA,80.0,76.0,68.0,80.0,76,2000,95_datatwo,02/10/23 - 08/10/23,0.0,1.6111116666666667,0.0,0.0,0.0,0.0,0.0,01:36:40,00:50:35,8,8,0.00027833333333333334,0.010278333333333334,0.4952783333333333,0.23888833333333334,0.003055,0.7111116666666667,1.0,16,4,2.0,2,7,2023-10-03 18:10:46.225000,2023-10-03 16:28:52.976000,2023-10-03 16:28:17.452000,2023-10-03 17:01:31.823000,2023-10-03 17:15:53.740000,2023-10-03 16:28:56.319000,Week 1,NA,NA,NA,NA,NA,NA,NA,NA,NA,NA,NA,NA,NA,NA,NA,NA,NA,NA,NA,NA,NA,NA,NA,NA,NA,NA,NA,NA,NA,NA,NA,NA,NA,NA,NA,NA,NA,NA,NA,NA,NA,NA,NA,NA,NA,NA,NA,5800,3035
0.52,0.56,0.68,0.52,64.0,68.0,72.0,76.0,70,1987,96_datatwo,02/10/23 - 08/10/23,0.0,1.3588883333333333,0.7758333333333333,1.7577783333333334,0.0,0.9427783333333333,0.0,04:50:07,00:50:35,8,23,0.0,1.0438883333333333,0.050554999999999996,0.4338883333333333,0.8958333333333334,2.2522216666666663,0.0,15,2,1.0,6,6,NA,2023-10-03 11:41:02.446000,2023-10-03 18:27:42.162000,2023-10-07 18:51:58.859000,2023-10-03 18:30:33.836000,2023-10-03 12:18:01.639000,Week 1,NA,NA,NA,NA,NA,NA,NA,NA,NA,NA,NA,NA,NA,NA,NA,NA,NA,NA,NA,NA,NA,NA,NA,NA,NA,NA,NA,NA,NA,NA,NA,NA,NA,NA,NA,NA,NA,NA,NA,NA,NA,NA,NA,NA,NA,NA,NA,17407,3035
NA,NA,NA,NA,64.0,58.0,55.0,71.0,62,1992,97_datatwo,02/10/23 - 08/10/23,0.0,0.30472166666666667,0.0,0.0,0.0,0.0,0.0,00:18:17,00:50:35,2,2,0.0,0.0022216666666666665,0.0,0.0,0.0,0.109445,0.0,2,0,0.0,0,2,NA,2023-10-03 18:07:05.182000,NA,NA,NA,2023-10-03 18:07:08.737000,Week 1,NA,NA,NA,NA,NA,NA,NA,NA,NA,NA,NA,NA,NA,NA,NA,NA,NA,NA,NA,NA,NA,NA,NA,NA,NA,NA,NA,NA,NA,NA,NA,NA,NA,NA,NA,NA,NA,NA,NA,NA,NA,NA,NA,NA,NA,NA,NA,1097,3035
NA,NA,NA,NA,76.0,60.0,76.0,76.0,72,1984,98_datatwo,02/10/23 - 08/10/23,2.2377783333333334,0.006111666666666666,0.0,0.0,0.0,0.0,0.0,02:14:38,00:50:35,10,11,0.48111166666666666,0.011388333333333332,0.2597216666666667,0.905555,0.46277833333333335,0.0,3.0,3,1,3.0,1,1,2023-10-02 05:45:41.499000,2023-10-02 04:21:15.396000,2023-10-02 04:03:38.310000,2023-10-02 04:51:03.191000,2023-10-02 04:22:51.338000,2023-10-03 12:01:24.529000,Week 1,NA,NA,NA,NA,NA,NA,NA,NA,NA,NA,NA,NA,NA,NA,NA,NA,NA,NA,NA,NA,NA,NA,NA,NA,NA,NA,NA,NA,NA,NA,NA,NA,NA,NA,NA,NA,NA,NA,NA,NA,NA,NA,NA,NA,NA,NA,NA,8078,3035
NA,0.4,0.48,0.4,64.0,64.0,60.0,52.0,60,1979,99_datatwo,02/10/23 - 08/10/23,1.0138883333333333,4.030278333333333,0.0036116666666666667,0.014445000000000001,0.023611666666666663,0.0,0.0,05:05:09,00:50:35,16,30,0.0013883333333333332,0.055,0.70611,0.009721666666666665,0.005,0.9477766666666666,1.0,19,5,1.0,2,9,2023-10-03 17:56:15.164000,2023-10-02 16:00:00.750000,2023-10-02 15:18:28.635000,2023-10-03 17:55:40.112000,2023-10-02 16:18:34.373000,2023-10-03 11:42:13.956000,Week 1,NA,NA,NA,NA,NA,NA,NA,NA,NA,NA,NA,NA,NA,NA,NA,NA,NA,NA,NA,NA,NA,NA,NA,NA,NA,NA,NA,NA,NA,NA,NA,NA,NA,NA,NA,NA,NA,NA,NA,NA,NA,NA,NA,NA,NA,NA,NA,18309,3035
0.64,0.68,0.64,0.8,68.0,68.0,68.0,80.0,71,1991,100_datatwo,02/10/23 - 08/10/23,0.0,1.2638883333333333,0.0,0.0,0.0,0.0,0.0,01:15:50,00:50:35,7,7,0.0,0.04888833333333333,0.15583333333333332,0.007778333333333333,0.024166666666666666,0.9791666666666666,0.0,9,2,2.0,7,3,NA,2023-10-03 11:34:33.824000,2023-10-03 11:25:13.208000,2023-10-03 11:36:03.993000,2023-10-03 11:34:59.543000,2023-10-03 11:39:02.796000,Week 1,NA,NA,NA,NA,NA,NA,NA,NA,NA,NA,NA,NA,NA,NA,NA,NA,NA,NA,NA,NA,NA,NA,NA,NA,NA,NA,NA,NA,NA,NA,NA,NA,NA,NA,NA,NA,NA,NA,NA,NA,NA,NA,NA,NA,NA,NA,NA,4550,3035
NA,NA,NA,NA,68.0,60.0,64.0,64.0,64,1990,101_datatwo,02/10/23 - 08/10/23,0.0,0.0,0.0,0.0,0.0,0.0,0.0,00:00:00,00:50:35,0,0,0.0,0.0,0.0,0.0,0.0,0.0,0.0,0,0,0.0,0,0,NA,NA,NA,NA,NA,NA,Week 1,NA,NA,NA,NA,NA,NA,NA,NA,NA,NA,NA,NA,NA,NA,NA,NA,NA,NA,NA,NA,NA,NA,NA,NA,NA,NA,NA,NA,NA,NA,NA,NA,NA,NA,NA,NA,NA,NA,NA,NA,NA,NA,NA,NA,NA,NA,NA,0,3035
0.6,0.68,0.48,0.72,68.0,76.0,64.0,76.0,71,2001,102_datatwo,02/10/23 - 08/10/23,0.0,1.3402783333333335,0.0,0.0,0.0,0.0,0.06972166666666667,01:24:36,00:50:35,12,18,0.0,0.016944999999999998,0.008611666666666665,0.007500000000000001,0.006111666666666666,0.8133333333333332,0.0,9,6,1.0,2,5,NA,2023-10-03 16:28:27.275000,2023-10-03 16:28:24.308000,2023-10-08 18:46:13.650000,2023-10-03 17:01:09.652000,2023-10-03 16:28:30.915000,Week 1,NA,NA,NA,NA,NA,NA,NA,NA,NA,NA,NA,NA,NA,NA,NA,NA,NA,NA,NA,NA,NA,NA,NA,NA,NA,NA,NA,NA,NA,NA,NA,NA,NA,NA,NA,NA,NA,NA,NA,NA,NA,NA,NA,NA,NA,NA,NA,5076,3035
NA,NA,NA,NA,68.0,60.0,56.0,56.0,60,2001,103_datatwo,02/10/23 - 08/10/23,0.0,1.1458333333333333,0.0,0.0,0.0,0.0,0.0,01:08:45,00:50:35,2,4,0.0,0.0027783333333333336,0.0,0.0,0.0,0.903055,0.0,2,0,0.0,0,2,NA,2023-10-03 11:59:12.185000,NA,NA,NA,2023-10-03 11:59:15.005000,Week 1,NA,NA,NA,NA,NA,NA,NA,NA,NA,NA,NA,NA,NA,NA,NA,NA,NA,NA,NA,NA,NA,NA,NA,NA,NA,NA,NA,NA,NA,NA,NA,NA,NA,NA,NA,NA,NA,NA,NA,NA,NA,NA,NA,NA,NA,NA,NA,4125,3035
NA,NA,NA,NA,64.0,58.0,66.0,72.0,65,1996,104_datatwo,02/10/23 - 08/10/23,0.0,0.13499999999999998,0.0,0.0,0.0,0.0,0.0,00:08:06,00:50:35,6,7,0.0,0.0013883333333333332,0.000555,0.006944999999999999,0.0013883333333333332,0.021111666666666664,0.0,2,1,3.0,1,1,NA,2023-10-03 11:50:37.274000,2023-10-03 11:50:31.235000,2023-10-03 11:50:02.819000,2023-10-03 12:56:27.465000,2023-10-03 11:50:38.899000,Week 1,NA,NA,NA,NA,NA,NA,NA,NA,NA,NA,NA,NA,NA,NA,NA,NA,NA,NA,NA,NA,NA,NA,NA,NA,NA,NA,NA,NA,NA,NA,NA,NA,NA,NA,NA,NA,NA,NA,NA,NA,NA,NA,NA,NA,NA,NA,NA,486,3035
0.48,0.28,NA,NA,60.0,56.0,56.0,68.0,60,1998,105_datatwo,02/10/23 - 08/10/23,0.0,0.0,0.0,0.0,0.0,0.0,0.0,00:00:00,00:50:35,0,0,0.0,0.0,0.0,0.0,0.0,0.0,0.0,0,0,0.0,0,0,NA,NA,NA,NA,NA,NA,Week 1,NA,NA,NA,NA,NA,NA,NA,NA,NA,NA,NA,NA,NA,NA,NA,NA,NA,NA,NA,NA,NA,NA,NA,NA,NA,NA,NA,NA,NA,NA,NA,NA,NA,NA,NA,NA,NA,NA,NA,NA,NA,NA,NA,NA,NA,NA,NA,0,3035
NA,NA,NA,NA,48.0,54.0,56.0,42.0,50,1995,106_datatwo,02/10/23 - 08/10/23,0.0,0.0,0.0,0.0,0.0,0.0,0.0,00:00:00,00:50:35,0,0,0.0,0.0,0.0,0.0,0.0,0.0,0.0,0,0,0.0,0,0,NA,NA,NA,NA,NA,NA,Week 1,NA,NA,NA,NA,NA,NA,NA,NA,NA,NA,NA,NA,NA,NA,NA,NA,NA,NA,NA,NA,NA,NA,NA,NA,NA,NA,NA,NA,NA,NA,NA,NA,NA,NA,NA,NA,NA,NA,NA,NA,NA,NA,NA,NA,NA,NA,NA,0,3035
NA,NA,NA,NA,60.0,60.0,56.0,56.0,58,1999,107_datatwo,02/10/23 - 08/10/23,0.0,0.24861166666666665,0.0,0.0,0.0,0.0,0.0,00:14:55,00:50:35,6,6,0.004445,0.146945,0.003055,0.0,0.001945,0.014166666666666666,2.0,5,2,0.0,1,3,2023-10-03 12:00:09.044000,2023-10-03 12:00:27.463000,2023-10-03 12:00:02.529000,NA,2023-10-03 12:00:42.354000,2023-10-03 12:00:51.121000,Week 1,NA,NA,NA,NA,NA,NA,NA,NA,NA,NA,NA,NA,NA,NA,NA,NA,NA,NA,NA,NA,NA,NA,NA,NA,NA,NA,NA,NA,NA,NA,NA,NA,NA,NA,NA,NA,NA,NA,NA,NA,NA,NA,NA,NA,NA,NA,NA,895,3035
NA,0.6,0.6,NA,62.0,66.0,68.0,84.0,70,1911,108_datatwo,02/10/23 - 08/10/23,0.0,1.5541666666666667,0.0,0.0,0.0,0.0,0.0,01:33:15,00:50:35,6,10,0.0,0.20583333333333334,0.37916666666666665,0.0,0.008611666666666665,0.10110999999999999,0.0,11,1,0.0,2,4,NA,2023-10-03 16:28:29.891000,2023-10-03 16:36:50.614000,NA,2023-10-03 17:02:10.212000,2023-10-03 17:00:33.528000,Week 1,NA,NA,NA,NA,NA,NA,NA,NA,NA,NA,NA,NA,NA,NA,NA,NA,NA,NA,NA,NA,NA,NA,NA,NA,NA,NA,NA,NA,NA,NA,NA,NA,NA,NA,NA,NA,NA,NA,NA,NA,NA,NA,NA,NA,NA,NA,NA,5595,3035
0.56,0.64,0.52,0.6,68.0,72.0,64.0,76.0,70,1999,109_datatwo,02/10/23 - 08/10/23,0.7702783333333333,1.7269450000000002,0.0,0.0,0.0,0.0,0.008055,02:30:19,00:50:35,10,21,0.0,0.6513899999999999,0.5308333333333334,0.0,0.043333333333333335,0.8841666666666667,0.0,26,6,1.0,11,11,NA,2023-10-02 11:03:17.428000,2023-10-02 11:00:11.901000,2023-10-02 20:53:12.251000,2023-10-02 11:03:28.832000,2023-10-02 11:03:42.646000,Week 1,NA,NA,NA,NA,NA,NA,NA,NA,NA,NA,NA,NA,NA,NA,NA,NA,NA,NA,NA,NA,NA,NA,NA,NA,NA,NA,NA,NA,NA,NA,NA,NA,NA,NA,NA,NA,NA,NA,NA,NA,NA,NA,NA,NA,NA,NA,NA,9019,3035
NA,NA,NA,NA,64.0,64.0,60.0,64.0,63,1997,110_datatwo,02/10/23 - 08/10/23,0.0,0.17833333333333332,0.004445,0.0,0.08888833333333332,0.0,0.19583333333333333,00:28:03,00:50:35,7,18,0.0,0.013055,0.0033333333333333335,0.016944999999999998,0.0052766666666666665,0.39388999999999996,0.0,10,2,2.0,2,8,NA,2023-10-03 18:04:00.392000,2023-10-06 16:22:14.059000,2023-10-08 14:41:40.023000,2023-10-03 18:04:11.734000,2023-10-03 18:04:24.247000,Week 1,NA,NA,NA,NA,NA,NA,NA,NA,NA,NA,NA,NA,NA,NA,NA,NA,NA,NA,NA,NA,NA,NA,NA,NA,NA,NA,NA,NA,NA,NA,NA,NA,NA,NA,NA,NA,NA,NA,NA,NA,NA,NA,NA,NA,NA,NA,NA,1683,3035
0.64,0.68,0.72,0.8,69.0,75.0,80.0,80.0,76,1994,111_datatwo,02/10/23 - 08/10/23,0.0,0.964445,0.0,1.065555,0.015278333333333335,1.1977783333333334,0.0033333333333333335,03:14:47,00:50:35,10,23,0.1716666666666667,0.02333333333333333,0.17055500000000004,0.00111,0.0022216666666666665,0.6241666666666668,3.0,12,6,3.0,2,5,2023-10-03 17:57:23.393000,2023-10-03 17:15:37.097000,2023-10-03 18:04:41.970000,2023-10-03 18:05:29.132000,2023-10-03 18:04:44.513000,2023-10-03 17:15:39.647000,Week 1,NA,NA,NA,NA,NA,NA,NA,NA,NA,NA,NA,NA,NA,NA,NA,NA,NA,NA,NA,NA,NA,NA,NA,NA,NA,NA,NA,NA,NA,NA,NA,NA,NA,NA,NA,NA,NA,NA,NA,NA,NA,NA,NA,NA,NA,NA,NA,11687,3035
NA,NA,NA,NA,72.0,72.0,80.0,76.0,75,1998,112_datatwo,02/10/23 - 08/10/23,0.0,1.6797216666666666,0.0,0.0,0.0,0.0,0.0,01:40:47,00:50:35,6,6,0.0,0.5719449999999999,0.07611166666666666,0.0,0.009166666666666667,0.27388833333333334,0.0,12,1,0.0,3,3,NA,2023-10-03 16:59:32.655000,2023-10-03 16:30:42.900000,NA,2023-10-03 17:16:57.508000,2023-10-03 17:00:24.352000,Week 1,NA,NA,NA,NA,NA,NA,NA,NA,NA,NA,NA,NA,NA,NA,NA,NA,NA,NA,NA,NA,NA,NA,NA,NA,NA,NA,NA,NA,NA,NA,NA,NA,NA,NA,NA,NA,NA,NA,NA,NA,NA,NA,NA,NA,NA,NA,NA,6047,3035
0.48,NA,NA,NA,68.0,64.0,68.0,56.0,64,2000,113_datatwo,02/10/23 - 08/10/23,0.0,0.0,0.0,0.0,0.0,0.04888833333333333,0.0,00:02:56,00:50:35,4,4,0.0,0.0016666666666666668,0.0,0.000555,0.0,0.039445,0.0,2,0,1.0,0,3,NA,2023-10-07 12:05:19.264000,NA,2023-10-07 12:05:17.458000,NA,2023-10-07 12:05:21.072000,Week 1,NA,NA,NA,NA,NA,NA,NA,NA,NA,NA,NA,NA,NA,NA,NA,NA,NA,NA,NA,NA,NA,NA,NA,NA,NA,NA,NA,NA,NA,NA,NA,NA,NA,NA,NA,NA,NA,NA,NA,NA,NA,NA,NA,NA,NA,NA,NA,176,3035
0.6,0.72,0.64,NA,66.0,71.0,69.0,62.0,67,2001,114_datatwo,02/10/23 - 08/10/23,0.19583333333333333,0.6408333333333334,0.0,0.0,0.0,0.0,0.0,00:50:12,00:50:35,9,14,0.0,0.18777666666666668,0.0036116666666666667,0.083055,0.051666666666666666,0.022500000000000003,0.0,14,2,3.0,16,11,NA,2023-10-02 14:38:50.220000,2023-10-03 11:41:01.541000,2023-10-03 11:29:42.764000,2023-10-02 14:38:53.891000,2023-10-02 14:46:23.727000,Week 1,NA,NA,NA,NA,NA,NA,NA,NA,NA,NA,NA,NA,NA,NA,NA,NA,NA,NA,NA,NA,NA,NA,NA,NA,NA,NA,NA,NA,NA,NA,NA,NA,NA,NA,NA,NA,NA,NA,NA,NA,NA,NA,NA,NA,NA,NA,NA,3012,3035
NA,0.32,NA,0.52,64.0,72.0,60.0,68.0,66,1995,115_datatwo,02/10/23 - 08/10/23,0.0,0.47361166666666665,0.0,0.0,0.018333333333333333,0.003888333333333333,0.0,00:29:45,00:50:35,5,7,0.0,0.004166666666666667,0.018333333333333333,0.0,0.0,0.46499999999999997,0.0,2,1,1.0,0,2,NA,2023-10-03 12:16:04.453000,2023-10-06 11:45:42.990000,2023-10-07 19:34:07.802000,NA,2023-10-03 12:16:10.056000,Week 1,NA,NA,NA,NA,NA,NA,NA,NA,NA,NA,NA,NA,NA,NA,NA,NA,NA,NA,NA,NA,NA,NA,NA,NA,NA,NA,NA,NA,NA,NA,NA,NA,NA,NA,NA,NA,NA,NA,NA,NA,NA,NA,NA,NA,NA,NA,NA,1785,3035
0.6,0.68,0.52,NA,72.0,72.0,60.0,68.0,68,2002,116_datatwo,02/10/23 - 08/10/23,0.6838883333333334,3.403331666666667,0.013055,0.001945,0.0,0.0,0.0,04:06:07,00:50:35,11,27,0.000555,0.32694333333333336,0.0175,0.07416833333333334,0.004443333333333333,3.07861,1.0,21,10,3.0,3,14,2023-10-04 16:35:23.718000,2023-10-02 19:43:26.901000,2023-10-02 19:42:01.848000,2023-10-03 11:30:20.765000,2023-10-02 20:08:40.231000,2023-10-02 19:43:39.282000,Week 1,NA,NA,NA,NA,NA,NA,NA,NA,NA,NA,NA,NA,NA,NA,NA,NA,NA,NA,NA,NA,NA,NA,NA,NA,NA,NA,NA,NA,NA,NA,NA,NA,NA,NA,NA,NA,NA,NA,NA,NA,NA,NA,NA,NA,NA,NA,NA,14767,3035
NA,NA,NA,NA,68.0,58.0,56.0,50.0,58,1996,117_datatwo,02/10/23 - 08/10/23,0.0,0.540555,0.0,0.0,0.0,0.0,0.0,00:32:26,00:50:35,10,10,0.006944999999999999,0.017778333333333333,0.020555,0.04722166666666667,0.010555,0.19111166666666665,2.0,7,3,3.0,2,3,2023-10-03 12:58:12.685000,2023-10-03 11:39:01.239000,2023-10-03 11:38:27.812000,2023-10-03 11:39:25.766000,2023-10-03 11:39:03.909000,2023-10-03 11:41:33.940000,Week 1,NA,NA,NA,NA,NA,NA,NA,NA,NA,NA,NA,NA,NA,NA,NA,NA,NA,NA,NA,NA,NA,NA,NA,NA,NA,NA,NA,NA,NA,NA,NA,NA,NA,NA,NA,NA,NA,NA,NA,NA,NA,NA,NA,NA,NA,NA,NA,1946,3035
60,68,NA,NA,68.0,72.0,56.0,56.0,63,1990,118_datatwo,29/01/24 - 04/02/24,0.0,0.056945,0.3425,0.10166666666666666,0.8069433333333333,0.0,0.0,01:18:29,00:43:09,16,39,0.012223333333333333,0.028888333333333335,0.03611166666666667,0.029723333333333334,0.12777833333333335,0.9961116666666666,5.0,13,6,10.0,6,5,2024-01-30 12:03:25.680000,2024-01-30 12:02:46.617000,2024-01-30 12:04:19.859000,2024-01-30 12:04:16.798000,2024-01-30 12:02:51.475000,2024-01-30 12:03:03.342000,Week 1,NA,NA,NA,NA,NA,NA,NA,NA,NA,NA,NA,NA,NA,NA,NA,NA,NA,NA,NA,NA,NA,NA,NA,NA,NA,NA,NA,NA,NA,NA,NA,NA,NA,NA,NA,NA,NA,NA,NA,NA,NA,NA,NA,NA,NA,NA,NA,4709,2589
NA,68,NA,NA,72.0,68.0,72.0,52.0,66,1987,119_datatwo,29/01/24 - 04/02/24,0.0,2.4563900000000003,0.0,0.0,0.0,0.0,2.6958333333333333,05:09:08,00:43:09,6,16,0.03666666666666667,0.1447216666666667,0.0036116666666666667,0.0275,4.298333333333333,0.012221666666666665,12.0,7,1,3.0,7,2,2024-01-30 09:36:41.675000,2024-01-30 09:29:33.972000,2024-02-05 01:53:07.756000,2024-01-30 09:38:11.093000,2024-01-30 09:40:00.282000,2024-02-05 01:31:09.212000,Week 1,NA,NA,NA,NA,NA,NA,NA,NA,NA,NA,NA,NA,NA,NA,NA,NA,NA,NA,NA,NA,NA,NA,NA,NA,NA,NA,NA,NA,NA,NA,NA,NA,NA,NA,NA,NA,NA,NA,NA,NA,NA,NA,NA,NA,NA,NA,NA,18548,2589
52,72,72,NA,64.0,72.0,76.0,72.0,71,1995,120_datatwo,29/01/24 - 04/02/24,6.212221666666666,1.7974999999999999,0.0,0.0,0.0,0.0,0.7166666666666667,08:43:35,00:43:09,13,25,0.02,1.3155566666666665,0.29083333333333333,4.112221666666667,0.8258333333333333,0.013333333333333334,3.0,15,3,13.0,7,3,2024-01-29 10:54:34.453000,2024-01-29 10:23:03.075000,2024-01-29 11:34:44.283000,2024-01-29 10:28:39.279000,2024-01-29 18:00:16.279000,2024-01-30 12:58:28.008000,Week 1,NA,NA,NA,NA,NA,NA,NA,NA,NA,NA,NA,NA,NA,NA,NA,NA,NA,NA,NA,NA,NA,NA,NA,NA,NA,NA,NA,NA,NA,NA,NA,NA,NA,NA,NA,NA,NA,NA,NA,NA,NA,NA,NA,NA,NA,NA,NA,31415,2589
56,60,72,NA,72.0,68.0,80.0,60.0,70,1996,121_datatwo,29/01/24 - 04/02/24,0.0,0.07027833333333335,0.0,0.0,0.0,0.0,0.0,00:04:13,00:43:09,2,2,0.0,0.0008333333333333334,0.0,0.0,0.06472166666666666,0.0,0.0,1,0,0.0,1,0,NA,2024-01-30 19:35:30.991000,NA,NA,2024-01-30 19:35:34.470000,NA,Week 1,NA,NA,NA,NA,NA,NA,NA,NA,NA,NA,NA,NA,NA,NA,NA,NA,NA,NA,NA,NA,NA,NA,NA,NA,NA,NA,NA,NA,NA,NA,NA,NA,NA,NA,NA,NA,NA,NA,NA,NA,NA,NA,NA,NA,NA,NA,NA,253,2589
24,NA,NA,NA,64.0,64.0,72.0,72.0,68,1993,122_datatwo,29/01/24 - 04/02/24,0.0,0.0,0.0,0.0,0.0,0.0,0.0,00:00:00,00:43:09,0,0,0.0,0.0,0.0,0.0,0.0,0.0,0.0,0,0,0.0,0,0,NA,NA,NA,NA,NA,NA,Week 1,NA,NA,NA,NA,NA,NA,NA,NA,NA,NA,NA,NA,NA,NA,NA,NA,NA,NA,NA,NA,NA,NA,NA,NA,NA,NA,NA,NA,NA,NA,NA,NA,NA,NA,NA,NA,NA,NA,NA,NA,NA,NA,NA,NA,NA,NA,NA,0,2589
NA,NA,NA,NA,64.0,60.0,52.0,52.0,57,2001,123_datatwo,29/01/24 - 04/02/24,0.0,0.0,0.0,0.0,0.44,0.0,0.0,00:26:24,00:43:09,3,3,0.0,0.001945,0.0027783333333333336,0.0,0.0,0.43222166666666667,0.0,1,1,0.0,0,1,NA,2024-02-02 11:58:51.828000,2024-02-02 11:58:41.773000,NA,NA,2024-02-02 11:58:58.661000,Week 1,NA,NA,NA,NA,NA,NA,NA,NA,NA,NA,NA,NA,NA,NA,NA,NA,NA,NA,NA,NA,NA,NA,NA,NA,NA,NA,NA,NA,NA,NA,NA,NA,NA,NA,NA,NA,NA,NA,NA,NA,NA,NA,NA,NA,NA,NA,NA,1584,2589
44,68,56,NA,72.0,72.0,60.0,52.0,64,1998,124_datatwo,29/01/24 - 04/02/24,0.0,0.0,0.04083333333333334,0.0,0.0,0.0,0.0,00:02:27,00:43:09,5,5,0.000555,0.001945,0.0,0.003888333333333333,0.0016666666666666668,0.0063883333333333335,1.0,2,0,1.0,1,1,2024-01-31 14:05:30.157000,2024-01-31 14:04:54.753000,NA,2024-01-31 14:05:32.265000,2024-01-31 14:04:59.444000,2024-01-31 14:05:06.764000,Week 1,NA,NA,NA,NA,NA,NA,NA,NA,NA,NA,NA,NA,NA,NA,NA,NA,NA,NA,NA,NA,NA,NA,NA,NA,NA,NA,NA,NA,NA,NA,NA,NA,NA,NA,NA,NA,NA,NA,NA,NA,NA,NA,NA,NA,NA,NA,NA,147,2589
NA,NA,NA,NA,72.0,72.0,68.0,76.0,72,1991,125_datatwo,29/01/24 - 04/02/24,0.0,0.109445,0.0,0.0,0.5608333333333333,0.0,0.0,00:40:13,00:43:09,8,11,0.0033333333333333335,0.026388333333333337,0.00027833333333333334,0.025833333333333333,0.07888833333333332,0.4972216666666667,2.0,3,1,3.0,1,4,2024-01-30 11:45:33.740000,2024-01-30 11:44:03.909000,2024-02-02 18:53:00.058000,2024-01-30 11:44:12.292000,2024-01-30 11:45:36.638000,2024-02-02 18:38:59.388000,Week 1,NA,NA,NA,NA,NA,NA,NA,NA,NA,NA,NA,NA,NA,NA,NA,NA,NA,NA,NA,NA,NA,NA,NA,NA,NA,NA,NA,NA,NA,NA,NA,NA,NA,NA,NA,NA,NA,NA,NA,NA,NA,NA,NA,NA,NA,NA,NA,2413,2589
NA,NA,NA,NA,75.0,67.0,67.0,59.0,67,1995,126_datatwo,29/01/24 - 04/02/24,0.0,0.0,0.0,0.0,0.0,0.0,0.0,00:00:00,00:43:09,0,0,0.0,0.0,0.0,0.0,0.0,0.0,0.0,0,0,0.0,0,0,NA,NA,NA,NA,NA,NA,Week 1,NA,NA,NA,NA,NA,NA,NA,NA,NA,NA,NA,NA,NA,NA,NA,NA,NA,NA,NA,NA,NA,NA,NA,NA,NA,NA,NA,NA,NA,NA,NA,NA,NA,NA,NA,NA,NA,NA,NA,NA,NA,NA,NA,NA,NA,NA,NA,0,2589
NA,NA,NA,NA,56.0,56.0,56.0,60.0,57,2000,127_datatwo,29/01/24 - 04/02/24,0.0,0.0,0.0,0.0,0.0,0.0,0.0,00:00:00,00:43:09,0,0,0.0,0.0,0.0,0.0,0.0,0.0,0.0,0,0,0.0,0,0,NA,NA,NA,NA,NA,NA,Week 1,NA,NA,NA,NA,NA,NA,NA,NA,NA,NA,NA,NA,NA,NA,NA,NA,NA,NA,NA,NA,NA,NA,NA,NA,NA,NA,NA,NA,NA,NA,NA,NA,NA,NA,NA,NA,NA,NA,NA,NA,NA,NA,NA,NA,NA,NA,NA,0,2589
64,68,NA,NA,68.0,72.0,52.0,52.0,61,1999,128_datatwo,29/01/24 - 04/02/24,0.0,0.0,0.0,0.0,0.0,0.029445,0.33999999999999997,00:22:10,00:43:09,7,9,0.007500000000000001,0.05639,0.0025,0.14361166666666667,0.1325,0.018888333333333333,6.0,4,1,3.0,3,1,2024-02-03 20:36:41.998000,2024-02-03 20:36:34.315000,2024-02-04 10:44:57.440000,2024-02-04 10:22:13.942000,2024-02-04 10:36:57.391000,2024-02-03 20:36:45.347000,Week 1,NA,NA,NA,NA,NA,NA,NA,NA,NA,NA,NA,NA,NA,NA,NA,NA,NA,NA,NA,NA,NA,NA,NA,NA,NA,NA,NA,NA,NA,NA,NA,NA,NA,NA,NA,NA,NA,NA,NA,NA,NA,NA,NA,NA,NA,NA,NA,1330,2589
NA,NA,72,NA,68.0,64.0,76.0,64.0,68,1998,129_datatwo,29/01/24 - 04/02/24,0.0,0.011945,0.0,0.0,0.0,0.0,0.409445,00:25:17,00:43:09,5,5,0.0,0.01972166666666667,0.0033333333333333335,0.009445000000000002,0.06222166666666666,0.311945,0.0,6,1,1.0,2,3,NA,2024-02-04 16:35:53.597000,2024-02-04 16:35:41.680000,2024-02-04 16:35:57.062000,2024-02-04 16:36:32.835000,2024-02-04 16:36:58.164000,Week 1,NA,NA,NA,NA,NA,NA,NA,NA,NA,NA,NA,NA,NA,NA,NA,NA,NA,NA,NA,NA,NA,NA,NA,NA,NA,NA,NA,NA,NA,NA,NA,NA,NA,NA,NA,NA,NA,NA,NA,NA,NA,NA,NA,NA,NA,NA,NA,1517,2589
64,68,56,NA,72.0,72.0,68.0,68.0,70,2000,130_datatwo,29/01/24 - 04/02/24,0.0,0.7241666666666667,0.017221666666666666,0.0825,0.018333333333333333,0.0,0.0,00:50:32,00:43:09,8,15,0.029723333333333334,0.5983333333333333,0.05277833333333334,0.005833333333333333,0.0325,0.0,4.0,5,4,1.0,2,0,2024-01-30 18:34:46.295000,2024-01-30 18:36:48.170000,2024-02-01 12:28:30.085000,2024-01-30 18:36:54.852000,2024-01-30 18:36:51.455000,NA,Week 1,NA,NA,NA,NA,NA,NA,NA,NA,NA,NA,NA,NA,NA,NA,NA,NA,NA,NA,NA,NA,NA,NA,NA,NA,NA,NA,NA,NA,NA,NA,NA,NA,NA,NA,NA,NA,NA,NA,NA,NA,NA,NA,NA,NA,NA,NA,NA,3032,2589
NA,NA,NA,NA,52.0,52.0,52.0,72.0,57,1985,131_datatwo,29/01/24 - 04/02/24,0.0,0.985555,0.0,0.0,0.0,0.0,0.0,00:59:08,00:43:09,3,3,0.0,0.008333333333333333,0.0,0.0,0.36361166666666667,0.0,0.0,4,0,0.0,2,0,NA,2024-01-30 11:46:34.031000,NA,NA,2024-01-30 12:07:08.985000,NA,Week 1,NA,NA,NA,NA,NA,NA,NA,NA,NA,NA,NA,NA,NA,NA,NA,NA,NA,NA,NA,NA,NA,NA,NA,NA,NA,NA,NA,NA,NA,NA,NA,NA,NA,NA,NA,NA,NA,NA,NA,NA,NA,NA,NA,NA,NA,NA,NA,3548,2589
48,64,48,NA,68.0,72.0,60.0,60.0,65,1997,132_datatwo,29/01/24 - 04/02/24,0.0,0.007221666666666667,0.0,0.005,0.0,0.0,0.0,00:00:44,00:43:09,2,2,0.0,0.005,0.0,0.0,0.0,0.0,0.0,1,0,0.0,0,0,NA,2024-01-30 12:22:42.994000,NA,NA,NA,NA,Week 1,NA,NA,NA,NA,NA,NA,NA,NA,NA,NA,NA,NA,NA,NA,NA,NA,NA,NA,NA,NA,NA,NA,NA,NA,NA,NA,NA,NA,NA,NA,NA,NA,NA,NA,NA,NA,NA,NA,NA,NA,NA,NA,NA,NA,NA,NA,NA,44,2589
32,68,NA,60,52.0,72.0,52.0,68.0,61,1996,133_datatwo,29/01/24 - 04/02/24,0.0,0.0,0.0,0.0,0.0,0.03888833333333333,0.0,00:02:20,00:43:09,0,0,0.0,0.0,0.0,0.0,0.0,0.0,0.0,0,0,0.0,0,0,NA,NA,NA,NA,NA,NA,Week 1,NA,NA,NA,NA,NA,NA,NA,NA,NA,NA,NA,NA,NA,NA,NA,NA,NA,NA,NA,NA,NA,NA,NA,NA,NA,NA,NA,NA,NA,NA,NA,NA,NA,NA,NA,NA,NA,NA,NA,NA,NA,NA,NA,NA,NA,NA,NA,140,2589
NA,NA,NA,NA,64.0,56.0,60.0,52.0,58,1995,134_datatwo,29/01/24 - 04/02/24,0.0,0.0,0.0,0.0,0.0,0.0,0.0,00:00:00,00:43:09,0,0,0.0,0.0,0.0,0.0,0.0,0.0,0.0,0,0,0.0,0,0,NA,NA,NA,NA,NA,NA,Week 1,NA,NA,NA,NA,NA,NA,NA,NA,NA,NA,NA,NA,NA,NA,NA,NA,NA,NA,NA,NA,NA,NA,NA,NA,NA,NA,NA,NA,NA,NA,NA,NA,NA,NA,NA,NA,NA,NA,NA,NA,NA,NA,NA,NA,NA,NA,NA,0,2589
68,72,72,NA,72.0,80.0,68.0,64.0,70,2003,135_datatwo,29/01/24 - 04/02/24,0.0,1.3319450000000002,0.0,0.0,0.0,0.035,0.04027833333333333,01:24:26,00:43:09,12,24,0.007778333333333333,0.009998333333333333,0.19916666666666666,0.23333333333333334,0.14,0.0,1.0,12,5,3.0,8,0,2024-01-30 01:39:46.565000,2024-01-30 01:04:47.253000,2024-01-30 00:53:24.719000,2024-01-30 01:25:22.268000,2024-01-30 01:14:29.828000,NA,Week 1,NA,NA,NA,NA,NA,NA,NA,NA,NA,NA,NA,NA,NA,NA,NA,NA,NA,NA,NA,NA,NA,NA,NA,NA,NA,NA,NA,NA,NA,NA,NA,NA,NA,NA,NA,NA,NA,NA,NA,NA,NA,NA,NA,NA,NA,NA,NA,5066,2589
56,68,72,70,76.0,76.0,76.0,72.0,75,1999,136_datatwo,29/01/24 - 04/02/24,0.21305666666666667,0.18222166666666667,0.0,0.0,0.0,1.5375,0.08972166666666667,02:01:21,00:43:09,10,20,0.02222166666666667,0.006111666666666666,1.5280566666666666,0.013611666666666668,0.0275,0.010555,4.0,5,4,2.0,3,3,2024-01-29 16:59:48.681000,2024-01-29 16:59:59.298000,2024-01-29 16:58:55.631000,2024-01-29 17:01:42.248000,2024-01-29 17:00:03.339000,2024-02-03 17:57:34.575000,Week 1,NA,NA,NA,NA,NA,NA,NA,NA,NA,NA,NA,NA,NA,NA,NA,NA,NA,NA,NA,NA,NA,NA,NA,NA,NA,NA,NA,NA,NA,NA,NA,NA,NA,NA,NA,NA,NA,NA,NA,NA,NA,NA,NA,NA,NA,NA,NA,7281,2589
0.48,0.48,0.52, ,0.56,0.56,0.56,0.56,56,1999,1_datatwo,10/10/22 - 16/10/22,0.0,1.1575,0.0,0.0,0.0105566666666667,13.168055,0.0,14:20:10,01:44:34,14,16,3.591666666666667,0.0025,0.018888333333333333,0.0,0.0,0.3233333333333333,14.0,4,4,0.0,0,1,2022-10-14 09:06:39.702000,2022-10-11 11:38:18.649000,2022-10-11 11:38:16.944000,NA,NA,2022-10-11 11:38:20.386000,Week 2,0.2175,0.0,38.0,0.0,2022-10-16 01:46:19,NA,NA,NA,NA,NA,NA,NA,NA,NA,NA,NA,NA,NA,NA,NA,NA,NA,NA,NA,NA,NA,NA,NA,NA,NA,NA,NA,NA,NA,NA,NA,NA,NA,NA,NA,NA,NA,NA,NA,NA,NA,NA,51610,6274
 , , , ,0.56,0.56,0.56,0.24,48,1992,2_datatwo,10/10/22 - 16/10/23,0.0,1.806945,0.0047216666666666665,0.008611666666666665,0.0,0.0,0.004166666666666667,01:49:28,01:44:34,6,10,0.0,0.009445000000000002,0.26860999999999996,0.0,0.10166666666666666,0.8755550000000001,0.0,7,4,0.0,2,3,NA,2022-10-11 16:48:17.708000,2022-10-11 16:32:14.061000,NA,2022-10-11 16:55:11.719000,2022-10-11 16:58:20.695000,Week 2,0.0,0.0,1.0,0.0,2022-10-11 18:19:45.654000,NA,NA,NA,NA,NA,NA,NA,NA,NA,NA,NA,NA,NA,NA,NA,NA,NA,NA,NA,NA,NA,NA,NA,NA,NA,NA,NA,NA,NA,NA,NA,NA,NA,NA,NA,NA,NA,NA,NA,NA,NA,NA,6568,6274
 , , , ,0.64,0.61,0.64,0.59,62,1987,3_datatwo,10/10/22 - 16/10/24,0.0,1.3322216666666664,0.0,0.0,0.0,0.0,0.0,01:19:56,01:44:34,4,4,0.0,0.0027783333333333336,0.0,0.0,0.05638833333333333,0.9061116666666666,0.0,3,0,0.0,1,1,NA,2022-10-11 16:59:20.616000,NA,NA,2022-10-11 16:59:23.751000,2022-10-11 17:02:59.094000,Week 2,0.0,0.0,1.0,0.0,2022-10-11 18:19:15.047000,NA,NA,NA,NA,NA,NA,NA,NA,NA,NA,NA,NA,NA,NA,NA,NA,NA,NA,NA,NA,NA,NA,NA,NA,NA,NA,NA,NA,NA,NA,NA,NA,NA,NA,NA,NA,NA,NA,NA,NA,NA,NA,4796,6274
0.28,0.44, , ,0.68,0.68,0.52,0.64,63,1993,4_datatwo,10/10/22 - 16/10/25,0.0,1.5702783333333334,0.0,0.0,0.010833333333333334,0.0,0.0,01:34:52,01:44:34,3,3,0.0,0.005278333333333333,0.0,0.0,0.0,0.4125,0.0,2,0,0.0,0,1,NA,2022-10-11 12:47:12.156000,NA,NA,NA,2022-10-11 13:35:38.253000,Week 2,0.800555,0.0,1.0,0.0,2022-10-11 12:47:27.146000,NA,NA,NA,NA,NA,NA,NA,NA,NA,NA,NA,NA,NA,NA,NA,NA,NA,NA,NA,NA,NA,NA,NA,NA,NA,NA,NA,NA,NA,NA,NA,NA,NA,NA,NA,NA,NA,NA,NA,NA,NA,NA,5692,6274
 , , , ,0.59,0.59,0.69,0.69,64,1996,5_datatwo,10/10/22 - 16/10/26,0.0,0.0,0.0,0.0,0.0,0.0,0.0,00:00:00,01:44:34,0,0,0.0,0.0,0.0,0.0,0.0,0.0,0.0,0,0,0.0,0,0,NA,NA,NA,NA,NA,NA,Week 2,0.0,0.0,0.0,0.0,NA,NA,NA,NA,NA,NA,NA,NA,NA,NA,NA,NA,NA,NA,NA,NA,NA,NA,NA,NA,NA,NA,NA,NA,NA,NA,NA,NA,NA,NA,NA,NA,NA,NA,NA,NA,NA,NA,NA,NA,NA,NA,NA,0,0
 , , , ,0.56,0.6,0.6,0.52,57,1996,6_datatwo,10/10/22 - 16/10/27,0.0,1.4280549999999999,0.0,0.0,0.009445000000000002,0.0,0.0,01:26:15,01:44:34,4,4,0.0013883333333333332,0.451945,0.0,0.0,0.0,0.9708333333333333,1.0,5,0,0.0,0,1,2022-10-11 16:31:31.613000,2022-10-11 16:31:36.726000,NA,NA,NA,2022-10-11 16:57:38.990000,Week 2,0.0,0.0,0.0,0.0,NA,NA,NA,NA,NA,NA,NA,NA,NA,NA,NA,NA,NA,NA,NA,NA,NA,NA,NA,NA,NA,NA,NA,NA,NA,NA,NA,NA,NA,NA,NA,NA,NA,NA,NA,NA,NA,NA,NA,NA,NA,NA,NA,5175,6274
0.52,0.6,0.48, ,0.7,0.77,0.72,0.69,72,1993,7_datatwo,10/10/22 - 16/10/28,0.0,1.3086116666666667,0.0,0.0,0.0,0.0,0.19694499999999998,01:30:20,01:44:34,8,10,0.0,0.005833333333333333,0.0,0.0022216666666666665,0.029166666666666667,0.910555,0.0,6,2,1.0,2,1,NA,2022-10-11 17:00:33.526000,NA,2022-10-11 18:18:51.804000,2022-10-16 09:38:09.133000,2022-10-11 17:02:26.811000,Week 2,0.0,0.0,1.0,0.0,2022-10-11 18:19:01.384000,NA,NA,NA,NA,NA,NA,NA,NA,NA,NA,NA,NA,NA,NA,NA,NA,NA,NA,NA,NA,NA,NA,NA,NA,NA,NA,NA,NA,NA,NA,NA,NA,NA,NA,NA,NA,NA,NA,NA,NA,NA,NA,5420,6274
 , , , ,0.68,0.68,0.68,0.68,68,1992,8_datatwo,10/10/22 - 16/10/29,0.0,1.8438883333333331,0.0,0.13583333333333333,0.049445,0.0,1.4380549999999999,03:28:02,01:44:34,15,24,0.3725,0.08861166666666667,0.28888833333333336,0.018888333333333333,0.343055,0.6822216666666667,5.0,15,2,3.0,3,4,2022-10-11 11:26:16.863000,2022-10-11 11:26:38.724000,2022-10-11 11:09:29.899000,2022-10-11 11:26:30.538000,2022-10-11 14:46:50.391000,2022-10-11 11:30:40.814000,Week 2,1.065,0.0,4.0,1.0,2022-10-11 11:56:59.573000,NA,NA,NA,NA,NA,NA,NA,NA,NA,NA,NA,NA,NA,NA,NA,NA,NA,NA,NA,NA,NA,NA,NA,NA,NA,NA,NA,NA,NA,NA,NA,NA,NA,NA,NA,NA,NA,NA,NA,NA,NA,NA,12482,6274
 , , , ,0.69,0.69,0.69,0.73,70,1992,9_datatwo,10/10/22 - 16/10/26,0.016666666666666666,1.6708333333333334,0.0,0.0,0.0,0.0,0.0,01:41:15,01:44:34,10,10,0.2277783333333333,0.008055,0.005833333333333333,0.0,0.02222166666666667,0.59,3.0,9,1,0.0,2,3,2022-10-11 11:26:30.864000,2022-10-11 11:26:20.330000,2022-10-11 11:25:37.312000,NA,2022-10-11 11:30:08.357000,2022-10-11 11:31:17.518000,Week 2,0.0,0.0,1.0,0.0,2022-10-11 12:46:20.676000,NA,NA,NA,NA,NA,NA,NA,NA,NA,NA,NA,NA,NA,NA,NA,NA,NA,NA,NA,NA,NA,NA,NA,NA,NA,NA,NA,NA,NA,NA,NA,NA,NA,NA,NA,NA,NA,NA,NA,NA,NA,NA,6075,6274
 , , , ,0.69,0.7,0.7,0.79,72,1994,10_datatwo,10/10/22 - 16/10/26,0.0,5.329721666666667,0.014721666666666666,0.0,0.22472166666666668,0.0,1.5319433333333334,07:06:03,01:44:34,12,25,0.3016666666666667,0.06388833333333334,0.2561116666666667,0.2672216666666667,1.1322216666666667,1.1852783333333334,5.0,14,8,1.0,5,1,2022-10-11 17:42:15.635000,2022-10-11 16:00:03.572000,2022-10-11 15:53:33.395000,2022-10-16 20:36:11.479000,2022-10-11 16:00:30.084000,2022-10-11 17:02:39.713000,Week 2,0.394445,0.0,1.0,0.0,2022-10-11 18:19:48.041000,NA,NA,NA,NA,NA,NA,NA,NA,NA,NA,NA,NA,NA,NA,NA,NA,NA,NA,NA,NA,NA,NA,NA,NA,NA,NA,NA,NA,NA,NA,NA,NA,NA,NA,NA,NA,NA,NA,NA,NA,NA,NA,25563,6274
0.56,0.64,0.64,0.68,0.72,0.76,0.8,0.72,75,1991,11_datatwo,10/10/22 - 16/10/26,0.011388333333333332,1.8163883333333333,0.0,0.0,0.0,0.4602783333333333,0.0,02:17:17,01:44:34,13,26,0.3122216666666667,0.03611166666666667,0.26416666666666666,0.15972166666666668,0.09194333333333332,0.7466666666666666,4.0,19,2,4.0,4,3,2022-10-11 17:42:20.747000,2022-10-10 19:01:50.436000,2022-10-11 16:33:20.655000,2022-10-11 16:23:51.245000,2022-10-11 16:55:16.073000,2022-10-11 16:57:44.317000,Week 2,0.049445,0.18111166666666667,5.0,2.0,2022-10-10 19:01:55.700000,2022-10-15 02:02:41.830000,NA,NA,NA,NA,NA,NA,NA,NA,NA,NA,NA,NA,NA,NA,NA,NA,NA,NA,NA,NA,NA,NA,NA,NA,NA,NA,NA,NA,NA,NA,NA,NA,NA,NA,NA,NA,NA,NA,NA,NA,NA,8237,6274
 , , , ,0.52,0.59,0.56,0.53,55,1987,12_datatwo,10/10/22 - 16/10/26,0.098055,0.0,0.0,0.8355549999999999,0.0,0.0,0.036945000000000006,00:58:14,01:44:34,7,15,0.11027666666666666,0.0063883333333333335,0.04944333333333333,0.6466666666666666,0.0,0.0,3.0,5,5,2.0,0,0,2022-10-10 23:31:40.790000,2022-10-10 23:32:03.584000,2022-10-10 23:28:24.836000,2022-10-10 23:30:24.595000,NA,NA,Week 2,0.0,0.0,0.0,0.0,NA,NA,NA,NA,NA,NA,NA,NA,NA,NA,NA,NA,NA,NA,NA,NA,NA,NA,NA,NA,NA,NA,NA,NA,NA,NA,NA,NA,NA,NA,NA,NA,NA,NA,NA,NA,NA,NA,NA,NA,NA,NA,NA,3494,6274
 ,0.48, , ,0.56,0.64,0.56,0.64,60,1995,13_datatwo,10/10/22 - 16/10/26,0.0,0.23166666666666666,0.0,0.11138833333333334,0.915555,0.0,0.0,01:15:31,01:44:34,6,14,0.3052783333333334,0.011666666666666665,0.0,0.0,0.02305666666666667,0.001945,2.0,8,0,0.0,4,1,2022-10-13 10:34:55.951000,2022-10-11 12:32:07.244000,NA,NA,2022-10-11 12:32:32.899000,2022-10-14 16:41:09.647000,Week 2,0.01583333333333333,0.0,3.0,0.0,2022-10-11 12:33:58.447000,NA,NA,NA,NA,NA,NA,NA,NA,NA,NA,NA,NA,NA,NA,NA,NA,NA,NA,NA,NA,NA,NA,NA,NA,NA,NA,NA,NA,NA,NA,NA,NA,NA,NA,NA,NA,NA,NA,NA,NA,NA,NA,4531,6274
 , ,0.56, ,0.68,0.72,0.68,0.64,68,1995,14_datatwo,10/10/22 - 16/10/26,0.0,1.6266666666666665,0.0,3.958055,0.0,0.0,0.0,05:35:05,01:44:34,12,22,0.31777833333333333,0.048056666666666664,0.288055,0.051111666666666666,2.1233333333333335,1.4708350000000001,2.0,17,2,2.0,7,9,2022-10-11 11:59:20.598000,2022-10-11 11:26:12.967000,2022-10-11 11:17:13.018000,2022-10-11 11:26:31.002000,2022-10-11 11:30:27.627000,2022-10-11 11:32:31.663000,Week 2,0.0,0.0,0.0,0.0,NA,NA,NA,NA,NA,NA,NA,NA,NA,NA,NA,NA,NA,NA,NA,NA,NA,NA,NA,NA,NA,NA,NA,NA,NA,NA,NA,NA,NA,NA,NA,NA,NA,NA,NA,NA,NA,NA,NA,NA,NA,NA,NA,20105,6274
0.48,0.56,0.56, ,0.72,0.68,0.68,0.64,68,1996,15_datatwo,10/10/22 - 16/10/26,1.3122216666666666,5.0319449999999994,0.0013883333333333332,0.0025,0.0,2.3738900000000003,1.8877783333333333,10:36:35,01:44:34,10,31,0.46,0.06777666666666667,0.0052766666666666665,0.0,2.9566666666666666,0.0,3.0,31,5,0.0,2,0,2022-10-11 11:58:57.014000,2022-10-10 11:35:29.284000,2022-10-11 12:32:59.360000,NA,2022-10-11 12:12:58.375000,NA,Week 2,2.354721666666667,3.366388333333333,9.0,6.0,2022-10-10 11:35:39.188000,2022-10-15 15:20:21.222000,NA,NA,NA,NA,NA,NA,NA,NA,NA,NA,NA,NA,NA,NA,NA,NA,NA,NA,NA,NA,NA,NA,NA,NA,NA,NA,NA,NA,NA,NA,NA,NA,NA,NA,NA,NA,NA,NA,NA,NA,NA,38195,6274
0.4,0.48, , ,0.52,0.6,0.36,0.52,50,1993,16_datatwo,10/10/22 - 16/10/26,0.0,1.6913883333333333,0.0,0.0,0.17361166666666664,0.0,0.0,01:51:54,01:44:34,8,10,0.33888833333333335,0.7238883333333334,0.0,0.0,0.130555,0.010555,4.0,5,0,0.0,2,1,2022-10-11 11:29:06.431000,2022-10-11 11:05:05.909000,NA,NA,2022-10-11 12:12:52.698000,2022-10-11 11:05:12.463000,Week 2,0.0,0.0,1.0,0.0,2022-10-11 12:46:18.221000,NA,NA,NA,NA,NA,NA,NA,NA,NA,NA,NA,NA,NA,NA,NA,NA,NA,NA,NA,NA,NA,NA,NA,NA,NA,NA,NA,NA,NA,NA,NA,NA,NA,NA,NA,NA,NA,NA,NA,NA,NA,NA,6714,6274
 ,0.4,0.56, ,0.68,0.6,0.64,0.68,65,1998,17_datatwo,10/10/22 - 16/10/26,0.0,1.6702766666666666,0.0,0.0,0.0,0.0,0.0,01:40:13,01:44:34,13,15,0.07277833333333333,0.011943333333333334,0.011945,0.0047216666666666665,0.013888333333333332,0.03166666666666666,2.0,7,4,3.0,2,1,2022-10-11 12:15:17.257000,2022-10-11 01:25:18.858000,2022-10-11 12:14:09.137000,2022-10-11 01:25:13.740000,2022-10-11 12:15:56.567000,2022-10-11 01:25:20.740000,Week 2,1.0991666666666666,0.0,2.0,0.0,2022-10-11 11:08:10.962000,NA,NA,NA,NA,NA,NA,NA,NA,NA,NA,NA,NA,NA,NA,NA,NA,NA,NA,NA,NA,NA,NA,NA,NA,NA,NA,NA,NA,NA,NA,NA,NA,NA,NA,NA,NA,NA,NA,NA,NA,NA,NA,6013,6274
 , , , ,0.6,0.6,0.52,0.6,58,1993,18_datatwo,10/10/22 - 16/10/26,0.0,1.606388333333333,0.0,0.0,0.0,0.0,0.0,01:36:23,01:44:34,7,7,0.0,0.011111666666666667,0.2711116666666667,0.0,0.13416666666666668,0.9572216666666667,0.0,6,2,0.0,2,1,NA,2022-10-11 16:30:27.436000,2022-10-11 16:32:17.741000,NA,2022-10-11 16:49:48.612000,2022-10-11 16:58:36.739000,Week 2,0.0,0.0,1.0,0.0,2022-10-11 18:20:11.918000,NA,NA,NA,NA,NA,NA,NA,NA,NA,NA,NA,NA,NA,NA,NA,NA,NA,NA,NA,NA,NA,NA,NA,NA,NA,NA,NA,NA,NA,NA,NA,NA,NA,NA,NA,NA,NA,NA,NA,NA,NA,NA,5783,6274
 , , , ,0.6,0.64,0.6,0.68,63,1997,19_datatwo,10/10/22 - 16/10/26,0.0,0.7763883333333333,0.0,0.0,0.0,0.0,0.0,00:46:35,01:44:34,5,5,0.0033333333333333335,0.0011116666666666666,0.005555000000000001,0.0,0.0,0.228055,2.0,2,2,0.0,0,1,2022-10-11 12:23:12.980000,2022-10-11 11:37:13.026000,2022-10-11 11:36:58.509000,NA,NA,2022-10-11 11:37:14.884000,Week 2,0.5375,0.0,1.0,0.0,2022-10-11 11:50:58.064000,NA,NA,NA,NA,NA,NA,NA,NA,NA,NA,NA,NA,NA,NA,NA,NA,NA,NA,NA,NA,NA,NA,NA,NA,NA,NA,NA,NA,NA,NA,NA,NA,NA,NA,NA,NA,NA,NA,NA,NA,NA,NA,2795,6274
0.56,0.4,0.52,0.24,0.72,0.64,0.6,0.6,64,1997,20_datatwo,10/10/22 - 16/10/26,0.0,1.8036116666666666,0.03972166666666666,0.0,0.0,0.0,0.0,01:50:36,01:44:34,8,11,0.0,0.0125,0.06833333333333333,0.000555,0.21138833333333334,0.8316666666666667,0.0,12,5,1.0,4,3,NA,2022-10-11 16:49:02.169000,2022-10-11 16:58:09.308000,2022-10-11 17:02:34.396000,2022-10-11 16:49:15.198000,2022-10-11 16:49:22.143000,Week 2,0.0,0.0,1.0,0.0,2022-10-11 18:19:07.488000,NA,NA,NA,NA,NA,NA,NA,NA,NA,NA,NA,NA,NA,NA,NA,NA,NA,NA,NA,NA,NA,NA,NA,NA,NA,NA,NA,NA,NA,NA,NA,NA,NA,NA,NA,NA,NA,NA,NA,NA,NA,NA,6636,6274
0.48,0.52,0.56,0.24,0.52,0.52,0.56,0.48,52,1995,21_datatwo,10/10/22 - 16/10/26,0.0,1.5008333333333332,0.0,0.0,0.0,0.0,0.20611166666666667,01:42:25,01:44:34,7,10,0.29,0.004443333333333333,0.27305500000000005,0.0,0.04666666666666666,0.9569449999999999,2.0,6,2,0.0,1,1,2022-10-11 16:49:34.042000,2022-10-11 16:49:17.999000,2022-10-11 16:32:56.108000,NA,2022-10-11 16:55:12.771000,2022-10-11 17:02:48.100000,Week 2,0.005555000000000001,0.0,2.0,0.0,2022-10-11 17:02:26.295000,NA,NA,NA,NA,NA,NA,NA,NA,NA,NA,NA,NA,NA,NA,NA,NA,NA,NA,NA,NA,NA,NA,NA,NA,NA,NA,NA,NA,NA,NA,NA,NA,NA,NA,NA,NA,NA,NA,NA,NA,NA,NA,6145,6274
 , , , ,0.48,0.48,0.32,0.4,42,1996,22_datatwo,10/10/22 - 16/10/26,0.0,1.6541666666666666,0.007221666666666667,0.0,0.07972166666666666,0.5072216666666667,0.0,02:14:53,01:44:34,10,17,0.33888833333333335,0.02,0.31166666666666665,0.06555666666666667,0.0,0.8197233333333334,3.0,8,3,5.0,0,5,2022-10-11 11:30:06.387000,2022-10-11 11:30:16.470000,2022-10-11 11:07:35.493000,2022-10-11 11:07:24.699000,NA,2022-10-11 11:30:56.079000,Week 2,0.10861166666666668,0.0,4.0,0.0,2022-10-11 11:52:24.602000,NA,NA,NA,NA,NA,NA,NA,NA,NA,NA,NA,NA,NA,NA,NA,NA,NA,NA,NA,NA,NA,NA,NA,NA,NA,NA,NA,NA,NA,NA,NA,NA,NA,NA,NA,NA,NA,NA,NA,NA,NA,NA,8093,6274
0.36,0.32, , ,0.52,0.6,0.52,0.52,54,1987,23_datatwo,10/10/22 - 16/10/26,0.0,1.0836116666666666,0.0,0.0,0.0,0.0,0.0,01:05:01,01:44:34,8,8,0.006111666666666666,0.008888333333333333,0.000555,0.030833333333333334,0.22222166666666668,0.3113883333333333,2.0,7,2,4.0,3,2,2022-10-11 11:29:14.121000,2022-10-11 11:29:29.962000,2022-10-11 11:36:43.665000,2022-10-11 11:27:29.470000,2022-10-11 11:30:38.981000,2022-10-11 11:35:44.231000,Week 2,0.0,0.0,0.0,0.0,NA,NA,NA,NA,NA,NA,NA,NA,NA,NA,NA,NA,NA,NA,NA,NA,NA,NA,NA,NA,NA,NA,NA,NA,NA,NA,NA,NA,NA,NA,NA,NA,NA,NA,NA,NA,NA,NA,NA,NA,NA,NA,NA,3901,6274
 , , , ,0.52,0.4,0.4,0.52,46,2000,24_datatwo,10/10/22 - 16/10/26,0.0,1.1783333333333335,0.0,0.4547216666666667,1.2063883333333332,0.0,0.0,02:50:22,01:44:34,13,16,0.01,0.003888333333333333,0.2761116666666667,0.041945,0.06333333333333332,0.013611666666666668,3.0,6,1,1.0,1,2,2022-10-11 11:28:58.838000,2022-10-11 11:29:40.017000,2022-10-11 11:09:29.654000,2022-10-11 11:26:28.009000,2022-10-11 12:12:49.820000,2022-10-11 11:29:57.140000,Week 2,0.259445,0.0,1.0,0.0,2022-10-11 12:46:16.765000,NA,NA,NA,NA,NA,NA,NA,NA,NA,NA,NA,NA,NA,NA,NA,NA,NA,NA,NA,NA,NA,NA,NA,NA,NA,NA,NA,NA,NA,NA,NA,NA,NA,NA,NA,NA,NA,NA,NA,NA,NA,NA,10222,6274
 , , , ,0.68,0.68,0.6,0.6,64,1994,25_datatwo,10/10/22 - 16/10/26,0.0,1.6691666666666667,0.0,0.0,0.0,0.0,0.0,01:40:09,01:44:34,12,12,0.19583333333333333,0.031944999999999994,0.29083333333333333,0.042221666666666664,0.064445,0.40527833333333335,7.0,8,6,5.0,1,1,2022-10-11 11:29:07.487000,2022-10-11 11:28:43.317000,2022-10-11 11:09:47.461000,2022-10-11 11:26:29.047000,2022-10-11 11:30:02.511000,2022-10-11 11:34:40.145000,Week 2,0.0,0.0,1.0,0.0,2022-10-11 12:46:20.605000,NA,NA,NA,NA,NA,NA,NA,NA,NA,NA,NA,NA,NA,NA,NA,NA,NA,NA,NA,NA,NA,NA,NA,NA,NA,NA,NA,NA,NA,NA,NA,NA,NA,NA,NA,NA,NA,NA,NA,NA,NA,NA,6009,6274
 , , , ,0.64,0.6,0.52,0.52,57,1995,26_datatwo,10/10/22 - 16/10/26,0.0,1.3591666666666666,0.0,0.0,0.0,0.0,0.0,01:21:33,01:44:34,3,3,0.0,0.4633333333333333,0.0,0.0,0.0,0.25916666666666666,0.0,3,0,0.0,0,1,NA,2022-10-11 11:37:14.384000,NA,NA,NA,2022-10-11 11:37:16.826000,Week 2,0.0,0.0,1.0,0.0,2022-10-11 12:45:05.760000,NA,NA,NA,NA,NA,NA,NA,NA,NA,NA,NA,NA,NA,NA,NA,NA,NA,NA,NA,NA,NA,NA,NA,NA,NA,NA,NA,NA,NA,NA,NA,NA,NA,NA,NA,NA,NA,NA,NA,NA,NA,NA,4893,6274
 , , , ,0.68,0.68,0.64,0.68,67,1995,27_datatwo,10/10/22 - 16/10/26,0.0,1.3113883333333332,0.0,0.0,0.0,0.0,0.0,01:18:41,01:44:34,4,4,0.41944499999999996,0.09222166666666666,0.0,0.0,0.0,0.235,1.0,3,0,0.0,0,1,2022-10-11 11:59:03.435000,2022-10-11 11:39:30.777000,NA,NA,NA,2022-10-11 11:39:32.237000,Week 2,0.0,0.0,1.0,0.0,2022-10-11 12:46:20.830000,NA,NA,NA,NA,NA,NA,NA,NA,NA,NA,NA,NA,NA,NA,NA,NA,NA,NA,NA,NA,NA,NA,NA,NA,NA,NA,NA,NA,NA,NA,NA,NA,NA,NA,NA,NA,NA,NA,NA,NA,NA,NA,4721,6274
 ,0.4,0.52,0.52,0.76,0.68,0.68,0.68,70,1991,28_datatwo,10/10/22 - 16/10/26,0.0,1.4494433333333334,0.0,0.0,0.0,0.0,0.0,01:26:58,01:44:34,5,8,0.0,0.0025,0.043333333333333335,0.0,0.0,0.8477783333333334,0.0,3,2,0.0,0,1,NA,2022-10-11 17:01:36.455000,2022-10-11 16:58:58.834000,NA,NA,2022-10-11 17:02:14.847000,Week 2,0.1675,0.0,2.0,0.0,2022-10-11 17:01:41.803000,NA,NA,NA,NA,NA,NA,NA,NA,NA,NA,NA,NA,NA,NA,NA,NA,NA,NA,NA,NA,NA,NA,NA,NA,NA,NA,NA,NA,NA,NA,NA,NA,NA,NA,NA,NA,NA,NA,NA,NA,NA,NA,5218,6274
 , , , ,0.68,0.68,0.76,0.68,70,1981,29_datatwo,10/10/22 - 16/10/26,0.135555,0.0,0.0,0.0,0.0,0.0,0.0,00:08:08,01:44:34,5,9,0.0,0.005278333333333333,0.0063883333333333335,0.001945,0.0,0.11611166666666667,0.0,5,2,1.0,0,4,NA,2022-10-10 11:27:04.765000,2022-10-10 11:26:47.483000,2022-10-10 16:01:36.706000,NA,2022-10-10 11:27:08.608000,Week 2,0.0027783333333333336,0.0,2.0,0.0,2022-10-10 11:27:18.375000,NA,NA,NA,NA,NA,NA,NA,NA,NA,NA,NA,NA,NA,NA,NA,NA,NA,NA,NA,NA,NA,NA,NA,NA,NA,NA,NA,NA,NA,NA,NA,NA,NA,NA,NA,NA,NA,NA,NA,NA,NA,NA,488,6274
0.4, , , ,0.68,0.64,0.64,0.68,66,1981,30_datatwo,10/10/22 - 16/10/26,0.0,2.1902783333333335,1.0233333333333332,0.0,0.25,0.0,0.0,03:27:49,01:44:34,12,13,0.1825,0.00889,0.48472166666666666,0.0008333333333333334,0.13944499999999999,0.9450000000000001,1.0,7,4,2.0,2,1,2022-10-14 12:59:38.785000,2022-10-11 16:48:20.398000,2022-10-11 16:16:49.032000,2022-10-11 16:31:24.564000,2022-10-11 16:49:04.040000,2022-10-11 16:58:05.886000,Week 2,0.0,0.06388833333333334,1.0,1.0,2022-10-11 18:27:22.474000,2022-10-14 12:55:48.852000,NA,NA,NA,NA,NA,NA,NA,NA,NA,NA,NA,NA,NA,NA,NA,NA,NA,NA,NA,NA,NA,NA,NA,NA,NA,NA,NA,NA,NA,NA,NA,NA,NA,NA,NA,NA,NA,NA,NA,NA,NA,12469,6274
0.56,0.44,0.48, ,0.6,0.6,0.56,0.52,57,1992,31_datatwo,10/10/22 - 16/10/26,0.0,2.196945,0.0,0.856945,0.7105549999999999,0.0,1.3063883333333333,05:04:15,01:44:34,12,23,0.8136116666666666,0.050278333333333335,0.3097233333333333,0.03666666666666667,0.08139,0.9938883333333333,3.0,14,4,2.0,3,3,2022-10-14 16:07:48.050000,2022-10-11 16:48:52.742000,2022-10-11 16:32:54.179000,2022-10-11 21:45:24.702000,2022-10-11 16:55:26.579000,2022-10-11 16:58:18.552000,Week 2,0.27138833333333334,0.6547216666666668,3.0,1.0,2022-10-11 21:26:12.623000,2022-10-14 15:28:31.515000,NA,NA,NA,NA,NA,NA,NA,NA,NA,NA,NA,NA,NA,NA,NA,NA,NA,NA,NA,NA,NA,NA,NA,NA,NA,NA,NA,NA,NA,NA,NA,NA,NA,NA,NA,NA,NA,NA,NA,NA,NA,18255,6274
 , , , ,0.6,0.6,0.56,0.64,60,1994,32_datatwo,10/10/22 - 16/10/26,0.0,1.6325,0.0,0.0,0.0,0.0,0.0,01:37:57,01:44:34,8,10,0.030278333333333334,0.026111666666666665,0.49916666666666665,0.034444999999999996,0.0,0.47111166666666665,3.0,12,6,1.0,0,4,2022-10-11 11:29:12.231000,2022-10-11 11:25:51.104000,2022-10-11 11:09:27.551000,2022-10-11 11:27:08.140000,NA,2022-10-11 11:26:27.515000,Week 2,0.01,0.0,4.0,0.0,2022-10-11 11:26:59.204000,NA,NA,NA,NA,NA,NA,NA,NA,NA,NA,NA,NA,NA,NA,NA,NA,NA,NA,NA,NA,NA,NA,NA,NA,NA,NA,NA,NA,NA,NA,NA,NA,NA,NA,NA,NA,NA,NA,NA,NA,NA,NA,5877,6274
 , , , ,0.42,0.52,0.56,0.54,51,1989,33_datatwo,10/10/22 - 16/10/26,0.0,0.0,0.0,0.0,0.0,0.0,0.0,00:00:00,01:44:34,0,0,0.0,0.0,0.0,0.0,0.0,0.0,0.0,0,0,0.0,0,0,NA,NA,NA,NA,NA,NA,Week 2,0.0,0.0,0.0,0.0,NA,NA,NA,NA,NA,NA,NA,NA,NA,NA,NA,NA,NA,NA,NA,NA,NA,NA,NA,NA,NA,NA,NA,NA,NA,NA,NA,NA,NA,NA,NA,NA,NA,NA,NA,NA,NA,NA,NA,NA,NA,NA,NA,0,0
 , , , ,0.64,0.6,0.68,0.68,65,1991,34_datatwo,10/10/22 - 16/10/26,0.0,1.6797216666666666,0.7052783333333333,0.0,0.0,0.0,0.0,02:23:06,01:44:34,10,12,0.010833333333333334,0.006111666666666666,0.26888833333333334,0.034166666666666665,0.008611666666666665,1.4511100000000001,1.0,9,3,2.0,1,4,2022-10-11 11:28:54.116000,2022-10-11 11:29:33.526000,2022-10-11 11:09:36.040000,2022-10-11 11:26:44.731000,2022-10-11 11:30:19.024000,2022-10-11 11:29:57.604000,Week 2,0.060000000000000005,0.0,2.0,0.0,2022-10-11 12:15:34.856000,NA,NA,NA,NA,NA,NA,NA,NA,NA,NA,NA,NA,NA,NA,NA,NA,NA,NA,NA,NA,NA,NA,NA,NA,NA,NA,NA,NA,NA,NA,NA,NA,NA,NA,NA,NA,NA,NA,NA,NA,NA,NA,8586,6274
0.36,0.28, , ,0.52,0.52,0.52,0.52,52,1981,35_datatwo,10/10/22 - 16/10/26,0.0,1.9283333333333335,0.0,0.0,0.0,0.0,0.0,01:55:42,01:44:34,6,6,0.0,0.010833333333333334,0.0,0.0,0.003055,0.007221666666666667,0.0,7,0,0.0,1,2,NA,2022-10-11 17:58:48.404000,NA,NA,2022-10-11 18:41:32.384000,2022-10-11 18:20:51.083000,Week 2,0.3358333333333333,0.0,1.0,0.0,2022-10-11 18:21:14.004000,NA,NA,NA,NA,NA,NA,NA,NA,NA,NA,NA,NA,NA,NA,NA,NA,NA,NA,NA,NA,NA,NA,NA,NA,NA,NA,NA,NA,NA,NA,NA,NA,NA,NA,NA,NA,NA,NA,NA,NA,NA,NA,6942,6274
 , , , ,0.52,0.52,0.52,0.56,53,1994,36_datatwo,10/10/22 - 16/10/26,0.0,1.3900000000000001,0.0,0.0,0.009166666666666667,0.0,0.0,01:23:57,01:44:34,10,10,0.005833333333333333,0.10277833333333335,0.015278333333333335,0.000555,0.11388833333333333,0.630555,3.0,5,5,1.0,1,2,2022-10-11 11:26:36.889000,2022-10-11 11:03:39.186000,2022-10-11 11:03:37.156000,2022-10-11 11:26:01.431000,2022-10-11 12:13:40.006000,2022-10-11 11:03:46.570000,Week 2,0.057221666666666664,0.0,2.0,0.0,2022-10-11 11:03:51.744000,NA,NA,NA,NA,NA,NA,NA,NA,NA,NA,NA,NA,NA,NA,NA,NA,NA,NA,NA,NA,NA,NA,NA,NA,NA,NA,NA,NA,NA,NA,NA,NA,NA,NA,NA,NA,NA,NA,NA,NA,NA,NA,5037,6274
0.48,0.64, , ,0.52,0.64,0.32,0.56,51,1986,37_datatwo,10/10/22 - 16/10/26,0.0,0.034721666666666665,0.09833333333333334,0.0,0.0,0.0,0.0,00:07:59,01:44:34,2,2,0.0,0.0,0.0,0.025278333333333333,0.0,0.0,0.0,0,0,1.0,0,0,NA,NA,NA,2022-10-11 21:06:58.705000,NA,NA,Week 2,0.0,0.0,0.0,0.0,NA,NA,NA,NA,NA,NA,NA,NA,NA,NA,NA,NA,NA,NA,NA,NA,NA,NA,NA,NA,NA,NA,NA,NA,NA,NA,NA,NA,NA,NA,NA,NA,NA,NA,NA,NA,NA,NA,NA,NA,NA,NA,NA,479,6274
 , , , ,0.44,0.52,0.4,0.52,47,1992,38_datatwo,10/10/22 - 16/10/26,1.963055,1.6400000000000001,0.0,0.020555,0.0,0.0,0.0,03:37:25,01:44:34,14,24,0.06194500000000001,0.123055,0.31,0.05416666666666667,0.07472166666666666,2.2808333333333333,6.0,25,3,6.0,5,10,2022-10-10 21:52:17.608000,2022-10-10 21:53:17.907000,2022-10-10 21:54:40.099000,2022-10-10 21:52:21.085000,2022-10-10 21:54:53.420000,2022-10-10 21:53:24.476000,Week 2,0.185,0.0,4.0,0.0,2022-10-10 23:49:03.626000,NA,NA,NA,NA,NA,NA,NA,NA,NA,NA,NA,NA,NA,NA,NA,NA,NA,NA,NA,NA,NA,NA,NA,NA,NA,NA,NA,NA,NA,NA,NA,NA,NA,NA,NA,NA,NA,NA,NA,NA,NA,NA,13045,6274
 , , , ,0.52,0.6,0.52,0.52,54,1992,39_datatwo,10/10/22 - 16/10/26,0.0,1.2022216666666665,0.0,0.0,0.0,0.0,0.006944999999999999,01:12:33,01:44:34,7,12,0.023888333333333334,0.49,0.018888333333333333,0.012778333333333334,0.0,0.21861166666666668,1.0,6,4,4.0,0,1,2022-10-11 09:20:26.781000,2022-10-11 09:18:23.843000,2022-10-11 09:19:30.001000,2022-10-11 09:18:35.406000,NA,2022-10-11 11:39:17.913000,Week 2,0.017221666666666666,0.0,2.0,0.0,2022-10-11 09:21:57.533000,NA,NA,NA,NA,NA,NA,NA,NA,NA,NA,NA,NA,NA,NA,NA,NA,NA,NA,NA,NA,NA,NA,NA,NA,NA,NA,NA,NA,NA,NA,NA,NA,NA,NA,NA,NA,NA,NA,NA,NA,NA,NA,4353,6274
0.52,0.52,0.48, ,0.56,0.56,0.6,0.56,57,1996,40_datatwo,10/10/22 - 16/10/26,0.0,1.7011116666666668,0.0,0.0,0.0,0.0,0.0,01:42:04,01:44:34,7,7,0.18833333333333335,0.019166666666666665,0.27166666666666667,0.22388833333333336,0.0,0.10861166666666668,2.0,5,1,3.0,0,2,2022-10-11 11:28:56.296000,2022-10-11 11:26:10.375000,2022-10-11 11:09:27.799000,2022-10-11 11:25:58.752000,NA,2022-10-11 11:30:35.041000,Week 2,0.3625,0.0,2.0,0.0,2022-10-11 11:30:47.340000,NA,NA,NA,NA,NA,NA,NA,NA,NA,NA,NA,NA,NA,NA,NA,NA,NA,NA,NA,NA,NA,NA,NA,NA,NA,NA,NA,NA,NA,NA,NA,NA,NA,NA,NA,NA,NA,NA,NA,NA,NA,NA,6124,6274
 , , , ,0.56,0.52,0.4,0.6,52,1997,41_datatwo,10/10/22 - 16/10/26,0.005555000000000001,1.1827783333333335,0.0,0.0,0.9836116666666667,0.0,0.003055,02:10:30,01:44:34,6,15,0.0,0.026668333333333336,0.00027833333333333334,0.0,0.0,0.770555,0.0,10,1,0.0,0,3,NA,2022-10-10 18:25:16.774000,2022-10-11 11:34:16.890000,NA,NA,2022-10-10 18:25:25.103000,Week 2,0.004445,0.9616666666666667,5.0,2.0,2022-10-10 18:25:32.338000,2022-10-14 10:16:40.817000,NA,NA,NA,NA,NA,NA,NA,NA,NA,NA,NA,NA,NA,NA,NA,NA,NA,NA,NA,NA,NA,NA,NA,NA,NA,NA,NA,NA,NA,NA,NA,NA,NA,NA,NA,NA,NA,NA,NA,NA,NA,7830,6274
0.28,0.4,0.4,0.36,0.52,0.56,0.52,0.56,54,1996,42_datatwo,10/10/22 - 16/10/26,0.0,1.1308333333333331,0.0,0.0,0.0,1.6605549999999998,0.0,02:47:29,01:44:34,10,15,0.325,0.0063883333333333335,0.010278333333333334,0.0016666666666666668,0.007221666666666667,0.0,6.0,8,2,2.0,2,1,2022-10-11 11:59:25.721000,2022-10-11 11:33:56.342000,2022-10-11 12:09:04.750000,2022-10-11 11:34:21.294000,2022-10-11 11:33:58.633000,2022-10-11 11:34:31.243000,Week 2,0.7044433333333334,1.0672216666666665,4.0,2.0,2022-10-11 11:52:15.100000,2022-10-15 21:06:04.674000,NA,NA,NA,NA,NA,NA,NA,NA,NA,NA,NA,NA,NA,NA,NA,NA,NA,NA,NA,NA,NA,NA,NA,NA,NA,NA,NA,NA,NA,NA,NA,NA,NA,NA,NA,NA,NA,NA,NA,NA,NA,10049,6274
 ,0.44,0.44, ,0.52,0.56,0.52,0.6,55,1991,43_datatwo,10/10/22 - 16/10/26,0.0,1.2711116666666666,0.0,0.0,0.0,0.0,0.0,01:16:16,01:44:34,5,6,0.010555,0.030278333333333334,0.030555000000000002,0.006111666666666666,0.0,0.0,1.0,2,1,1.0,0,0,2022-10-11 08:07:18.187000,2022-10-11 08:08:17.809000,2022-10-11 08:05:28.466000,2022-10-11 08:07:56.080000,NA,NA,Week 2,0.8422216666666668,0.0,1.0,0.0,NA,2022-10-11 12:46:34.479000,NA,NA,NA,NA,NA,NA,NA,NA,NA,NA,NA,NA,NA,NA,NA,NA,NA,NA,NA,NA,NA,NA,NA,NA,NA,NA,NA,NA,NA,NA,NA,NA,NA,NA,NA,NA,NA,NA,NA,NA,NA,4576,6274
0.56,0.68,0.72,0.72,0.72,0.76,0.8,0.8,77,1986,44_datatwo,10/10/22 - 16/10/26,0.0,2.7805549999999997,0.0,0.0,3.341111666666667,0.0,0.0,06:07:18,01:44:34,11,17,1.3777783333333333,0.043054999999999996,0.6113883333333334,0.005278333333333333,0.27388999999999997,0.65,3.0,18,3,1.0,5,4,2022-10-14 19:01:08.505000,2022-10-11 15:52:01.788000,2022-10-11 16:37:21.882000,2022-10-11 15:52:31.945000,2022-10-11 15:52:16.246000,2022-10-11 15:52:53.322000,Week 2,1.2122216666666668,1.0119449999999999,6.0,2.0,2022-10-11 16:30:38.612000,2022-10-14 22:33:04.763000,NA,NA,NA,NA,NA,NA,NA,NA,NA,NA,NA,NA,NA,NA,NA,NA,NA,NA,NA,NA,NA,NA,NA,NA,NA,NA,NA,NA,NA,NA,NA,NA,NA,NA,NA,NA,NA,NA,NA,NA,NA,22038,6274
0.44,0.56,0.48, ,0.56,0.64,0.68,0.6,62,1989,45_datatwo,10/10/22 - 16/10/26,0.0,1.7930549999999998,0.0,0.0,0.0,0.0,0.0,01:47:35,01:44:34,13,13,0.23194499999999998,0.42416666666666664,0.39111166666666664,0.05583333333333333,0.017221666666666666,0.0016666666666666668,3.0,6,5,4.0,1,1,2022-10-11 11:14:53.210000,2022-10-11 11:29:33.772000,2022-10-11 11:09:37.155000,2022-10-11 11:13:18.646000,2022-10-11 11:30:47.548000,2022-10-11 11:31:51.555000,Week 2,0.055,0.0,3.0,0.0,2022-10-11 12:46:40.116000,NA,NA,NA,NA,NA,NA,NA,NA,NA,NA,NA,NA,NA,NA,NA,NA,NA,NA,NA,NA,NA,NA,NA,NA,NA,NA,NA,NA,NA,NA,NA,NA,NA,NA,NA,NA,NA,NA,NA,NA,NA,NA,6455,6274
0.36,0.4,NA,0.68,0.8,0.72,0.72,0.68,73,1992,46_datatwo,06/02/23 - 12/02/23,0.07333333333333333,1.75,0.06749999999999999,0.0,0.0,0.0,0.0,01:53:27,01:08:19,7,11,0.0,0.01639,0.003888333333333333,0.0,0.0011116666666666666,1.7277766666666667,0.0,6,3,0.0,1,2,NA,2023-02-06 02:34:07.088000,2023-02-06 02:33:57.197000,NA,2023-02-06 02:34:12.298000,2023-02-06 02:36:12.145000,Week 2,0.06277833333333334,0.8152766666666668,3.0,5.0,2023-02-08 12:26:01.118000,2023-02-08 11:21:35,NA,NA,NA,NA,NA,NA,NA,NA,NA,NA,NA,NA,NA,NA,NA,NA,NA,NA,NA,NA,NA,NA,NA,NA,NA,NA,NA,NA,NA,NA,NA,NA,NA,NA,NA,NA,NA,NA,NA,NA,NA,6807,4099
0.52,0.6,0.52,0.72,0.64,0.68,0.68,0.8,70,1999,47_datatwo,06/02/23 - 12/02/24,0.2711116666666667,0.014166666666666666,0.0,0.0,0.0,0.0,0.001945,00:17:14,01:08:19,6,9,0.0,0.015278333333333335,0.0,0.0,0.0,0.2575,0.0,5,0,0.0,1,3,NA,2023-02-06 17:43:37.592000,NA,NA,2023-02-06 17:59:36.778000,2023-02-06 17:43:44.053000,Week 2,0.0,2.0777783333333333,1.0,8.0,2023-02-12 22:32:39.409000,2023-02-11 13:27:00,NA,NA,NA,NA,NA,NA,NA,NA,NA,NA,NA,NA,NA,NA,NA,NA,NA,NA,NA,NA,NA,NA,NA,NA,NA,NA,NA,NA,NA,NA,NA,NA,NA,NA,NA,NA,NA,NA,NA,NA,NA,1034,4099
0.48,0.6,0.48,0.52,0.64,0.64,0.56,0.56,60,1989,48_datatwo,06/02/23 - 12/02/25,0.0,4.2733333333333325,0.0,0.0,0.0,0.0,0.0,04:16:24,01:08:19,9,13,0.0,2.694443333333333,0.0027783333333333336,0.06166666666666667,0.0008333333333333334,1.4463883333333334,1.0,7,1,2.0,1,5,2023-02-07 13:55:47.914000,2023-02-07 12:04:43.364000,2023-02-07 12:06:14.036000,2023-02-07 11:28:14.169000,2023-02-07 12:07:03.016000,2023-02-07 12:04:46.624000,Week 2,0.0,0.42416666666666664,0.0,1.0,NA,2023-02-08 12:10:46,NA,NA,NA,NA,NA,NA,NA,NA,NA,NA,NA,NA,NA,NA,NA,NA,NA,NA,NA,NA,NA,NA,NA,NA,NA,NA,NA,NA,NA,NA,NA,NA,NA,NA,NA,NA,NA,NA,NA,NA,NA,15384,4099
NA,NA,NA,NA,0.56,0.64,0.56,0.64,60,1995,49_datatwo,06/02/23 - 12/02/25,0.0,0.09444333333333334,0.0,0.0036116666666666667,0.39527833333333334,0.0,0.0,00:29:36,01:08:19,12,19,0.031111666666666666,0.09527833333333334,0.019444999999999997,0.001945,0.03972166666666666,0.08027833333333333,4.0,9,5,1.0,2,3,2023-02-07 15:11:42.551000,2023-02-07 12:13:17.038000,2023-02-07 12:11:50.050000,2023-02-10 14:31:07.542000,2023-02-07 15:09:51.046000,2023-02-07 12:13:19.704000,Week 2,0.009721666666666665,0.4683333333333334,2.0,6.0,2023-02-10 14:34:31.106000,2023-02-10 09:40:48,NA,NA,NA,NA,NA,NA,NA,NA,NA,NA,NA,NA,NA,NA,NA,NA,NA,NA,NA,NA,NA,NA,NA,NA,NA,NA,NA,NA,NA,NA,NA,NA,NA,NA,NA,NA,NA,NA,NA,NA,NA,1776,4099
0.48,0.4,NA,0.4,0.72,0.76,0.68,0.72,72,1988,50_datatwo,06/02/23 - 12/02/25,0.0,1.7488883333333332,0.0,0.09305499999999998,0.0,0.0,0.0,01:50:31,01:08:19,16,20,0.0011116666666666666,0.017778333333333333,0.021390000000000003,0.03138833333333333,0.13111166666666665,1.3888883333333333,2.0,22,15,9.0,6,6,2023-02-07 12:08:56.596000,2023-02-07 12:09:34.256000,2023-02-07 12:09:29.318000,2023-02-07 12:08:22.144000,2023-02-07 12:11:13.451000,2023-02-07 12:23:37.592000,Week 2,0.13889,0.8941666666666667,3.0,7.0,2023-02-07 13:48:09.003000,2023-02-11 12:29:49,NA,NA,NA,NA,NA,NA,NA,NA,NA,NA,NA,NA,NA,NA,NA,NA,NA,NA,NA,NA,NA,NA,NA,NA,NA,NA,NA,NA,NA,NA,NA,NA,NA,NA,NA,NA,NA,NA,NA,NA,NA,6631,4099
0.56,0.68,0.72,0.76,0.72,0.76,0.72,0.8,75,1994,51_datatwo,06/02/23 - 12/02/25,0.020833333333333332,1.3525,0.0,0.0,0.0,0.0,0.0,01:22:24,01:08:19,8,15,0.0,0.005555000000000001,0.0011116666666666666,0.001945,0.0027783333333333336,0.8747233333333333,1.0,6,3,1.0,1,3,2023-02-06 23:50:25.410000,2023-02-06 17:33:43.385000,2023-02-06 17:34:07.860000,2023-02-06 23:50:18.232000,2023-02-06 17:33:57.845000,2023-02-06 17:33:53.024000,Week 2,0.0,0.0,0.0,0.0,NA,NA,NA,NA,NA,NA,NA,NA,NA,NA,NA,NA,NA,NA,NA,NA,NA,NA,NA,NA,NA,NA,NA,NA,NA,NA,NA,NA,NA,NA,NA,NA,NA,NA,NA,NA,NA,NA,NA,NA,NA,NA,NA,4944,4099
0.44,0.4,NA,NA,0.64,0.52,0.56,0.64,60,1997,52_datatwo,06/02/23 - 12/02/25,0.0,0.001945,0.0,0.0,0.0,0.0,0.0,00:00:07,01:08:19,3,3,0.0,0.000555,0.000555,0.0,0.0,0.0,0.0,1,1,0.0,0,1,NA,2023-02-07 12:12:01.538000,2023-02-07 12:11:59.127000,NA,NA,2023-02-07 12:12:03.483000,Week 2,0.0,0.5277783333333333,0.0,2.0,NA,2023-02-11 12:04:29,NA,NA,NA,NA,NA,NA,NA,NA,NA,NA,NA,NA,NA,NA,NA,NA,NA,NA,NA,NA,NA,NA,NA,NA,NA,NA,NA,NA,NA,NA,NA,NA,NA,NA,NA,NA,NA,NA,NA,NA,NA,7,4099
0.36,NA,NA,0.76,0.68,0.68,0.68,0.76,70,1991,53_datatwo,06/02/23 - 12/02/25,0.0,1.9127783333333332,0.0,0.0,0.0,0.0,1.3136100000000002,03:13:35,01:08:19,6,13,0.3283333333333333,0.32055666666666666,0.0,0.0,1.9875,0.018888333333333333,2.0,8,0,0.0,3,3,2023-02-12 16:19:28.109000,2023-02-07 13:48:42.011000,NA,NA,2023-02-07 13:49:10.771000,2023-02-12 18:04:43.705000,Week 2,0.0,0.4727783333333333,0.0,1.0,NA,2023-02-11 12:07:44,NA,NA,NA,NA,NA,NA,NA,NA,NA,NA,NA,NA,NA,NA,NA,NA,NA,NA,NA,NA,NA,NA,NA,NA,NA,NA,NA,NA,NA,NA,NA,NA,NA,NA,NA,NA,NA,NA,NA,NA,NA,11615,4099
0.52,NA,0.52,0.52,0.6,0.68,0.56,0.56,60,1992,54_datatwo,06/02/23 - 12/02/25,0.0,0.006944999999999999,0.0,0.0,0.0,0.0,0.0,00:00:25,01:08:19,2,2,0.0,0.0011116666666666666,0.0,0.0,0.0,0.0,0.0,1,0,0.0,0,1,NA,2023-02-07 12:43:56.905000,NA,NA,NA,2023-02-07 12:44:00.770000,Week 2,0.0,0.30083333333333334,0.0,3.0,NA,2023-02-11 11:50:43,NA,NA,NA,NA,NA,NA,NA,NA,NA,NA,NA,NA,NA,NA,NA,NA,NA,NA,NA,NA,NA,NA,NA,NA,NA,NA,NA,NA,NA,NA,NA,NA,NA,NA,NA,NA,NA,NA,NA,NA,NA,25,4099
NA,NA,NA,NA,0.48,0.56,0.56,0.6,55,1992,55_datatwo,06/02/23 - 12/02/25,0.0,1.1016666666666666,0.0,0.051945000000000005,0.0,0.1377766666666667,0.09388833333333334,01:23:07,01:08:19,5,15,0.0,0.007778333333333333,0.0,0.0,0.0,0.42222166666666666,0.0,4,0,0.0,0,3,NA,2023-02-07 12:50:12.123000,NA,NA,NA,2023-02-07 12:50:15.494000,Week 2,0.0008333333333333334,0.0,1.0,0.0,2023-02-07 13:48:45.195000,NA,NA,NA,NA,NA,NA,NA,NA,NA,NA,NA,NA,NA,NA,NA,NA,NA,NA,NA,NA,NA,NA,NA,NA,NA,NA,NA,NA,NA,NA,NA,NA,NA,NA,NA,NA,NA,NA,NA,NA,NA,NA,4987,4099
0.56,NA,NA,NA,0.64,0.76,0.76,0.76,73,1985,56_datatwo,06/02/23 - 12/02/25,0.0,1.7897216666666664,0.0011116666666666666,0.0,0.0,0.0,0.0,01:47:27,01:08:19,6,7,0.07055499999999999,0.005278333333333333,0.0011116666666666666,0.0,0.0,1.6713883333333333,3.0,6,3,0.0,0,2,2023-02-07 13:55:19.226000,2023-02-07 12:12:41.491000,2023-02-07 12:12:40.705000,NA,NA,2023-02-07 12:12:53.900000,Week 2,0.0,0.25666666666666665,0.0,3.0,NA,2023-02-11 12:21:41,NA,NA,NA,NA,NA,NA,NA,NA,NA,NA,NA,NA,NA,NA,NA,NA,NA,NA,NA,NA,NA,NA,NA,NA,NA,NA,NA,NA,NA,NA,NA,NA,NA,NA,NA,NA,NA,NA,NA,NA,NA,6447,4099
NA,NA,0.6,NA,0.68,0.68,0.72,0.8,72,1987,57_datatwo,06/02/23 - 12/02/25,0.07472166666666666,0.0063883333333333335,0.0,0.0,0.007778333333333333,0.021111666666666664,0.0,00:06:36,01:08:19,7,11,0.06111166666666667,0.009721666666666665,0.0011116666666666666,0.0,0.0,0.0,1.0,5,1,0.0,0,3,2023-02-06 15:23:01.100000,2023-02-06 15:26:50.132000,2023-02-10 12:42:44.612000,NA,NA,2023-02-06 15:26:58.012000,Week 2,0.0,0.014445000000000001,0.0,2.0,NA,2023-02-07 08:39:26,NA,NA,NA,NA,NA,NA,NA,NA,NA,NA,NA,NA,NA,NA,NA,NA,NA,NA,NA,NA,NA,NA,NA,NA,NA,NA,NA,NA,NA,NA,NA,NA,NA,NA,NA,NA,NA,NA,NA,NA,NA,396,4099
NA,NA,NA,NA,0.4,0.48,0.4,0.52,45,1998,58_datatwo,06/02/23 - 12/02/25,0.0,0.0,0.0,0.35472166666666666,0.0,0.0,0.0,00:21:17,01:08:19,3,5,0.3188883333333334,0.0,0.0,0.0,0.0,0.0,3.0,0,0,0.0,0,0,2023-02-09 16:37:55.285000,NA,NA,NA,NA,NA,Week 2,0.0,0.0,0.0,0.0,NA,NA,NA,NA,NA,NA,NA,NA,NA,NA,NA,NA,NA,NA,NA,NA,NA,NA,NA,NA,NA,NA,NA,NA,NA,NA,NA,NA,NA,NA,NA,NA,NA,NA,NA,NA,NA,NA,NA,NA,NA,NA,NA,1277,4099
0.68,0.72,0.48,0.72,0.68,0.72,0.76,0.76,73,1994,59_datatwo,06/02/23 - 12/02/25,1.8058333333333332,3.82,0.45694333333333337,0.0,0.0,0.16611166666666666,0.0,06:14:56,01:08:19,10,19,0.005556666666666667,0.004445,0.0036116666666666667,1.790555,0.0,3.3400000000000003,3.0,3,2,4.0,0,4,2023-02-07 09:29:59.877000,2023-02-07 09:44:23.568000,2023-02-06 21:18:12.990000,2023-02-06 19:30:36.756000,NA,2023-02-07 09:44:30.660000,Week 2,0.0,3.07611,0.0,4.0,NA,2023-02-10 14:54:51,NA,NA,NA,NA,NA,NA,NA,NA,NA,NA,NA,NA,NA,NA,NA,NA,NA,NA,NA,NA,NA,NA,NA,NA,NA,NA,NA,NA,NA,NA,NA,NA,NA,NA,NA,NA,NA,NA,NA,NA,NA,22496,4099
0.56,0.7,NA,NA,0.68,0.76,0.8,0.8,76,1998,60_datatwo,06/02/23 - 12/02/25,0.0,1.0825,0.0,0.0,0.0,0.0,0.0,01:04:57,01:08:19,5,5,0.0,0.004445,0.0013883333333333332,0.0,0.1,0.9472216666666667,0.0,4,3,0.0,2,1,NA,2023-02-07 12:50:04.171000,2023-02-07 13:54:37.082000,NA,2023-02-07 13:46:57.887000,2023-02-07 12:50:06.116000,Week 2,0.0,1.4894433333333335,0.0,2.0,NA,2023-02-11 11:25:25,NA,NA,NA,NA,NA,NA,NA,NA,NA,NA,NA,NA,NA,NA,NA,NA,NA,NA,NA,NA,NA,NA,NA,NA,NA,NA,NA,NA,NA,NA,NA,NA,NA,NA,NA,NA,NA,NA,NA,NA,NA,3897,4099
0.6,0.4,NA,0.72,0.8,0.76,0.72,0.8,77,1994,61_datatwo,06/02/23 - 12/02/25,0.32305666666666666,0.28777833333333336,0.0,0.0008333333333333334,0.0,0.0,0.054445,00:39:58,01:08:19,9,18,0.03805499999999999,0.11111166666666668,0.019166666666666665,0.00027833333333333334,0.018333333333333333,0.35333333333333333,2.0,23,4,1.0,4,8,2023-02-07 13:42:21.642000,2023-02-06 10:57:27.760000,2023-02-06 10:57:04.676000,2023-02-07 13:46:31.555000,2023-02-06 12:55:37.442000,2023-02-06 10:57:32.312000,Week 2,0.050556666666666666,0.295555,2.0,3.0,2023-02-07 13:48:41.540000,2023-02-10 22:01:25,NA,NA,NA,NA,NA,NA,NA,NA,NA,NA,NA,NA,NA,NA,NA,NA,NA,NA,NA,NA,NA,NA,NA,NA,NA,NA,NA,NA,NA,NA,NA,NA,NA,NA,NA,NA,NA,NA,NA,NA,NA,2398,4099
NA,NA,NA,NA,0.68,0.64,0.56,0.52,60,2001,62_datatwo,06/02/23 - 12/02/25,0.0,1.6183333333333332,0.0,0.0022216666666666665,0.0,0.0,0.0,01:37:14,01:08:19,7,7,0.0,0.05222166666666666,0.0013883333333333332,0.0,0.012221666666666665,1.4972216666666667,1.0,10,3,0.0,3,3,2023-02-09 21:14:21.963000,2023-02-07 12:17:37.486000,2023-02-07 12:17:34.388000,NA,2023-02-07 13:47:03.489000,2023-02-07 12:17:39.770000,Week 2,0.0008333333333333334,0.24305500000000002,1.0,3.0,2023-02-07 13:48:00.116000,2023-02-11 12:23:25,NA,NA,NA,NA,NA,NA,NA,NA,NA,NA,NA,NA,NA,NA,NA,NA,NA,NA,NA,NA,NA,NA,NA,NA,NA,NA,NA,NA,NA,NA,NA,NA,NA,NA,NA,NA,NA,NA,NA,NA,NA,5834,4099
0.56,0.6,0.6,0.64,0.64,0.68,0.68,0.68,67,1993,63_datatwo,06/02/23 - 12/02/25,0.012221666666666665,1.3488883333333332,0.0,0.0,0.0,0.0,0.013055,01:22:26,01:08:19,6,12,0.004166666666666667,0.003888333333333333,0.003055,0.0,0.1325,1.1958333333333333,4.0,8,2,0.0,2,2,2023-02-06 22:33:22.868000,2023-02-06 22:33:43.085000,2023-02-06 22:33:41.152000,NA,2023-02-07 13:47:00.947000,2023-02-07 12:33:48.040000,Week 2,0.0,1.6797216666666666,0.0,3.0,NA,2023-02-11 12:12:51,NA,NA,NA,NA,NA,NA,NA,NA,NA,NA,NA,NA,NA,NA,NA,NA,NA,NA,NA,NA,NA,NA,NA,NA,NA,NA,NA,NA,NA,NA,NA,NA,NA,NA,NA,NA,NA,NA,NA,NA,NA,4946,4099
0.52,NA,NA,NA,0.52,0.52,0.56,0.72,58,1998,64_datatwo,06/02/23 - 12/02/25,0.0,1.53361,0.0,0.0,0.0,0.0,0.0,01:32:01,01:08:19,3,5,0.0,0.006666666666666667,0.0,0.0,0.0,1.520555,0.0,4,0,0.0,0,1,NA,2023-02-07 12:10:47.760000,NA,NA,NA,2023-02-07 12:11:04.409000,Week 2,0.0,0.5552783333333333,0.0,5.0,NA,2023-02-11 11:45:25,NA,NA,NA,NA,NA,NA,NA,NA,NA,NA,NA,NA,NA,NA,NA,NA,NA,NA,NA,NA,NA,NA,NA,NA,NA,NA,NA,NA,NA,NA,NA,NA,NA,NA,NA,NA,NA,NA,NA,NA,NA,5521,4099
0.44,NA,NA,0.24,0.72,0.68,0.58,0.54,63,1982,65_datatwo,06/02/23 - 12/02/25,0.0,1.9305549999999998,0.0,0.0,0.0,0.0,0.0,01:55:50,01:08:19,4,4,0.0,0.0008333333333333334,0.190555,0.0,0.0,1.7091666666666667,0.0,1,3,0.0,0,1,NA,2023-02-07 12:13:36.878000,2023-02-07 08:42:52.915000,NA,NA,2023-02-07 12:13:39.963000,Week 2,0.0,0.0,0.0,0.0,NA,NA,NA,NA,NA,NA,NA,NA,NA,NA,NA,NA,NA,NA,NA,NA,NA,NA,NA,NA,NA,NA,NA,NA,NA,NA,NA,NA,NA,NA,NA,NA,NA,NA,NA,NA,NA,NA,NA,NA,NA,NA,NA,6950,4099
NA,NA,NA,NA,0.58,0.58,0.58,0.58,58,1980,66_datatwo,06/02/23 - 12/02/25,0.0,0.9936116666666667,0.019444999999999997,0.0,0.0,0.0,0.0,01:00:47,01:08:19,6,6,0.0,0.06472166666666666,0.0,0.0,0.005833333333333333,0.8636116666666667,0.0,6,0,0.0,1,3,NA,2023-02-07 12:56:56.910000,NA,NA,2023-02-07 13:48:39.159000,2023-02-07 12:57:01.264000,Week 2,0.005278333333333333,0.944445,1.0,1.0,2023-02-07 13:49:02.142000,2023-02-11 18:45:34,NA,NA,NA,NA,NA,NA,NA,NA,NA,NA,NA,NA,NA,NA,NA,NA,NA,NA,NA,NA,NA,NA,NA,NA,NA,NA,NA,NA,NA,NA,NA,NA,NA,NA,NA,NA,NA,NA,NA,NA,NA,3647,4099
NA,NA,NA,NA,0.58,0.66,0.58,0.58,60,1986,67_datatwo,06/02/23 - 12/02/25,0.0,0.019444999999999997,0.0,0.0,0.0,0.0,0.0,00:01:10,01:08:19,5,5,0.0,0.006111666666666666,0.0033333333333333335,0.005555000000000001,0.0,0.0,0.0,5,3,1.0,0,1,NA,2023-02-07 12:30:52.147000,2023-02-07 12:30:54.186000,2023-02-07 12:30:57.371000,NA,2023-02-07 12:31:56.699000,Week 2,0.0,0.0,0.0,2.0,NA,2023-02-11 12:10:46,NA,NA,NA,NA,NA,NA,NA,NA,NA,NA,NA,NA,NA,NA,NA,NA,NA,NA,NA,NA,NA,NA,NA,NA,NA,NA,NA,NA,NA,NA,NA,NA,NA,NA,NA,NA,NA,NA,NA,NA,NA,70,4099
0.6,NA,NA,NA,0.6,0.64,0.56,0.64,61,1989,68_datatwo,06/02/23 - 12/02/25,0.0,1.7163883333333334,0.0,0.0,0.3038883333333333,0.0,0.0,02:01:13,01:08:19,7,7,0.26916666666666667,0.005555000000000001,0.000555,0.0,0.0013883333333333332,1.6697216666666665,1.0,7,1,0.0,1,5,2023-02-10 05:59:40.177000,2023-02-07 12:09:28.418000,2023-02-10 05:59:38.217000,NA,2023-02-07 13:48:11.378000,2023-02-07 12:09:33.076000,Week 2,0.003055,0.979445,1.0,3.0,2023-02-07 13:48:32.237000,2023-02-11 12:15:33,NA,NA,NA,NA,NA,NA,NA,NA,NA,NA,NA,NA,NA,NA,NA,NA,NA,NA,NA,NA,NA,NA,NA,NA,NA,NA,NA,NA,NA,NA,NA,NA,NA,NA,NA,NA,NA,NA,NA,NA,NA,7273,4099
0.68,0.6,0.6,0.48,0.68,0.6,0.64,0.72,66,1989,69_datatwo,06/02/23 - 12/02/25,0.9222216666666667,4.49361,0.0,0.0,0.0,0.0,0.003888333333333333,05:25:10,01:08:19,6,11,0.0027783333333333336,0.014721666666666666,0.0,2.6305549999999998,0.0,2.6769450000000004,1.0,12,0,4.0,0,7,2023-02-07 13:54:07.810000,2023-02-06 11:54:48.961000,NA,2023-02-07 08:54:02.335000,NA,2023-02-06 11:54:53.353000,Week 2,0.0,0.36722166666666667,0.0,3.0,NA,2023-02-11 12:18:56,NA,NA,NA,NA,NA,NA,NA,NA,NA,NA,NA,NA,NA,NA,NA,NA,NA,NA,NA,NA,NA,NA,NA,NA,NA,NA,NA,NA,NA,NA,NA,NA,NA,NA,NA,NA,NA,NA,NA,NA,NA,19510,4099
0.56,0.52,NA,0.52,0.68,0.76,0.72,0.72,72,1995,70_datatwo,06/02/23 - 12/02/25,3.0091666666666668,1.9222216666666665,0.0,0.058054999999999995,0.0,0.0,0.0,04:59:22,01:08:19,15,25,0.053611666666666676,0.08055499999999999,2.5027783333333335,0.0013883333333333332,0.04139,2.1019433333333333,6.0,25,10,3.0,7,9,2023-02-06 17:39:23.554000,2023-02-06 13:26:27.035000,2023-02-06 14:01:04.966000,2023-02-07 13:41:11.285000,2023-02-06 13:26:30.784000,2023-02-06 13:28:29.970000,Week 2,0.035,1.135,2.0,8.0,2023-02-09 11:03:30.654000,2023-02-11 09:45:03,NA,NA,NA,NA,NA,NA,NA,NA,NA,NA,NA,NA,NA,NA,NA,NA,NA,NA,NA,NA,NA,NA,NA,NA,NA,NA,NA,NA,NA,NA,NA,NA,NA,NA,NA,NA,NA,NA,NA,NA,NA,17962,4099
0.64,NA,NA,NA,0.64,0.76,0.6,0.56,64,1990,71_datatwo,06/02/23 - 12/02/25,0.225,0.0,0.0,0.0,0.0,0.0,0.0,00:13:30,01:08:19,1,1,0.010555,0.0,0.0,0.0,0.0,0.0,1.0,0,0,0.0,0,0,2023-02-06 19:00:14.233000,NA,NA,NA,NA,NA,Week 2,0.0,1.445,0.0,3.0,NA,2023-02-11 12:10:53,NA,NA,NA,NA,NA,NA,NA,NA,NA,NA,NA,NA,NA,NA,NA,NA,NA,NA,NA,NA,NA,NA,NA,NA,NA,NA,NA,NA,NA,NA,NA,NA,NA,NA,NA,NA,NA,NA,NA,NA,NA,810,4099
NA,NA,NA,NA,0.68,0.68,0.48,0.64,62,1998,72_datatwo,06/02/23 - 12/02/25,0.0,1.6438883333333332,0.0,0.0,0.0,0.0,0.0,01:38:38,01:08:19,6,6,0.011111666666666667,0.0036116666666666667,0.0022216666666666665,0.00027833333333333334,0.0,1.516945,2.0,3,4,1.0,0,1,2023-02-07 13:54:52.289000,2023-02-07 12:23:35.820000,2023-02-07 12:23:34.939000,2023-02-07 13:54:51.139000,NA,2023-02-07 12:23:42.742000,Week 2,0.0,0.24027833333333332,0.0,2.0,NA,2023-02-11 12:21:58,NA,NA,NA,NA,NA,NA,NA,NA,NA,NA,NA,NA,NA,NA,NA,NA,NA,NA,NA,NA,NA,NA,NA,NA,NA,NA,NA,NA,NA,NA,NA,NA,NA,NA,NA,NA,NA,NA,NA,NA,NA,5918,4099
NA,NA,NA,NA,0.56,0.6,0.56,0.48,55,1996,73_datatwo,06/02/23 - 12/02/25,0.0,0.0,0.0,0.0,0.0,0.0,0.0,00:00:00,01:44:34,0,0,0.0,0.0,0.0,0.0,0.0,0.0,0.0,0,0,0.0,0,0,NA,NA,NA,NA,NA,NA,Week 2,0.0,0.0,0.0,0.0,NA,NA,NA,NA,NA,NA,NA,NA,NA,NA,NA,NA,NA,NA,NA,NA,NA,NA,NA,NA,NA,NA,NA,NA,NA,NA,NA,NA,NA,NA,NA,NA,NA,NA,NA,NA,NA,NA,NA,NA,NA,NA,NA,0,0
0.52,0.72,0.48,0.52,0.6,0.72,0.48,0.72,63,1998,74_datatwo,06/02/23 - 12/02/25,0.0,1.8063883333333333,0.0,0.0,0.0,0.0,0.0,01:48:23,01:08:19,6,7,0.0,0.09416666666666668,0.0,0.0,0.01638833333333333,1.6238883333333332,0.0,8,0,0.0,2,2,NA,2023-02-07 12:06:22.932000,NA,NA,2023-02-07 12:10:15.721000,2023-02-07 12:10:23.643000,Week 2,0.0047216666666666665,1.1133333333333333,1.0,2.0,2023-02-07 13:48:08.986000,2023-02-11 12:09:08,NA,NA,NA,NA,NA,NA,NA,NA,NA,NA,NA,NA,NA,NA,NA,NA,NA,NA,NA,NA,NA,NA,NA,NA,NA,NA,NA,NA,NA,NA,NA,NA,NA,NA,NA,NA,NA,NA,NA,NA,NA,6503,4099
0.52,0.68,0.52,0.68,0.52,0.68,0.52,0.72,61,1992,75_datatwo,06/02/23 - 12/02/25,0.125555,1.8972216666666666,0.0,0.0,0.0,0.0,0.0,02:01:22,01:08:19,7,12,0.029445,0.13833333333333334,0.0033333333333333335,0.0008333333333333334,0.018055,1.808055,2.0,22,3,1.0,6,10,2023-02-06 17:39:32.457000,2023-02-06 17:27:12.923000,2023-02-07 12:01:17.233000,2023-02-07 13:43:18.974000,2023-02-06 17:33:49.025000,2023-02-06 17:27:18.279000,Week 2,0.0,0.15139000000000002,0.0,6.0,NA,2023-02-11 10:47:59,NA,NA,NA,NA,NA,NA,NA,NA,NA,NA,NA,NA,NA,NA,NA,NA,NA,NA,NA,NA,NA,NA,NA,NA,NA,NA,NA,NA,NA,NA,NA,NA,NA,NA,NA,NA,NA,NA,NA,NA,NA,7282,4099
0.56,NA,NA,NA,0.6,0.52,0.56,0.64,58,1993,76_datatwo,06/02/23 - 12/02/25,0.058611666666666666,1.77,0.0,0.0,0.0,0.0,0.0,01:49:43,01:08:19,11,13,0.0,0.029445,0.010278333333333334,0.011111666666666667,0.005555000000000001,1.5741666666666667,0.0,11,6,3.0,2,2,NA,2023-02-07 12:08:24.465000,2023-02-06 20:24:10.426000,2023-02-06 20:25:05.890000,2023-02-07 13:47:20.884000,2023-02-07 12:09:34.149000,Week 2,0.078055,0.14583333333333334,2.0,3.0,2023-02-07 13:47:45.465000,2023-02-11 12:12:14,NA,NA,NA,NA,NA,NA,NA,NA,NA,NA,NA,NA,NA,NA,NA,NA,NA,NA,NA,NA,NA,NA,NA,NA,NA,NA,NA,NA,NA,NA,NA,NA,NA,NA,NA,NA,NA,NA,NA,NA,NA,6583,4099
NA,0.48,0.64,NA,0.68,0.56,0.68,0.68,65,2002,77_datatwo,06/02/23 - 12/02/25,0.0,0.07222333333333333,0.0,0.0,0.0,0.0,0.0,00:04:20,01:08:19,2,3,0.0,0.048889999999999996,0.0,0.0,0.0,0.0,0.0,3,0,0.0,0,1,NA,2023-02-07 12:08:12.374000,NA,NA,NA,2023-02-07 12:09:52.668000,Week 2,0.0,0.2511116666666667,0.0,1.0,NA,2023-02-11 12:17:51,NA,NA,NA,NA,NA,NA,NA,NA,NA,NA,NA,NA,NA,NA,NA,NA,NA,NA,NA,NA,NA,NA,NA,NA,NA,NA,NA,NA,NA,NA,NA,NA,NA,NA,NA,NA,NA,NA,NA,NA,NA,260,4099
NA,NA,NA,NA,0.32,0.32,0.2,0.56,35,1989,78_datatwo,06/02/23 - 12/02/25,0.0,1.9569433333333335,0.0,0.0,0.0,0.0,0.0,01:57:25,01:08:19,6,8,0.0,0.01944333333333333,0.003888333333333333,0.0,0.23888833333333334,1.6411116666666667,0.0,12,5,0.0,5,3,NA,2023-02-07 12:06:43.788000,2023-02-07 12:06:33.937000,NA,2023-02-07 12:09:40.076000,2023-02-07 12:07:53.678000,Week 2,0.0,0.0,0.0,1.0,NA,2023-02-11 12:10:06,NA,NA,NA,NA,NA,NA,NA,NA,NA,NA,NA,NA,NA,NA,NA,NA,NA,NA,NA,NA,NA,NA,NA,NA,NA,NA,NA,NA,NA,NA,NA,NA,NA,NA,NA,NA,NA,NA,NA,NA,NA,7045,4099
0.4,NA,NA,0.48,0.58,0.66,0.58,0.58,60,1997,79_datatwo,06/02/23 - 12/02/25,0.0,1.7622233333333335,0.0,0.0,0.0,0.0,0.0,01:45:44,01:08:19,5,6,0.0,0.005,0.0,0.0,0.0,1.668888333333333,1.0,2,0,0.0,0,2,2023-02-07 13:55:39.286000,2023-02-07 12:14:20.267000,NA,NA,NA,2023-02-07 12:14:36.281000,Week 2,0.0,0.0,0.0,0.0,NA,NA,NA,NA,NA,NA,NA,NA,NA,NA,NA,NA,NA,NA,NA,NA,NA,NA,NA,NA,NA,NA,NA,NA,NA,NA,NA,NA,NA,NA,NA,NA,NA,NA,NA,NA,NA,NA,NA,NA,NA,NA,NA,6344,4099
NA,NA,NA,NA,55.0,66.0,50.0,49.0,55,1998,80_datatwo,09/10/23 - 15/10/23,0.0063883333333333335,1.4491666666666667,0.0,0.0,0.0,0.025278333333333333,0.0,01:28:51,00:48:09,3,3,0.0,0.03861166666666667,0.0,0.0,0.0,0.006944999999999999,0.0,4,0,0.0,0,1,NA,2023-10-10 11:05:53.262000,NA,NA,NA,2023-10-10 11:09:34.721000,Week 2,1.398888333333333,0.0,3.0,0.0,2023-10-10 11:08:02.330000,NA,NA,NA,NA,NA,NA,NA,NA,NA,NA,NA,NA,NA,NA,NA,NA,NA,NA,NA,NA,NA,NA,NA,NA,NA,NA,NA,NA,NA,NA,NA,NA,NA,NA,NA,NA,NA,NA,NA,NA,NA,NA,5331,2889
NA,NA,NA,NA,52.0,68.0,52.0,40.0,53,1989,81_datatwo,09/10/23 - 15/10/23,0.0,0.0,0.0,0.0,0.0,0.0,0.0,00:00:00,00:48:09,0,0,0.0,0.0,0.0,0.0,0.0,0.0,0.0,0,0,0.0,0,0,NA,NA,NA,NA,NA,NA,Week 2,0.0,0.0,0.0,0.0,NA,NA,NA,NA,NA,NA,NA,NA,NA,NA,NA,NA,NA,NA,NA,NA,NA,NA,NA,NA,NA,NA,NA,NA,NA,NA,NA,NA,NA,NA,NA,NA,NA,NA,NA,NA,NA,NA,NA,NA,NA,NA,NA,0,2889
0.48,0.36,NA,NA,56.0,56.0,56.0,64.0,58,1998,82_datatwo,09/10/23 - 15/10/23,0.0,1.48,0.0,0.0,0.0,0.0,0.0,01:28:48,00:48:09,3,3,0.0,0.003055,0.0,0.0,0.0,0.0,0.0,4,0,0.0,0,0,NA,2023-10-10 11:08:46.572000,NA,NA,NA,NA,Week 2,1.4152783333333334,0.014721666666666666,3.0,1.0,2023-10-10 11:08:50.803000,2023-10-10 12:31:17.726000,NA,NA,NA,NA,NA,NA,NA,NA,NA,NA,NA,NA,NA,NA,NA,NA,NA,NA,NA,NA,NA,NA,NA,NA,NA,NA,NA,NA,NA,NA,NA,NA,NA,NA,NA,NA,NA,NA,NA,NA,NA,5328,2889
0.48,0.32,NA,NA,66.0,53.0,60.0,65.0,61,1997,83_datatwo,09/10/23 - 15/10/23,0.0,0.0,0.0,0.0,0.020833333333333332,0.20110999999999998,0.0,00:13:19,00:48:09,12,13,0.0925,0.005833333333333333,0.04083333333333334,0.0047216666666666665,0.0016666666666666668,0.0,4.0,4,1,1.0,1,0,2023-10-14 13:15:14.103000,2023-10-13 11:48:33.287000,2023-10-14 13:12:01.138000,2023-10-14 13:14:57.482000,2023-10-13 11:48:41.434000,NA,Week 2,0.005555000000000001,0.0,1.0,0.0,2023-10-14 13:14:37.740000,NA,NA,NA,NA,NA,NA,NA,NA,NA,NA,NA,NA,NA,NA,NA,NA,NA,NA,NA,NA,NA,NA,NA,NA,NA,NA,NA,NA,NA,NA,NA,NA,NA,NA,NA,NA,NA,NA,NA,NA,NA,NA,799,2889
NA,0.2,NA,NA,57.0,57.0,56.0,58.0,57,1991,84_datatwo,09/10/23 - 15/10/23,0.0,0.0,0.0,0.0,0.0,0.0,0.0,00:00:00,00:48:09,0,0,0.0,0.0,0.0,0.0,0.0,0.0,0.0,0,0,0.0,0,0,NA,NA,NA,NA,NA,NA,Week 2,0.0,0.0,0.0,0.0,NA,NA,NA,NA,NA,NA,NA,NA,NA,NA,NA,NA,NA,NA,NA,NA,NA,NA,NA,NA,NA,NA,NA,NA,NA,NA,NA,NA,NA,NA,NA,NA,NA,NA,NA,NA,NA,NA,NA,NA,NA,NA,NA,0,2889
0.4,0.52,0.72,0.74,60.0,65.0,72.0,75.0,68,1984,85_datatwo,09/10/23 - 15/10/23,0.0,1.0463883333333335,0.343055,0.0,0.0,0.0,3.0694450000000004,04:27:32,00:48:09,7,11,0.0,0.018055,0.40361166666666665,0.005555000000000001,0.11611166666666667,0.0,0.0,7,4,1.0,2,0,NA,2023-10-10 11:34:04.900000,2023-10-11 07:24:04.270000,2023-10-11 07:40:33.291000,2023-10-11 07:33:35.345000,NA,Week 2,1.0411116666666667,0.0,3.0,0.0,2023-10-10 11:34:07.711000,NA,NA,NA,NA,NA,NA,NA,NA,NA,NA,NA,NA,NA,NA,NA,NA,NA,NA,NA,NA,NA,NA,NA,NA,NA,NA,NA,NA,NA,NA,NA,NA,NA,NA,NA,NA,NA,NA,NA,NA,NA,NA,16052,2889
0.52,0.68,0.64,NA,60.0,68.0,72.0,72.0,68,1995,86_datatwo,09/10/23 - 15/10/23,0.0,1.4436116666666667,0.0,0.0,0.0,0.0,0.0,01:26:37,00:48:09,3,3,0.0,0.06833333333333333,0.0,0.0,0.0,0.0,0.0,4,0,0.0,0,0,NA,2023-10-10 10:59:51.565000,NA,NA,NA,NA,Week 2,0.470555,0.0027783333333333336,3.0,1.0,2023-10-10 11:03:53.377000,2023-10-10 11:09:27.725000,NA,NA,NA,NA,NA,NA,NA,NA,NA,NA,NA,NA,NA,NA,NA,NA,NA,NA,NA,NA,NA,NA,NA,NA,NA,NA,NA,NA,NA,NA,NA,NA,NA,NA,NA,NA,NA,NA,NA,NA,NA,5197,2889
NA,NA,NA,NA,70.0,62.0,72.0,76.0,70,1996,87_datatwo,09/10/23 - 15/10/23,0.0,0.0027783333333333336,0.0,0.0,0.0,0.0,0.0,00:00:10,00:48:09,2,2,0.0,0.0013883333333333332,0.0,0.0,0.0,0.0,0.0,1,0,0.0,0,0,NA,2023-10-10 12:25:47.007000,NA,NA,NA,NA,Week 2,0.0,0.0,1.0,0.0,2023-10-10 12:25:52.268000,NA,NA,NA,NA,NA,NA,NA,NA,NA,NA,NA,NA,NA,NA,NA,NA,NA,NA,NA,NA,NA,NA,NA,NA,NA,NA,NA,NA,NA,NA,NA,NA,NA,NA,NA,NA,NA,NA,NA,NA,NA,NA,10,2889
0.56,0.68,0.6,0.64,64.0,68.0,64.0,76.0,68,1986,88_datatwo,09/10/23 - 15/10/23,0.08861166666666667,1.5969450000000003,0.011111666666666667,0.0,0.0,0.0,0.0,01:41:48,00:48:09,4,6,0.0,0.060000000000000005,0.0,0.0,0.004166666666666667,0.10361166666666667,0.0,8,0,0.0,1,3,NA,2023-10-09 18:41:47.195000,NA,NA,2023-10-10 10:58:33.647000,2023-10-09 18:41:51.397000,Week 2,0.5850000000000001,0.0,4.0,0.0,2023-10-10 11:07:27.755000,NA,NA,NA,NA,NA,NA,NA,NA,NA,NA,NA,NA,NA,NA,NA,NA,NA,NA,NA,NA,NA,NA,NA,NA,NA,NA,NA,NA,NA,NA,NA,NA,NA,NA,NA,NA,NA,NA,NA,NA,NA,NA,6108,2889
NA,NA,NA,NA,52.0,56.0,52.0,72.0,58,1996,89_datatwo,09/10/23 - 15/10/23,0.0,0.0,0.0,0.0,0.0,0.0,0.0,00:00:00,00:48:09,0,0,0.0,0.0,0.0,0.0,0.0,0.0,0.0,0,0,0.0,0,0,NA,NA,NA,NA,NA,NA,Week 2,0.0,0.0,0.0,0.0,NA,NA,NA,NA,NA,NA,NA,NA,NA,NA,NA,NA,NA,NA,NA,NA,NA,NA,NA,NA,NA,NA,NA,NA,NA,NA,NA,NA,NA,NA,NA,NA,NA,NA,NA,NA,NA,NA,NA,NA,NA,NA,NA,0,2889
NA,NA,NA,NA,52.0,52.0,52.0,56.0,53,1998,90_datatwo,09/10/23 - 15/10/23,0.0,0.0,0.0,0.0,0.0,0.0,0.0,00:00:00,00:48:09,0,0,0.0,0.0,0.0,0.0,0.0,0.0,0.0,0,0,0.0,0,0,NA,NA,NA,NA,NA,NA,Week 2,0.0,0.0,0.0,0.0,NA,NA,NA,NA,NA,NA,NA,NA,NA,NA,NA,NA,NA,NA,NA,NA,NA,NA,NA,NA,NA,NA,NA,NA,NA,NA,NA,NA,NA,NA,NA,NA,NA,NA,NA,NA,NA,NA,NA,NA,NA,NA,NA,0,2889
0.36,0.28,NA,NA,32.0,52.0,56.0,64.0,51,1992,91_datatwo,09/10/23 - 15/10/23,0.0,1.055,0.0,0.0,0.0,0.0,0.0,01:03:18,00:48:09,4,4,0.0,0.004166666666666667,0.012221666666666665,0.09277833333333334,0.0,0.0,0.0,4,2,1.0,0,0,NA,2023-10-10 11:40:27.739000,2023-10-10 11:13:43.285000,2023-10-10 12:35:35.079000,NA,NA,Week 2,0.9152783333333333,0.0,4.0,0.0,2023-10-10 11:40:30.276000,NA,NA,NA,NA,NA,NA,NA,NA,NA,NA,NA,NA,NA,NA,NA,NA,NA,NA,NA,NA,NA,NA,NA,NA,NA,NA,NA,NA,NA,NA,NA,NA,NA,NA,NA,NA,NA,NA,NA,NA,NA,NA,3798,2889
0.6,0.68,0.72,0.68,70.0,77.0,81.0,80.0,77,1996,92_datatwo,09/10/23 - 15/10/23,1.0436116666666666,0.9991666666666668,0.0,0.0,0.0,0.0,0.0,02:02:34,00:48:09,3,5,0.0,0.024166666666666666,0.0,0.0,0.0,1.0063883333333332,0.0,5,0,0.0,0,2,NA,2023-10-09 20:51:22.086000,NA,NA,NA,2023-10-09 20:51:35.606000,Week 2,0.995555,0.0,3.0,0.0,2023-10-09 21:53:15.124000,NA,NA,NA,NA,NA,NA,NA,NA,NA,NA,NA,NA,NA,NA,NA,NA,NA,NA,NA,NA,NA,NA,NA,NA,NA,NA,NA,NA,NA,NA,NA,NA,NA,NA,NA,NA,NA,NA,NA,NA,NA,NA,7354,2889
NA,NA,NA,NA,56.0,60.0,68.0,48.0,58,1989,92_datatwo,09/10/23 - 15/10/23,0.0,0.017221666666666666,0.0,0.0,0.0,0.0,0.0,00:01:02,00:48:09,0,0,0.0,0.0,0.0,0.0,0.0,0.0,0.0,0,0,0.0,0,0,NA,NA,NA,NA,NA,NA,Week 2,0.0,0.0,0.0,0.0,NA,NA,NA,NA,NA,NA,NA,NA,NA,NA,NA,NA,NA,NA,NA,NA,NA,NA,NA,NA,NA,NA,NA,NA,NA,NA,NA,NA,NA,NA,NA,NA,NA,NA,NA,NA,NA,NA,NA,NA,NA,NA,NA,62,2889
NA,NA,NA,NA,68.0,60.0,52.0,52.0,58,1994,94_datatwo,09/10/23 - 15/10/23,0.0,1.4677783333333336,0.0,0.0,0.0,0.0,0.03722166666666667,01:30:18,00:48:09,7,7,0.0,0.017221666666666666,0.0027783333333333336,0.003055,0.0,0.0,0.0,5,1,1.0,0,0,NA,2023-10-10 11:06:29.827000,2023-10-10 11:07:03.540000,2023-10-10 11:06:18.586000,NA,NA,Week 2,1.4383333333333332,0.0,3.0,0.0,2023-10-10 11:07:34.922000,NA,NA,NA,NA,NA,NA,NA,NA,NA,NA,NA,NA,NA,NA,NA,NA,NA,NA,NA,NA,NA,NA,NA,NA,NA,NA,NA,NA,NA,NA,NA,NA,NA,NA,NA,NA,NA,NA,NA,NA,NA,NA,5418,2889
0.56,0.6,0.36,NA,80.0,76.0,68.0,80.0,76,2000,95_datatwo,09/10/23 - 15/10/23,0.0,0.008888333333333333,0.0,0.0,0.0,0.0,0.0,00:00:32,00:48:09,5,5,0.0,0.0027783333333333336,0.000555,0.0016666666666666668,0.0,0.0022216666666666665,0.0,4,1,2.0,0,2,NA,2023-10-10 16:31:38.376000,2023-10-10 16:31:40.324000,2023-10-10 16:31:42.167000,NA,2023-10-10 16:31:53.142000,Week 2,0.0,0.0,1.0,0.0,2023-10-10 16:32:04.587000,NA,NA,NA,NA,NA,NA,NA,NA,NA,NA,NA,NA,NA,NA,NA,NA,NA,NA,NA,NA,NA,NA,NA,NA,NA,NA,NA,NA,NA,NA,NA,NA,NA,NA,NA,NA,NA,NA,NA,NA,NA,NA,32,2889
0.52,0.56,0.68,0.52,64.0,68.0,72.0,76.0,70,1987,96_datatwo,09/10/23 - 15/10/23,0.07111166666666667,0.18861,0.0,0.008333333333333333,2.221388333333333,0.018055,0.015000000000000001,02:31:20,00:48:09,12,25,0.0,0.2966666666666667,0.025555,0.021945,0.0,0.0,0.0,12,2,3.0,0,0,NA,2023-10-09 21:33:59.644000,2023-10-09 21:19:23.158000,2023-10-13 19:06:37.343000,NA,NA,Week 2,0.11527833333333334,1.610555,3.0,4.0,2023-10-10 11:41:57.167000,2023-10-10 11:05:03.318000,NA,NA,NA,NA,NA,NA,NA,NA,NA,NA,NA,NA,NA,NA,NA,NA,NA,NA,NA,NA,NA,NA,NA,NA,NA,NA,NA,NA,NA,NA,NA,NA,NA,NA,NA,NA,NA,NA,NA,NA,NA,9080,2889
NA,NA,NA,NA,64.0,58.0,55.0,71.0,62,1992,97_datatwo,09/10/23 - 15/10/23,0.03138833333333333,0.0,0.0,0.226945,0.0,0.0,0.0,00:15:30,00:48:09,1,1,0.0,0.18333333333333332,0.0,0.0,0.0,0.0,0.0,1,0,0.0,0,0,NA,2023-10-12 10:41:08.955000,NA,NA,NA,NA,Week 2,0.0,0.0,0.0,0.0,NA,NA,NA,NA,NA,NA,NA,NA,NA,NA,NA,NA,NA,NA,NA,NA,NA,NA,NA,NA,NA,NA,NA,NA,NA,NA,NA,NA,NA,NA,NA,NA,NA,NA,NA,NA,NA,NA,NA,NA,NA,NA,NA,930,2889
NA,NA,NA,NA,76.0,60.0,76.0,76.0,72,1984,98_datatwo,09/10/23 - 15/10/23,0.0,1.1608333333333334,0.0,0.0,0.0,0.0,0.0,01:09:39,00:48:09,4,6,0.006666666666666667,1.0622216666666666,0.026388333333333337,0.0,0.0,0.0,1.0,4,1,0.0,0,0,2023-10-10 11:28:56.246000,2023-10-10 11:29:23.092000,2023-10-10 11:27:20.852000,NA,NA,NA,Week 2,0.021111666666666664,0.0,4.0,0.0,2023-10-10 11:29:00.964000,NA,NA,NA,NA,NA,NA,NA,NA,NA,NA,NA,NA,NA,NA,NA,NA,NA,NA,NA,NA,NA,NA,NA,NA,NA,NA,NA,NA,NA,NA,NA,NA,NA,NA,NA,NA,NA,NA,NA,NA,NA,NA,4179,2889
NA,0.4,0.48,0.4,64.0,64.0,60.0,52.0,60,1979,99_datatwo,09/10/23 - 15/10/23,0.0,0.19583333333333333,0.0,4.427778333333333,0.020833333333333332,0.0,2.818888333333333,07:27:48,00:48:09,13,52,0.0,0.29,0.10611166666666666,0.01639,2.5416666666666665,2.1727783333333335,0.0,45,5,4.0,15,21,NA,2023-10-10 01:49:02.110000,2023-10-10 01:48:38.276000,2023-10-12 23:40:17.571000,2023-10-12 05:02:37.848000,2023-10-10 01:49:17.555000,Week 2,0.0008333333333333334,0.0,3.0,0.0,2023-10-10 11:34:24.180000,NA,NA,NA,NA,NA,NA,NA,NA,NA,NA,NA,NA,NA,NA,NA,NA,NA,NA,NA,NA,NA,NA,NA,NA,NA,NA,NA,NA,NA,NA,NA,NA,NA,NA,NA,NA,NA,NA,NA,NA,NA,NA,26868,2889
0.64,0.68,0.64,0.8,68.0,68.0,68.0,80.0,71,1991,100_datatwo,09/10/23 - 15/10/23,0.0,0.010833333333333334,0.0,0.0,0.0,0.0,0.0,00:00:39,00:48:09,2,2,0.0,0.0027783333333333336,0.0,0.0,0.0,0.0,0.0,1,0,0.0,0,0,NA,2023-10-10 16:45:26.151000,NA,NA,NA,NA,Week 2,0.0,0.0,1.0,0.0,2023-10-10 16:45:36.598000,NA,NA,NA,NA,NA,NA,NA,NA,NA,NA,NA,NA,NA,NA,NA,NA,NA,NA,NA,NA,NA,NA,NA,NA,NA,NA,NA,NA,NA,NA,NA,NA,NA,NA,NA,NA,NA,NA,NA,NA,NA,NA,39,2889
NA,NA,NA,NA,68.0,60.0,64.0,64.0,64,1990,101_datatwo,09/10/23 - 15/10/23,0.0,0.0,0.0,0.0,0.0,0.0,0.046945,00:02:49,00:48:09,2,2,0.005278333333333333,0.018888333333333333,0.0,0.0,0.0,0.0,1.0,1,0,0.0,0,0,2023-10-15 19:00:16.007000,2023-10-15 19:00:35.450000,NA,NA,NA,NA,Week 2,0.0,0.0,0.0,0.0,NA,NA,NA,NA,NA,NA,NA,NA,NA,NA,NA,NA,NA,NA,NA,NA,NA,NA,NA,NA,NA,NA,NA,NA,NA,NA,NA,NA,NA,NA,NA,NA,NA,NA,NA,NA,NA,NA,NA,NA,NA,NA,NA,169,2889
0.6,0.68,0.48,0.72,68.0,76.0,64.0,76.0,71,2001,102_datatwo,09/10/23 - 15/10/23,0.0,0.23305500000000004,0.0,0.0,0.043611666666666674,0.0,0.0,00:16:36,00:48:09,9,10,0.0011116666666666666,0.005278333333333333,0.2025,0.0,0.0008333333333333334,0.001945,2.0,3,1,0.0,1,2,2023-10-13 17:17:35.472000,2023-10-10 16:31:53.672000,2023-10-10 16:33:38.617000,NA,2023-10-13 11:21:15.888000,2023-10-13 17:17:28.691000,Week 2,0.025555,0.0,2.0,1.0,2023-10-10 16:32:06.813000,2023-10-13 11:21:22.190000,NA,NA,NA,NA,NA,NA,NA,NA,NA,NA,NA,NA,NA,NA,NA,NA,NA,NA,NA,NA,NA,NA,NA,NA,NA,NA,NA,NA,NA,NA,NA,NA,NA,NA,NA,NA,NA,NA,NA,NA,NA,996,2889
NA,NA,NA,NA,68.0,60.0,56.0,56.0,60,2001,103_datatwo,09/10/23 - 15/10/23,0.0,0.0,0.0,0.0,0.0,0.0,0.0,00:00:00,00:48:09,0,0,0.0,0.0,0.0,0.0,0.0,0.0,0.0,0,0,0.0,0,0,NA,NA,NA,NA,NA,NA,Week 2,0.0,0.0,0.0,0.0,NA,NA,NA,NA,NA,NA,NA,NA,NA,NA,NA,NA,NA,NA,NA,NA,NA,NA,NA,NA,NA,NA,NA,NA,NA,NA,NA,NA,NA,NA,NA,NA,NA,NA,NA,NA,NA,NA,NA,NA,NA,NA,NA,0,2889
NA,NA,NA,NA,64.0,58.0,66.0,72.0,65,1996,104_datatwo,09/10/23 - 15/10/23,0.0,0.0,0.0,0.0,0.0,0.0,0.0,00:00:00,00:48:09,0,0,0.0,0.0,0.0,0.0,0.0,0.0,0.0,0,0,0.0,0,0,NA,NA,NA,NA,NA,NA,Week 2,0.0,0.0,0.0,0.0,NA,NA,NA,NA,NA,NA,NA,NA,NA,NA,NA,NA,NA,NA,NA,NA,NA,NA,NA,NA,NA,NA,NA,NA,NA,NA,NA,NA,NA,NA,NA,NA,NA,NA,NA,NA,NA,NA,NA,NA,NA,NA,NA,0,2889
0.48,0.28,NA,NA,60.0,56.0,56.0,68.0,60,1998,105_datatwo,09/10/23 - 15/10/23,0.0,1.5155549999999998,0.0,0.0,0.0,0.0,0.0,01:30:56,00:48:09,7,11,0.0016666666666666668,0.013056666666666666,0.007221666666666667,0.0,0.009166666666666667,0.010833333333333334,1.0,14,3,0.0,2,2,2023-10-10 22:12:07.656000,2023-10-10 11:14:51.524000,2023-10-10 12:42:05.772000,NA,2023-10-10 22:12:15.224000,2023-10-10 12:42:23.760000,Week 2,1.4227783333333335,0.0033333333333333335,5.0,1.0,2023-10-10 11:14:53.793000,2023-10-10 12:41:16.077000,NA,NA,NA,NA,NA,NA,NA,NA,NA,NA,NA,NA,NA,NA,NA,NA,NA,NA,NA,NA,NA,NA,NA,NA,NA,NA,NA,NA,NA,NA,NA,NA,NA,NA,NA,NA,NA,NA,NA,NA,NA,5456,2889
NA,NA,NA,NA,48.0,54.0,56.0,42.0,50,1995,106_datatwo,09/10/23 - 15/10/23,0.0,1.575555,0.0,0.0,0.0,0.0,0.0,01:34:32,00:48:09,2,2,0.0,0.0016666666666666668,0.0,0.0,0.0,0.0,0.0,2,0,0.0,0,0,NA,2023-10-10 11:16:44.591000,NA,NA,NA,NA,Week 2,1.5722216666666666,0.0,2.0,0.0,2023-10-10 11:16:46.784000,NA,NA,NA,NA,NA,NA,NA,NA,NA,NA,NA,NA,NA,NA,NA,NA,NA,NA,NA,NA,NA,NA,NA,NA,NA,NA,NA,NA,NA,NA,NA,NA,NA,NA,NA,NA,NA,NA,NA,NA,NA,NA,5672,2889
NA,NA,NA,NA,60.0,60.0,56.0,56.0,58,1999,107_datatwo,09/10/23 - 15/10/23,0.0,0.0,0.0,0.0,0.0,0.0,0.0,00:00:00,00:48:09,0,0,0.0,0.0,0.0,0.0,0.0,0.0,0.0,0,0,0.0,0,0,NA,NA,NA,NA,NA,NA,Week 2,0.0,0.0,0.0,0.0,NA,NA,NA,NA,NA,NA,NA,NA,NA,NA,NA,NA,NA,NA,NA,NA,NA,NA,NA,NA,NA,NA,NA,NA,NA,NA,NA,NA,NA,NA,NA,NA,NA,NA,NA,NA,NA,NA,NA,NA,NA,NA,NA,0,2889
NA,0.6,0.6,NA,62.0,66.0,68.0,84.0,70,1911,108_datatwo,09/10/23 - 15/10/23,0.004166666666666667,0.007778333333333333,0.0,0.004445,0.0,0.0,0.0,00:00:59,00:48:09,4,8,0.0,0.0033333333333333335,0.0,0.0,0.0,0.001945,0.0,5,0,0.0,0,1,NA,2023-10-09 16:08:28.160000,NA,NA,NA,2023-10-09 16:08:31.460000,Week 2,0.0,0.004445,2.0,2.0,2023-10-09 16:08:40.501000,2023-10-10 16:39:43.932000,NA,NA,NA,NA,NA,NA,NA,NA,NA,NA,NA,NA,NA,NA,NA,NA,NA,NA,NA,NA,NA,NA,NA,NA,NA,NA,NA,NA,NA,NA,NA,NA,NA,NA,NA,NA,NA,NA,NA,NA,NA,59,2889
0.56,0.64,0.52,0.6,68.0,72.0,64.0,76.0,70,1999,109_datatwo,09/10/23 - 15/10/23,0.0047216666666666665,0.2777783333333333,0.0,0.04389,0.0,0.0,0.0,00:19:35,00:48:09,4,11,0.00027833333333333334,0.0033316666666666664,0.005,0.0,0.0,0.0,1.0,5,3,0.0,0,0,2023-10-12 10:36:52.967000,2023-10-09 13:21:42.145000,2023-10-12 10:35:39.290000,NA,NA,NA,Week 2,0.26888833333333334,0.0,4.0,0.0,2023-10-09 13:21:46.295000,NA,NA,NA,NA,NA,NA,NA,NA,NA,NA,NA,NA,NA,NA,NA,NA,NA,NA,NA,NA,NA,NA,NA,NA,NA,NA,NA,NA,NA,NA,NA,NA,NA,NA,NA,NA,NA,NA,NA,NA,NA,NA,1175,2889
NA,NA,NA,NA,64.0,64.0,60.0,64.0,63,1997,110_datatwo,09/10/23 - 15/10/23,0.0,0.7777783333333333,0.0,0.036388333333333335,0.0,0.0,0.246945,01:03:40,00:48:09,9,18,0.008055,0.012223333333333333,0.0036100000000000004,0.005833333333333333,0.0,0.11305499999999999,1.0,11,2,3.0,0,3,2023-10-12 10:53:07.814000,2023-10-10 16:44:42.479000,2023-10-12 10:58:23.342000,2023-10-10 16:44:41.021000,NA,2023-10-15 15:29:02.009000,Week 2,0.888055,0.0,7.0,0.0,2023-10-10 16:44:50.577000,NA,NA,NA,NA,NA,NA,NA,NA,NA,NA,NA,NA,NA,NA,NA,NA,NA,NA,NA,NA,NA,NA,NA,NA,NA,NA,NA,NA,NA,NA,NA,NA,NA,NA,NA,NA,NA,NA,NA,NA,NA,NA,3820,2889
0.64,0.68,0.72,0.8,69.0,75.0,80.0,80.0,76,1994,111_datatwo,09/10/23 - 15/10/23,1.855,0.264445,0.005278333333333333,2.603888333333333,0.0,2.868056666666667,0.0,07:35:48,00:48:09,8,24,0.265,0.013331666666666665,0.01583333333333333,0.0,0.008888333333333333,1.0469433333333333,4.0,14,4,0.0,1,3,2023-10-10 09:43:16.816000,2023-10-09 09:11:24.144000,2023-10-11 10:17:38.888000,NA,2023-10-12 13:44:03.762000,2023-10-12 21:38:08.396000,Week 2,1.8513883333333332,4.361666666666666,4.0,6.0,2023-10-09 09:11:26.121000,2023-10-12 20:11:31.351000,NA,NA,NA,NA,NA,NA,NA,NA,NA,NA,NA,NA,NA,NA,NA,NA,NA,NA,NA,NA,NA,NA,NA,NA,NA,NA,NA,NA,NA,NA,NA,NA,NA,NA,NA,NA,NA,NA,NA,NA,NA,27348,2889
NA,NA,NA,NA,72.0,72.0,80.0,76.0,75,1998,112_datatwo,09/10/23 - 15/10/23,0.0,0.0030566666666666663,0.0,0.0,0.0,0.0,0.0,00:00:11,00:48:09,2,2,0.0,0.0013883333333333332,0.0,0.0,0.0,0.0,0.0,1,0,0.0,0,0,NA,2023-10-10 16:33:59.824000,NA,NA,NA,NA,Week 2,0.0,0.0,1.0,0.0,2023-10-10 16:34:05.192000,NA,NA,NA,NA,NA,NA,NA,NA,NA,NA,NA,NA,NA,NA,NA,NA,NA,NA,NA,NA,NA,NA,NA,NA,NA,NA,NA,NA,NA,NA,NA,NA,NA,NA,NA,NA,NA,NA,NA,NA,NA,NA,11,2889
0.48,NA,NA,NA,68.0,64.0,68.0,56.0,64,2000,113_datatwo,09/10/23 - 15/10/23,0.0,0.6161116666666666,0.0,0.0,0.03666666666666667,0.0,0.0,00:39:10,00:48:09,10,10,0.001945,0.283055,0.0013883333333333332,0.0013883333333333332,0.004445,0.00027833333333333334,2.0,12,2,3.0,1,1,2023-10-10 11:17:24.160000,2023-10-10 11:08:47.507000,2023-10-10 11:27:55.910000,2023-10-10 11:27:54.539000,2023-10-10 11:29:41.850000,2023-10-10 11:08:49.328000,Week 2,0.16361166666666666,0.008333333333333333,4.0,2.0,2023-10-10 11:08:51.484000,2023-10-10 11:17:04.079000,NA,NA,NA,NA,NA,NA,NA,NA,NA,NA,NA,NA,NA,NA,NA,NA,NA,NA,NA,NA,NA,NA,NA,NA,NA,NA,NA,NA,NA,NA,NA,NA,NA,NA,NA,NA,NA,NA,NA,NA,NA,2350,2889
0.6,0.72,0.64,NA,66.0,71.0,69.0,62.0,67,2001,114_datatwo,09/10/23 - 15/10/23,0.0,1.128055,0.0,0.0,0.0,0.0,0.0,01:07:41,00:48:09,4,4,0.0,0.007221666666666667,0.945555,0.0,0.0,0.050278333333333335,0.0,3,1,0.0,0,1,NA,2023-10-10 11:05:11.376000,2023-10-10 11:36:04.386000,NA,NA,2023-10-10 11:05:30.508000,Week 2,0.10166666666666666,0.0,2.0,0.0,2023-10-10 11:08:37.714000,NA,NA,NA,NA,NA,NA,NA,NA,NA,NA,NA,NA,NA,NA,NA,NA,NA,NA,NA,NA,NA,NA,NA,NA,NA,NA,NA,NA,NA,NA,NA,NA,NA,NA,NA,NA,NA,NA,NA,NA,NA,NA,4061,2889
NA,0.32,NA,0.52,64.0,72.0,60.0,68.0,66,1995,115_datatwo,09/10/23 - 15/10/23,0.0,0.014445000000000001,0.0,0.0,0.0,0.33638833333333334,0.029445,00:22:49,00:48:09,5,9,0.0,0.003888333333333333,0.01805666666666667,0.0,0.0,0.0,0.0,3,2,0.0,0,0,NA,2023-10-10 11:42:12.663000,2023-10-10 11:41:41.494000,NA,NA,NA,Week 2,0.0,0.0,2.0,0.0,2023-10-10 11:42:14.698000,NA,NA,NA,NA,NA,NA,NA,NA,NA,NA,NA,NA,NA,NA,NA,NA,NA,NA,NA,NA,NA,NA,NA,NA,NA,NA,NA,NA,NA,NA,NA,NA,NA,NA,NA,NA,NA,NA,NA,NA,NA,NA,1369,2889
0.6,0.68,0.52,NA,72.0,72.0,60.0,68.0,68,2002,116_datatwo,09/10/23 - 15/10/23,0.003888333333333333,1.293888333333333,0.0,0.07611166666666666,0.8411116666666666,1.5602783333333334,0.21027833333333332,03:59:08,00:48:09,20,37,0.13416666666666668,0.018055,0.012778333333333334,0.0022233333333333332,0.0016666666666666668,0.0,10.0,17,5,3.0,1,0,2023-10-15 15:39:09.211000,2023-10-09 14:22:49.420000,2023-10-12 13:16:52.998000,2023-10-12 13:20:07.571000,2023-10-15 15:38:37.493000,NA,Week 2,1.12889,1.6180549999999998,8.0,7.0,2023-10-09 14:22:51.871000,2023-10-12 13:17:10.408000,NA,NA,NA,NA,NA,NA,NA,NA,NA,NA,NA,NA,NA,NA,NA,NA,NA,NA,NA,NA,NA,NA,NA,NA,NA,NA,NA,NA,NA,NA,NA,NA,NA,NA,NA,NA,NA,NA,NA,NA,NA,14348,2889
NA,NA,NA,NA,68.0,58.0,56.0,50.0,58,1996,117_datatwo,09/10/23 - 15/10/23,0.0,0.0,0.0,0.059998333333333334,0.012778333333333334,0.0,0.0,00:04:22,00:48:09,4,4,0.0,0.0013883333333333332,0.0,0.0,0.0,0.0,0.0,1,0,0.0,0,0,NA,2023-10-12 16:35:13.994000,NA,NA,NA,NA,Week 2,0.0,0.0,0.0,1.0,NA,2023-10-12 16:35:19.380000,NA,NA,NA,NA,NA,NA,NA,NA,NA,NA,NA,NA,NA,NA,NA,NA,NA,NA,NA,NA,NA,NA,NA,NA,NA,NA,NA,NA,NA,NA,NA,NA,NA,NA,NA,NA,NA,NA,NA,NA,NA,262,2889
60,68,NA,NA,68.0,72.0,56.0,56.0,63,1990,118_datatwo,05/02/24 - 11/02/24,0.021111666666666664,2.884721666666666,0.0,0.430555,0.0,0.0,0.0,03:20:11,01:05:18,4,9,0.0,0.007778333333333333,0.0022216666666666665,0.0,0.0,1.8686116666666668,0.0,7,1,0.0,0,4,NA,2024-02-06 11:18:43.789000,2024-02-06 11:18:35.420000,NA,NA,2024-02-06 11:18:47.358000,Week 2,0.6641666666666667,0.0,3.0,0.0,2024-02-06 22:36:14.542000,NA,NA,NA,NA,NA,NA,NA,NA,NA,NA,NA,NA,NA,NA,NA,NA,NA,NA,NA,NA,NA,NA,NA,NA,NA,NA,NA,NA,NA,NA,NA,NA,NA,NA,NA,NA,NA,NA,NA,NA,NA,NA,12011,3918
NA,68,NA,NA,72.0,68.0,72.0,52.0,66,1987,119_datatwo,05/02/24 - 11/02/24,3.221945,0.0,0.0,0.0,0.35527833333333336,0.0,0.0,03:34:38,01:05:18,5,8,0.0,0.20361166666666666,0.03166666666666666,0.0,2.9602783333333336,0.334445,0.0,7,2,0.0,3,2,NA,2024-02-05 09:16:57.809000,2024-02-05 12:28:31.439000,NA,2024-02-05 09:28:41.063000,2024-02-05 12:29:43.986000,Week 2,0.0,0.0,1.0,0.0,2024-02-09 00:49:10.516000,NA,NA,NA,NA,NA,NA,NA,NA,NA,NA,NA,NA,NA,NA,NA,NA,NA,NA,NA,NA,NA,NA,NA,NA,NA,NA,NA,NA,NA,NA,NA,NA,NA,NA,NA,NA,NA,NA,NA,NA,NA,NA,12878,3918
52,72,72,NA,64.0,72.0,76.0,72.0,71,1995,120_datatwo,05/02/24 - 11/02/24,0.0,3.2333333333333334,0.0,0.005833333333333333,0.6697216666666667,0.0,0.0,03:54:32,01:05:18,6,11,0.0,0.011388333333333332,0.0,0.000555,0.0033333333333333335,3.2252783333333337,0.0,6,1,1.0,1,3,NA,2024-02-06 11:07:46.799000,2024-02-08 22:17:52.374000,2024-02-06 11:36:40.689000,2024-02-09 19:02:29.725000,2024-02-06 11:07:49.539000,Week 2,0.6586116666666667,0.0,1.0,0.0,2024-02-09 19:02:47.842000,NA,NA,NA,NA,NA,NA,NA,NA,NA,NA,NA,NA,NA,NA,NA,NA,NA,NA,NA,NA,NA,NA,NA,NA,NA,NA,NA,NA,NA,NA,NA,NA,NA,NA,NA,NA,NA,NA,NA,NA,NA,NA,14072,3918
56,60,72,NA,72.0,68.0,80.0,60.0,70,1996,121_datatwo,05/02/24 - 11/02/24,0.0,1.3069433333333333,0.0,0.0,0.0,0.0,0.0,01:18:25,01:05:18,7,11,0.003888333333333333,0.009723333333333332,0.0016666666666666668,0.4011116666666667,0.0063883333333333335,0.8677766666666666,2.0,10,1,1.0,3,4,2024-02-06 09:11:39.306000,2024-02-06 09:11:48.783000,2024-02-06 12:55:28.108000,2024-02-06 12:31:16.400000,2024-02-06 09:11:59.783000,2024-02-06 09:12:09.661000,Week 2,0.0013883333333333332,0.0,1.0,0.0,2024-02-06 11:42:49.011000,NA,NA,NA,NA,NA,NA,NA,NA,NA,NA,NA,NA,NA,NA,NA,NA,NA,NA,NA,NA,NA,NA,NA,NA,NA,NA,NA,NA,NA,NA,NA,NA,NA,NA,NA,NA,NA,NA,NA,NA,NA,NA,4705,3918
24,NA,NA,NA,64.0,64.0,72.0,72.0,68,1993,122_datatwo,05/02/24 - 11/02/24,0.0,0.0,0.0,0.0,0.0,0.0,0.0,00:00:00,01:05:18,0,0,0.0,0.0,0.0,0.0,0.0,0.0,0.0,0,0,0.0,0,0,NA,NA,NA,NA,NA,NA,Week 2,0.0,0.0,0.0,0.0,NA,NA,NA,NA,NA,NA,NA,NA,NA,NA,NA,NA,NA,NA,NA,NA,NA,NA,NA,NA,NA,NA,NA,NA,NA,NA,NA,NA,NA,NA,NA,NA,NA,NA,NA,NA,NA,NA,NA,NA,NA,NA,NA,0,3918
NA,NA,NA,NA,64.0,60.0,52.0,52.0,57,2001,123_datatwo,05/02/24 - 11/02/24,0.10250000000000001,1.2688883333333332,0.0,0.0,0.0,0.0,0.0013883333333333332,01:22:22,01:05:18,5,7,0.0008333333333333334,0.000555,0.03611166666666667,0.0011116666666666666,0.0,1.2527783333333333,1.0,1,2,3.0,0,1,2024-02-06 12:21:49.392000,2024-02-06 11:06:33.812000,2024-02-05 15:47:37.609000,2024-02-06 12:21:51.960000,NA,2024-02-06 11:06:35.497000,Week 2,0.0,0.0,0.0,0.0,NA,NA,NA,NA,NA,NA,NA,NA,NA,NA,NA,NA,NA,NA,NA,NA,NA,NA,NA,NA,NA,NA,NA,NA,NA,NA,NA,NA,NA,NA,NA,NA,NA,NA,NA,NA,NA,NA,NA,NA,NA,NA,NA,4942,3918
44,68,56,NA,72.0,72.0,60.0,52.0,64,1998,124_datatwo,05/02/24 - 11/02/24,0.012221666666666665,6.288055,0.0,0.0,0.0,0.0,0.0,06:18:01,01:05:18,7,15,0.009721666666666665,2.913888333333333,0.0036116666666666667,0.0033333333333333335,0.21027833333333332,3.069166666666667,11.0,2,1,3.0,2,5,2024-02-05 15:04:55.559000,2024-02-06 12:21:00.345000,2024-02-06 14:28:57.623000,2024-02-05 15:04:51.495000,2024-02-05 15:04:58.196000,2024-02-05 15:05:21.430000,Week 2,0.07222333333333333,0.0,3.0,0.0,2024-02-06 06:32:51.283000,NA,NA,NA,NA,NA,NA,NA,NA,NA,NA,NA,NA,NA,NA,NA,NA,NA,NA,NA,NA,NA,NA,NA,NA,NA,NA,NA,NA,NA,NA,NA,NA,NA,NA,NA,NA,NA,NA,NA,NA,NA,NA,22681,3918
NA,NA,NA,NA,72.0,72.0,68.0,76.0,72,1991,125_datatwo,05/02/24 - 11/02/24,0.0,0.0,0.0,0.0,0.008611666666666665,0.0,0.0,00:00:31,01:05:18,4,4,0.0008333333333333334,0.000555,0.005833333333333333,0.0,0.0,0.0,1.0,1,2,0.0,0,0,2024-02-09 15:13:33.727000,2024-02-09 15:13:39.928000,2024-02-09 15:13:15.485000,NA,NA,NA,Week 2,0.0,0.0,1.0,0.0,2024-02-09 15:13:41.875000,NA,NA,NA,NA,NA,NA,NA,NA,NA,NA,NA,NA,NA,NA,NA,NA,NA,NA,NA,NA,NA,NA,NA,NA,NA,NA,NA,NA,NA,NA,NA,NA,NA,NA,NA,NA,NA,NA,NA,NA,NA,NA,31,3918
NA,NA,NA,NA,75.0,67.0,67.0,59.0,67,1995,126_datatwo,05/02/24 - 11/02/24,0.0,0.0,0.0,0.0,0.0,0.0,0.0,00:00:00,01:05:18,0,0,0.0,0.0,0.0,0.0,0.0,0.0,0.0,0,0,0.0,0,0,NA,NA,NA,NA,NA,NA,Week 2,0.0,0.0,0.0,0.0,NA,NA,NA,NA,NA,NA,NA,NA,NA,NA,NA,NA,NA,NA,NA,NA,NA,NA,NA,NA,NA,NA,NA,NA,NA,NA,NA,NA,NA,NA,NA,NA,NA,NA,NA,NA,NA,NA,NA,NA,NA,NA,NA,0,3918
NA,NA,NA,NA,56.0,56.0,56.0,60.0,57,2000,127_datatwo,05/02/24 - 11/02/24,0.0,0.9036116666666666,0.027221666666666665,0.0,0.0,0.0,0.0,00:55:51,01:05:18,4,4,0.0,0.0016666666666666668,0.003055,0.0,0.0,0.8966666666666666,0.0,2,1,0.0,0,1,NA,2024-02-06 11:29:13.911000,2024-02-06 11:29:02.513000,NA,NA,2024-02-06 11:29:17.935000,Week 2,0.0,0.0,1.0,0.0,2024-02-06 12:23:07.551000,NA,NA,NA,NA,NA,NA,NA,NA,NA,NA,NA,NA,NA,NA,NA,NA,NA,NA,NA,NA,NA,NA,NA,NA,NA,NA,NA,NA,NA,NA,NA,NA,NA,NA,NA,NA,NA,NA,NA,NA,NA,NA,3351,3918
64,68,NA,NA,68.0,72.0,52.0,52.0,61,1999,128_datatwo,05/02/24 - 11/02/24,0.0,0.0,0.0,0.0,0.0,0.07027833333333335,0.022223333333333335,00:05:33,01:05:18,8,10,0.0036116666666666667,0.012778333333333334,0.003888333333333333,0.0022216666666666665,0.0008333333333333334,0.0,1.0,3,1,1.0,3,0,2024-02-11 19:08:42.024000,2024-02-10 18:35:10.331000,2024-02-11 19:09:02.845000,2024-02-10 18:35:30.321000,2024-02-10 18:35:27.216000,NA,Week 2,0.0,0.0,0.0,0.0,NA,NA,NA,NA,NA,NA,NA,NA,NA,NA,NA,NA,NA,NA,NA,NA,NA,NA,NA,NA,NA,NA,NA,NA,NA,NA,NA,NA,NA,NA,NA,NA,NA,NA,NA,NA,NA,NA,NA,NA,NA,NA,NA,333,3918
NA,NA,72,NA,68.0,64.0,76.0,64.0,68,1998,129_datatwo,05/02/24 - 11/02/24,0.016666666666666666,0.0016666666666666668,0.1125,0.0,0.0,0.0,0.0,00:07:51,01:05:18,6,6,0.006111666666666666,0.06972166666666667,0.013055,0.008055,0.007778333333333333,0.0022216666666666665,2.0,7,3,1.0,2,1,2024-02-07 11:47:40.660000,2024-02-07 11:41:52.693000,2024-02-07 11:42:24.455000,2024-02-07 11:43:21.170000,2024-02-07 11:42:01.085000,2024-02-07 11:42:28.069000,Week 2,0.0,0.0,0.0,0.0,NA,NA,NA,NA,NA,NA,NA,NA,NA,NA,NA,NA,NA,NA,NA,NA,NA,NA,NA,NA,NA,NA,NA,NA,NA,NA,NA,NA,NA,NA,NA,NA,NA,NA,NA,NA,NA,NA,NA,NA,NA,NA,NA,471,3918
64,68,56,NA,72.0,72.0,68.0,68.0,70,2000,130_datatwo,05/02/24 - 11/02/24,0.0,0.028611666666666664,0.0,0.4841666666666667,0.0,0.0,0.0,00:30:46,01:05:18,6,9,0.0016666666666666668,0.48166666666666663,0.005,0.020555,0.0,0.0005566666666666667,3.0,2,4,1.0,1,2,2024-02-06 12:32:01.466000,2024-02-06 12:33:28.149000,2024-02-06 12:31:51.054000,2024-02-06 12:32:10.254000,2024-02-06 12:33:30.270000,2024-02-06 12:32:09.005000,Week 2,0.0,0.0,0.0,0.0,NA,NA,NA,NA,NA,NA,NA,NA,NA,NA,NA,NA,NA,NA,NA,NA,NA,NA,NA,NA,NA,NA,NA,NA,NA,NA,NA,NA,NA,NA,NA,NA,NA,NA,NA,NA,NA,NA,NA,NA,NA,NA,NA,1846,3918
NA,NA,NA,NA,52.0,52.0,52.0,72.0,57,1985,131_datatwo,05/02/24 - 11/02/24,0.0,0.9402783333333333,0.0,0.0,0.0,0.0,1.3233333333333335,02:15:49,01:05:18,4,6,0.0,0.004445,0.0022216666666666665,0.003888333333333333,0.0,2.11,0.0,3,1,1.0,0,5,NA,2024-02-06 12:06:44.250000,2024-02-06 12:06:57.849000,2024-02-11 07:00:03.779000,NA,2024-02-06 12:06:47.872000,Week 2,0.0,0.0,0.0,0.0,NA,NA,NA,NA,NA,NA,NA,NA,NA,NA,NA,NA,NA,NA,NA,NA,NA,NA,NA,NA,NA,NA,NA,NA,NA,NA,NA,NA,NA,NA,NA,NA,NA,NA,NA,NA,NA,NA,NA,NA,NA,NA,NA,8149,3918
48,64,48,NA,68.0,72.0,60.0,60.0,65,1997,132_datatwo,05/02/24 - 11/02/24,0.0,1.8744450000000001,0.022778333333333334,0.0,0.0,0.0,0.0,01:53:50,01:05:18,7,7,0.005,0.009445000000000002,0.0027783333333333336,0.0011116666666666666,0.6466666666666666,1.1202783333333335,1.0,9,3,1.0,2,3,2024-02-07 17:24:50.639000,2024-02-06 11:09:17.993000,2024-02-06 11:18:32.425000,2024-02-06 12:28:21.074000,2024-02-06 11:18:36.605000,2024-02-06 11:09:21.434000,Week 2,0.005,0.0,1.0,0.0,2024-02-06 13:00:19.890000,NA,NA,NA,NA,NA,NA,NA,NA,NA,NA,NA,NA,NA,NA,NA,NA,NA,NA,NA,NA,NA,NA,NA,NA,NA,NA,NA,NA,NA,NA,NA,NA,NA,NA,NA,NA,NA,NA,NA,NA,NA,NA,6830,3918
32,68,NA,60,52.0,72.0,52.0,68.0,61,1996,133_datatwo,05/02/24 - 11/02/24,0.0047216666666666665,1.0011116666666666,0.0,0.0,0.0,0.0,0.0,01:00:21,01:05:18,9,9,0.003055,0.07027833333333335,0.0063883333333333335,0.058333333333333334,0.15638833333333332,0.569445,2.0,15,7,3.0,4,3,2024-02-06 12:22:08.014000,2024-02-06 11:27:39.974000,2024-02-06 11:27:36.418000,2024-02-06 11:26:36.205000,2024-02-06 11:27:49.687000,2024-02-06 11:27:56.391000,Week 2,0.0008333333333333334,0.0,2.0,0.0,2024-02-06 12:28:14.943000,NA,NA,NA,NA,NA,NA,NA,NA,NA,NA,NA,NA,NA,NA,NA,NA,NA,NA,NA,NA,NA,NA,NA,NA,NA,NA,NA,NA,NA,NA,NA,NA,NA,NA,NA,NA,NA,NA,NA,NA,NA,NA,3621,3918
NA,NA,NA,NA,64.0,56.0,60.0,52.0,58,1995,134_datatwo,05/02/24 - 11/02/24,0.0,0.0,0.009721666666666665,0.0,0.0,0.0,0.0,00:00:35,01:05:18,0,0,0.0,0.0,0.0,0.0,0.0,0.0,0.0,0,0,0.0,0,0,NA,NA,NA,NA,NA,NA,Week 2,0.0,0.0,0.0,0.0,NA,NA,NA,NA,NA,NA,NA,NA,NA,NA,NA,NA,NA,NA,NA,NA,NA,NA,NA,NA,NA,NA,NA,NA,NA,NA,NA,NA,NA,NA,NA,NA,NA,NA,NA,NA,NA,NA,NA,NA,NA,NA,NA,35,3918
68,72,72,NA,72.0,80.0,68.0,64.0,70,2003,135_datatwo,05/02/24 - 11/02/24,2.8433333333333333,0.039445,0.0,0.0,0.0,0.0,0.0,02:52:58,01:05:18,7,14,0.011666666666666665,0.010835000000000001,0.0125,0.00027833333333333334,0.0,2.830833333333333,1.0,6,2,1.0,1,5,2024-02-05 14:59:00.264000,2024-02-05 10:54:13.660000,2024-02-05 11:21:50.016000,2024-02-05 10:54:32.267000,2024-02-05 11:21:58.917000,2024-02-05 10:54:17.997000,Week 2,0.0,0.0,0.0,0.0,NA,NA,NA,NA,NA,NA,NA,NA,NA,NA,NA,NA,NA,NA,NA,NA,NA,NA,NA,NA,NA,NA,NA,NA,NA,NA,NA,NA,NA,NA,NA,NA,NA,NA,NA,NA,NA,NA,NA,NA,NA,NA,NA,10378,3918
56,68,72,70,76.0,76.0,76.0,72.0,75,1999,136_datatwo,05/02/24 - 11/02/24,0.0,0.0,0.0,0.008888333333333333,0.0,0.05638833333333333,0.0,00:03:55,01:05:18,4,6,0.0,0.051666666666666666,0.0047216666666666665,0.0025,0.0,0.0,0.0,2,1,1.0,0,0,NA,2024-02-08 18:39:07.110000,2024-02-08 18:38:50.533000,2024-02-10 22:54:10.502000,NA,NA,Week 2,0.0,0.0,2.0,0.0,2024-02-08 18:39:09.601000,NA,NA,NA,NA,NA,NA,NA,NA,NA,NA,NA,NA,NA,NA,NA,NA,NA,NA,NA,NA,NA,NA,NA,NA,NA,NA,NA,NA,NA,NA,NA,NA,NA,NA,NA,NA,NA,NA,NA,NA,NA,NA,235,3918
0.48,0.48,0.52, ,0.56,0.56,0.56,0.56,56,1999,1_datatwo,17/10/22 - 23/10/22,0.0,0.09,0.05,7.39,3.33,0.0,0.17,11:02:32,02:08:22,8,31,1.61,0.02,0.01,0.0,0.0,0.0,22.0,24,13,NA,0,0,"Oct 18, 2022, 11:10 AM","Oct 18, 2022, 11:08 AM",NA,"Oct 18, 2022, 11:10 AM",NA,NA,Week 3,0.0,1.93,0.0,6.0,NA,"Oct 18, 2022, 11:08 AM",2.31,10.0,4.0,"Oct 18, 2022, 11:08 AM","Oct 20, 2022, 1:28 PM",NA,NA,NA,NA,NA,NA,NA,NA,NA,NA,NA,NA,NA,NA,NA,NA,NA,NA,NA,NA,NA,NA,NA,NA,NA,NA,NA,NA,NA,NA,NA,NA,NA,NA,NA,NA,0,0
 , , , ,0.56,0.56,0.56,0.24,48,1992,2_datatwo,17/10/22 - 23/10/22,0.0,2.02,0.16,2.55,0.0,0.07,0.0,04:47:31,02:08:22,9,26,0.19,0.08,0.01,0.01,0.0,0.0,2.0,18,5,NA,0,0,"Oct 21, 2022, 12:00 AM","Oct 17, 2022, 11:43 AM",NA,"Oct 18, 2022, 4:55 PM",NA,NA,Week 3,0.0,4.34,1.0,12.0,"Oct 17, 2022, 11:43 AM","Oct 18, 2022, 4:40 PM",0.0,1.0,0.0,"Oct 18, 2022, 4:39 PM",NA,NA,NA,NA,NA,NA,NA,NA,NA,NA,NA,NA,NA,NA,NA,NA,NA,NA,NA,NA,NA,NA,NA,NA,NA,NA,NA,NA,NA,NA,NA,NA,NA,NA,NA,NA,NA,0,0
 , , , ,0.64,0.61,0.64,0.59,62,1987,3_datatwo,17/10/22 - 23/10/22,0.0,0.0,0.0,0.0,0.0,0.0,0.0,00:00:08,02:08:22,2,2,0.0,0.0,0.0,0.0,0.0,0.0,0.0,1,0,NA,0,0,NA,"Oct 18, 2022, 5:15 PM",NA,NA,NA,NA,Week 3,0.0,0.0,0.0,1.0,NA,"Oct 18, 2022, 5:15 PM",0.0,0.0,0.0,NA,NA,NA,NA,NA,NA,NA,NA,NA,NA,NA,NA,NA,NA,NA,NA,NA,NA,NA,NA,NA,NA,NA,NA,NA,NA,NA,NA,NA,NA,NA,NA,NA,NA,NA,NA,NA,NA,0,0
0.28,0.44, , ,0.68,0.68,0.52,0.64,63,1993,4_datatwo,17/10/22 - 23/10/22,0.0,0.72,0.0,0.02,1.22,0.0,0.0,01:58:02,02:08:22,9,13,0.32,0.02,0.0,0.0,0.01,0.0,2.0,8,0,NA,1,0,"Oct 18, 2022, 11:48 AM","Oct 18, 2022, 11:11 AM",NA,"Oct 21, 2022, 2:14 PM","Oct 18, 2022, 11:12 AM",NA,Week 3,0.0,0.6,0.0,5.0,NA,"Oct 18, 2022, 11:11 AM",0.0,1.0,0.0,NA,NA,NA,NA,NA,NA,NA,NA,NA,NA,NA,NA,NA,NA,NA,NA,NA,NA,NA,NA,NA,NA,NA,NA,NA,NA,NA,NA,NA,NA,NA,NA,NA,NA,NA,NA,NA,NA,0,0
 , , , ,0.59,0.59,0.69,0.69,64,1996,5_datatwo,17/10/22 - 23/10/22,0.0,0.0,0.0,0.0,0.0,0.0,0.0,00:00:00,02:08:22,0,0,0.0,0.0,0.0,0.0,0.0,0.0,0.0,0,0,NA,0,0,NA,NA,NA,NA,NA,NA,Week 3,0.0,0.0,0.0,0.0,NA,NA,0.0,0.0,0.0,NA,NA,NA,NA,NA,NA,NA,NA,NA,NA,NA,NA,NA,NA,NA,NA,NA,NA,NA,NA,NA,NA,NA,NA,NA,NA,NA,NA,NA,NA,NA,NA,NA,NA,NA,NA,NA,NA,0,0
 , , , ,0.56,0.6,0.6,0.52,57,1996,6_datatwo,17/10/22 - 23/10/22,0.14,0.0,0.02,0.0,0.0,0.0,0.0,00:09:31,02:08:22,2,4,0.0,0.0,0.0,0.0,0.0,0.0,0.0,0,0,NA,0,0,NA,NA,NA,NA,NA,NA,Week 3,0.0,0.0,0.0,0.0,NA,NA,0.0,0.0,0.0,NA,NA,NA,NA,NA,NA,NA,NA,NA,NA,NA,NA,NA,NA,NA,NA,NA,NA,NA,NA,NA,NA,NA,NA,NA,NA,NA,NA,NA,NA,NA,NA,NA,NA,NA,NA,NA,NA,0,0
0.52,0.6,0.48, ,0.7,0.77,0.72,0.69,72,1993,7_datatwo,17/10/22 - 23/10/22,0.68,0.71,0.0,0.0,0.0,1.24,0.0,02:38:12,02:08:22,7,13,0.0,0.38,0.0,0.0,0.02,0.08,0.0,10,0,NA,1,1,NA,"Oct 17, 2022, 9:14 AM",NA,NA,"Oct 17, 2022, 9:33 AM","Oct 17, 2022, 9:34 AM",Week 3,0.28,1.73,2.0,6.0,"Oct 17, 2022, 9:14 AM","Oct 17, 2022, 9:28 AM",0.0,0.0,0.0,NA,NA,NA,NA,NA,NA,NA,NA,NA,NA,NA,NA,NA,NA,NA,NA,NA,NA,NA,NA,NA,NA,NA,NA,NA,NA,NA,NA,NA,NA,NA,NA,NA,NA,NA,NA,NA,NA,0,0
 , , , ,0.68,0.68,0.68,0.68,68,1992,8_datatwo,17/10/22 - 23/10/22,0.0,0.79,0.0,2.96,1.01,0.0,0.0,04:45:23,02:08:22,7,19,0.03,2.91,0.0,0.01,0.01,0.0,2.0,12,0,NA,1,0,"Oct 21, 2022, 2:23 AM","Oct 18, 2022, 3:35 AM",NA,"Oct 21, 2022, 10:35 PM","Oct 18, 2022, 11:54 AM",NA,Week 3,0.0,1.01,0.0,7.0,NA,"Oct 18, 2022, 3:35 AM",0.07,1.0,3.0,NA,"Oct 20, 2022, 11:34 PM",NA,NA,NA,NA,NA,NA,NA,NA,NA,NA,NA,NA,NA,NA,NA,NA,NA,NA,NA,NA,NA,NA,NA,NA,NA,NA,NA,NA,NA,NA,NA,NA,NA,NA,NA,NA,0,0
 , , , ,0.69,0.69,0.69,0.73,70,1992,9_datatwo,17/10/22 - 23/10/22,1.72,2.38,0.0,0.0,0.0,0.0,0.0,04:06:09,02:08:22,10,23,0.01,0.04,0.0,0.01,0.01,0.79,1.0,16,1,NA,2,2,"Oct 18, 2022, 10:02 AM","Oct 17, 2022, 1:02 PM",NA,"Oct 18, 2022, 10:01 AM","Oct 17, 2022, 1:02 PM","Oct 17, 2022, 5:37 PM",Week 3,0.96,1.79,3.0,8.0,"Oct 17, 2022, 6:21 PM","Oct 17, 2022, 7:17 PM",0.0,1.0,0.0,"Oct 17, 2022, 1:02 PM",NA,NA,NA,NA,NA,NA,NA,NA,NA,NA,NA,NA,NA,NA,NA,NA,NA,NA,NA,NA,NA,NA,NA,NA,NA,NA,NA,NA,NA,NA,NA,NA,NA,NA,NA,NA,NA,0,0
 , , , ,0.69,0.7,0.7,0.79,72,1994,10_datatwo,17/10/22 - 23/10/22,7.53,0.97,0.0,2.01,0.0,1.31,0.0,11:49:09,02:08:22,14,29,3.5,0.03,0.08,0.05,2.19,0.22,1.0,18,5,NA,6,3,"Oct 17, 2022, 12:03 PM","Oct 17, 2022, 12:00 PM",NA,"Oct 17, 2022, 12:00 PM","Oct 17, 2022, 4:21 PM","Oct 17, 2022, 4:45 PM",Week 3,2.52,1.77,1.0,5.0,"Oct 17, 2022, 4:59 PM","Oct 18, 2022, 4:11 PM",0.0,1.0,0.0,"Oct 17, 2022, 11:59 AM",NA,NA,NA,NA,NA,NA,NA,NA,NA,NA,NA,NA,NA,NA,NA,NA,NA,NA,NA,NA,NA,NA,NA,NA,NA,NA,NA,NA,NA,NA,NA,NA,NA,NA,NA,NA,NA,0,0
0.56,0.64,0.64,0.68,0.72,0.76,0.8,0.72,75,1991,11_datatwo,17/10/22 - 23/10/22,0.0,0.68,0.0,0.01,0.0,3.34,0.33,04:21:05,02:08:22,11,22,2.04,0.04,0.01,0.0,0.0,0.0,6.0,11,2,NA,0,0,"Oct 22, 2022, 4:19 PM","Oct 18, 2022, 3:32 PM",NA,NA,NA,NA,Week 3,0.04,0.8,1.0,8.0,"Oct 18, 2022, 4:00 PM","Oct 18, 2022, 4:03 PM",0.01,0.0,1.0,"Oct 18, 2022, 3:32 PM","Oct 23, 2022, 2:41 PM",NA,NA,NA,NA,NA,NA,NA,NA,NA,NA,NA,NA,NA,NA,NA,NA,NA,NA,NA,NA,NA,NA,NA,NA,NA,NA,NA,NA,NA,NA,NA,NA,NA,NA,NA,NA,0,0
 , , , ,0.52,0.59,0.56,0.53,55,1987,12_datatwo,17/10/22 - 23/10/22,0.0,0.59,0.0,0.0,0.0,0.0,0.0,00:35:32,02:08:22,6,6,0.03,0.0,0.02,0.53,0.0,0.0,1.0,1,1,NA,0,0,"Oct 18, 2022, 9:52 AM","Oct 18, 2022, 10:26 AM",NA,"Oct 18, 2022, 9:54 AM",NA,NA,Week 3,0.0,0.0,0.0,1.0,NA,"Oct 18, 2022, 10:27 AM",0.0,3.0,0.0,"Oct 18, 2022, 9:51 AM",NA,NA,NA,NA,NA,NA,NA,NA,NA,NA,NA,NA,NA,NA,NA,NA,NA,NA,NA,NA,NA,NA,NA,NA,NA,NA,NA,NA,NA,NA,NA,NA,NA,NA,NA,NA,NA,0,0
 ,0.48, , ,0.56,0.64,0.56,0.64,60,1995,13_datatwo,17/10/22 - 23/10/22,0.0,0.78,0.0,0.0,0.0,0.0,0.0,00:46:47,02:08:22,3,3,0.0,0.0,0.0,0.0,0.0,0.0,0.0,4,0,NA,0,0,NA,"Oct 18, 2022, 2:49 PM",NA,NA,NA,NA,Week 3,0.63,0.14,2.0,2.0,"Oct 18, 2022, 2:49 PM","Oct 18, 2022, 2:50 PM",0.0,0.0,0.0,NA,NA,NA,NA,NA,NA,NA,NA,NA,NA,NA,NA,NA,NA,NA,NA,NA,NA,NA,NA,NA,NA,NA,NA,NA,NA,NA,NA,NA,NA,NA,NA,NA,NA,NA,NA,NA,NA,0,0
 , ,0.56, ,0.68,0.72,0.68,0.64,68,1995,14_datatwo,17/10/22 - 23/10/22,0.0,0.0,0.0,0.0,0.0,0.0,0.0,00:00:00,02:08:23,0,0,0.0,0.0,0.0,0.0,0.0,0.0,0.0,0,0,NA,0,0,NA,NA,NA,NA,NA,NA,Week 3,0.0,0.0,0.0,0.0,NA,NA,0.0,0.0,0.0,NA,NA,NA,NA,NA,NA,NA,NA,NA,NA,NA,NA,NA,NA,NA,NA,NA,NA,NA,NA,NA,NA,NA,NA,NA,NA,NA,NA,NA,NA,NA,NA,NA,NA,NA,NA,NA,NA,0,0
0.48,0.56,0.56, ,0.72,0.68,0.68,0.64,68,1996,15_datatwo,17/10/22 - 23/10/22,0.0,3.26,0.0,0.0,0.01,0.0,0.0,03:16:20,02:08:22,5,5,0.0,0.0,0.0,0.0,1.31,0.0,1.0,4,3,NA,2,0,"Oct 21, 2022, 8:04 PM","Oct 18, 2022, 11:12 AM",NA,NA,"Oct 18, 2022, 11:12 AM",NA,Week 3,0.0,0.0,0.0,0.0,NA,NA,0.0,0.0,0.0,"Oct 18, 2022, 11:12 AM",NA,NA,NA,NA,NA,NA,NA,NA,NA,NA,NA,NA,NA,NA,NA,NA,NA,NA,NA,NA,NA,NA,NA,NA,NA,NA,NA,NA,NA,NA,NA,NA,NA,NA,NA,NA,NA,0,0
0.4,0.48, , ,0.52,0.6,0.36,0.52,50,1993,16_datatwo,17/10/22 - 23/10/22,0.0,1.29,0.72,0.0,0.0,0.0,0.0,02:00:58,02:08:22,7,9,0.09,0.03,0.0,0.0,0.01,0.23,1.0,11,0,NA,1,1,"Oct 18, 2022, 11:49 AM","Oct 18, 2022, 11:15 AM",NA,"Oct 19, 2022, 11:16 AM","Oct 18, 2022, 11:54 AM","Oct 18, 2022, 11:35 AM",Week 3,0.0,0.96,0.0,7.0,NA,"Oct 18, 2022, 11:16 AM",0.0,1.0,0.0,NA,NA,NA,NA,NA,NA,NA,NA,NA,NA,NA,NA,NA,NA,NA,NA,NA,NA,NA,NA,NA,NA,NA,NA,NA,NA,NA,NA,NA,NA,NA,NA,NA,NA,NA,NA,NA,NA,0,0
 ,0.4,0.56, ,0.68,0.6,0.64,0.68,65,1998,17_datatwo,17/10/22 - 23/10/22,0.1,1.11,0.0,0.0,0.0,0.42,4.79,06:24:59,02:08:22,7,21,2.5,0.01,0.01,0.0,0.0,0.07,4.0,13,3,NA,0,1,"Oct 17, 2022, 4:29 PM","Oct 17, 2022, 4:25 PM",NA,NA,NA,"Oct 18, 2022, 11:12 AM",Week 3,0.0,3.26,0.0,6.0,NA,"Oct 17, 2022, 4:25 PM",0.0,0.0,2.0,"Oct 22, 2022, 2:57 PM","Oct 23, 2022, 8:00 PM",NA,NA,NA,NA,NA,NA,NA,NA,NA,NA,NA,NA,NA,NA,NA,NA,NA,NA,NA,NA,NA,NA,NA,NA,NA,NA,NA,NA,NA,NA,NA,NA,NA,NA,NA,NA,0,0
 , , , ,0.6,0.6,0.52,0.6,58,1993,18_datatwo,17/10/22 - 23/10/22,0.0,1.77,0.0,0.0,0.0,0.0,0.0,01:46:15,02:08:22,12,12,0.14,0.0,0.01,0.01,0.0,0.0,5.0,5,3,NA,0,0,"Oct 18, 2022, 4:48 PM","Oct 18, 2022, 4:34 PM",NA,"Oct 18, 2022, 4:33 PM",NA,NA,Week 3,0.0,1.56,0.0,3.0,NA,"Oct 18, 2022, 4:34 PM",0.0,6.0,0.0,"Oct 18, 2022, 4:34 PM",NA,NA,NA,NA,NA,NA,NA,NA,NA,NA,NA,NA,NA,NA,NA,NA,NA,NA,NA,NA,NA,NA,NA,NA,NA,NA,NA,NA,NA,NA,NA,NA,NA,NA,NA,NA,NA,0,0
 , , , ,0.6,0.64,0.6,0.68,63,1997,19_datatwo,17/10/22 - 23/10/22,0.0,0.0,0.0,0.0,0.53,0.0,0.0,00:31:55,02:08:22,5,5,0.0,0.01,0.0,0.0,0.0,0.0,0.0,4,1,NA,0,0,NA,"Oct 21, 2022, 10:20 PM",NA,NA,NA,NA,Week 3,0.0,0.47,0.0,2.0,NA,"Oct 21, 2022, 10:21 PM",0.0,0.0,0.0,"Oct 21, 2022, 10:20 PM",NA,NA,NA,NA,NA,NA,NA,NA,NA,NA,NA,NA,NA,NA,NA,NA,NA,NA,NA,NA,NA,NA,NA,NA,NA,NA,NA,NA,NA,NA,NA,NA,NA,NA,NA,NA,NA,0,0
0.56,0.4,0.52,0.24,0.72,0.64,0.6,0.6,64,1997,20_datatwo,17/10/22 - 23/10/22,0.0,2.14,0.0,0.02,0.01,1.74,1.11,05:00:51,02:08:22,9,34,1.19,0.43,0.27,0.63,0.0,0.0,6.0,15,5,NA,0,0,"Oct 18, 2022, 4:51 PM","Oct 18, 2022, 4:16 PM",NA,"Oct 20, 2022, 12:05 PM",NA,NA,Week 3,0.0,1.06,0.0,11.0,NA,"Oct 18, 2022, 4:16 PM",0.0,8.0,0.0,"Oct 18, 2022, 4:16 PM",NA,NA,NA,NA,NA,NA,NA,NA,NA,NA,NA,NA,NA,NA,NA,NA,NA,NA,NA,NA,NA,NA,NA,NA,NA,NA,NA,NA,NA,NA,NA,NA,NA,NA,NA,NA,NA,0,0
0.48,0.52,0.56,0.24,0.52,0.52,0.56,0.48,52,1995,21_datatwo,17/10/22 - 23/10/22,0.01,0.99,0.0,0.0,0.0,0.0,0.0,01:00:08,02:08:22,4,5,0.0,0.0,0.0,0.0,0.0,0.0,2.0,1,0,NA,0,0,"Oct 17, 2022, 6:50 PM","Oct 17, 2022, 7:22 PM",NA,NA,NA,NA,Week 3,0.0,0.0,0.0,0.0,NA,NA,0.0,0.0,0.0,NA,NA,NA,NA,NA,NA,NA,NA,NA,NA,NA,NA,NA,NA,NA,NA,NA,NA,NA,NA,NA,NA,NA,NA,NA,NA,NA,NA,NA,NA,NA,NA,NA,NA,NA,NA,NA,NA,0,0
 , , , ,0.48,0.48,0.32,0.4,42,1996,22_datatwo,17/10/22 - 23/10/22,0.0,1.81,0.0,0.0,0.01,0.0,0.0,01:48:49,02:08:22,4,4,0.0,0.0,0.0,0.0,0.0,0.0,0.0,4,0,NA,0,0,NA,"Oct 18, 2022, 11:04 AM",NA,NA,NA,NA,Week 3,0.17,0.65,1.0,2.0,"Oct 18, 2022, 11:04 AM","Oct 18, 2022, 11:15 AM",0.0,0.0,0.0,NA,NA,NA,NA,NA,NA,NA,NA,NA,NA,NA,NA,NA,NA,NA,NA,NA,NA,NA,NA,NA,NA,NA,NA,NA,NA,NA,NA,NA,NA,NA,NA,NA,NA,NA,NA,NA,NA,0,0
0.36,0.32, , ,0.52,0.6,0.52,0.52,54,1987,23_datatwo,17/10/22 - 23/10/22,0.33,0.0,0.0,0.0,0.0,1.73,1.5,03:33:54,02:08:22,8,16,0.09,0.02,0.06,0.0,0.0,0.0,4.0,12,1,NA,1,0,"Oct 22, 2022, 12:13 PM","Oct 17, 2022, 7:09 AM",NA,NA,"Oct 17, 2022, 7:23 AM",NA,Week 3,0.0,1.02,0.0,5.0,NA,"Oct 22, 2022, 12:15 PM",0.04,0.0,1.0,"Oct 17, 2022, 7:05 AM","Oct 23, 2022, 2:29 PM",NA,NA,NA,NA,NA,NA,NA,NA,NA,NA,NA,NA,NA,NA,NA,NA,NA,NA,NA,NA,NA,NA,NA,NA,NA,NA,NA,NA,NA,NA,NA,NA,NA,NA,NA,NA,0,0
 , , , ,0.52,0.4,0.4,0.52,46,2000,24_datatwo,17/10/22 - 23/10/22,0.22,1.6,0.0,0.05,0.0,0.0,0.0,01:52:10,02:08:22,11,17,0.1,0.18,0.0,0.02,0.0,0.03,6.0,10,0,NA,1,1,"Oct 18, 2022, 11:48 AM","Oct 18, 2022, 11:12 AM",NA,"Oct 18, 2022, 11:53 AM","Oct 18, 2022, 11:12 AM","Oct 18, 2022, 11:12 AM",Week 3,0.01,0.98,1.0,4.0,"Oct 18, 2022, 11:14 AM","Oct 18, 2022, 11:16 AM",0.0,1.0,0.0,NA,NA,NA,NA,NA,NA,NA,NA,NA,NA,NA,NA,NA,NA,NA,NA,NA,NA,NA,NA,NA,NA,NA,NA,NA,NA,NA,NA,NA,NA,NA,NA,NA,NA,NA,NA,NA,NA,0,0
 , , , ,0.68,0.68,0.6,0.6,64,1994,25_datatwo,17/10/22 - 23/10/22,1.81,2.15,0.0,0.0,0.0,0.0,0.0,03:57:28,02:08:22,12,18,0.0,0.01,0.96,0.01,0.0,0.16,1.0,6,3,NA,0,2,"Oct 18, 2022, 10:36 AM","Oct 17, 2022, 9:46 PM",NA,"Oct 17, 2022, 10:03 PM",NA,"Oct 17, 2022, 9:53 PM",Week 3,0.1,0.0,1.0,1.0,"Oct 17, 2022, 9:47 PM","Oct 18, 2022, 12:52 PM",0.0,3.0,0.0,"Oct 17, 2022, 8:47 PM",NA,NA,NA,NA,NA,NA,NA,NA,NA,NA,NA,NA,NA,NA,NA,NA,NA,NA,NA,NA,NA,NA,NA,NA,NA,NA,NA,NA,NA,NA,NA,NA,NA,NA,NA,NA,NA,0,0
 , , , ,0.64,0.6,0.52,0.52,57,1995,26_datatwo,17/10/22 - 23/10/22,0.0,0.46,0.0,0.0,0.0,0.0,0.0,00:27:43,02:08:22,7,7,0.1,0.01,0.01,0.0,0.01,0.0,3.0,6,4,NA,1,0,"Oct 18, 2022, 11:48 AM","Oct 18, 2022, 11:27 AM",NA,"Oct 18, 2022, 11:27 AM","Oct 18, 2022, 11:47 AM",NA,Week 3,0.0,0.32,0.0,2.0,NA,"Oct 18, 2022, 11:28 AM",0.0,4.0,0.0,"Oct 18, 2022, 11:27 AM",NA,NA,NA,NA,NA,NA,NA,NA,NA,NA,NA,NA,NA,NA,NA,NA,NA,NA,NA,NA,NA,NA,NA,NA,NA,NA,NA,NA,NA,NA,NA,NA,NA,NA,NA,NA,NA,0,0
 , , , ,0.68,0.68,0.64,0.68,67,1995,27_datatwo,17/10/22 - 23/10/22,0.0,0.0,0.0,0.0,0.0,0.0,0.0,00:00:00,02:08:23,0,0,0.0,0.0,0.0,0.0,0.0,0.0,0.0,0,0,NA,0,0,NA,NA,NA,NA,NA,NA,Week 3,0.0,0.0,0.0,0.0,NA,NA,0.0,0.0,0.0,NA,NA,NA,NA,NA,NA,NA,NA,NA,NA,NA,NA,NA,NA,NA,NA,NA,NA,NA,NA,NA,NA,NA,NA,NA,NA,NA,NA,NA,NA,NA,NA,NA,NA,NA,NA,NA,NA,0,0
 ,0.4,0.52,0.52,0.76,0.68,0.68,0.68,70,1991,28_datatwo,17/10/22 - 23/10/22,0.0,1.69,0.08,0.0,0.0,0.0,0.0,01:46:08,02:08:22,6,7,0.0,0.0,0.0,0.01,0.0,0.0,2.0,2,1,NA,0,0,"Oct 18, 2022, 4:53 PM","Oct 18, 2022, 4:33 PM",NA,"Oct 18, 2022, 4:33 PM",NA,NA,Week 3,0.0,1.67,0.0,2.0,NA,"Oct 18, 2022, 4:33 PM",0.0,3.0,0.0,"Oct 18, 2022, 4:52 PM",NA,NA,NA,NA,NA,NA,NA,NA,NA,NA,NA,NA,NA,NA,NA,NA,NA,NA,NA,NA,NA,NA,NA,NA,NA,NA,NA,NA,NA,NA,NA,NA,NA,NA,NA,NA,NA,0,0
 , , , ,0.68,0.68,0.76,0.68,70,1981,29_datatwo,17/10/22 - 23/10/22,0.0,0.0,0.0,0.0,0.0,0.0,0.0,00:00:00,00:22:36,0,0,0.0,0.0,0.0,0.0,0.0,0.0,0.0,0,0,NA,0,0,NA,NA,NA,NA,NA,NA,Week 3,0.0,0.0,0.0,0.0,NA,NA,0.0,0.0,0.0,NA,NA,NA,NA,NA,NA,NA,NA,NA,NA,NA,NA,NA,NA,NA,NA,NA,NA,NA,NA,NA,NA,NA,NA,NA,NA,NA,NA,NA,NA,NA,NA,NA,NA,NA,NA,NA,NA,0,0
0.4, , , ,0.68,0.64,0.64,0.68,66,1981,30_datatwo,17/10/22 - 23/10/22,0.0,1.78,0.0,2.84,0.01,0.0,0.0,04:38:05,02:08:22,8,13,0.01,0.01,0.0,0.02,0.0,0.0,1.0,11,0,NA,0,0,"Oct 20, 2022, 12:49 PM","Oct 18, 2022, 4:08 PM",NA,"Oct 18, 2022, 5:45 PM",NA,NA,Week 3,0.0,4.0,0.0,11.0,NA,"Oct 18, 2022, 4:08 PM",0.0,7.0,0.0,NA,NA,NA,NA,NA,NA,NA,NA,NA,NA,NA,NA,NA,NA,NA,NA,NA,NA,NA,NA,NA,NA,NA,NA,NA,NA,NA,NA,NA,NA,NA,NA,NA,NA,NA,NA,NA,NA,0,0
0.56,0.44,0.48, ,0.6,0.6,0.56,0.52,57,1992,31_datatwo,17/10/22 - 23/10/22,0.0,1.9500016666666666,2.1241666666666665,0.0,2.186945,0.6986116666666666,0.013333333333333334,06:58:23,02:08:22,4,17,0.0,0.6583349999999999,0.0,0.005278333333333333,0.0,0.0,0.0,16,0,NA,0,0,NA,2022-10-18 10:19:30.390000,NA,2022-10-19 19:41:27.010000,NA,NA,Week 3,0.0,6.226388333333333,0.0,13.0,NA,2022-10-18 10:19:41.146000,0.0,1.0,0.0,NA,NA,NA,NA,NA,NA,NA,NA,NA,NA,NA,NA,NA,NA,NA,NA,NA,NA,NA,NA,NA,NA,NA,NA,NA,NA,NA,NA,NA,NA,NA,NA,NA,NA,NA,NA,NA,NA,25103,7702
 , , , ,0.6,0.6,0.56,0.64,60,1994,32_datatwo,17/10/22 - 23/10/22,0.0,0.5436099999999999,0.003055,0.0,0.005278333333333333,0.0,0.0,00:33:07,02:08:22,4,9,0.031111666666666666,0.004445,0.0,0.0,0.0,0.0,1.0,4,0,NA,0,0,2022-10-18 16:14:39.504000,2022-10-18 11:59:49.727000,NA,NA,NA,NA,Week 3,0.0,0.0,0.0,3.0,NA,2022-10-18 16:16:37.997000,0.0,0.0,0.0,NA,NA,NA,NA,NA,NA,NA,NA,NA,NA,NA,NA,NA,NA,NA,NA,NA,NA,NA,NA,NA,NA,NA,NA,NA,NA,NA,NA,NA,NA,NA,NA,NA,NA,NA,NA,NA,NA,1987,7702
 , , , ,0.42,0.52,0.56,0.54,51,1989,33_datatwo,17/10/22 - 23/10/22,0.0,0.7244433333333333,0.0,1.6127783333333334,0.0,0.2097216666666667,2.0347233333333334,04:34:54,02:08:22,12,29,0.006111666666666666,0.12305833333333333,0.07416666666666667,0.013611666666666668,0.003888333333333333,0.948055,1.0,22,6,NA,1,2,2022-10-18 13:18:30.108000,2022-10-18 12:13:15.540000,NA,2022-10-22 15:30:56.397000,2022-10-18 13:17:29.667000,2022-10-18 13:18:53.281000,Week 3,1.978055,0.45611,2.0,10.0,2022-10-23 16:55:02.347000,2022-10-18 12:13:19.949000,0.0047216666666666665,1.0,1.0,2022-10-18 13:17:43.813000,2022-10-20 13:13:24.263000,NA,NA,NA,NA,NA,NA,NA,NA,NA,NA,NA,NA,NA,NA,NA,NA,NA,NA,NA,NA,NA,NA,NA,NA,NA,NA,NA,NA,NA,NA,NA,NA,NA,NA,NA,NA,16494,7702
 , , , ,0.64,0.6,0.68,0.68,65,1991,34_datatwo,17/10/22 - 23/10/22,0.0,0.8491666666666667,0.0,0.0,0.0,0.0,0.0,00:50:57,02:08:22,7,10,0.10583333333333332,0.006943333333333333,0.004443333333333333,0.0,0.0,0.0,2.0,10,3,NA,0,0,2022-10-18 11:48:22.435000,2022-10-18 10:33:14.759000,NA,NA,NA,NA,Week 3,0.010278333333333334,0.5977783333333334,1.0,5.0,2022-10-18 10:33:20.500000,2022-10-18 10:33:59.540000,0.0,0.0,0.0,2022-10-18 10:33:00.441000,NA,NA,NA,NA,NA,NA,NA,NA,NA,NA,NA,NA,NA,NA,NA,NA,NA,NA,NA,NA,NA,NA,NA,NA,NA,NA,NA,NA,NA,NA,NA,NA,NA,NA,NA,NA,NA,3057,7702
0.36,0.28, , ,0.52,0.52,0.52,0.52,52,1981,35_datatwo,17/10/22 - 23/10/22,0.0,1.2963883333333333,0.0,0.0,0.0,0.265,0.0,01:33:41,02:08:22,8,10,0.09027833333333334,0.017221666666666666,0.15722166666666668,0.03666666666666667,0.005,0.0,2.0,12,1,NA,1,0,2022-10-18 11:48:25.790000,2022-10-18 11:16:05.174000,NA,2022-10-22 09:10:14.360000,2022-10-18 11:53:54.590000,NA,Week 3,0.0,0.8811116666666667,0.0,5.0,NA,2022-10-18 11:16:11.969000,0.0,1.0,0.0,2022-10-22 08:58:44.269000,NA,NA,NA,NA,NA,NA,NA,NA,NA,NA,NA,NA,NA,NA,NA,NA,NA,NA,NA,NA,NA,NA,NA,NA,NA,NA,NA,NA,NA,NA,NA,NA,NA,NA,NA,NA,NA,5621,7702
 , , , ,0.52,0.52,0.52,0.56,53,1994,36_datatwo,17/10/22 - 23/10/22,0.0,1.6711116666666668,0.0,0.0,1.771945,0.0,0.0,03:26:35,02:08:22,4,6,0.0,0.01361,0.0,0.0,0.0,0.0,0.0,5,0,NA,0,0,NA,2022-10-18 11:09:54.941000,NA,NA,NA,NA,Week 3,0.0,1.8527783333333334,0.0,5.0,NA,2022-10-18 11:09:56.529000,0.0,0.0,0.0,NA,NA,NA,NA,NA,NA,NA,NA,NA,NA,NA,NA,NA,NA,NA,NA,NA,NA,NA,NA,NA,NA,NA,NA,NA,NA,NA,NA,NA,NA,NA,NA,NA,NA,NA,NA,NA,NA,12395,7702
0.48,0.64, , ,0.52,0.64,0.32,0.56,51,1986,37_datatwo,17/10/22 - 23/10/22,0.0,0.8186116666666667,0.8175,2.3558333333333334,0.0,0.0,0.0,03:59:31,02:08:22,10,21,0.0,0.040555,0.0036100000000000004,0.0025,0.0,0.0,0.0,15,2,NA,0,0,NA,2022-10-18 16:28:07.290000,NA,2022-10-19 12:30:14.781000,NA,NA,Week 3,0.0,1.1105566666666666,0.0,12.0,NA,2022-10-18 16:28:13.249000,0.0,2.0,0.0,2022-10-18 16:32:05.679000,NA,NA,NA,NA,NA,NA,NA,NA,NA,NA,NA,NA,NA,NA,NA,NA,NA,NA,NA,NA,NA,NA,NA,NA,NA,NA,NA,NA,NA,NA,NA,NA,NA,NA,NA,NA,NA,14371,7702
 , , , ,0.44,0.52,0.4,0.52,47,1992,38_datatwo,17/10/22 - 23/10/22,0.0,0.0,0.74389,1.061945,2.103055,0.004445,0.0,03:54:48,02:08:22,4,13,1.8797233333333334,0.011111666666666667,0.009166666666666667,0.0,0.0,0.0,7.0,6,2,NA,0,0,2022-10-19 13:47:34.992000,2022-10-19 13:43:23.846000,NA,NA,NA,NA,Week 3,0.0,1.9611116666666668,0.0,3.0,NA,2022-10-19 13:43:41.666000,0.0,0.0,0.0,2022-10-19 13:47:09.331000,NA,NA,NA,NA,NA,NA,NA,NA,NA,NA,NA,NA,NA,NA,NA,NA,NA,NA,NA,NA,NA,NA,NA,NA,NA,NA,NA,NA,NA,NA,NA,NA,NA,NA,NA,NA,NA,14088,7702
 , , , ,0.52,0.6,0.52,0.52,54,1992,39_datatwo,17/10/22 - 23/10/22,0.0175,0.8027783333333333,0.0,0.0,0.0,0.0,0.0,00:49:13,02:08:22,4,6,0.0,0.021666666666666667,0.0,0.0,0.0,0.028611666666666664,5.0,0,0,NA,0,1,NA,2022-10-17 22:09:54.260000,NA,NA,NA,2022-10-18 11:13:12.884000,Week 3,0.03833333333333333,0.6727783333333334,2.0,2.0,2022-10-17 22:10:06.288000,2022-10-18 11:17:17.199000,0.0,0.0,0.0,NA,NA,NA,NA,NA,NA,NA,NA,NA,NA,NA,NA,NA,NA,NA,NA,NA,NA,NA,NA,NA,NA,NA,NA,NA,NA,NA,NA,NA,NA,NA,NA,NA,NA,NA,NA,NA,NA,2953,7702
0.52,0.52,0.48, ,0.56,0.56,0.6,0.56,57,1996,40_datatwo,17/10/22 - 23/10/22,0.0,1.0072216666666667,0.0,0.0,0.10388833333333333,0.0,4.207221666666666,05:19:05,02:08:22,5,13,0.0,0.010833333333333334,0.0,0.0022216666666666665,0.0,0.0,0.0,12,0,NA,0,0,NA,2022-10-18 11:03:12.460000,NA,2022-10-18 11:11:06.003000,NA,NA,Week 3,0.0,3.733055,0.0,7.0,NA,2022-10-18 11:03:15.508000,0.0,1.0,0.0,NA,NA,NA,NA,NA,NA,NA,NA,NA,NA,NA,NA,NA,NA,NA,NA,NA,NA,NA,NA,NA,NA,NA,NA,NA,NA,NA,NA,NA,NA,NA,NA,NA,NA,NA,NA,NA,NA,19145,7702
 , , , ,0.56,0.52,0.4,0.6,52,1997,41_datatwo,17/10/22 - 23/10/22,0.0,0.9272216666666666,0.653055,0.0,0.0,0.0,0.0,01:34:49,02:08:22,5,6,0.6425,0.07,0.0,0.0,0.0,0.0,2.0,2,0,NA,0,0,2022-10-18 12:02:31.421000,2022-10-18 11:07:03.666000,NA,NA,NA,NA,Week 3,0.0,0.854445,0.0,2.0,NA,2022-10-18 11:11:12.248000,0.0,0.0,0.0,NA,NA,NA,NA,NA,NA,NA,NA,NA,NA,NA,NA,NA,NA,NA,NA,NA,NA,NA,NA,NA,NA,NA,NA,NA,NA,NA,NA,NA,NA,NA,NA,NA,NA,NA,NA,NA,NA,5689,7702
0.28,0.4,0.4,0.36,0.52,0.56,0.52,0.56,54,1996,42_datatwo,17/10/22 - 23/10/22,0.0,0.004445,0.018888333333333333,0.0,2.0591666666666666,0.0,0.0,02:04:57,02:08:22,5,12,1.455555,0.008333333333333333,0.0013883333333333332,0.0,0.0,0.0,1.0,6,2,NA,0,0,2022-10-21 20:03:42.029000,2022-10-18 12:21:58.643000,NA,NA,NA,NA,Week 3,0.0,0.295555,0.0,4.0,NA,2022-10-18 12:22:01.405000,0.20888833333333334,0.0,1.0,2022-10-19 15:05:01.080000,2022-10-21 19:51:01.053000,NA,NA,NA,NA,NA,NA,NA,NA,NA,NA,NA,NA,NA,NA,NA,NA,NA,NA,NA,NA,NA,NA,NA,NA,NA,NA,NA,NA,NA,NA,NA,NA,NA,NA,NA,NA,7497,7702
 ,0.44,0.44, ,0.52,0.56,0.52,0.6,55,1991,43_datatwo,17/10/22 - 23/10/22,0.0,2.8008333333333337,0.0,0.0,0.0,0.0,0.0,02:48:03,02:08:22,9,12,0.923055,0.009166666666666667,0.018888333333333333,0.0,0.008055,0.026945,3.0,8,3,NA,1,1,NA,2022-10-18 11:48:18.432000,NA,2022-10-18 11:09:54.533000,2022-10-18 11:12:29.585000,2022-10-18 11:13:09.212000,Week 3,0.026388333333333337,1.3613883333333332,1.0,3.0,2022-10-18 11:14:49.598000,2022-10-18 11:11:55.985000,0.0,0.0,0.0,2022-10-18 11:11:48.681000,NA,NA,NA,NA,NA,NA,NA,NA,NA,NA,NA,NA,NA,NA,NA,NA,NA,NA,NA,NA,NA,NA,NA,NA,NA,NA,NA,NA,NA,NA,NA,NA,NA,NA,NA,NA,NA,10083,7702
0.56,0.68,0.72,0.72,0.72,0.76,0.8,0.8,77,1986,44_datatwo,17/10/22 - 23/10/22,0.003055,0.3472216666666667,0.0,4.962223333333333,0.11472333333333333,2.3311116666666667,0.0011116666666666666,07:45:34,02:08:22,13,25,5.194166666666666,0.009166666666666667,0.025278333333333333,0.0,0.0033333333333333335,0.0,23.0,11,1,NA,1,0,2022-10-20 13:50:44.378000,2022-10-17 12:33:34.039000,NA,NA,2022-10-20 21:48:37.312000,NA,Week 3,0.0,2.192223333333333,0.0,6.0,NA,2022-10-18 16:11:56.910000,0.045555,0.0,2.0,2022-10-20 21:48:52.682000,2022-10-20 22:21:03.321000,NA,NA,NA,NA,NA,NA,NA,NA,NA,NA,NA,NA,NA,NA,NA,NA,NA,NA,NA,NA,NA,NA,NA,NA,NA,NA,NA,NA,NA,NA,NA,NA,NA,NA,NA,NA,27934,7702
0.44,0.56,0.48, ,0.56,0.64,0.68,0.6,62,1989,45_datatwo,17/10/22 - 23/10/22,0.0,2.016945,0.0,0.0,1.2325000000000002,0.355555,0.0,03:36:18,02:08:22,7,17,1.150555,0.003888333333333333,0.003888333333333333,0.176945,0.0,0.0,4.0,7,3,NA,0,0,2022-10-18 13:01:54.113000,2022-10-18 11:08:33.796000,NA,2022-10-21 12:28:28.868000,NA,NA,Week 3,0.0,2.1966666666666668,0.0,8.0,NA,2022-10-18 11:08:36.839000,0.0,2.0,0.0,2022-10-18 11:08:31.751000,NA,NA,NA,NA,NA,NA,NA,NA,NA,NA,NA,NA,NA,NA,NA,NA,NA,NA,NA,NA,NA,NA,NA,NA,NA,NA,NA,NA,NA,NA,NA,NA,NA,NA,NA,NA,NA,12978,7702
0.36,0.4,NA,0.68,0.8,0.72,0.72,0.68,73,1992,46_datatwo,13/02/23 - 19/02/23,0.0,1.8061116666666668,0.0,0.0,0.390555,0.0,0.0,02:11:48,00:57:40,7,16,0.41388833333333336,0.010555,0.0022233333333333332,0.0,0.0,0.0,5.0,12,4,NA,0,0,2023-02-21 11:20:58.454000,2023-02-21 11:21:29.123000,NA,NA,NA,NA,Week 3,0.0,1.1922216666666665,0.0,3.0,NA,2023-02-21 11:21:34.639000,0.0,0.0,0.0,2023-02-21 11:21:28.123000,NA,NA,NA,NA,NA,NA,NA,NA,NA,NA,NA,NA,NA,NA,NA,NA,NA,NA,NA,NA,NA,NA,NA,NA,NA,NA,NA,NA,NA,NA,NA,NA,NA,NA,NA,NA,NA,7908,3460
0.52,0.6,0.52,0.72,0.64,0.68,0.68,0.8,70,1999,47_datatwo,13/02/23 - 19/02/23,0.06333333333333332,0.653055,0.0,1.6163883333333333,0.0,0.0,0.0,02:19:58,00:57:40,6,14,0.0,0.026390000000000004,0.00027833333333333334,0.00111,0.0,0.0,0.0,12,1,NA,0,0,NA,2023-02-20 13:26:55.334000,NA,2023-02-20 13:26:53.272000,NA,NA,Week 3,0.0,1.6863883333333332,0.0,1.0,NA,2023-02-20 13:26:59.515000,0.0,2.0,0.0,2023-02-21 12:44:27.444000,NA,NA,NA,NA,NA,NA,NA,NA,NA,NA,NA,NA,NA,NA,NA,NA,NA,NA,NA,NA,NA,NA,NA,NA,NA,NA,NA,NA,NA,NA,NA,NA,NA,NA,NA,NA,NA,8398,3460
0.48,0.6,0.48,0.52,0.64,0.64,0.56,0.56,60,1989,48_datatwo,13/02/23 - 19/02/23,0.0,0.5002783333333334,0.0,0.011111666666666667,0.0,0.0,0.0,00:30:41,00:57:40,4,4,0.0,0.004445,0.0,0.0,0.0,0.0,0.0,3,0,NA,0,0,NA,2023-02-21 12:06:37.909000,NA,NA,NA,NA,Week 3,0.0,0.39916666666666667,0.0,3.0,NA,2023-02-21 12:10:46.054000,1.16361,0.0,3.0,NA,2023-02-13 21:19:37.133000,NA,NA,NA,NA,NA,NA,NA,NA,NA,NA,NA,NA,NA,NA,NA,NA,NA,NA,NA,NA,NA,NA,NA,NA,NA,NA,NA,NA,NA,NA,NA,NA,NA,NA,NA,NA,1841,3460
NA,NA,NA,NA,0.56,0.64,0.56,0.64,60,1995,49_datatwo,13/02/23 - 19/02/23,0.0,1.9602783333333336,0.007778333333333333,0.0,0.0,0.0,0.0,01:58:05,00:57:40,12,16,0.37083333333333335,0.005278333333333333,0.0025,0.0036116666666666667,0.0,0.0,4.0,5,1,NA,0,0,2023-02-21 10:15:19.525000,2023-02-21 09:40:44.071000,NA,2023-02-21 10:37:15.656000,NA,NA,Week 3,0.0,0.26166666666666666,0.0,2.0,NA,2023-02-21 09:40:48.401000,0.0,4.0,0.0,2023-02-21 12:37:12.092000,NA,NA,NA,NA,NA,NA,NA,NA,NA,NA,NA,NA,NA,NA,NA,NA,NA,NA,NA,NA,NA,NA,NA,NA,NA,NA,NA,NA,NA,NA,NA,NA,NA,NA,NA,NA,NA,7085,3460
0.48,0.4,NA,0.4,0.72,0.76,0.68,0.72,72,1988,50_datatwo,13/02/23 - 19/02/23,0.0,1.4008333333333334,0.0,0.0,0.0,0.0,0.0,01:24:03,00:57:40,6,9,0.0,0.012778333333333334,0.0025,0.0,0.0,0.0,0.0,10,3,NA,0,0,NA,2023-02-21 12:29:20.229000,NA,NA,NA,NA,Week 3,0.005555000000000001,0.0,1.0,1.0,2023-02-21 12:29:25.057000,2023-02-21 12:29:48.636000,0.0027783333333333336,0.0,1.0,2023-02-21 12:29:44.727000,2023-02-14 12:05:58.440000,NA,NA,NA,NA,NA,NA,NA,NA,NA,NA,NA,NA,NA,NA,NA,NA,NA,NA,NA,NA,NA,NA,NA,NA,NA,NA,NA,NA,NA,NA,NA,NA,NA,NA,NA,NA,5043,3460
0.56,0.68,0.72,0.76,0.72,0.76,0.72,0.8,75,1994,51_datatwo,13/02/23 - 19/02/23,0.0,0.0,0.0,0.0,0.0,0.0,0.0,00:00:00,00:57:40,0,0,0.0,0.0,0.0,0.0,0.0,0.0,0.0,0,0,NA,0,0,NA,NA,NA,NA,NA,NA,Week 3,0.0,0.0,0.0,1.0,NA,2023-02-21 12:29:48.636000,0.0,0.0,0.0,NA,NA,NA,NA,NA,NA,NA,NA,NA,NA,NA,NA,NA,NA,NA,NA,NA,NA,NA,NA,NA,NA,NA,NA,NA,NA,NA,NA,NA,NA,NA,NA,NA,NA,NA,NA,NA,NA,0,3460
0.44,0.4,NA,NA,0.64,0.52,0.56,0.64,60,1997,52_datatwo,13/02/23 - 19/02/23,0.000555,0.560555,0.0,0.0,0.0,0.0,0.0,00:33:40,00:57:40,8,9,0.0027783333333333336,0.0025,0.0047216666666666665,0.005278333333333333,0.0,0.0,2.0,4,1,NA,0,0,2023-02-20 22:48:36.604000,2023-02-21 12:03:46.055000,NA,2023-02-21 12:04:06.284000,NA,NA,Week 3,0.00027833333333333334,0.8994449999999999,1.0,2.0,2023-02-21 12:04:28.194000,2023-02-21 12:04:28.721000,0.0,1.0,0.0,2023-02-21 12:36:08.269000,NA,NA,NA,NA,NA,NA,NA,NA,NA,NA,NA,NA,NA,NA,NA,NA,NA,NA,NA,NA,NA,NA,NA,NA,NA,NA,NA,NA,NA,NA,NA,NA,NA,NA,NA,NA,NA,2020,3460
0.36,NA,NA,0.76,0.68,0.68,0.68,0.76,70,1991,53_datatwo,13/02/23 - 19/02/23,0.0,0.49916666666666665,0.0,0.0,0.0,0.0,0.0,00:29:57,00:57:40,4,4,0.0,0.004166666666666667,0.0025,0.0,0.0,0.0,0.0,2,1,NA,0,0,NA,2023-02-21 12:07:36.787000,NA,NA,NA,NA,Week 3,0.0,0.0,0.0,1.0,NA,2023-02-21 12:07:43.650000,0.0,0.0,0.0,2023-02-21 12:36:05.268000,NA,NA,NA,NA,NA,NA,NA,NA,NA,NA,NA,NA,NA,NA,NA,NA,NA,NA,NA,NA,NA,NA,NA,NA,NA,NA,NA,NA,NA,NA,NA,NA,NA,NA,NA,NA,NA,1797,3460
0.52,NA,0.52,0.52,0.6,0.68,0.56,0.56,60,1992,54_datatwo,13/02/23 - 19/02/23,0.0,1.4216666666666666,0.0,0.0,0.0,0.0,0.0,01:25:18,00:57:40,4,6,0.0,0.022500000000000003,0.011945,0.0,0.0,0.0,0.0,4,1,NA,0,0,NA,2023-02-21 11:49:54.216000,NA,NA,NA,NA,Week 3,0.0,0.0,0.0,1.0,NA,2023-02-21 11:50:42.784000,0.0,0.0,0.0,2023-02-21 12:36:17.139000,NA,NA,NA,NA,NA,NA,NA,NA,NA,NA,NA,NA,NA,NA,NA,NA,NA,NA,NA,NA,NA,NA,NA,NA,NA,NA,NA,NA,NA,NA,NA,NA,NA,NA,NA,NA,NA,5118,3460
NA,NA,NA,NA,0.48,0.56,0.56,0.6,55,1992,55_datatwo,13/02/23 - 19/02/23,0.0,0.01638833333333333,0.0,0.0,0.0,0.0,0.0,00:00:59,00:57:40,1,1,0.010278333333333334,0.0,0.0,0.0,0.0,0.0,1.0,0,0,NA,0,0,2023-02-21 00:14:10.857000,NA,NA,NA,NA,NA,Week 3,0.0,0.0,0.0,0.0,NA,NA,0.0,0.0,0.0,NA,NA,NA,NA,NA,NA,NA,NA,NA,NA,NA,NA,NA,NA,NA,NA,NA,NA,NA,NA,NA,NA,NA,NA,NA,NA,NA,NA,NA,NA,NA,NA,NA,NA,NA,NA,NA,NA,59,3460
0.56,NA,NA,NA,0.64,0.76,0.76,0.76,73,1985,56_datatwo,13/02/23 - 19/02/23,0.0,1.470555,0.0,0.0,0.0,0.0,0.0,01:28:14,00:57:40,4,4,0.0,0.0016666666666666668,0.0025,0.0,0.0,0.0,0.0,4,2,NA,0,0,NA,2023-02-21 12:21:38.716000,NA,NA,NA,NA,Week 3,0.0,0.0,0.0,1.0,NA,2023-02-21 12:21:40.889000,0.0,0.0,0.0,2023-02-21 12:21:34.776000,NA,NA,NA,NA,NA,NA,NA,NA,NA,NA,NA,NA,NA,NA,NA,NA,NA,NA,NA,NA,NA,NA,NA,NA,NA,NA,NA,NA,NA,NA,NA,NA,NA,NA,NA,NA,NA,5294,3460
NA,NA,0.6,NA,0.68,0.68,0.72,0.8,72,1987,57_datatwo,13/02/23 - 19/02/23,0.0,0.0,0.0,0.004445,0.017221666666666666,0.0,0.0,00:01:18,00:57:40,2,4,0.0,0.005278333333333333,0.0,0.0,0.0,0.0,0.0,2,0,NA,0,0,NA,2023-02-23 08:39:14.656000,NA,NA,NA,NA,Week 3,0.0,0.445555,0.0,3.0,NA,2023-02-23 08:39:26.307000,0.026945,0.0,1.0,NA,2023-02-13 16:06:35.838000,NA,NA,NA,NA,NA,NA,NA,NA,NA,NA,NA,NA,NA,NA,NA,NA,NA,NA,NA,NA,NA,NA,NA,NA,NA,NA,NA,NA,NA,NA,NA,NA,NA,NA,NA,NA,78,3460
NA,NA,NA,NA,0.4,0.48,0.4,0.52,45,1998,58_datatwo,13/02/23 - 19/02/23,0.0,0.0,0.0,0.007221666666666667,0.0,0.006111666666666666,0.0,00:00:48,00:57:40,1,1,0.003055,0.0,0.0,0.0,0.0,0.0,1.0,0,0,NA,0,0,2023-02-25 16:46:30.173000,NA,NA,NA,NA,NA,Week 3,0.0,0.0,0.0,0.0,NA,NA,0.0,0.0,0.0,NA,NA,NA,NA,NA,NA,NA,NA,NA,NA,NA,NA,NA,NA,NA,NA,NA,NA,NA,NA,NA,NA,NA,NA,NA,NA,NA,NA,NA,NA,NA,NA,NA,NA,NA,NA,NA,NA,48,3460
0.68,0.72,0.48,0.72,0.68,0.72,0.76,0.76,73,1994,59_datatwo,13/02/23 - 19/02/23,0.07388833333333333,3.0833333333333335,0.026945,0.0,0.0,0.0,0.125555,03:18:35,00:57:40,9,21,0.03555666666666667,0.009721666666666665,0.01361,0.0019433333333333336,0.0,0.0,5.0,8,5,NA,0,0,2023-02-20 14:55:39.456000,2023-02-20 14:52:29.820000,NA,2023-02-20 14:55:34.879000,NA,NA,Week 3,0.0,1.3072216666666665,0.0,3.0,NA,2023-02-20 14:54:51.104000,0.0,2.0,0.0,2023-02-21 12:36:09.437000,NA,NA,NA,NA,NA,NA,NA,NA,NA,NA,NA,NA,NA,NA,NA,NA,NA,NA,NA,NA,NA,NA,NA,NA,NA,NA,NA,NA,NA,NA,NA,NA,NA,NA,NA,NA,NA,11915,3460
0.56,0.7,NA,NA,0.68,0.76,0.8,0.8,76,1998,60_datatwo,13/02/23 - 19/02/23,0.0,1.4988883333333332,0.0,0.0,0.0,0.0,0.0,01:29:56,00:57:40,6,10,0.000555,0.0036116666666666667,0.0025,0.0008333333333333334,0.0,0.0,2.0,2,1,NA,0,0,2023-02-21 11:26:11.539000,2023-02-21 11:25:13.329000,NA,2023-02-21 11:26:10.952000,NA,NA,Week 3,0.0,0.7894450000000001,0.0,1.0,NA,2023-02-21 11:25:25.107000,0.0,2.0,0.0,2023-02-21 11:26:02.148000,NA,NA,NA,NA,NA,NA,NA,NA,NA,NA,NA,NA,NA,NA,NA,NA,NA,NA,NA,NA,NA,NA,NA,NA,NA,NA,NA,NA,NA,NA,NA,NA,NA,NA,NA,NA,NA,5396,3460
0.6,0.4,NA,0.72,0.8,0.76,0.72,0.8,77,1994,61_datatwo,13/02/23 - 19/02/23,0.3775,0.375555,0.0,0.0,0.0,0.0,0.0,00:45:11,00:57:40,4,6,0.0,0.0033333333333333335,0.0,0.0,0.0,0.0,0.0,5,0,NA,0,0,NA,2023-02-20 22:01:18.656000,NA,NA,NA,NA,Week 3,0.0,1.129445,0.0,2.0,NA,2023-02-20 22:01:24.744000,0.0,0.0,0.0,NA,NA,NA,NA,NA,NA,NA,NA,NA,NA,NA,NA,NA,NA,NA,NA,NA,NA,NA,NA,NA,NA,NA,NA,NA,NA,NA,NA,NA,NA,NA,NA,NA,NA,NA,NA,NA,NA,2711,3460
NA,NA,NA,NA,0.68,0.64,0.56,0.52,60,2001,62_datatwo,13/02/23 - 19/02/23,0.0,0.7236116666666667,0.018055,0.0,0.11861166666666666,0.0,0.0,00:51:37,00:57:40,12,17,0.017778333333333333,0.0063883333333333335,0.003055,0.09583333333333334,0.0,0.0,4.0,10,2,NA,0,0,2023-02-21 13:04:26.367000,2023-02-21 12:23:23.266000,NA,2023-02-21 13:04:17.100000,NA,NA,Week 3,0.0,0.0,0.0,1.0,NA,2023-02-21 12:23:24.934000,0.0,8.0,0.0,2023-02-21 12:36:04.615000,NA,NA,NA,NA,NA,NA,NA,NA,NA,NA,NA,NA,NA,NA,NA,NA,NA,NA,NA,NA,NA,NA,NA,NA,NA,NA,NA,NA,NA,NA,NA,NA,NA,NA,NA,NA,NA,3097,3460
0.56,0.6,0.6,0.64,0.64,0.68,0.68,0.68,67,1993,63_datatwo,13/02/23 - 19/02/23,0.005278333333333333,1.7852783333333335,0.0,0.0,0.0,0.0,0.0,01:47:26,00:57:40,4,4,0.0,0.0025,0.0013883333333333332,0.0,0.0,0.0,0.0,5,2,NA,0,0,NA,2023-02-21 12:12:47.438000,NA,NA,NA,NA,Week 3,0.0,1.6591666666666667,0.0,1.0,NA,2023-02-21 12:12:50.570000,0.0011116666666666666,0.0,1.0,2023-02-21 12:38:16.043000,2023-02-14 12:09:09.923000,NA,NA,NA,NA,NA,NA,NA,NA,NA,NA,NA,NA,NA,NA,NA,NA,NA,NA,NA,NA,NA,NA,NA,NA,NA,NA,NA,NA,NA,NA,NA,NA,NA,NA,NA,NA,6446,3460
0.52,NA,NA,NA,0.52,0.52,0.56,0.72,58,1998,64_datatwo,13/02/23 - 19/02/23,0.0,2.088611666666667,0.0,0.0,0.0,0.0,0.0,02:05:19,00:57:40,6,6,0.5802783333333333,0.019166666666666665,0.0,0.0,0.0,0.0,3.0,11,0,NA,0,0,2023-02-21 12:46:43.819000,2023-02-21 11:45:19.081000,NA,NA,NA,NA,Week 3,0.07416666666666667,0.0,1.0,1.0,2023-02-21 11:47:23.195000,2023-02-21 11:45:25.314000,0.0,0.0,0.0,NA,NA,NA,NA,NA,NA,NA,NA,NA,NA,NA,NA,NA,NA,NA,NA,NA,NA,NA,NA,NA,NA,NA,NA,NA,NA,NA,NA,NA,NA,NA,NA,NA,NA,NA,NA,NA,NA,7519,3460
0.44,NA,NA,0.24,0.72,0.68,0.58,0.54,63,1982,65_datatwo,13/02/23 - 19/02/23,0.0,0.0,0.0,0.0,0.0,0.0,0.0,00:00:00,00:57:40,0,0,0.0,0.0,0.0,0.0,0.0,0.0,0.0,0,0,NA,0,0,NA,NA,NA,NA,NA,NA,Week 3,0.0,0.0,0.0,2.0,NA,2023-02-21 12:29:48.636000,0.0,0.0,0.0,NA,NA,NA,NA,NA,NA,NA,NA,NA,NA,NA,NA,NA,NA,NA,NA,NA,NA,NA,NA,NA,NA,NA,NA,NA,NA,NA,NA,NA,NA,NA,NA,NA,NA,NA,NA,NA,NA,0,3460
NA,NA,NA,NA,0.58,0.58,0.58,0.58,58,1980,66_datatwo,13/02/23 - 19/02/23,0.0,1.2933333333333332,0.0,0.0,0.0,0.0,0.0,01:17:36,00:57:40,3,3,0.0,0.0027783333333333336,0.0,0.0,0.0,0.3422216666666667,0.0,2,0,NA,0,1,NA,2023-02-21 18:45:29.791000,NA,NA,NA,2023-02-21 19:42:18.603000,Week 3,0.0,1.4547216666666667,0.0,1.0,NA,2023-02-21 18:45:34.299000,0.0,0.0,0.0,NA,NA,NA,NA,NA,NA,NA,NA,NA,NA,NA,NA,NA,NA,NA,NA,NA,NA,NA,NA,NA,NA,NA,NA,NA,NA,NA,NA,NA,NA,NA,NA,NA,NA,NA,NA,NA,NA,4656,3460
NA,NA,NA,NA,0.58,0.66,0.58,0.58,60,1986,67_datatwo,13/02/23 - 19/02/23,0.0,0.1125,0.008888333333333333,0.0,0.0,0.0,0.0,00:07:17,00:57:40,5,8,0.0,0.006666666666666667,0.0008333333333333334,0.0033333333333333335,0.0,0.0,0.0,5,1,NA,0,0,NA,2023-02-21 12:10:42.503000,NA,2023-02-21 12:44:43.184000,NA,NA,Week 3,0.0,3.1077783333333335,0.0,5.0,NA,2023-02-21 12:10:46.344000,0.0,1.0,0.0,2023-02-21 12:10:39.651000,NA,NA,NA,NA,NA,NA,NA,NA,NA,NA,NA,NA,NA,NA,NA,NA,NA,NA,NA,NA,NA,NA,NA,NA,NA,NA,NA,NA,NA,NA,NA,NA,NA,NA,NA,NA,NA,437,3460
0.6,NA,NA,NA,0.6,0.64,0.56,0.64,61,1989,68_datatwo,13/02/23 - 19/02/23,0.0,1.0036116666666666,0.0,0.0025,0.0,0.0,0.0,01:00:22,00:57:40,3,3,0.014166666666666666,0.001945,0.0,0.0,0.0,0.0,1.0,3,0,NA,0,0,2023-02-21 14:53:43.709000,2023-02-21 12:15:29.428000,NA,NA,NA,NA,Week 3,0.0,0.124445,0.0,2.0,NA,2023-02-21 12:15:32.617000,0.0,0.0,0.0,NA,NA,NA,NA,NA,NA,NA,NA,NA,NA,NA,NA,NA,NA,NA,NA,NA,NA,NA,NA,NA,NA,NA,NA,NA,NA,NA,NA,NA,NA,NA,NA,NA,NA,NA,NA,NA,NA,3622,3460
0.68,0.6,0.6,0.48,0.68,0.6,0.64,0.72,66,1989,69_datatwo,13/02/23 - 19/02/23,0.0,2.288055,0.0,0.0,0.0,0.0,0.0,02:17:17,00:57:40,3,7,0.0,0.0052766666666666665,0.0,0.0,0.0,0.0,0.0,5,0,NA,0,0,NA,2023-02-21 12:18:49.425000,NA,NA,NA,NA,Week 3,0.0,0.7341666666666666,0.0,2.0,NA,2023-02-21 12:18:56.343000,1.7186116666666669,0.0,3.0,NA,2023-02-13 20:34:48.717000,NA,NA,NA,NA,NA,NA,NA,NA,NA,NA,NA,NA,NA,NA,NA,NA,NA,NA,NA,NA,NA,NA,NA,NA,NA,NA,NA,NA,NA,NA,NA,NA,NA,NA,NA,NA,8237,3460
0.56,0.52,NA,0.52,0.68,0.76,0.72,0.72,72,1995,70_datatwo,13/02/23 - 19/02/23,0.0,1.6822216666666665,0.0,4.277778333333333,0.029445,0.0,0.0,05:59:22,00:57:40,18,38,0.079445,0.026665,0.009721666666666665,0.005555000000000001,0.0036116666666666667,0.01972166666666667,8.0,15,10,NA,1,1,2023-02-21 09:48:37.511000,2023-02-21 09:44:41.378000,NA,2023-02-21 09:48:21.860000,2023-02-21 10:29:11.697000,2023-02-21 10:29:25.014000,Week 3,0.15388833333333335,0.09027833333333334,2.0,2.0,2023-02-21 10:30:36.145000,2023-02-21 09:45:02.551000,0.0,3.0,0.0,2023-02-21 09:44:39.343000,NA,NA,NA,NA,NA,NA,NA,NA,NA,NA,NA,NA,NA,NA,NA,NA,NA,NA,NA,NA,NA,NA,NA,NA,NA,NA,NA,NA,NA,NA,NA,NA,NA,NA,NA,NA,NA,21562,3460
0.64,NA,NA,NA,0.64,0.76,0.6,0.56,64,1990,71_datatwo,13/02/23 - 19/02/23,0.0,0.01972166666666667,0.0,0.0,0.0,2.058333333333333,0.0,02:04:41,00:57:40,5,8,0.6086116666666667,0.004443333333333333,0.0,0.0,0.0,0.0,5.0,5,0,NA,0,0,2023-02-21 12:09:47.213000,2023-02-21 12:10:48.342000,NA,NA,NA,NA,Week 3,0.0,0.0,0.0,1.0,NA,2023-02-21 12:10:52.973000,0.0,0.0,0.0,NA,NA,NA,NA,NA,NA,NA,NA,NA,NA,NA,NA,NA,NA,NA,NA,NA,NA,NA,NA,NA,NA,NA,NA,NA,NA,NA,NA,NA,NA,NA,NA,NA,NA,NA,NA,NA,NA,7481,3460
NA,NA,NA,NA,0.68,0.68,0.48,0.64,62,1998,72_datatwo,13/02/23 - 19/02/23,0.0,1.366945,0.0,0.0,0.0,0.0,0.0,01:22:01,00:57:40,6,6,0.0,0.0027783333333333336,0.0008333333333333334,0.00027833333333333334,0.0,0.0,0.0,5,2,NA,0,0,NA,2023-02-21 12:21:56.051000,NA,2023-02-21 13:43:42.453000,NA,NA,Week 3,0.0,0.0,0.0,2.0,NA,2023-02-21 12:21:57.769000,0.0,1.0,0.0,2023-02-21 12:21:51.130000,NA,NA,NA,NA,NA,NA,NA,NA,NA,NA,NA,NA,NA,NA,NA,NA,NA,NA,NA,NA,NA,NA,NA,NA,NA,NA,NA,NA,NA,NA,NA,NA,NA,NA,NA,NA,NA,4921,3460
NA,NA,NA,NA,0.56,0.6,0.56,0.48,55,1996,73_datatwo,13/02/23 - 19/02/23,0.0,0.0,0.0036116666666666667,0.0,0.0,0.0,0.0,00:00:13,00:57:40,1,1,0.0,0.0027783333333333336,0.0,0.0,0.0,0.0,0.0,1,0,NA,0,0,NA,2023-02-22 14:36:55.183000,NA,NA,NA,NA,Week 3,0.0,1.086945,0.0,1.0,NA,2023-02-21 12:29:48.636000,0.0,0.0,0.0,NA,NA,NA,NA,NA,NA,NA,NA,NA,NA,NA,NA,NA,NA,NA,NA,NA,NA,NA,NA,NA,NA,NA,NA,NA,NA,NA,NA,NA,NA,NA,NA,NA,NA,NA,NA,NA,NA,13,3460
0.52,0.72,0.48,0.52,0.6,0.72,0.48,0.72,63,1998,74_datatwo,13/02/23 - 19/02/23,0.0,1.2572216666666665,0.0,0.0,0.0,0.0,0.0,01:15:26,00:57:40,4,4,0.0,0.0025,0.001945,0.0,0.0,0.0,0.0,3,1,NA,0,0,NA,2023-02-21 12:09:06.236000,NA,NA,NA,NA,Week 3,0.0,0.0,0.0,1.0,NA,2023-02-21 12:09:08.152000,0.0,0.0,0.0,2023-02-21 12:36:05.811000,NA,NA,NA,NA,NA,NA,NA,NA,NA,NA,NA,NA,NA,NA,NA,NA,NA,NA,NA,NA,NA,NA,NA,NA,NA,NA,NA,NA,NA,NA,NA,NA,NA,NA,NA,NA,NA,4526,3460
0.52,0.68,0.52,0.68,0.52,0.68,0.52,0.72,61,1992,75_datatwo,13/02/23 - 19/02/23,0.0,1.7577766666666668,0.0,0.0,0.0,0.0,0.0,01:45:28,00:57:40,7,10,0.45,0.010833333333333334,0.0022233333333333332,0.0047216666666666665,0.0013883333333333332,0.0,2.0,11,3,NA,1,0,2023-02-21 12:09:42.654000,2023-02-21 10:47:57.152000,NA,2023-02-21 10:59:12.456000,2023-02-21 12:09:37.229000,NA,Week 3,0.0,0.0,0.0,1.0,NA,2023-02-21 10:47:59.488000,0.0,1.0,0.0,2023-02-21 10:47:53.001000,NA,NA,NA,NA,NA,NA,NA,NA,NA,NA,NA,NA,NA,NA,NA,NA,NA,NA,NA,NA,NA,NA,NA,NA,NA,NA,NA,NA,NA,NA,NA,NA,NA,NA,NA,NA,NA,6328,3460
0.56,NA,NA,NA,0.6,0.52,0.56,0.64,58,1993,76_datatwo,13/02/23 - 19/02/23,0.0,0.23111166666666666,0.0,0.0,0.0,0.0,0.0,00:13:52,00:57:40,4,4,0.0,0.0013883333333333332,0.05083333333333333,0.0,0.0,0.0,0.0,3,1,NA,0,0,NA,2023-02-21 12:12:11.922000,NA,NA,NA,NA,Week 3,0.0,0.0,0.0,2.0,NA,2023-02-21 12:12:14.378000,0.0,0.0,0.0,2023-02-21 12:19:29.738000,NA,NA,NA,NA,NA,NA,NA,NA,NA,NA,NA,NA,NA,NA,NA,NA,NA,NA,NA,NA,NA,NA,NA,NA,NA,NA,NA,NA,NA,NA,NA,NA,NA,NA,NA,NA,NA,832,3460
NA,0.48,0.64,NA,0.68,0.56,0.68,0.68,65,2002,77_datatwo,13/02/23 - 19/02/23,0.0,0.335,0.0,0.0,0.0,0.0,0.0,00:20:06,00:57:40,6,6,0.053611666666666676,0.0013883333333333332,0.0013883333333333332,0.0,0.0,0.0,1.0,2,1,NA,0,0,2023-02-21 12:32:55.569000,2023-02-21 12:17:48.085000,NA,NA,NA,NA,Week 3,0.0,0.0,0.0,1.0,NA,2023-02-21 12:17:51.322000,0.0,0.0,0.0,2023-02-21 12:36:08.210000,NA,NA,NA,NA,NA,NA,NA,NA,NA,NA,NA,NA,NA,NA,NA,NA,NA,NA,NA,NA,NA,NA,NA,NA,NA,NA,NA,NA,NA,NA,NA,NA,NA,NA,NA,NA,NA,1206,3460
NA,NA,NA,NA,0.32,0.32,0.2,0.56,35,1989,78_datatwo,13/02/23 - 19/02/23,0.0,0.022778333333333334,0.0,0.0,0.12833333333333333,0.0,0.0,00:09:04,00:57:40,2,2,0.0,0.021666666666666667,0.0,0.0,0.0,0.0,0.0,1,0,NA,0,0,NA,2023-02-21 12:08:47.758000,NA,NA,NA,NA,Week 3,0.0,0.0,0.0,1.0,NA,2023-02-21 12:10:05.698000,0.0,0.0,0.0,NA,NA,NA,NA,NA,NA,NA,NA,NA,NA,NA,NA,NA,NA,NA,NA,NA,NA,NA,NA,NA,NA,NA,NA,NA,NA,NA,NA,NA,NA,NA,NA,NA,NA,NA,NA,NA,NA,544,3460
0.4,NA,NA,0.48,0.58,0.66,0.58,0.58,60,1997,79_datatwo,13/02/23 - 19/02/23,0.0,0.0,0.0,0.0,0.0,0.0,0.0,00:00:00,00:57:40,0,0,0.0,0.0,0.0,0.0,0.0,0.0,0.0,0,0,NA,0,0,NA,NA,NA,NA,NA,NA,Week 3,0.0,1.1675,0.0,1.0,NA,"Feb 21, 2023, 12:10 PM",0.0,0.0,0.0,NA,NA,NA,NA,NA,NA,NA,NA,NA,NA,NA,NA,NA,NA,NA,NA,NA,NA,NA,NA,NA,NA,NA,NA,NA,NA,NA,NA,NA,NA,NA,NA,NA,NA,NA,NA,NA,NA,0,3460
NA,NA,NA,NA,55.0,66.0,50.0,49.0,55,1998,80_datatwo,16/10/23 - 22/10/23,0.01638833333333333,0.0,0.0,0.29583333333333334,0.0,0.0,0.0,00:18:44,02:33:57,9,10,0.058611666666666666,0.006666666666666667,0.05083333333333333,0.0,0.0,0.0,1.0,2,2,NA,0,0,2023-10-19 08:20:28.140000,2023-10-19 08:48:42.458000,NA,NA,NA,NA,Week 3,0.0,0.08972166666666667,0.0,1.0,NA,2023-10-19 08:48:59.699000,0.0,0.0,0.0,2023-10-19 08:19:50.277000,NA,NA,NA,NA,NA,NA,NA,NA,NA,NA,NA,NA,NA,NA,NA,NA,NA,NA,NA,NA,NA,NA,NA,NA,NA,NA,NA,NA,NA,NA,NA,NA,NA,NA,NA,NA,NA,1124,9237
NA,NA,NA,NA,52.0,68.0,52.0,40.0,53,1989,81_datatwo,16/10/23 - 22/10/23,0.0,1.4463883333333334,0.0,0.0,0.0,0.0,0.0,01:26:47,02:33:57,3,3,0.0,0.004445,0.5527783333333333,0.0,0.0,0.0,0.0,7,2,NA,0,0,NA,2023-10-17 11:22:57.804000,NA,NA,NA,NA,Week 3,0.0,0.8863883333333333,0.0,2.0,NA,2023-10-17 11:23:05.392000,0.0,0.0,0.0,2023-10-17 12:16:22.941000,NA,NA,NA,NA,NA,NA,NA,NA,NA,NA,NA,NA,NA,NA,NA,NA,NA,NA,NA,NA,NA,NA,NA,NA,NA,NA,NA,NA,NA,NA,NA,NA,NA,NA,NA,NA,NA,5207,9237
0.48,0.36,NA,NA,56.0,56.0,56.0,64.0,58,1998,82_datatwo,16/10/23 - 22/10/23,0.0,1.1758333333333333,0.0,0.0,0.10861166666666668,0.051945000000000005,0.0,01:20:11,02:33:57,8,17,0.08083333333333333,0.01,0.005,0.0,0.0,0.0,10.0,8,1,NA,0,0,NA,2023-10-17 11:22:34.210000,NA,2023-10-20 01:00:09.012000,NA,NA,Week 3,0.0,0.435,0.0,4.0,NA,2023-10-17 11:58:54.337000,0.0,0.0,0.0,2023-10-17 11:58:51.729000,NA,NA,NA,NA,NA,NA,NA,NA,NA,NA,NA,NA,NA,NA,NA,NA,NA,NA,NA,NA,NA,NA,NA,NA,NA,NA,NA,NA,NA,NA,NA,NA,NA,NA,NA,NA,NA,4811,9237
0.48,0.32,NA,NA,66.0,53.0,60.0,65.0,61,1997,83_datatwo,16/10/23 - 22/10/23,0.0,1.085,0.010278333333333334,0.0,0.079445,0.5336116666666667,0.0,01:42:30,02:33:57,6,10,0.545,0.185,0.0,0.0,0.0,0.0,7.0,2,0,NA,0,0,2023-10-20 12:50:33.437000,2023-10-17 11:39:32.701000,NA,NA,NA,NA,Week 3,0.0,0.4233333333333333,0.0,1.0,NA,2023-10-17 11:50:36.931000,0.0,0.0,0.0,NA,NA,NA,NA,NA,NA,NA,NA,NA,NA,NA,NA,NA,NA,NA,NA,NA,NA,NA,NA,NA,NA,NA,NA,NA,NA,NA,NA,NA,NA,NA,NA,NA,NA,NA,NA,NA,NA,6150,9237
NA,0.2,NA,NA,57.0,57.0,56.0,58.0,57,1991,84_datatwo,16/10/23 - 22/10/23,0.0,0.0,0.5058333333333334,0.0,0.0,0.051945000000000005,0.0,00:33:28,02:33:57,3,4,0.040555,0.0,0.0,0.0,0.0,0.0,1.0,0,0,NA,0,0,2023-10-21 10:11:53.418000,NA,NA,NA,NA,NA,Week 3,0.0,0.0,0.0,0.0,NA,NA,0.0,0.0,0.0,NA,NA,NA,NA,NA,NA,NA,NA,NA,NA,NA,NA,NA,NA,NA,NA,NA,NA,NA,NA,NA,NA,NA,NA,NA,NA,NA,NA,NA,NA,NA,NA,NA,NA,NA,NA,NA,NA,2008,9237
0.4,0.52,0.72,0.74,60.0,65.0,72.0,75.0,68,1984,85_datatwo,16/10/23 - 22/10/23,1.5308333333333333,1.9341666666666666,2.7808333333333333,0.0,2.4316666666666666,0.08083333333333333,4.135,12:53:36,02:33:57,19,64,1.5941666666666667,0.12333333333333334,0.08694500000000001,0.010555,0.895555,0.016111666666666666,20.0,32,20,NA,3,4,2023-10-16 22:58:48.823000,2023-10-16 07:12:50.221000,NA,2023-10-20 13:42:38.937000,2023-10-16 07:16:39.016000,2023-10-16 08:10:59.672000,Week 3,0.021111666666666664,6.92861,2.0,14.0,2023-10-16 22:56:12.642000,2023-10-17 12:04:24.242000,0.0,3.0,0.0,2023-10-16 07:10:42.082000,NA,NA,NA,NA,NA,NA,NA,NA,NA,NA,NA,NA,NA,NA,NA,NA,NA,NA,NA,NA,NA,NA,NA,NA,NA,NA,NA,NA,NA,NA,NA,NA,NA,NA,NA,NA,NA,46416,9237
0.52,0.68,0.64,NA,60.0,68.0,72.0,72.0,68,1995,86_datatwo,16/10/23 - 22/10/23,0.105555,1.4516666666666667,0.0,0.0,1.1411116666666667,0.0,0.9905550000000001,03:41:20,02:33:57,4,13,0.14611166666666664,0.010833333333333334,1.1352783333333332,0.0,0.0,0.0,1.0,9,2,NA,0,0,2023-10-22 23:21:10.551000,2023-10-16 12:57:29.044000,NA,NA,NA,NA,Week 3,0.0,2.3777783333333335,0.0,7.0,NA,2023-10-16 12:57:38.461000,0.0,0.0,0.0,2023-10-17 12:16:06.360000,NA,NA,NA,NA,NA,NA,NA,NA,NA,NA,NA,NA,NA,NA,NA,NA,NA,NA,NA,NA,NA,NA,NA,NA,NA,NA,NA,NA,NA,NA,NA,NA,NA,NA,NA,NA,NA,13280,9237
NA,NA,NA,NA,70.0,62.0,72.0,76.0,70,1996,87_datatwo,16/10/23 - 22/10/23,3.5108349999999997,1.6391666666666667,0.0,0.0,0.0,0.0,0.0,05:09:00,02:33:57,12,18,0.0013883333333333332,0.00611,0.0047216666666666665,1.21,0.32777833333333334,0.20361166666666666,1.0,5,1,NA,2,2,2023-10-16 18:30:25.493000,2023-10-16 11:26:28.705000,NA,2023-10-16 18:39:19.657000,2023-10-16 18:38:39.072000,2023-10-16 18:38:39.070000,Week 3,0.010278333333333334,1.5813883333333332,2.0,2.0,2023-10-16 11:26:35.276000,2023-10-16 20:25:09.622000,0.0,1.0,0.0,2023-10-16 18:33:47.879000,NA,NA,NA,NA,NA,NA,NA,NA,NA,NA,NA,NA,NA,NA,NA,NA,NA,NA,NA,NA,NA,NA,NA,NA,NA,NA,NA,NA,NA,NA,NA,NA,NA,NA,NA,NA,NA,18540,9237
0.56,0.68,0.6,0.64,64.0,68.0,64.0,76.0,68,1986,88_datatwo,16/10/23 - 22/10/23,4.901111666666667,4.159721666666666,0.0,4.019721666666666,0.0,0.0275,5.056111666666666,18:09:51,02:33:57,7,22,1.6441666666666668,0.029720000000000003,0.18416666666666667,0.004166666666666667,0.0,0.0,11.0,14,3,NA,0,0,2023-10-20 00:26:06.880000,2023-10-16 15:37:38.698000,NA,2023-10-16 16:17:02.311000,NA,NA,Week 3,0.0,8.730833333333333,0.0,13.0,NA,2023-10-16 15:37:48.157000,0.0,1.0,0.0,2023-10-16 16:17:16.913000,NA,NA,NA,NA,NA,NA,NA,NA,NA,NA,NA,NA,NA,NA,NA,NA,NA,NA,NA,NA,NA,NA,NA,NA,NA,NA,NA,NA,NA,NA,NA,NA,NA,NA,NA,NA,NA,65391,9237
NA,NA,NA,NA,52.0,56.0,52.0,72.0,58,1996,89_datatwo,16/10/23 - 22/10/23,0.0,1.6088883333333333,0.0,0.0,0.0,0.09833333333333334,0.0,01:42:26,02:33:57,4,4,0.0,0.021388333333333336,0.0,0.0,0.0,0.0,0.0,7,0,NA,0,0,NA,2023-10-17 12:16:40.666000,NA,NA,NA,NA,Week 3,0.0,0.01,0.0,2.0,NA,2023-10-17 12:16:43.166000,0.0,0.0,0.0,NA,NA,NA,NA,NA,NA,NA,NA,NA,NA,NA,NA,NA,NA,NA,NA,NA,NA,NA,NA,NA,NA,NA,NA,NA,NA,NA,NA,NA,NA,NA,NA,NA,NA,NA,NA,NA,NA,6146,9237
NA,NA,NA,NA,52.0,52.0,52.0,56.0,53,1998,90_datatwo,16/10/23 - 22/10/23,0.0,1.0586116666666667,0.045000000000000005,0.0,0.0,0.0,0.0,01:06:13,02:33:57,7,7,0.0,0.025555,0.006111666666666666,0.0016666666666666668,0.0,0.0,0.0,14,1,NA,0,0,NA,2023-10-17 11:34:00.545000,NA,2023-10-17 12:19:08.662000,NA,NA,Week 3,0.021111666666666664,0.7125,1.0,11.0,2023-10-17 11:35:45.761000,2023-10-17 11:34:10.480000,0.0,1.0,0.0,2023-10-17 11:33:35.609000,NA,NA,NA,NA,NA,NA,NA,NA,NA,NA,NA,NA,NA,NA,NA,NA,NA,NA,NA,NA,NA,NA,NA,NA,NA,NA,NA,NA,NA,NA,NA,NA,NA,NA,NA,NA,NA,3973,9237
0.36,0.28,NA,NA,32.0,52.0,56.0,64.0,51,1992,91_datatwo,16/10/23 - 22/10/23,0.049445,0.031944999999999994,0.0,0.0,0.0,0.18000000000000002,0.5297216666666666,00:47:28,02:33:57,5,6,0.1375,0.0,0.5183333333333333,0.0025,0.0,0.0,1.0,0,2,NA,0,0,2023-10-21 09:36:59.814000,NA,NA,2023-10-17 22:59:15.595000,NA,NA,Week 3,0.0,0.0,0.0,0.0,NA,NA,0.0,1.0,0.0,2023-10-17 22:59:09.597000,NA,NA,NA,NA,NA,NA,NA,NA,NA,NA,NA,NA,NA,NA,NA,NA,NA,NA,NA,NA,NA,NA,NA,NA,NA,NA,NA,NA,NA,NA,NA,NA,NA,NA,NA,NA,NA,2848,9237
0.6,0.68,0.72,0.68,70.0,77.0,81.0,80.0,77,1996,92_datatwo,16/10/23 - 22/10/23,3.9375,1.6166666666666667,0.0,1.9647216666666665,1.424445,2.748611666666667,0.0,11:41:31,02:33:57,6,15,0.0,0.026111666666666665,0.0008333333333333334,0.005278333333333333,0.0,0.0,0.0,15,1,NA,1,0,NA,2023-10-16 15:26:14.595000,NA,2023-10-16 23:15:32.759000,2023-10-16 15:26:57.192000,NA,Week 3,0.0,11.152221666666666,0.0,13.0,NA,2023-10-16 20:10:02.134000,0.0,2.0,0.0,2023-10-16 15:26:11.268000,NA,NA,NA,NA,NA,NA,NA,NA,NA,NA,NA,NA,NA,NA,NA,NA,NA,NA,NA,NA,NA,NA,NA,NA,NA,NA,NA,NA,NA,NA,NA,NA,NA,NA,NA,NA,NA,42091,9237
NA,NA,NA,NA,56.0,60.0,68.0,48.0,58,1989,92_datatwo,16/10/23 - 22/10/23,0.0,0.20666666666666667,0.0,0.0,0.0,0.0,0.0,00:12:24,02:33:57,2,2,0.09416666666666668,0.0,0.0,0.0,0.0,0.0,1.0,0,0,NA,0,0,2023-10-17 21:28:11.817000,NA,NA,NA,NA,NA,Week 3,0.0,0.0,0.0,0.0,NA,NA,0.0,0.0,0.0,NA,NA,NA,NA,NA,NA,NA,NA,NA,NA,NA,NA,NA,NA,NA,NA,NA,NA,NA,NA,NA,NA,NA,NA,NA,NA,NA,NA,NA,NA,NA,NA,NA,NA,NA,NA,NA,NA,744,9237
NA,NA,NA,NA,68.0,60.0,52.0,52.0,58,1994,94_datatwo,16/10/23 - 22/10/23,0.0,0.6102783333333334,0.0,0.0,0.06777833333333333,0.0,0.0,00:40:41,02:33:57,3,3,0.0,0.01,0.0,0.0,0.0,0.0,0.0,5,0,NA,0,0,NA,2023-10-17 11:42:32.960000,NA,NA,NA,NA,Week 3,0.0,0.16583333333333333,0.0,3.0,NA,2023-10-17 11:42:42.308000,0.0,0.0,0.0,NA,NA,NA,NA,NA,NA,NA,NA,NA,NA,NA,NA,NA,NA,NA,NA,NA,NA,NA,NA,NA,NA,NA,NA,NA,NA,NA,NA,NA,NA,NA,NA,NA,NA,NA,NA,NA,NA,2441,9237
0.56,0.6,0.36,NA,80.0,76.0,68.0,80.0,76,2000,95_datatwo,16/10/23 - 22/10/23,0.0,0.007221666666666667,0.0,0.0,0.0,0.0,3.6300000000000003,03:38:14,02:33:57,5,8,3.618888333333333,0.00111,0.0016666666666666668,0.000555,0.0,0.0,1.0,2,2,NA,0,0,2023-10-22 23:55:00.676000,2023-10-17 16:28:44.665000,NA,2023-10-23 03:32:08.948000,NA,NA,Week 3,0.0,0.0,0.0,2.0,NA,2023-10-17 16:28:46.710000,0.0,1.0,0.0,2023-10-17 16:28:41.764000,NA,NA,NA,NA,NA,NA,NA,NA,NA,NA,NA,NA,NA,NA,NA,NA,NA,NA,NA,NA,NA,NA,NA,NA,NA,NA,NA,NA,NA,NA,NA,NA,NA,NA,NA,NA,NA,13094,9237
0.52,0.56,0.68,0.52,64.0,68.0,72.0,76.0,70,1987,96_datatwo,16/10/23 - 22/10/23,0.0,1.5411116666666667,0.007221666666666667,0.009445000000000002,3.8788883333333333,0.0,0.16694499999999998,05:36:13,02:33:57,8,18,0.06388833333333334,0.01805666666666667,0.0,0.0,0.0,0.0,3.0,12,0,NA,0,0,2023-10-18 20:42:54.726000,2023-10-17 10:27:21.952000,NA,NA,NA,NA,Week 3,0.23305500000000004,3.693611666666667,1.0,8.0,2023-10-17 10:44:50.336000,2023-10-17 10:27:40.751000,0.0,0.0,0.0,NA,NA,NA,NA,NA,NA,NA,NA,NA,NA,NA,NA,NA,NA,NA,NA,NA,NA,NA,NA,NA,NA,NA,NA,NA,NA,NA,NA,NA,NA,NA,NA,NA,NA,NA,NA,NA,NA,20173,9237
NA,NA,NA,NA,64.0,58.0,55.0,71.0,62,1992,97_datatwo,16/10/23 - 22/10/23,0.0,0.45583333333333337,0.0,0.0,0.0,0.0,0.0,00:27:21,02:33:57,3,6,0.0,0.0125,0.42916666666666664,0.0,0.0,0.0,0.0,3,2,NA,0,0,NA,2023-10-17 17:06:08.446000,NA,NA,NA,NA,Week 3,0.0,0.006666666666666667,0.0,3.0,NA,2023-10-17 17:06:10.591000,0.0,0.0,0.0,2023-10-17 16:40:26.823000,NA,NA,NA,NA,NA,NA,NA,NA,NA,NA,NA,NA,NA,NA,NA,NA,NA,NA,NA,NA,NA,NA,NA,NA,NA,NA,NA,NA,NA,NA,NA,NA,NA,NA,NA,NA,NA,1641,9237
NA,NA,NA,NA,76.0,60.0,76.0,76.0,72,1984,98_datatwo,16/10/23 - 22/10/23,0.0,0.9347216666666667,0.0,0.0,0.0,0.0,0.0,00:56:05,02:33:57,4,4,0.0,0.01638833333333333,0.11444499999999999,0.0,0.0,0.0,0.0,4,2,NA,0,0,NA,2023-10-17 11:53:00.783000,NA,NA,NA,NA,Week 3,0.0,0.38083333333333336,0.0,3.0,NA,2023-10-17 11:53:19.202000,0.0,0.0,0.0,2023-10-17 11:46:21.248000,NA,NA,NA,NA,NA,NA,NA,NA,NA,NA,NA,NA,NA,NA,NA,NA,NA,NA,NA,NA,NA,NA,NA,NA,NA,NA,NA,NA,NA,NA,NA,NA,NA,NA,NA,NA,NA,3365,9237
NA,0.4,0.48,0.4,64.0,64.0,60.0,52.0,60,1979,99_datatwo,16/10/23 - 22/10/23,0.0,0.6466666666666666,0.0,0.0,3.9938900000000004,0.0,3.7652783333333337,08:24:21,02:33:57,11,36,0.009166666666666667,0.36000000000000004,0.03777666666666667,0.09666666666666666,0.0,1.8572233333333332,1.0,29,3,NA,0,1,2023-10-22 04:24:27.147000,2023-10-17 11:37:40.653000,NA,2023-10-20 18:22:35.346000,NA,2023-10-22 12:55:15.852000,Week 3,1.5519450000000001,3.656111666666667,6.0,11.0,2023-10-22 17:37:14.702000,2023-10-17 11:47:36.237000,0.0,4.0,0.0,2023-10-17 11:39:33.133000,NA,NA,NA,NA,NA,NA,NA,NA,NA,NA,NA,NA,NA,NA,NA,NA,NA,NA,NA,NA,NA,NA,NA,NA,NA,NA,NA,NA,NA,NA,NA,NA,NA,NA,NA,NA,NA,30261,9237
0.64,0.68,0.64,0.8,68.0,68.0,68.0,80.0,71,1991,100_datatwo,16/10/23 - 22/10/23,0.0,0.6613883333333334,0.0,0.0,4.161388333333333,0.0,0.0,04:49:22,02:33:57,11,16,0.215,0.486945,0.2302783333333333,0.005833333333333333,0.0,0.0,7.0,8,2,NA,0,1,2023-10-20 14:29:53.764000,2023-10-17 11:36:35.343000,NA,2023-10-17 11:36:16.569000,NA,2023-10-20 02:46:50.926000,Week 3,0.0,3.794166666666667,0.0,8.0,NA,2023-10-17 11:36:43.047000,0.0,2.0,0.0,2023-10-17 11:39:52.953000,NA,NA,NA,NA,NA,NA,NA,NA,NA,NA,NA,NA,NA,NA,NA,NA,NA,NA,NA,NA,NA,NA,NA,NA,NA,NA,NA,NA,NA,NA,NA,NA,NA,NA,NA,NA,NA,17362,9237
NA,NA,NA,NA,68.0,60.0,64.0,64.0,64,1990,101_datatwo,16/10/23 - 22/10/23,0.01583333333333333,1.035555,0.0,0.0,0.11694500000000001,0.0,0.0,01:10:06,02:33:57,7,8,0.10277833333333335,0.19166666666666668,0.18583333333333335,0.006111666666666666,0.0,0.0,2.0,4,1,NA,0,1,2023-10-16 15:10:34.670000,2023-10-17 11:36:00.279000,NA,2023-10-17 11:35:30.470000,NA,NA,Week 3,0.0,0.28861166666666666,0.0,0.0,NA,2023-10-17 11:58:40.190000,0.0,1.0,0.0,2023-10-17 11:39:45.071000,NA,NA,NA,NA,NA,NA,NA,NA,NA,NA,NA,NA,NA,NA,NA,NA,NA,NA,NA,NA,NA,NA,NA,NA,NA,NA,NA,NA,NA,NA,NA,NA,NA,NA,NA,NA,NA,4206,9237
0.6,0.68,0.48,0.72,68.0,76.0,64.0,76.0,71,2001,102_datatwo,16/10/23 - 22/10/23,0.0,0.001945,0.003888333333333333,0.0,0.0,0.0,0.026388333333333337,00:01:56,02:33:57,3,5,0.0,0.0013883333333333332,0.0,0.0,0.0,0.0,1.0,2,0,NA,0,0,2023-10-22 18:16:28.259000,2023-10-17 16:25:57.907000,NA,NA,NA,NA,Week 3,0.0,0.007500000000000001,0.0,2.0,NA,2023-10-17 16:26:00.447000,0.0,0.0,0.0,NA,NA,NA,NA,NA,NA,NA,NA,NA,NA,NA,NA,NA,NA,NA,NA,NA,NA,NA,NA,NA,NA,NA,NA,NA,NA,NA,NA,NA,NA,NA,NA,NA,NA,NA,NA,NA,NA,116,9237
NA,NA,NA,NA,68.0,60.0,56.0,56.0,60,2001,103_datatwo,16/10/23 - 22/10/23,0.0,0.0,0.0,0.0,0.0,0.0,0.0,00:00:00,02:33:57,0,0,0.0,0.0,0.0,0.0,0.0,0.0,0.0,0,0,NA,0,0,NA,NA,NA,NA,NA,NA,Week 3,0.0,0.0,0.0,0.0,NA,NA,0.0,0.0,0.0,NA,NA,NA,NA,NA,NA,NA,NA,NA,NA,NA,NA,NA,NA,NA,NA,NA,NA,NA,NA,NA,NA,NA,NA,NA,NA,NA,NA,NA,NA,NA,NA,NA,NA,NA,NA,NA,NA,0,9237
NA,NA,NA,NA,64.0,58.0,66.0,72.0,65,1996,104_datatwo,16/10/23 - 22/10/23,0.0,0.0,0.0,0.0,0.0,0.0,0.0,00:00:00,02:33:57,0,0,0.0,0.0,0.0,0.0,0.0,0.0,0.0,0,0,NA,0,0,NA,NA,NA,NA,NA,NA,Week 3,0.0,0.0,0.0,0.0,NA,NA,0.0,0.0,0.0,NA,NA,NA,NA,NA,NA,NA,NA,NA,NA,NA,NA,NA,NA,NA,NA,NA,NA,NA,NA,NA,NA,NA,NA,NA,NA,NA,NA,NA,NA,NA,NA,NA,NA,NA,NA,NA,NA,0,9237
0.48,0.28,NA,NA,60.0,56.0,56.0,68.0,60,1998,105_datatwo,16/10/23 - 22/10/23,0.0,3.261945,0.0,0.0,0.0,0.19777833333333333,0.013611666666666668,03:28:24,02:33:57,16,37,0.20555500000000002,0.06055666666666667,0.16694499999999998,0.010833333333333334,0.010556666666666666,0.04777666666666667,8.0,22,11,NA,3,3,2023-10-17 11:59:49.334000,2023-10-17 11:25:10.774000,NA,2023-10-17 11:59:47.542000,2023-10-17 12:47:29.263000,2023-10-17 12:47:19.664000,Week 3,0.0,2.2383333333333337,0.0,8.0,NA,2023-10-17 11:25:13.650000,0.0,7.0,0.0,2023-10-17 11:51:08.641000,NA,NA,NA,NA,NA,NA,NA,NA,NA,NA,NA,NA,NA,NA,NA,NA,NA,NA,NA,NA,NA,NA,NA,NA,NA,NA,NA,NA,NA,NA,NA,NA,NA,NA,NA,NA,NA,12504,9237
NA,NA,NA,NA,48.0,54.0,56.0,42.0,50,1995,106_datatwo,16/10/23 - 22/10/23,0.0,0.0,0.0,0.0,0.0,0.0,0.009721666666666665,00:00:35,02:33:57,0,0,0.0,0.0,0.0,0.0,0.0,0.0,0.0,0,0,NA,0,0,NA,NA,NA,NA,NA,NA,Week 3,0.0,0.0,0.0,0.0,NA,NA,0.0,0.0,0.0,NA,NA,NA,NA,NA,NA,NA,NA,NA,NA,NA,NA,NA,NA,NA,NA,NA,NA,NA,NA,NA,NA,NA,NA,NA,NA,NA,NA,NA,NA,NA,NA,NA,NA,NA,NA,NA,NA,35,9237
NA,NA,NA,NA,60.0,60.0,56.0,56.0,58,1999,107_datatwo,16/10/23 - 22/10/23,0.0,1.400555,0.0,0.0,0.0,0.0,0.0,01:24:02,02:33:57,8,8,0.0,0.13722166666666666,0.17666666666666667,0.0047216666666666665,0.0,0.0,0.0,9,4,NA,0,0,NA,2023-10-17 11:14:53.408000,NA,2023-10-17 11:58:42.999000,NA,NA,Week 3,0.0,0.699445,0.0,4.0,NA,2023-10-17 11:14:56.410000,0.0,1.0,0.0,2023-10-17 11:40:10.700000,NA,NA,NA,NA,NA,NA,NA,NA,NA,NA,NA,NA,NA,NA,NA,NA,NA,NA,NA,NA,NA,NA,NA,NA,NA,NA,NA,NA,NA,NA,NA,NA,NA,NA,NA,NA,NA,5042,9237
NA,0.6,0.6,NA,62.0,66.0,68.0,84.0,70,1911,108_datatwo,16/10/23 - 22/10/23,0.008055,0.02333333333333333,0.0,0.0,0.0,0.16027833333333333,0.0,00:11:30,02:33:57,12,19,0.04583333333333333,0.007778333333333333,0.0063883333333333335,0.015276666666666668,0.0,0.0,4.0,7,1,NA,0,0,2023-10-21 02:00:22.476000,2023-10-16 18:34:32.725000,NA,2023-10-21 02:03:57.855000,NA,NA,Week 3,0.0,0.044445,1.0,4.0,2023-10-16 18:34:43.068000,2023-10-16 18:34:37.224000,0.0,2.0,0.0,2023-10-21 22:58:00.115000,NA,NA,NA,NA,NA,NA,NA,NA,NA,NA,NA,NA,NA,NA,NA,NA,NA,NA,NA,NA,NA,NA,NA,NA,NA,NA,NA,NA,NA,NA,NA,NA,NA,NA,NA,NA,NA,690,9237
0.56,0.64,0.52,0.6,68.0,72.0,64.0,76.0,70,1999,109_datatwo,16/10/23 - 22/10/23,0.2377783333333333,2.575278333333334,0.01861166666666667,0.0,0.0,0.006944999999999999,0.944445,03:46:59,02:33:57,10,22,0.006390000000000001,0.010276666666666667,0.0011116666666666666,0.0022216666666666665,0.0,0.0,4.0,18,1,NA,0,0,2023-10-17 18:16:30.470000,2023-10-16 19:51:37.194000,NA,2023-10-22 21:48:18.367000,NA,NA,Week 3,0.004166666666666667,1.7144450000000002,1.0,12.0,2023-10-17 10:40:39.489000,2023-10-16 19:51:40.013000,0.0,1.0,0.0,2023-10-16 19:51:32.892000,NA,NA,NA,NA,NA,NA,NA,NA,NA,NA,NA,NA,NA,NA,NA,NA,NA,NA,NA,NA,NA,NA,NA,NA,NA,NA,NA,NA,NA,NA,NA,NA,NA,NA,NA,NA,NA,13619,9237
NA,NA,NA,NA,64.0,64.0,60.0,64.0,63,1997,110_datatwo,16/10/23 - 22/10/23,0.0,0.3525,0.019444999999999997,2.0472216666666667,0.0,0.0,0.0125,02:25:54,02:33:57,11,24,0.01583333333333333,0.0125,0.22666666666666666,0.021388333333333336,0.0,0.0,5.0,11,4,NA,0,0,2023-10-17 16:53:26.556000,2023-10-17 17:00:16.447000,NA,2023-10-17 16:59:19.881000,NA,NA,Week 3,0.0,1.7711116666666666,0.0,6.0,NA,2023-10-17 17:05:08.565000,0.0,5.0,0.0,2023-10-17 16:40:02.450000,NA,NA,NA,NA,NA,NA,NA,NA,NA,NA,NA,NA,NA,NA,NA,NA,NA,NA,NA,NA,NA,NA,NA,NA,NA,NA,NA,NA,NA,NA,NA,NA,NA,NA,NA,NA,NA,8754,9237
0.64,0.68,0.72,0.8,69.0,75.0,80.0,80.0,76,1994,111_datatwo,16/10/23 - 22/10/23,4.722778333333333,1.9777783333333334,2.415555,7.362221666666667,4.696111666666667,0.11166666666666666,0.8227783333333334,22:06:32,02:33:57,10,39,5.468331666666667,0.039446666666666665,0.008333333333333333,0.003055,0.0,0.0,35.0,30,7,NA,0,0,2023-10-18 09:13:59.671000,2023-10-16 16:37:36.821000,NA,2023-10-17 09:36:57.600000,NA,NA,Week 3,0.0,7.8983333333333325,0.0,15.0,NA,2023-10-16 16:37:39.250000,0.0,4.0,0.0,2023-10-19 13:01:32.928000,NA,NA,NA,NA,NA,NA,NA,NA,NA,NA,NA,NA,NA,NA,NA,NA,NA,NA,NA,NA,NA,NA,NA,NA,NA,NA,NA,NA,NA,NA,NA,NA,NA,NA,NA,NA,NA,79592,9237
NA,NA,NA,NA,72.0,72.0,80.0,76.0,75,1998,112_datatwo,16/10/23 - 22/10/23,0.0,1.9680549999999999,0.0,0.0,3.276388333333333,0.0,0.0,05:14:40,02:33:57,15,21,0.02111,0.03722166666666667,0.076945,0.11666666666666667,1.945555,0.9227783333333334,4.0,16,4,NA,7,5,2023-10-17 16:52:00.581000,2023-10-17 16:25:24.715000,NA,2023-10-21 01:18:28.719000,2023-10-20 22:21:56.096000,2023-10-21 00:19:32.827000,Week 3,0.024721666666666666,1.7161116666666667,1.0,5.0,2023-10-21 01:26:18.939000,2023-10-17 16:25:26.815000,0.0,2.0,0.0,2023-10-17 16:25:10.131000,NA,NA,NA,NA,NA,NA,NA,NA,NA,NA,NA,NA,NA,NA,NA,NA,NA,NA,NA,NA,NA,NA,NA,NA,NA,NA,NA,NA,NA,NA,NA,NA,NA,NA,NA,NA,NA,18880,9237
0.48,NA,NA,NA,68.0,64.0,68.0,56.0,64,2000,113_datatwo,16/10/23 - 22/10/23,0.06472166666666666,0.8797216666666667,0.0,0.0,0.0,0.0,0.0,00:56:40,02:33:57,7,10,0.005555000000000001,0.015000000000000001,0.00027833333333333334,0.0005566666666666667,0.0,0.0,4.0,4,1,NA,0,0,2023-10-17 17:03:01.709000,2023-10-16 13:42:45.120000,NA,2023-10-16 13:42:44.360000,NA,NA,Week 3,0.0,0.05638833333333333,0.0,3.0,NA,2023-10-16 13:42:47.319000,0.0,2.0,0.0,2023-10-16 13:42:43.226000,NA,NA,NA,NA,NA,NA,NA,NA,NA,NA,NA,NA,NA,NA,NA,NA,NA,NA,NA,NA,NA,NA,NA,NA,NA,NA,NA,NA,NA,NA,NA,NA,NA,NA,NA,NA,NA,3400,9237
0.6,0.72,0.64,NA,66.0,71.0,69.0,62.0,67,2001,114_datatwo,16/10/23 - 22/10/23,0.0,1.9627783333333333,0.0,9.908888333333332,0.0,0.0,0.0,11:52:18,02:33:57,7,25,0.006111666666666666,1.46,0.0027766666666666664,0.0,0.001945,0.0,3.0,32,2,NA,2,0,2023-10-17 12:58:22.448000,2023-10-17 11:01:50.294000,NA,NA,2023-10-19 01:34:12.893000,NA,Week 3,0.0,4.103056666666666,0.0,15.0,NA,2023-10-17 11:01:53.165000,0.0,0.0,0.0,2023-10-17 11:42:18.255000,NA,NA,NA,NA,NA,NA,NA,NA,NA,NA,NA,NA,NA,NA,NA,NA,NA,NA,NA,NA,NA,NA,NA,NA,NA,NA,NA,NA,NA,NA,NA,NA,NA,NA,NA,NA,NA,42738,9237
NA,0.32,NA,0.52,64.0,72.0,60.0,68.0,66,1995,115_datatwo,16/10/23 - 22/10/23,0.023611666666666663,0.8972216666666667,0.371945,0.06277666666666666,0.0,0.0,0.0,01:21:20,02:33:57,11,20,0.0027783333333333336,0.10972333333333334,0.030555000000000002,0.0,0.0,0.17305666666666666,1.0,12,2,NA,0,5,2023-10-17 12:17:17.334000,2023-10-16 15:49:37.832000,NA,NA,NA,2023-10-17 17:48:23.238000,Week 3,0.042221666666666664,0.2744433333333333,1.0,6.0,2023-10-17 17:57:19.427000,2023-10-17 12:00:55.578000,0.0,0.0,0.0,2023-10-16 15:49:52.665000,NA,NA,NA,NA,NA,NA,NA,NA,NA,NA,NA,NA,NA,NA,NA,NA,NA,NA,NA,NA,NA,NA,NA,NA,NA,NA,NA,NA,NA,NA,NA,NA,NA,NA,NA,NA,NA,4880,9237
0.6,0.68,0.52,NA,72.0,72.0,60.0,68.0,68,2002,116_datatwo,16/10/23 - 22/10/23,0.0,1.7788883333333334,0.0,0.0,0.9530550000000001,0.0,6.424445,09:09:23,02:33:57,10,27,1.43139,0.2822233333333333,0.025278333333333333,0.004445,0.0,0.0,21.0,26,15,NA,0,0,2023-10-17 11:37:28.615000,2023-10-17 11:20:35.659000,NA,2023-10-17 11:37:26.990000,NA,NA,Week 3,0.0,6.178055,0.0,12.0,NA,2023-10-17 11:20:38.204000,0.0,7.0,0.0,2023-10-17 11:23:17.985000,NA,NA,NA,NA,NA,NA,NA,NA,NA,NA,NA,NA,NA,NA,NA,NA,NA,NA,NA,NA,NA,NA,NA,NA,NA,NA,NA,NA,NA,NA,NA,NA,NA,NA,NA,NA,NA,32963,9237
NA,NA,NA,NA,68.0,58.0,56.0,50.0,58,1996,117_datatwo,16/10/23 - 22/10/23,0.0,0.4977766666666667,0.015000000000000001,0.0,0.005555000000000001,0.035833333333333335,0.12361166666666668,00:40:40,02:33:57,7,13,0.03888833333333333,0.0033333333333333335,0.0011116666666666666,0.005833333333333333,0.0,0.0,2.0,3,1,NA,0,0,2023-10-17 20:50:01.505000,2023-10-18 14:29:08.853000,NA,2023-10-17 19:43:19.288000,NA,NA,Week 3,0.0,0.005,0.0,2.0,NA,2023-10-18 14:29:13.740000,0.0,2.0,0.0,2023-10-18 14:29:04.864000,NA,NA,NA,NA,NA,NA,NA,NA,NA,NA,NA,NA,NA,NA,NA,NA,NA,NA,NA,NA,NA,NA,NA,NA,NA,NA,NA,NA,NA,NA,NA,NA,NA,NA,NA,NA,NA,2440,9237
60,68,NA,NA,68.0,72.0,56.0,56.0,63,1990,118_datatwo,12/02/24 - 18/02/24,0.0,1.8272216666666665,0.07305500000000001,0.06666666666666667,0.0,0.0,0.09333333333333332,02:03:37,01:11:39,10,19,0.01972166666666667,0.03555666666666667,0.0033333333333333335,0.0047216666666666665,0.0025,0.005,5.0,11,2,NA,1,1,2024-02-14 13:25:13.052000,2024-02-13 12:08:05.506000,NA,2024-02-13 12:07:51.373000,2024-02-14 13:26:00.152000,2024-02-15 12:04:31.870000,Week 3,1.8986116666666668,0.04,4.0,1.0,2024-02-13 12:08:22.486000,2024-02-15 12:05:15.447000,0.0,2.0,0.0,2024-02-14 13:25:22.327000,NA,NA,NA,NA,NA,NA,NA,NA,NA,NA,NA,NA,NA,NA,NA,NA,NA,NA,NA,NA,NA,NA,NA,NA,NA,NA,NA,NA,NA,NA,NA,NA,NA,NA,NA,NA,NA,7417,4299
NA,68,NA,NA,72.0,68.0,72.0,52.0,66,1987,119_datatwo,12/02/24 - 18/02/24,0.050554999999999996,0.012778333333333334,0.023888333333333334,0.0,5.9591666666666665,0.083055,0.0,06:07:46,01:11:39,7,15,0.0008333333333333334,0.016944999999999998,2.4647233333333336,0.009166666666666667,0.0,2.354445,1.0,9,7,NA,0,1,2024-02-16 17:07:17.103000,2024-02-12 21:36:18.633000,NA,2024-02-12 21:37:55.242000,NA,2024-02-16 19:34:44.544000,Week 3,0.025833333333333333,1.1127783333333334,2.0,4.0,2024-02-12 21:39:15.969000,2024-02-16 10:02:59.670000,0.0,3.0,0.0,2024-02-12 21:36:45.316000,NA,NA,NA,NA,NA,NA,NA,NA,NA,NA,NA,NA,NA,NA,NA,NA,NA,NA,NA,NA,NA,NA,NA,NA,NA,NA,NA,NA,NA,NA,NA,NA,NA,NA,NA,NA,NA,22066,4299
52,72,72,NA,64.0,72.0,76.0,72.0,71,1995,120_datatwo,12/02/24 - 18/02/24,0.026111666666666665,4.130554999999999,0.0,0.0,0.0,0.0,0.0,04:09:24,01:11:39,4,7,0.0,0.016111666666666666,0.013888333333333332,0.000555,0.0,0.0,0.0,6,1,NA,0,0,NA,2024-02-12 12:21:05.414000,NA,2024-02-13 10:14:57.433000,NA,NA,Week 3,2.884445,0.0,5.0,0.0,2024-02-13 09:39:13.287000,NA,0.0,1.0,0.0,2024-02-12 12:20:15.464000,NA,NA,NA,NA,NA,NA,NA,NA,NA,NA,NA,NA,NA,NA,NA,NA,NA,NA,NA,NA,NA,NA,NA,NA,NA,NA,NA,NA,NA,NA,NA,NA,NA,NA,NA,NA,NA,14964,4299
56,60,72,NA,72.0,68.0,80.0,60.0,70,1996,121_datatwo,12/02/24 - 18/02/24,0.0,0.7138883333333333,0.0,0.0,0.0,0.0,0.0,00:42:50,01:11:39,4,4,0.0,0.0016666666666666668,0.0033333333333333335,0.7086116666666666,0.0,0.0,0.0,2,1,NA,0,0,NA,2024-02-13 12:09:43.910000,NA,2024-02-13 12:09:47.982000,NA,NA,Week 3,0.0,0.0,1.0,0.0,2024-02-13 12:52:32.593000,NA,0.0,1.0,0.0,2024-02-13 12:52:18.497000,NA,NA,NA,NA,NA,NA,NA,NA,NA,NA,NA,NA,NA,NA,NA,NA,NA,NA,NA,NA,NA,NA,NA,NA,NA,NA,NA,NA,NA,NA,NA,NA,NA,NA,NA,NA,NA,2570,4299
24,NA,NA,NA,64.0,64.0,72.0,72.0,68,1993,122_datatwo,12/02/24 - 18/02/24,0.0,0.0,0.0,0.0,0.0,0.0,0.0,00:00:00,01:11:39,0,0,0.0,0.0,0.0,0.0,0.0,0.0,0.0,0,0,NA,0,0,NA,NA,NA,NA,NA,NA,Week 3,0.0,0.0,0.0,0.0,NA,NA,0.0,0.0,0.0,NA,NA,NA,NA,NA,NA,NA,NA,NA,NA,NA,NA,NA,NA,NA,NA,NA,NA,NA,NA,NA,NA,NA,NA,NA,NA,NA,NA,NA,NA,NA,NA,NA,NA,NA,NA,NA,NA,0,4299
NA,NA,NA,NA,64.0,60.0,52.0,52.0,57,2001,123_datatwo,12/02/24 - 18/02/24,0.0,0.0,0.0022216666666666665,0.0,0.0,0.028611666666666664,0.5297216666666666,00:33:38,01:11:39,6,7,0.43222166666666667,0.00027833333333333334,0.008611666666666665,0.0,0.0,0.0,2.0,1,2,NA,0,0,2024-02-14 12:43:32.541000,2024-02-18 22:13:50.875000,NA,NA,NA,NA,Week 3,0.0,0.0,0.0,0.0,NA,NA,0.0,0.0,0.0,2024-02-18 22:13:44.534000,NA,NA,NA,NA,NA,NA,NA,NA,NA,NA,NA,NA,NA,NA,NA,NA,NA,NA,NA,NA,NA,NA,NA,NA,NA,NA,NA,NA,NA,NA,NA,NA,NA,NA,NA,NA,NA,2018,4299
44,68,56,NA,72.0,72.0,60.0,52.0,64,1998,124_datatwo,12/02/24 - 18/02/24,0.0,2.2052783333333332,0.0,0.0,0.008055,0.0,0.0,02:12:48,01:11:39,4,4,0.0,0.0008333333333333334,0.007221666666666667,0.0,0.0,0.0,0.0,2,1,NA,0,0,NA,2024-02-13 11:59:42.192000,NA,NA,NA,NA,Week 3,1.2483333333333335,0.0,1.0,0.0,2024-02-13 11:59:43.756000,NA,0.0,0.0,0.0,2024-02-13 11:59:15.973000,NA,NA,NA,NA,NA,NA,NA,NA,NA,NA,NA,NA,NA,NA,NA,NA,NA,NA,NA,NA,NA,NA,NA,NA,NA,NA,NA,NA,NA,NA,NA,NA,NA,NA,NA,NA,NA,7968,4299
NA,NA,NA,NA,72.0,72.0,68.0,76.0,72,1991,125_datatwo,12/02/24 - 18/02/24,0.0,0.97139,0.0,0.0,0.0,0.0,3.020555,03:59:31,01:11:39,5,10,0.0,0.003888333333333333,0.015278333333333335,0.0016666666666666668,0.0,0.0,0.0,4,3,NA,0,0,NA,2024-02-13 12:08:22.800000,NA,2024-02-18 21:16:37.660000,NA,NA,Week 3,0.0,2.9908333333333332,1.0,4.0,2024-02-13 12:08:24.543000,2024-02-18 11:17:39,0.0,1.0,0.0,2024-02-13 12:08:20.141000,NA,NA,NA,NA,NA,NA,NA,NA,NA,NA,NA,NA,NA,NA,NA,NA,NA,NA,NA,NA,NA,NA,NA,NA,NA,NA,NA,NA,NA,NA,NA,NA,NA,NA,NA,NA,NA,14371,4299
NA,NA,NA,NA,75.0,67.0,67.0,59.0,67,1995,126_datatwo,12/02/24 - 18/02/24,0.0,0.0,0.0,0.0,0.0,0.0,0.0,00:00:00,01:11:39,0,0,0.0,0.0,0.0,0.0,0.0,0.0,0.0,0,0,NA,0,0,NA,NA,NA,NA,NA,NA,Week 3,0.0,0.0,0.0,0.0,NA,NA,0.0,0.0,0.0,NA,NA,NA,NA,NA,NA,NA,NA,NA,NA,NA,NA,NA,NA,NA,NA,NA,NA,NA,NA,NA,NA,NA,NA,NA,NA,NA,NA,NA,NA,NA,NA,NA,NA,NA,NA,NA,NA,0,4299
NA,NA,NA,NA,56.0,56.0,56.0,60.0,57,2000,127_datatwo,12/02/24 - 18/02/24,0.0,0.004166666666666667,0.0,0.0,0.0,0.0,0.0,00:00:15,01:11:39,3,3,0.0,0.0008333333333333334,0.0022216666666666665,0.0,0.0,0.0,0.0,1,1,NA,0,0,NA,2024-02-13 12:22:02.088000,NA,NA,NA,NA,Week 3,0.0,0.0,1.0,0.0,2024-02-13 12:22:05.541000,NA,0.0,0.0,0.0,2024-02-13 12:21:54.019000,NA,NA,NA,NA,NA,NA,NA,NA,NA,NA,NA,NA,NA,NA,NA,NA,NA,NA,NA,NA,NA,NA,NA,NA,NA,NA,NA,NA,NA,NA,NA,NA,NA,NA,NA,NA,NA,15,4299
64,68,NA,NA,68.0,72.0,52.0,52.0,61,1999,128_datatwo,12/02/24 - 18/02/24,0.0,3.109166666666667,0.0,0.0,0.007221666666666667,0.0,0.04,03:09:23,01:11:39,8,12,0.005555000000000001,0.006943333333333333,0.0013883333333333332,1.2102783333333336,0.008056666666666667,0.001945,7.0,2,3,NA,2,1,2024-02-13 12:17:13.647000,2024-02-13 14:01:29.755000,NA,2024-02-13 13:59:54.028000,2024-02-16 16:09:25.467000,2024-02-16 16:09:30.916000,Week 3,1.683055,0.025555,1.0,1.0,2024-02-13 12:17:16.233000,2024-02-13 13:58:19.324000,0.0,3.0,0.0,2024-02-16 16:09:16.870000,NA,NA,NA,NA,NA,NA,NA,NA,NA,NA,NA,NA,NA,NA,NA,NA,NA,NA,NA,NA,NA,NA,NA,NA,NA,NA,NA,NA,NA,NA,NA,NA,NA,NA,NA,NA,NA,11363,4299
NA,NA,72,NA,68.0,64.0,76.0,64.0,68,1998,129_datatwo,12/02/24 - 18/02/24,0.0,0.019444999999999997,0.006666666666666667,0.0,0.10416666666666667,0.0,0.0,00:07:49,01:11:39,9,9,0.010278333333333334,0.000555,0.06666666666666667,0.000555,0.0,0.0,2.0,1,1,NA,0,0,2024-02-16 12:43:36.193000,2024-02-13 11:31:30.006000,NA,2024-02-13 11:31:15.419000,NA,NA,Week 3,0.0,0.0,1.0,0.0,2024-02-13 11:31:32.139000,NA,0.0,1.0,0.0,2024-02-16 12:45:32.993000,NA,NA,NA,NA,NA,NA,NA,NA,NA,NA,NA,NA,NA,NA,NA,NA,NA,NA,NA,NA,NA,NA,NA,NA,NA,NA,NA,NA,NA,NA,NA,NA,NA,NA,NA,NA,NA,469,4299
64,68,56,NA,72.0,72.0,68.0,68.0,70,2000,130_datatwo,12/02/24 - 18/02/24,0.0,0.0,0.0,0.0,0.0,0.0,0.0,00:00:00,01:11:39,0,0,0.0,0.0,0.0,0.0,0.0,0.0,0.0,0,0,NA,0,0,NA,NA,NA,NA,NA,NA,Week 3,0.0,0.0,0.0,0.0,NA,NA,0.0,0.0,0.0,NA,NA,NA,NA,NA,NA,NA,NA,NA,NA,NA,NA,NA,NA,NA,NA,NA,NA,NA,NA,NA,NA,NA,NA,NA,NA,NA,NA,NA,NA,NA,NA,NA,NA,NA,NA,NA,NA,0,4299
NA,NA,NA,NA,52.0,52.0,52.0,72.0,57,1985,131_datatwo,12/02/24 - 18/02/24,0.0,1.2127783333333333,0.0016666666666666668,0.0,0.0027783333333333336,0.003055,0.0,01:13:13,01:11:39,5,7,0.0,0.0036116666666666667,0.0,0.0,0.0,0.0,0.0,4,0,NA,1,0,NA,2024-02-13 12:02:22.914000,NA,2024-02-13 09:22:23.783000,2024-02-17 12:22:42.228000,NA,Week 3,0.0,0.0,1.0,0.0,2024-02-13 12:02:27.297000,NA,0.0,1.0,0.0,NA,NA,NA,NA,NA,NA,NA,NA,NA,NA,NA,NA,NA,NA,NA,NA,NA,NA,NA,NA,NA,NA,NA,NA,NA,NA,NA,NA,NA,NA,NA,NA,NA,NA,NA,NA,NA,NA,4393,4299
48,64,48,NA,68.0,72.0,60.0,60.0,65,1997,132_datatwo,12/02/24 - 18/02/24,0.0,0.6027783333333333,0.0,0.0,0.0,0.0,0.0,00:36:10,01:11:39,1,1,0.0,0.0,0.596945,0.0,0.0,0.0,0.0,0,1,NA,0,0,NA,NA,NA,NA,NA,NA,Week 3,0.0,0.0,0.0,0.0,NA,NA,0.0,0.0,0.0,2024-02-13 11:17:29.184000,NA,NA,NA,NA,NA,NA,NA,NA,NA,NA,NA,NA,NA,NA,NA,NA,NA,NA,NA,NA,NA,NA,NA,NA,NA,NA,NA,NA,NA,NA,NA,NA,NA,NA,NA,NA,NA,2170,4299
32,68,NA,60,52.0,72.0,52.0,68.0,61,1996,133_datatwo,12/02/24 - 18/02/24,0.0,0.1675,0.04611166666666667,0.0,0.0,0.0,0.009445000000000002,00:13:23,01:11:39,9,12,0.01583333333333333,0.0025,0.0016666666666666668,0.016111666666666666,0.0,0.0,5.0,2,1,NA,0,0,2024-02-13 21:04:40.739000,2024-02-13 20:58:01.710000,NA,2024-02-13 20:57:10.934000,NA,NA,Week 3,0.10472166666666666,0.0,1.0,0.0,2024-02-13 20:58:06.836000,NA,0.0,2.0,0.0,2024-02-13 21:06:20.312000,NA,NA,NA,NA,NA,NA,NA,NA,NA,NA,NA,NA,NA,NA,NA,NA,NA,NA,NA,NA,NA,NA,NA,NA,NA,NA,NA,NA,NA,NA,NA,NA,NA,NA,NA,NA,NA,803,4299
NA,NA,NA,NA,64.0,56.0,60.0,52.0,58,1995,134_datatwo,12/02/24 - 18/02/24,0.0,1.3186116666666667,0.0,0.0,0.0,0.0,0.0,01:19:07,01:11:39,6,7,0.012778333333333334,0.001945,0.0,0.0036116666666666667,0.085555,0.0,1.0,2,0,NA,2,0,2024-02-13 21:39:25.887000,2024-02-13 12:10:49.886000,NA,2024-02-13 21:36:42.597000,2024-02-13 21:34:04.424000,NA,Week 3,0.7583333333333333,0.0,1.0,0.0,2024-02-13 12:10:53.699000,NA,0.0,2.0,0.0,NA,NA,NA,NA,NA,NA,NA,NA,NA,NA,NA,NA,NA,NA,NA,NA,NA,NA,NA,NA,NA,NA,NA,NA,NA,NA,NA,NA,NA,NA,NA,NA,NA,NA,NA,NA,NA,NA,4747,4299
68,72,72,NA,72.0,80.0,68.0,64.0,70,2003,135_datatwo,12/02/24 - 18/02/24,0.0,0.125,0.0,0.0,0.0,2.9722216666666665,0.0,03:05:50,01:11:39,7,7,2.953888333333333,0.0011116666666666666,0.0,0.03611166666666667,0.0,0.0,3.0,1,0,NA,0,0,2024-02-17 12:26:18.820000,2024-02-13 11:25:40.774000,NA,2024-02-13 11:23:30.719000,NA,NA,Week 3,0.0,0.0,1.0,0.0,2024-02-13 11:25:44.799000,NA,0.0,2.0,0.0,NA,NA,NA,NA,NA,NA,NA,NA,NA,NA,NA,NA,NA,NA,NA,NA,NA,NA,NA,NA,NA,NA,NA,NA,NA,NA,NA,NA,NA,NA,NA,NA,NA,NA,NA,NA,NA,NA,11150,4299
56,68,72,70,76.0,76.0,76.0,72.0,75,1999,136_datatwo,12/02/24 - 18/02/24,0.0,0.089445,0.7613883333333333,0.0,0.0,0.034444999999999996,6.898611666666667,07:47:02,01:11:39,7,17,0.003888333333333333,0.04722166666666667,0.010555,0.003888333333333333,0.0,0.0,3.0,8,3,NA,0,0,2024-02-14 14:13:40.518000,2024-02-13 12:06:25.685000,NA,2024-02-18 21:21:29.357000,NA,NA,Week 3,0.0,6.411388333333333,0.0,4.0,NA,2024-02-17 21:56:38.146000,0.0,1.0,0.0,2024-02-13 12:10:08.901000,NA,NA,NA,NA,NA,NA,NA,NA,NA,NA,NA,NA,NA,NA,NA,NA,NA,NA,NA,NA,NA,NA,NA,NA,NA,NA,NA,NA,NA,NA,NA,NA,NA,NA,NA,NA,NA,28022,4299
0.48,0.48,0.52, ,0.56,0.56,0.56,0.56,56,1999,1_datatwo,24/10/22 - 30/10/22,0.026945,1.5072216666666665,1.1986116666666669,0.0022216666666666665,0.0,0.0,0.0,02:44:06,02:09:36,5,10,0.010833333333333334,0.590555,0.00027833333333333334,0.0,0.0,0.0,NA,1,1,0,0,0,NA,2022-10-25 12:02:27.274000,NA,NA,NA,NA,Week 4,0.0,0.0,0,0,NA,NA,0.0,NA,1,NA,2022-10-25 12:37:53.579000,0.0,3.0,0.0,2022-10-25 11:07:29.301000,2022-10-25 12:02:26.374000,NA,NA,NA,NA,NA,NA,NA,NA,NA,NA,NA,NA,NA,NA,NA,NA,NA,NA,NA,NA,NA,NA,NA,NA,NA,NA,NA,NA,NA,NA,NA,9846,7776
 , , , ,0.56,0.56,0.56,0.24,48,1992,2_datatwo,24/10/22 - 30/10/22,2.5294450000000004,0.84639,0.0,0.0,0.0,0.0,0.0,03:22:33,02:09:36,7,16,1.933055,0.005556666666666667,0.5133316666666666,0.0,0.0,0.0,NA,6,5,0,0,0,NA,2022-10-24 22:39:30.485000,NA,NA,NA,NA,Week 4,0.0,0.6597216666666667,0,4,NA,2022-10-24 22:39:33.249000,0.0,NA,1,NA,2022-10-25 17:04:54.804000,0.0,3.0,0.0,2022-10-24 20:47:57.529000,2022-10-24 22:39:23.587000,NA,NA,NA,NA,NA,NA,NA,NA,NA,NA,NA,NA,NA,NA,NA,NA,NA,NA,NA,NA,NA,NA,NA,NA,NA,NA,NA,NA,NA,NA,NA,12153,7776
 , , , ,0.64,0.61,0.64,0.59,62,1987,3_datatwo,24/10/22 - 30/10/22,0.0,1.4058333333333333,0.0,0.0,0.0,0.0,0.0,01:24:21,02:09:36,4,4,0.0,0.07777833333333334,0.000555,0.0,0.0,0.0,NA,5,1,0,0,0,NA,2022-10-25 16:29:35.264000,NA,NA,NA,NA,Week 4,0.0,0.0,0,0,NA,NA,0.0,NA,1,NA,2022-10-25 17:53:55.009000,0.0,0.0,0.0,NA,2022-10-25 17:07:08.541000,NA,NA,NA,NA,NA,NA,NA,NA,NA,NA,NA,NA,NA,NA,NA,NA,NA,NA,NA,NA,NA,NA,NA,NA,NA,NA,NA,NA,NA,NA,NA,5061,7776
0.28,0.44, , ,0.68,0.68,0.52,0.64,63,1993,4_datatwo,24/10/22 - 30/10/22,0.003055,0.39499999999999996,0.0,0.0,1.4852783333333335,0.0725,0.0,01:57:21,02:09:36,6,16,0.04388833333333333,0.016944999999999998,0.0,0.0,0.0,0.0,NA,4,0,0,0,0,NA,2022-10-24 13:58:22.716000,NA,NA,NA,NA,Week 4,0.0,0.0,0,1,NA,2022-10-28 08:37:24.787000,0.0,NA,2,NA,2022-10-24 13:58:29.460000,0.0,1.0,0.0,2022-10-29 13:29:11.530000,NA,NA,NA,NA,NA,NA,NA,NA,NA,NA,NA,NA,NA,NA,NA,NA,NA,NA,NA,NA,NA,NA,NA,NA,NA,NA,NA,NA,NA,NA,NA,NA,7041,7776
 , , , ,0.59,0.59,0.69,0.69,64,1996,5_datatwo,24/10/22 - 30/10/22,0.0,2.3016666666666667,0.0,0.0,0.0,0.0,0.0,02:18:06,02:09:36,6,6,0.0,0.007221666666666667,0.5041666666666667,0.0016666666666666668,0.0,0.0,NA,7,3,1,0,0,NA,2022-10-25 17:05:24.421000,NA,2022-10-25 17:06:26.763000,NA,NA,Week 4,0.0,0.06194500000000001,0,3,NA,2022-10-25 17:05:33.361000,1.57,NA,3,NA,2022-10-25 17:07:17.499000,0.0,0.0,0.0,NA,2022-10-25 16:35:15.281000,NA,NA,NA,NA,NA,NA,NA,NA,NA,NA,NA,NA,NA,NA,NA,NA,NA,NA,NA,NA,NA,NA,NA,NA,NA,NA,NA,NA,NA,NA,NA,8286,7776
 , , , ,0.56,0.6,0.6,0.52,57,1996,6_datatwo,24/10/22 - 30/10/22,0.0,0.090555,0.0,0.0,0.0,0.0,0.0,00:05:26,02:09:36,5,5,0.053611666666666676,0.025833333333333333,0.008055,0.0025,0.0,0.0,NA,2,2,1,0,0,NA,2022-10-25 16:21:32.548000,NA,2022-10-25 16:26:12.919000,NA,NA,Week 4,0.0,0.0,0,0,NA,NA,0.0,NA,1,NA,2022-10-25 16:26:55.661000,0.0,1.0,0.0,2022-10-25 16:22:59.708000,2022-10-25 16:21:31.226000,NA,NA,NA,NA,NA,NA,NA,NA,NA,NA,NA,NA,NA,NA,NA,NA,NA,NA,NA,NA,NA,NA,NA,NA,NA,NA,NA,NA,NA,NA,NA,326,7776
0.52,0.6,0.48, ,0.7,0.77,0.72,0.69,72,1993,7_datatwo,24/10/22 - 30/10/22,2.5302783333333334,0.32888833333333334,0.3002783333333333,0.005555000000000001,0.06027833333333334,0.7899999999999999,0.0,04:00:55,02:09:36,8,25,0.9049999999999999,0.034721666666666665,0.0033333333333333335,0.0011116666666666666,0.0,0.0,NA,15,2,1,0,0,NA,2022-10-24 14:49:21.914000,NA,2022-10-29 11:06:43.718000,NA,NA,Week 4,0.0,0.008888333333333333,0,1,NA,2022-10-24 17:05:06.481000,2.1483333333333334,NA,5,NA,2022-10-24 14:49:30.581000,0.0063883333333333335,13.0,2.0,2022-10-24 16:58:45.101000,2022-10-24 17:06:29.928000,2022-10-29 11:06:56.184000,NA,NA,NA,NA,NA,NA,NA,NA,NA,NA,NA,NA,NA,NA,NA,NA,NA,NA,NA,NA,NA,NA,NA,NA,NA,NA,NA,NA,NA,NA,14455,7776
 , , , ,0.68,0.68,0.68,0.68,68,1992,8_datatwo,24/10/22 - 30/10/22,0.0,2.4125,0.0,0.0,0.035833333333333335,0.0,0.0,02:26:54,02:09:36,4,11,0.024444999999999998,0.010831666666666667,0.0,0.0,0.0,0.0,NA,6,0,0,0,0,NA,2022-10-25 08:12:08.474000,NA,NA,NA,NA,Week 4,0.0,0.0,0,0,NA,NA,1.3252783333333333,NA,6,NA,2022-10-25 08:12:22.785000,0.0,2.0,0.0,2022-10-25 15:03:13.548000,NA,NA,NA,NA,NA,NA,NA,NA,NA,NA,NA,NA,NA,NA,NA,NA,NA,NA,NA,NA,NA,NA,NA,NA,NA,NA,NA,NA,NA,NA,NA,NA,8814,7776
 , , , ,0.69,0.69,0.69,0.73,70,1992,9_datatwo,24/10/22 - 30/10/22,0.0,0.9116666666666667,0.0,0.025,0.001945,0.0,0.0,00:56:19,02:09:36,9,12,0.011666666666666665,0.565,0.0,0.0022216666666666665,0.0,0.0,NA,7,0,1,0,0,NA,2022-10-25 11:11:19.216000,NA,2022-10-25 12:05:38.687000,NA,NA,Week 4,0.0027783333333333336,0.02666666666666667,1,3,2022-10-25 11:16:00.477000,2022-10-25 11:15:30.829000,0.02666666666666667,NA,3,NA,2022-10-25 11:11:22.016000,0.0,3.0,0.0,2022-10-25 11:12:43.680000,NA,NA,NA,NA,NA,NA,NA,NA,NA,NA,NA,NA,NA,NA,NA,NA,NA,NA,NA,NA,NA,NA,NA,NA,NA,NA,NA,NA,NA,NA,NA,NA,3379,7776
 , , , ,0.69,0.7,0.7,0.79,72,1994,10_datatwo,24/10/22 - 30/10/22,0.0,2.7911116666666667,0.0027783333333333336,0.0,0.0,0.0,7.144166666666666,09:56:17,02:09:36,12,18,2.9127766666666663,0.34861000000000003,0.04861166666666667,1.3197216666666665,0.501945,0.003888333333333333,NA,17,4,3,3,1,NA,2022-10-25 15:28:47.287000,NA,2022-10-30 11:52:43.707000,2022-10-30 10:51:03.830000,2022-10-30 11:21:33.569000,Week 4,0.0,1.8611116666666667,0,7,NA,2022-10-30 11:21:50.950000,1.706111666666667,NA,3,NA,2022-10-25 15:29:05.768000,0.0,3.0,0.0,2022-10-25 18:21:14.996000,2022-10-25 17:44:20.682000,NA,NA,NA,NA,NA,NA,NA,NA,NA,NA,NA,NA,NA,NA,NA,NA,NA,NA,NA,NA,NA,NA,NA,NA,NA,NA,NA,NA,NA,NA,NA,35777,7776
0.56,0.64,0.64,0.68,0.72,0.76,0.8,0.72,75,1991,11_datatwo,24/10/22 - 30/10/22,0.36055666666666664,0.49111166666666667,0.0036116666666666667,0.011388333333333332,0.05861,0.0,0.0,00:55:31,02:09:36,10,23,0.19583333333333333,0.011943333333333334,0.004445,0.003055,0.0,0.0,NA,7,1,2,0,0,NA,2022-10-24 22:55:20.531000,NA,2022-10-25 17:03:02.358000,NA,NA,Week 4,0.0,0.036945000000000006,0,1,NA,2022-10-25 16:59:26.575000,0.022500000000000003,NA,4,NA,2022-10-25 17:01:41.554000,0.007500000000000001,8.0,1.0,2022-10-24 22:45:22.667000,2022-10-28 23:31:05.104000,2022-10-28 19:31:13.691000,NA,NA,NA,NA,NA,NA,NA,NA,NA,NA,NA,NA,NA,NA,NA,NA,NA,NA,NA,NA,NA,NA,NA,NA,NA,NA,NA,NA,NA,NA,3331,7776
 , , , ,0.52,0.59,0.56,0.53,55,1987,12_datatwo,24/10/22 - 30/10/22,0.0,1.5752783333333333,0.0,0.0,0.0,0.0,0.0,01:34:31,02:09:36,9,12,0.0175,0.007778333333333333,0.021943333333333332,0.0027783333333333336,0.0,0.0,NA,8,4,2,0,0,NA,2022-10-25 11:15:31.202000,NA,2022-10-25 11:08:53.300000,NA,NA,Week 4,0.0,0.018333333333333333,0,3,NA,2022-10-25 11:35:29.389000,1.4925,NA,4,NA,2022-10-25 11:15:34.713000,0.0,3.0,0.0,2022-10-25 11:08:46.136000,2022-10-25 11:07:46.742000,NA,NA,NA,NA,NA,NA,NA,NA,NA,NA,NA,NA,NA,NA,NA,NA,NA,NA,NA,NA,NA,NA,NA,NA,NA,NA,NA,NA,NA,NA,NA,5671,7776
 ,0.48, , ,0.56,0.64,0.56,0.64,60,1995,13_datatwo,24/10/22 - 30/10/22,0.06833333333333333,1.658055,0.0,0.0,0.0,1.2166666666666666,0.0,02:56:35,02:09:36,9,17,1.0927766666666667,0.11027833333333333,0.00027833333333333334,0.000555,0.0,0.0,NA,5,1,1,0,0,NA,2022-10-24 13:16:49.489000,NA,2022-10-29 23:06:49.629000,NA,NA,Week 4,0.0,0.943055,0,2,NA,2022-10-24 13:17:04.825000,0.7225,NA,6,NA,2022-10-25 11:07:15.638000,0.0,4.0,0.0,2022-10-24 13:11:55.795000,2022-10-29 23:06:51.521000,NA,NA,NA,NA,NA,NA,NA,NA,NA,NA,NA,NA,NA,NA,NA,NA,NA,NA,NA,NA,NA,NA,NA,NA,NA,NA,NA,NA,NA,NA,NA,10595,7776
 , ,0.56, ,0.68,0.72,0.68,0.64,68,1995,14_datatwo,24/10/22 - 30/10/22,0.0,1.7386116666666669,0.0,0.0,0.0,0.0,0.0,01:44:19,02:09:36,5,6,0.7216666666666666,0.003055,0.0,0.0,0.0,0.0,NA,3,0,0,0,0,NA,2022-10-25 10:41:46.084000,NA,NA,NA,NA,Week 4,0.0,0.0,0,1,NA,2022-10-25 10:41:50.839000,0.7602783333333334,NA,2,NA,2022-10-25 11:09:30.001000,0.0,1.0,0.0,2022-10-25 11:26:46.121000,NA,NA,NA,NA,NA,NA,NA,NA,NA,NA,NA,NA,NA,NA,NA,NA,NA,NA,NA,NA,NA,NA,NA,NA,NA,NA,NA,NA,NA,NA,NA,NA,6259,7776
0.48,0.56,0.56, ,0.72,0.68,0.68,0.64,68,1996,15_datatwo,24/10/22 - 30/10/22,5.239721666666667,0.02666666666666667,3.6772216666666666,0.0,0.0,0.0,0.0,08:56:37,02:09:36,14,23,1.924445,0.17222333333333334,0.004445,0.0,0.00027833333333333334,0.0,NA,12,1,0,2,0,NA,2022-10-24 15:47:39.739000,NA,NA,2022-10-31 19:17:25.043000,NA,Week 4,0.0,0.26111166666666663,0,3,NA,2022-10-24 19:35:23.716000,3.5472216666666663,NA,4,NA,2022-10-24 15:47:43.538000,0.21638833333333335,23.0,4.0,2022-10-24 19:50:51.328000,2022-10-24 15:47:23.565000,2022-10-31 19:17:27.804000,NA,NA,NA,NA,NA,NA,NA,NA,NA,NA,NA,NA,NA,NA,NA,NA,NA,NA,NA,NA,NA,NA,NA,NA,NA,NA,NA,NA,NA,NA,32197,7776
0.4,0.48, , ,0.52,0.6,0.36,0.52,50,1993,16_datatwo,24/10/22 - 30/10/22,0.27166666666666667,1.7347216666666665,0.0,0.0,0.0,0.0,0.0,02:00:23,02:09:36,7,13,0.10472333333333333,0.008611666666666665,0.0,0.0,0.0,0.0,NA,4,0,0,0,0,NA,2022-10-24 18:22:38.292000,NA,NA,NA,NA,Week 4,0.0,0.11944500000000001,0,2,NA,2022-10-24 18:22:53.499000,1.2713883333333333,NA,2,NA,2022-10-25 11:27:41.889000,0.0,4.0,0.0,2022-10-24 18:27:42.452000,NA,NA,NA,NA,NA,NA,NA,NA,NA,NA,NA,NA,NA,NA,NA,NA,NA,NA,NA,NA,NA,NA,NA,NA,NA,NA,NA,NA,NA,NA,NA,NA,7223,7776
 ,0.4,0.56, ,0.68,0.6,0.64,0.68,65,1998,17_datatwo,24/10/22 - 30/10/22,2.624445,1.0447216666666668,0.0,0.0008333333333333334,0.0025,0.034166666666666665,0.0,03:42:24,02:09:36,6,15,2.3163883333333333,0.004166666666666667,0.0,0.0,0.0,0.0,NA,5,0,0,0,0,NA,2022-10-24 14:32:33.802000,NA,NA,NA,NA,Week 4,0.0,0.0,0,0,NA,NA,1.1716666666666666,NA,5,NA,2022-10-24 14:32:35.658000,0.0,8.0,0.0,2022-10-24 15:04:32.847000,NA,NA,NA,NA,NA,NA,NA,NA,NA,NA,NA,NA,NA,NA,NA,NA,NA,NA,NA,NA,NA,NA,NA,NA,NA,NA,NA,NA,NA,NA,NA,NA,13344,7776
 , , , ,0.6,0.6,0.52,0.6,58,1993,18_datatwo,24/10/22 - 30/10/22,0.0,2.1325,0.0,0.0,0.0,0.0,0.0,02:07:57,02:09:36,5,5,0.17388833333333334,0.003055,0.0,0.0,0.0,0.0,NA,4,0,0,0,0,NA,2022-10-25 16:25:51.487000,NA,NA,NA,NA,Week 4,0.0,0.0,0,0,NA,NA,1.9125,NA,3,NA,2022-10-25 16:25:57.352000,0.0,2.0,0.0,2022-10-25 18:21:15.424000,NA,NA,NA,NA,NA,NA,NA,NA,NA,NA,NA,NA,NA,NA,NA,NA,NA,NA,NA,NA,NA,NA,NA,NA,NA,NA,NA,NA,NA,NA,NA,NA,7677,7776
 , , , ,0.6,0.64,0.6,0.68,63,1997,19_datatwo,24/10/22 - 30/10/22,0.0,0.0,0.0,0.0,0.0,0.0,0.0,00:00:00,02:09:36,0,0,0.0,0.0,0.0,0.0,0.0,0.0,NA,0,0,0,0,0,NA,NA,NA,NA,NA,NA,Week 4,0.0,0.0,0,0,NA,NA,0.0,NA,0,NA,NA,0.0,0.0,0.0,NA,NA,NA,NA,NA,NA,NA,NA,NA,NA,NA,NA,NA,NA,NA,NA,NA,NA,NA,NA,NA,NA,NA,NA,NA,NA,NA,NA,NA,NA,NA,NA,NA,0,7776
0.56,0.4,0.52,0.24,0.72,0.64,0.6,0.6,64,1997,20_datatwo,24/10/22 - 30/10/22,0.08055499999999999,0.7913883333333334,0.20805500000000002,0.0,0.0,2.8133333333333335,0.0,03:53:35,02:09:36,9,25,0.056945,2.2266683333333335,0.01833166666666667,0.0025,0.0,0.0,NA,8,3,1,0,0,NA,2022-10-24 17:38:42.050000,NA,2022-10-26 20:43:30.667000,NA,NA,Week 4,0.0,1.3347216666666666,0,3,NA,2022-10-24 17:38:50.944000,0.006111666666666666,NA,5,NA,2022-10-24 17:38:44.936000,0.0,11.0,0.0,2022-10-24 15:14:57.739000,2022-10-24 15:15:47.173000,NA,NA,NA,NA,NA,NA,NA,NA,NA,NA,NA,NA,NA,NA,NA,NA,NA,NA,NA,NA,NA,NA,NA,NA,NA,NA,NA,NA,NA,NA,NA,14015,7776
0.48,0.52,0.56,0.24,0.52,0.52,0.56,0.48,52,1995,21_datatwo,24/10/22 - 30/10/22,0.0,0.9486116666666666,0.0,0.0,0.0,0.0,0.0,00:56:55,02:09:36,3,6,0.0,0.034723333333333335,0.0,0.0,0.0,0.0,NA,7,0,0,0,0,NA,2022-10-25 11:06:11.836000,NA,NA,NA,NA,Week 4,0.0,0.041945,0,1,NA,2022-10-25 20:26:56.602000,0.800555,NA,4,NA,2022-10-25 11:10:58.427000,0.0,0.0,0.0,NA,NA,NA,NA,NA,NA,NA,NA,NA,NA,NA,NA,NA,NA,NA,NA,NA,NA,NA,NA,NA,NA,NA,NA,NA,NA,NA,NA,NA,NA,NA,NA,NA,3415,7776
 , , , ,0.48,0.48,0.32,0.4,42,1996,22_datatwo,24/10/22 - 30/10/22,0.0,0.0,0.0,0.0,0.0,0.0,0.0,00:00:00,02:09:36,0,0,0.0,0.0,0.0,0.0,0.0,0.0,NA,0,0,0,0,0,NA,NA,NA,NA,NA,NA,Week 4,0.0,0.0,0,0,NA,NA,0.0,NA,0,NA,NA,0.0,0.0,0.0,NA,NA,NA,NA,NA,NA,NA,NA,NA,NA,NA,NA,NA,NA,NA,NA,NA,NA,NA,NA,NA,NA,NA,NA,NA,NA,NA,NA,NA,NA,NA,NA,NA,0,7776
0.36,0.32, , ,0.52,0.6,0.52,0.52,54,1987,23_datatwo,24/10/22 - 30/10/22,0.0027783333333333336,1.2680566666666666,0.0,0.0,0.0,0.0,0.0,01:16:15,02:09:36,8,12,0.018055,0.009166666666666667,0.0047216666666666665,0.006111666666666666,0.0,0.0,NA,4,1,1,0,0,NA,2022-10-24 08:58:18.799000,NA,2022-10-25 06:17:39.229000,NA,NA,Week 4,0.0,0.0,1,1,2022-10-25 16:15:11.712000,2022-10-24 08:58:22.334000,0.022778333333333334,NA,2,NA,2022-10-25 11:46:23.056000,0.0,2.0,0.0,2022-10-25 06:15:13.685000,2022-10-25 06:17:15.420000,NA,NA,NA,NA,NA,NA,NA,NA,NA,NA,NA,NA,NA,NA,NA,NA,NA,NA,NA,NA,NA,NA,NA,NA,NA,NA,NA,NA,NA,NA,NA,4575,7776
 , , , ,0.52,0.4,0.4,0.52,46,2000,24_datatwo,24/10/22 - 30/10/22,0.0,0.0,0.0,0.0,0.0,0.0,0.0,00:00:00,02:09:36,0,0,0.0,0.0,0.0,0.0,0.0,0.0,NA,0,0,0,0,0,NA,NA,NA,NA,NA,NA,Week 4,0.0,0.0,0,0,NA,NA,0.0,NA,0,NA,NA,0.0,0.0,0.0,NA,NA,NA,NA,NA,NA,NA,NA,NA,NA,NA,NA,NA,NA,NA,NA,NA,NA,NA,NA,NA,NA,NA,NA,NA,NA,NA,NA,NA,NA,NA,NA,NA,0,7776
 , , , ,0.68,0.68,0.6,0.6,64,1994,25_datatwo,24/10/22 - 30/10/22,0.296945,1.4627783333333333,0.015000000000000001,0.0,1.1761116666666669,0.354445,0.017221666666666666,03:19:21,02:09:36,16,28,0.04611166666666667,0.008055,0.5325,0.013888333333333332,1.0238883333333333,0.0,NA,8,3,6,3,1,NA,2022-10-24 20:20:20.710000,NA,2022-10-24 20:20:12.057000,2022-10-28 11:01:26.058000,2022-10-29 10:27:05.272000,Week 4,0.0,0.010278333333333334,0,1,NA,2022-10-24 20:20:24.387000,1.0713883333333334,NA,1,NA,2022-10-25 11:28:08.455000,0.0,9.0,0.0,2022-10-24 20:18:52.737000,2022-10-24 20:21:16.574000,NA,NA,NA,NA,NA,NA,NA,NA,NA,NA,NA,NA,NA,NA,NA,NA,NA,NA,NA,NA,NA,NA,NA,NA,NA,NA,NA,NA,NA,NA,NA,11961,7776
 , , , ,0.64,0.6,0.52,0.52,57,1995,26_datatwo,24/10/22 - 30/10/22,0.0,0.0,0.0,0.0,0.0,0.0,0.0,00:00:00,02:09:36,0,0,0.0,0.0,0.0,0.0,0.0,0.0,NA,0,0,0,0,0,NA,NA,NA,NA,NA,NA,Week 4,0.0,0.0,0,0,NA,NA,0.0,NA,0,NA,NA,0.0,0.0,0.0,NA,NA,NA,NA,NA,NA,NA,NA,NA,NA,NA,NA,NA,NA,NA,NA,NA,NA,NA,NA,NA,NA,NA,NA,NA,NA,NA,NA,NA,NA,NA,NA,NA,0,7776
 , , , ,0.68,0.68,0.64,0.68,67,1995,27_datatwo,24/10/22 - 30/10/22,0.0,1.554445,0.0,0.0,0.0,0.0,0.0,01:33:16,02:09:36,3,3,0.08416666666666667,0.003055,0.0,0.0,0.0,0.0,NA,2,0,0,0,0,NA,2022-10-25 11:28:23.247000,NA,NA,NA,NA,Week 4,0.0,0.0,0,0,NA,NA,1.2541666666666667,NA,2,NA,2022-10-25 11:28:27.396000,0.0,2.0,0.0,2022-10-25 11:26:18.877000,NA,NA,NA,NA,NA,NA,NA,NA,NA,NA,NA,NA,NA,NA,NA,NA,NA,NA,NA,NA,NA,NA,NA,NA,NA,NA,NA,NA,NA,NA,NA,NA,5596,7776
 ,0.4,0.52,0.52,0.76,0.68,0.68,0.68,70,1991,28_datatwo,24/10/22 - 30/10/22,0.0,0.2833333333333333,0.0,0.0,0.020555,0.0,0.0,00:18:14,02:09:36,6,11,0.014723333333333333,0.005,0.005278333333333333,0.0011116666666666666,0.0,0.0,NA,3,1,2,0,0,NA,2022-10-25 15:18:43.997000,NA,2022-10-25 15:18:42.829000,NA,NA,Week 4,0.0,0.2597216666666667,0,2,NA,2022-10-25 15:18:52.717000,0.004445,NA,3,NA,2022-10-25 16:40:27.876000,0.0,2.0,0.0,2022-10-25 15:18:14.783000,2022-10-28 14:36:02.276000,NA,NA,NA,NA,NA,NA,NA,NA,NA,NA,NA,NA,NA,NA,NA,NA,NA,NA,NA,NA,NA,NA,NA,NA,NA,NA,NA,NA,NA,NA,NA,1094,7776
 , , , ,0.68,0.68,0.76,0.68,70,1981,29_datatwo,24/10/22 - 30/10/22,0.0,0.8852783333333334,0.0,0.0,0.0,0.0,0.0,00:53:07,02:09:36,5,5,0.0,0.09083333333333334,0.008333333333333333,0.0,0.0,0.0,NA,4,2,0,0,0,NA,2022-10-25 16:56:49.972000,NA,NA,NA,NA,Week 4,0.0,0.035555,0,1,NA,2022-10-25 16:56:52.949000,0.6247216666666666,NA,2,NA,2022-10-25 17:04:32.119000,0.0,0.0,0.0,NA,2022-10-25 16:59:19.616000,NA,NA,NA,NA,NA,NA,NA,NA,NA,NA,NA,NA,NA,NA,NA,NA,NA,NA,NA,NA,NA,NA,NA,NA,NA,NA,NA,NA,NA,NA,NA,3187,7776
0.4, , , ,0.68,0.64,0.64,0.68,66,1981,30_datatwo,24/10/22 - 30/10/22,2.243888333333333,1.3877783333333333,0.0063883333333333335,0.0,0.0,0.0,0.0,03:38:17,02:09:36,8,8,0.054445,0.001945,0.0,0.0011116666666666666,0.0,0.0,NA,2,0,1,0,0,NA,2022-10-25 16:24:47.896000,NA,2022-10-25 16:24:44.309000,NA,NA,Week 4,0.0,0.0,0,0,NA,NA,1.3819450000000002,NA,2,NA,2022-10-25 16:24:51.415000,0.0,2.0,0.0,2022-10-24 10:02:07.076000,NA,NA,NA,NA,NA,NA,NA,NA,NA,NA,NA,NA,NA,NA,NA,NA,NA,NA,NA,NA,NA,NA,NA,NA,NA,NA,NA,NA,NA,NA,NA,NA,13097,7776
0.56,0.44,0.48, ,0.6,0.6,0.56,0.52,57,1992,31_datatwo,24/10/22 - 30/10/22,1.8752766666666667,1.1775,2.6127783333333334,0.0,0.015000000000000001,0.0,0.0063883333333333335,05:41:13,02:09:36,5,26,1.7411116666666666,0.3524983333333333,0.0,0.0011116666666666666,0.0,0.0,NA,8,0,1,0,0,NA,2022-10-25 16:20:45.260000,NA,2022-10-28 10:45:39.069000,NA,NA,Week 4,0.0,0.0,0,0,NA,NA,0.017221666666666666,NA,5,NA,2022-10-25 16:41:03.496000,0.0,23.0,0.0,2022-10-24 17:08:07.434000,NA,NA,NA,NA,NA,NA,NA,NA,NA,NA,NA,NA,NA,NA,NA,NA,NA,NA,NA,NA,NA,NA,NA,NA,NA,NA,NA,NA,NA,NA,NA,NA,20473,7776
 , , , ,0.6,0.6,0.56,0.64,60,1994,32_datatwo,24/10/22 - 30/10/22,0.024166666666666666,0.6258333333333332,2.2041666666666666,0.0,0.0,0.0,0.0,02:51:15,02:09:36,6,13,2.226388333333333,0.009166666666666667,0.0,0.000555,0.0,0.0,NA,7,0,1,0,0,NA,2022-10-24 13:17:24.046000,NA,2022-10-25 11:27:29.027000,NA,NA,Week 4,0.0,0.000555,0,4,NA,2022-10-24 13:17:26.219000,0.000555,NA,3,NA,2022-10-25 11:27:35.224000,0.0,3.0,0.0,2022-10-24 17:07:54.704000,NA,NA,NA,NA,NA,NA,NA,NA,NA,NA,NA,NA,NA,NA,NA,NA,NA,NA,NA,NA,NA,NA,NA,NA,NA,NA,NA,NA,NA,NA,NA,NA,10275,7776
 , , , ,0.42,0.52,0.56,0.54,51,1989,33_datatwo,24/10/22 - 30/10/22,0.03777833333333334,2.165,0.09444500000000002,0.010278333333333334,0.06222166666666666,3.1108333333333333,3.0049983333333334,08:29:08,02:09:36,10,39,0.3677783333333334,0.04333666666666667,0.021111666666666664,0.011945,0.0,0.0,NA,28,5,1,0,0,NA,2022-10-24 15:36:43.207000,NA,2022-10-24 15:35:27.452000,NA,NA,Week 4,0.0,5.592498333333333,0,18,NA,2022-10-24 19:22:05.788000,1.4905549999999999,NA,7,NA,2022-10-24 15:36:50.311000,0.0,9.0,0.0,2022-10-25 11:11:44.761000,2022-10-24 15:36:36.872000,NA,NA,NA,NA,NA,NA,NA,NA,NA,NA,NA,NA,NA,NA,NA,NA,NA,NA,NA,NA,NA,NA,NA,NA,NA,NA,NA,NA,NA,NA,NA,30548,7776
 , , , ,0.64,0.6,0.68,0.68,65,1991,34_datatwo,24/10/22 - 30/10/22,0.0,1.7858333333333334,0.0,0.0,0.0,0.0,0.0,01:47:09,02:09:36,2,3,0.0,0.003888333333333333,0.0,0.0,0.0,0.0,NA,4,0,0,0,0,NA,2022-10-25 11:07:20.841000,NA,NA,NA,NA,Week 4,0.0,0.0,0,0,NA,NA,1.4852783333333335,NA,1,NA,2022-10-25 11:07:23.309000,0.0,0.0,0.0,NA,NA,NA,NA,NA,NA,NA,NA,NA,NA,NA,NA,NA,NA,NA,NA,NA,NA,NA,NA,NA,NA,NA,NA,NA,NA,NA,NA,NA,NA,NA,NA,NA,6429,7776
0.36,0.28, , ,0.52,0.52,0.52,0.52,52,1981,35_datatwo,24/10/22 - 30/10/22,0.6202783333333333,0.7772216666666666,0.0,0.0,0.0,2.8691666666666666,0.0,04:16:00,02:09:36,8,17,0.27361166666666664,0.145835,0.018333333333333333,0.0,0.0,0.0,NA,13,1,0,0,0,NA,2022-10-24 09:46:29.612000,NA,NA,NA,NA,Week 4,0.0,0.0,0,0,NA,NA,0.023611666666666663,NA,3,NA,2022-10-24 22:12:51.160000,0.0,6.0,0.0,2022-10-24 21:35:56.314000,2022-10-29 16:53:36.709000,NA,NA,NA,NA,NA,NA,NA,NA,NA,NA,NA,NA,NA,NA,NA,NA,NA,NA,NA,NA,NA,NA,NA,NA,NA,NA,NA,NA,NA,NA,NA,15360,7776
 , , , ,0.52,0.52,0.52,0.56,53,1994,36_datatwo,24/10/22 - 30/10/22,0.0,1.7352783333333335,0.0,0.0,1.645555,0.0,0.0,03:22:51,02:09:36,7,10,0.058054999999999995,0.009721666666666665,0.0,0.0027783333333333336,0.0,0.0,NA,10,0,1,0,0,NA,2022-10-25 11:02:35.687000,NA,2022-10-28 15:28:39.983000,NA,NA,Week 4,0.0,1.58389,0,5,NA,2022-10-25 12:45:00.409000,1.5780549999999998,NA,5,NA,2022-10-25 11:02:37.592000,0.0,3.0,0.0,2022-10-25 11:11:24.248000,NA,NA,NA,NA,NA,NA,NA,NA,NA,NA,NA,NA,NA,NA,NA,NA,NA,NA,NA,NA,NA,NA,NA,NA,NA,NA,NA,NA,NA,NA,NA,NA,12171,7776
0.48,0.64, , ,0.52,0.64,0.32,0.56,51,1986,37_datatwo,24/10/22 - 30/10/22,0.10333333333333333,2.1191666666666666,0.360555,0.0,0.3688883333333334,0.007778333333333333,0.0,02:57:35,02:09:36,12,21,0.081945,0.13416666666666668,0.020833333333333332,0.0025,0.0,0.0,NA,20,6,2,1,0,NA,2022-10-24 12:33:53.762000,NA,2022-10-25 11:18:25.877000,2022-10-25 18:12:03.791000,NA,Week 4,0.0,0.031944999999999994,0,4,NA,2022-10-24 12:34:37.149000,1.7141666666666666,NA,9,NA,2022-10-25 11:08:01.997000,0.0,11.0,0.0,2022-10-25 11:11:34.389000,2022-10-25 11:15:18.931000,NA,NA,NA,NA,NA,NA,NA,NA,NA,NA,NA,NA,NA,NA,NA,NA,NA,NA,NA,NA,NA,NA,NA,NA,NA,NA,NA,NA,NA,NA,NA,10655,7776
 , , , ,0.44,0.52,0.4,0.52,47,1992,38_datatwo,24/10/22 - 30/10/22,0.0,0.096945,0.0,0.0,0.0,0.0,0.0,00:05:49,02:09:36,1,1,0.08527833333333333,0.0,0.0,0.0,0.0,0.0,NA,0,0,0,0,0,NA,NA,NA,NA,NA,NA,Week 4,0.0,0.0,0,0,NA,NA,0.0,NA,0,NA,NA,0.0,1.0,0.0,2022-10-25 20:55:10.951000,NA,NA,NA,NA,NA,NA,NA,NA,NA,NA,NA,NA,NA,NA,NA,NA,NA,NA,NA,NA,NA,NA,NA,NA,NA,NA,NA,NA,NA,NA,NA,NA,349,7776
 , , , ,0.52,0.6,0.52,0.52,54,1992,39_datatwo,24/10/22 - 30/10/22,0.0,0.0,0.0,0.0,0.0,0.0,0.0,00:00:00,02:09:36,0,0,0.0,0.0,0.0,0.0,0.0,0.0,NA,0,0,0,0,0,NA,NA,NA,NA,NA,NA,Week 4,0.0,0.0,0,0,NA,NA,0.0,NA,0,NA,NA,0.0,0.0,0.0,NA,NA,NA,NA,NA,NA,NA,NA,NA,NA,NA,NA,NA,NA,NA,NA,NA,NA,NA,NA,NA,NA,NA,NA,NA,NA,NA,NA,NA,NA,NA,NA,NA,0,7776
0.52,0.52,0.48, ,0.56,0.56,0.6,0.56,57,1996,40_datatwo,24/10/22 - 30/10/22,0.0,1.2733333333333334,0.0,0.0,0.0,0.0,1.8547216666666666,03:07:41,02:09:36,7,15,0.3647233333333333,0.025278333333333333,0.003888333333333333,0.0,0.0,0.0,NA,6,6,0,0,0,NA,2022-10-25 11:05:32.048000,NA,NA,NA,NA,Week 4,0.0,0.0,0,0,NA,NA,2.51361,NA,7,NA,2022-10-25 11:05:35.799000,0.0,6.0,0.0,2022-10-25 11:11:23.963000,2022-10-31 00:38:00.140000,NA,NA,NA,NA,NA,NA,NA,NA,NA,NA,NA,NA,NA,NA,NA,NA,NA,NA,NA,NA,NA,NA,NA,NA,NA,NA,NA,NA,NA,NA,NA,11261,7776
 , , , ,0.56,0.52,0.4,0.6,52,1997,41_datatwo,24/10/22 - 30/10/22,0.0,0.11777833333333333,0.0,0.0,0.0,0.011388333333333332,0.0,00:07:45,02:09:36,4,5,0.0,0.11333333333333333,0.0,0.0,0.0,0.0,NA,2,0,0,0,0,NA,2022-10-25 11:20:48.060000,NA,NA,NA,NA,Week 4,0.0,0.0,0,0,NA,NA,0.0,NA,1,NA,2022-10-25 11:27:29.434000,0.0,0.0,1.0,NA,NA,2022-10-29 19:41:25.101000,NA,NA,NA,NA,NA,NA,NA,NA,NA,NA,NA,NA,NA,NA,NA,NA,NA,NA,NA,NA,NA,NA,NA,NA,NA,NA,NA,NA,NA,NA,465,7776
0.28,0.4,0.4,0.36,0.52,0.56,0.52,0.56,54,1996,42_datatwo,24/10/22 - 30/10/22,0.0025,0.790555,1.0722216666666666,0.1075,0.0,0.025278333333333333,3.089445,05:05:15,02:09:36,9,39,0.07972166666666666,0.02194166666666667,0.02444333333333333,0.0036116666666666667,0.9927783333333333,0.0,NA,14,7,3,1,0,NA,2022-10-24 23:26:01.242000,NA,2022-10-25 12:13:18.466000,2022-10-26 15:41:56.723000,NA,Week 4,0.0,0.05527833333333333,0,3,NA,2022-10-24 23:26:04.005000,3.5036116666666666,NA,7,NA,2022-10-25 12:17:18.440000,0.0,11.0,0.0,2022-10-25 12:12:21.110000,2022-10-25 12:13:10.475000,NA,NA,NA,NA,NA,NA,NA,NA,NA,NA,NA,NA,NA,NA,NA,NA,NA,NA,NA,NA,NA,NA,NA,NA,NA,NA,NA,NA,NA,NA,NA,18315,7776
 ,0.44,0.44, ,0.52,0.56,0.52,0.6,55,1991,43_datatwo,24/10/22 - 30/10/22,0.46444499999999994,2.303611666666667,0.0,0.0,0.0,1.2383333333333333,2.424445,06:25:51,02:09:36,12,29,0.28500000000000003,0.14833333333333334,0.07916666666666666,0.006944999999999999,0.0,0.000555,NA,21,6,2,0,1,NA,2022-10-24 20:01:30.073000,NA,2022-10-24 20:24:31.981000,NA,2022-10-30 23:15:58.440000,Week 4,0.0,1.9877783333333334,0,6,NA,NA,0.45583333333333337,NA,4,NA,2022-10-24 20:08:14.522000,0.0,5.0,0.0,2022-10-24 20:24:43.813000,2022-10-24 20:00:55.112000,2022-10-24 20:01:34.149000,NA,NA,NA,NA,NA,NA,NA,NA,NA,NA,NA,NA,NA,NA,NA,NA,NA,NA,NA,NA,NA,NA,NA,NA,NA,NA,NA,NA,NA,NA,23151,7776
0.56,0.68,0.72,0.72,0.72,0.76,0.8,0.8,77,1986,44_datatwo,24/10/22 - 30/10/22,1.7288883333333334,7.38861,0.0025,7.036666666666666,0.0,0.0016666666666666668,0.5752783333333333,16:44:01,02:09:36,15,46,4.304721666666667,0.7533333333333334,0.003055,0.00027833333333333334,0.0,0.9041666666666667,NA,18,3,1,0,4,NA,2022-10-24 12:26:53.736000,NA,2022-10-27 11:50:41.058000,NA,2022-10-24 13:13:33.301000,Week 4,0.0013883333333333332,0.8466666666666666,1,3,2022-10-24 13:13:46.496000,2022-10-24 13:13:53.300000,0.9491666666666667,NA,7,NA,2022-10-25 08:55:29.138000,0.0,27.0,1.0,2022-10-24 12:04:33.032000,2022-10-24 13:13:14.484000,2022-10-29 20:58:38.371000,NA,NA,NA,NA,NA,NA,NA,NA,NA,NA,NA,NA,NA,NA,NA,NA,NA,NA,NA,NA,NA,NA,NA,NA,NA,NA,NA,NA,NA,NA,60241,7776
0.44,0.56,0.48, ,0.56,0.64,0.68,0.6,62,1989,45_datatwo,24/10/22 - 30/10/22,0.5244449999999999,1.6322233333333331,0.9961116666666666,0.0,0.12888833333333333,0.0,0.0,03:16:54,02:09:36,12,23,0.18889000000000003,0.018333333333333333,0.008056666666666667,0.0022216666666666665,0.018055,0.0,NA,10,7,2,2,1,NA,2022-10-24 14:28:44.453000,NA,2022-10-24 15:41:15.408000,2022-10-24 14:28:48.098000,2022-10-24 15:55:38.982000,Week 4,0.0,0.004445,0,1,NA,2022-10-24 15:41:22.223000,2.3161116666666666,NA,3,NA,2022-10-25 11:05:16.589000,0.0,7.0,0.0,2022-10-24 14:28:55.476000,2022-10-24 13:45:34.246000,NA,NA,NA,NA,NA,NA,NA,NA,NA,NA,NA,NA,NA,NA,NA,NA,NA,NA,NA,NA,NA,NA,NA,NA,NA,NA,NA,NA,NA,NA,NA,11814,7776
0.36,0.4,NA,0.68,0.8,0.72,0.72,0.68,73,1992,46_datatwo,20/02/23 - 26/02/23,0.035833333333333335,1.006945,0.0,0.0,0.0013883333333333332,0.0,3.225555,04:16:11,02:29:21,12,20,0.051945000000000005,0.01861166666666667,0.000555,0.0036116666666666667,0.0,0.0,NA,14,1,2,0,0,NA,2023-02-27 00:44:03.349000,NA,2023-02-28 13:03:26.774000,NA,NA,Week 4,0.0,3.2063900000000003,0,6,NA,2023-02-28 12:50:12.883000,0.6597216666666667,NA,3,NA,2023-02-28 12:28:33.913000,0.18055500000000002,5.0,2.0,2023-02-27 00:42:32.535000,2023-02-28 13:03:36.433000,2023-02-28 12:50:56.779000,NA,NA,NA,NA,NA,NA,NA,NA,NA,NA,NA,NA,NA,NA,NA,NA,NA,NA,NA,NA,NA,NA,NA,NA,NA,NA,NA,NA,NA,NA,15371,8961
0.52,0.6,0.52,0.72,0.64,0.68,0.68,0.8,70,1999,47_datatwo,20/02/23 - 26/02/23,0.0025,0.6483333333333333,0.0,0.0,0.064445,0.0,0.45916666666666667,01:10:28,02:29:21,12,22,0.18527833333333332,0.014445000000000001,0.0025,0.0005566666666666667,0.014721666666666666,0.003055,NA,13,2,2,2,1,NA,2023-02-27 17:33:32.848000,NA,2023-02-28 12:50:21.801000,2023-03-03 01:30:47.616000,2023-03-03 01:31:46.278000,Week 4,0.0022216666666666665,0.0025,1,1,2023-03-03 01:32:00.962000,2023-03-03 01:28:57.688000,0.0,NA,2,NA,2023-02-27 17:33:36.185000,0.0,6.0,0.0,2023-02-28 12:18:14.206000,2023-02-28 12:18:03.168000,NA,NA,NA,NA,NA,NA,NA,NA,NA,NA,NA,NA,NA,NA,NA,NA,NA,NA,NA,NA,NA,NA,NA,NA,NA,NA,NA,NA,NA,NA,NA,4228,8961
0.48,0.6,0.48,0.52,0.64,0.64,0.56,0.56,60,1989,48_datatwo,20/02/23 - 26/02/23,0.26111166666666663,1.0466666666666666,0.0,0.0,0.0,0.0,4.0875,05:23:43,02:29:21,12,28,0.975,0.33944499999999994,0.0052766666666666665,0.0052766666666666665,0.003055,0.0,NA,17,5,7,1,0,NA,2023-02-27 12:45:25.796000,NA,2023-02-27 12:45:23.731000,2023-03-05 19:06:17.319000,NA,Week 4,0.0,0.048056666666666664,0,3,NA,2023-02-27 13:00:24.827000,0.5747216666666667,NA,4,NA,2023-02-28 12:41:38.578000,0.0,15.0,0.0,2023-02-27 13:00:37.933000,2023-02-28 12:22:38.517000,NA,NA,NA,NA,NA,NA,NA,NA,NA,NA,NA,NA,NA,NA,NA,NA,NA,NA,NA,NA,NA,NA,NA,NA,NA,NA,NA,NA,NA,NA,NA,19423,8961
NA,NA,NA,NA,0.56,0.64,0.56,0.64,60,1995,49_datatwo,20/02/23 - 26/02/23,0.0,1.4930549999999998,0.0,0.0,0.2225,0.0,0.0,01:42:56,02:29:21,6,10,0.08472166666666665,0.04861166666666667,0.0,0.0033333333333333335,0.0,0.0,NA,8,0,1,0,0,NA,2023-02-28 12:06:58.790000,NA,2023-03-03 13:09:14.485000,NA,NA,Week 4,0.0,0.1275,0,3,NA,2023-03-03 09:16:03.446000,0.7716666666666666,NA,4,NA,2023-02-28 12:07:05.416000,0.0,6.0,0.0,2023-02-28 12:27:24.269000,NA,NA,NA,NA,NA,NA,NA,NA,NA,NA,NA,NA,NA,NA,NA,NA,NA,NA,NA,NA,NA,NA,NA,NA,NA,NA,NA,NA,NA,NA,NA,NA,6176,8961
0.48,0.4,NA,0.4,0.72,0.76,0.68,0.72,72,1988,50_datatwo,20/02/23 - 26/02/23,0.0,1.3427766666666667,0.012776666666666667,0.5947216666666667,0.0,6.201666666666667,0.623055,08:46:29,02:29:21,7,20,0.63889,0.3416666666666667,0.0008333333333333334,0.0,0.0,0.0,NA,23,3,0,0,0,NA,2023-02-28 09:16:48.217000,NA,NA,NA,NA,Week 4,0.0,5.947223333333334,0,16,NA,2023-02-28 12:08:19.861000,0.5508333333333333,NA,4,NA,2023-02-28 09:16:56.102000,0.0,9.0,0.0,2023-02-28 12:37:03.357000,2023-03-01 21:59:51.910000,NA,NA,NA,NA,NA,NA,NA,NA,NA,NA,NA,NA,NA,NA,NA,NA,NA,NA,NA,NA,NA,NA,NA,NA,NA,NA,NA,NA,NA,NA,NA,31589,8961
0.56,0.68,0.72,0.76,0.72,0.76,0.72,0.8,75,1994,51_datatwo,20/02/23 - 26/02/23,0.0,1.5316666666666667,0.5008333333333334,2.3702783333333333,0.0,0.0,4.219721666666667,08:37:21,02:29:21,12,40,1.3913883333333332,0.096665,0.007776666666666666,0.00027833333333333334,0.0,0.0,NA,24,7,1,0,0,NA,2023-02-28 11:26:12.594000,NA,2023-02-28 11:40:34.791000,NA,NA,Week 4,0.0,2.924445,0,13,NA,2023-03-02 14:44:41.474000,0.5358350000000001,NA,5,NA,2023-02-28 11:26:16.177000,0.0,15.0,0.0,2023-02-28 12:07:36.188000,2023-02-28 11:26:04.796000,NA,NA,NA,NA,NA,NA,NA,NA,NA,NA,NA,NA,NA,NA,NA,NA,NA,NA,NA,NA,NA,NA,NA,NA,NA,NA,NA,NA,NA,NA,NA,31041,8961
0.44,0.4,NA,NA,0.64,0.52,0.56,0.64,60,1997,52_datatwo,20/02/23 - 26/02/23,0.0,1.8980549999999998,0.0,0.0,0.0,0.0,0.004166666666666667,01:54:08,02:29:21,7,11,1.248055,0.0036100000000000004,0.0,0.000555,0.0,0.0,NA,5,0,1,0,0,NA,2023-02-28 12:53:46,NA,2023-03-05 23:26:03.052000,NA,NA,Week 4,0.0,0.0008333333333333334,0,2,NA,2023-02-28 14:59:00.880000,0.386945,NA,3,NA,2023-02-28 12:53:48.909000,0.0,5.0,0.0,2023-02-28 12:07:22.378000,NA,NA,NA,NA,NA,NA,NA,NA,NA,NA,NA,NA,NA,NA,NA,NA,NA,NA,NA,NA,NA,NA,NA,NA,NA,NA,NA,NA,NA,NA,NA,NA,6848,8961
0.36,NA,NA,0.76,0.68,0.68,0.68,0.76,70,1991,53_datatwo,20/02/23 - 26/02/23,0.0,0.17139000000000001,0.0,0.0,0.0,0.07138833333333333,1.3422216666666666,01:35:06,02:29:21,12,19,0.26999999999999996,0.009445000000000002,0.0033333333333333335,0.003888333333333333,0.0,0.0,NA,6,1,1,0,0,NA,2023-02-28 12:08:28.689000,NA,2023-03-05 16:47:16.485000,NA,NA,Week 4,0.0,0.004445,0,1,NA,2023-02-28 12:08:33.129000,0.012221666666666665,NA,3,NA,2023-02-28 12:41:31.127000,0.0,13.0,0.0,2023-02-28 12:08:48.908000,2023-03-05 16:46:46.595000,NA,NA,NA,NA,NA,NA,NA,NA,NA,NA,NA,NA,NA,NA,NA,NA,NA,NA,NA,NA,NA,NA,NA,NA,NA,NA,NA,NA,NA,NA,NA,5706,8961
0.52,NA,0.52,0.52,0.6,0.68,0.56,0.56,60,1992,54_datatwo,20/02/23 - 26/02/23,0.0,1.0441666666666667,0.0,0.0,0.0,0.0,2.230555,03:16:29,02:29:21,9,12,2.2916666666666665,0.024166666666666666,0.0,0.0027783333333333336,0.0,0.0,NA,7,0,1,0,0,NA,2023-02-28 12:36:03.407000,NA,2023-03-05 13:51:19.895000,NA,NA,Week 4,0.0,0.09277833333333334,0,2,NA,2023-02-28 12:36:13.898000,0.5875,NA,2,NA,2023-02-28 12:41:51.635000,0.0,5.0,0.0,2023-02-28 12:18:25.788000,NA,NA,NA,NA,NA,NA,NA,NA,NA,NA,NA,NA,NA,NA,NA,NA,NA,NA,NA,NA,NA,NA,NA,NA,NA,NA,NA,NA,NA,NA,NA,NA,11789,8961
NA,NA,NA,NA,0.48,0.56,0.56,0.6,55,1992,55_datatwo,20/02/23 - 26/02/23,0.0,0.0,0.0,0.0,0.0,0.0,0.0,00:00:00,02:29:21,0,0,0.0,0.0,0.0,0.0,0.0,0.0,NA,0,0,0,0,0,NA,NA,NA,NA,NA,NA,Week 4,0.0,0.0,0,0,NA,NA,0.0,NA,0,NA,NA,0.0,0.0,0.0,NA,NA,NA,NA,NA,NA,NA,NA,NA,NA,NA,NA,NA,NA,NA,NA,NA,NA,NA,NA,NA,NA,NA,NA,NA,NA,NA,NA,NA,NA,NA,NA,NA,0,8961
0.56,NA,NA,NA,0.64,0.76,0.76,0.76,73,1985,56_datatwo,20/02/23 - 26/02/23,0.0,0.06777833333333333,0.463055,0.0,0.0,0.0,0.6633333333333333,01:11:39,02:29:21,9,17,0.6497216666666666,0.004166666666666667,0.0,0.017221666666666666,0.0,0.0,NA,5,0,3,0,0,NA,2023-02-28 12:22:38.124000,NA,2023-03-01 11:30:19.839000,NA,NA,Week 4,0.0,0.043611666666666674,0,3,NA,2023-03-01 11:29:05.239000,0.0625,NA,1,NA,2023-02-28 12:22:41.737000,0.0,7.0,0.0,2023-02-28 12:26:26.406000,NA,NA,NA,NA,NA,NA,NA,NA,NA,NA,NA,NA,NA,NA,NA,NA,NA,NA,NA,NA,NA,NA,NA,NA,NA,NA,NA,NA,NA,NA,NA,NA,4299,8961
NA,NA,0.6,NA,0.68,0.68,0.72,0.8,72,1987,57_datatwo,20/02/23 - 26/02/23,0.016944999999999998,0.49916666666666665,0.30694499999999997,0.010555,0.0,2.3925,0.0,03:13:34,02:29:21,8,16,2.7858333333333336,0.005833333333333333,0.0,0.0013883333333333332,0.0,0.0,NA,5,0,1,0,0,NA,2023-02-27 13:32:29.965000,NA,2023-03-02 11:50:20.826000,NA,NA,Week 4,0.0,0.0,0,1,NA,2023-03-02 11:50:33.025000,0.42055666666666663,NA,2,NA,2023-02-27 13:32:33.947000,0.0,5.0,0.0,2023-02-28 13:18:13.156000,NA,NA,NA,NA,NA,NA,NA,NA,NA,NA,NA,NA,NA,NA,NA,NA,NA,NA,NA,NA,NA,NA,NA,NA,NA,NA,NA,NA,NA,NA,NA,NA,11614,8961
NA,NA,NA,NA,0.4,0.48,0.4,0.52,45,1998,58_datatwo,20/02/23 - 26/02/23,0.0,0.0,0.0,0.0,0.0,0.0,0.0,00:00:00,02:29:21,0,0,0.0,0.0,0.0,0.0,0.0,0.0,NA,0,0,0,0,0,NA,NA,NA,NA,NA,NA,Week 4,0.0,0.0,0,0,NA,NA,0.0,NA,0,NA,NA,0.0,0.0,0.0,NA,NA,NA,NA,NA,NA,NA,NA,NA,NA,NA,NA,NA,NA,NA,NA,NA,NA,NA,NA,NA,NA,NA,NA,NA,NA,NA,NA,NA,NA,NA,NA,NA,0,8961
0.68,0.72,0.48,0.72,0.68,0.72,0.76,0.76,73,1994,59_datatwo,20/02/23 - 26/02/23,0.0,0.9844449999999999,0.0,0.916945,0.0,1.9063883333333331,0.594445,04:24:08,02:29:21,14,42,1.8274983333333332,0.5663883333333334,0.018888333333333333,0.06555666666666667,0.0,0.0013883333333333332,NA,16,8,4,0,1,NA,2023-02-28 11:43:16.066000,NA,2023-03-05 09:57:21.442000,NA,2023-03-04 17:10:15.398000,Week 4,0.0,0.0047216666666666665,0,2,NA,2023-03-04 17:10:24.066000,0.24833333333333335,NA,3,NA,2023-02-28 11:43:22.491000,0.010833333333333334,10.0,1.0,2023-02-28 12:22:49.698000,2023-02-28 12:07:30.511000,2023-02-28 15:04:06.462000,NA,NA,NA,NA,NA,NA,NA,NA,NA,NA,NA,NA,NA,NA,NA,NA,NA,NA,NA,NA,NA,NA,NA,NA,NA,NA,NA,NA,NA,NA,15848,8961
0.56,0.7,NA,NA,0.68,0.76,0.8,0.8,76,1998,60_datatwo,20/02/23 - 26/02/23,0.0,1.423055,0.0,0.515555,0.0,0.0,0.0,01:56:19,02:29:21,11,15,0.24638833333333335,0.43333333333333335,0.000555,0.09083333333333334,0.0008333333333333334,0.0,NA,8,2,2,1,0,NA,2023-02-28 11:52:11.938000,NA,2023-02-28 12:17:20.684000,2023-03-02 07:43:27.531000,NA,Week 4,0.0,0.0,0,1,NA,2023-03-02 07:43:32.107000,0.6883333333333332,NA,3,NA,2023-02-28 11:52:15.183000,0.0,6.0,0.0,2023-02-28 12:11:02.609000,2023-02-28 12:22:46.975000,NA,NA,NA,NA,NA,NA,NA,NA,NA,NA,NA,NA,NA,NA,NA,NA,NA,NA,NA,NA,NA,NA,NA,NA,NA,NA,NA,NA,NA,NA,NA,6979,8961
0.6,0.4,NA,0.72,0.8,0.76,0.72,0.8,77,1994,61_datatwo,20/02/23 - 26/02/23,3.9011116666666665,0.9627783333333333,1.875,2.9744450000000002,0.0,0.9052783333333333,2.070555,12:41:21,02:29:21,10,42,3.611111666666667,1.04,0.0,0.000555,0.0,0.0,NA,37,0,1,0,0,NA,2023-02-27 10:36:27.445000,NA,2023-02-28 13:27:32.092000,NA,NA,Week 4,0.0,1.419445,0,11,NA,2023-03-01 19:26:52.375000,3.148056666666667,NA,9,NA,2023-02-27 10:36:33.348000,0.0,37.0,0.0,2023-02-27 13:34:38.469000,NA,NA,NA,NA,NA,NA,NA,NA,NA,NA,NA,NA,NA,NA,NA,NA,NA,NA,NA,NA,NA,NA,NA,NA,NA,NA,NA,NA,NA,NA,NA,NA,45681,8961
NA,NA,NA,NA,0.68,0.64,0.56,0.52,60,2001,62_datatwo,20/02/23 - 26/02/23,0.0,1.1808333333333332,0.23833333333333334,0.28555500000000006,0.0,0.036945000000000006,0.0,01:44:30,02:29:21,9,22,1.1880549999999999,0.026111666666666665,0.00389,0.0025,0.0,0.0,NA,13,6,3,0,0,NA,2023-03-01 13:33:01.867000,NA,2023-03-02 22:07:52.014000,NA,NA,Week 4,0.0,0.410835,0,5,NA,2023-03-01 13:33:06.771000,0.0,NA,0,NA,NA,0.009166666666666667,4.0,2.0,2023-02-28 15:49:26.613000,2023-03-02 22:07:43.506000,2023-03-04 13:59:49.018000,NA,NA,NA,NA,NA,NA,NA,NA,NA,NA,NA,NA,NA,NA,NA,NA,NA,NA,NA,NA,NA,NA,NA,NA,NA,NA,NA,NA,NA,NA,6270,8961
0.56,0.6,0.6,0.64,0.64,0.68,0.68,0.68,67,1993,63_datatwo,20/02/23 - 26/02/23,0.0,1.0711116666666667,0.0,0.0,1.5894450000000002,0.04,0.24777833333333332,02:56:54,02:29:21,12,20,0.354445,0.085555,0.0,0.003888333333333333,0.005278333333333333,0.0325,NA,16,0,2,1,1,NA,2023-02-28 12:20:44.913000,NA,2023-02-28 12:20:32.251000,2023-03-03 22:48:52.215000,2023-03-03 22:50:25.631000,Week 4,0.028611666666666664,0.028055,2,3,2023-03-03 22:52:24.901000,2023-02-28 12:20:50.293000,0.619445,NA,5,NA,2023-02-28 12:20:55.836000,0.9372233333333333,9.0,3.0,2023-02-28 12:20:23.989000,NA,2023-03-03 22:58:46.361000,NA,NA,NA,NA,NA,NA,NA,NA,NA,NA,NA,NA,NA,NA,NA,NA,NA,NA,NA,NA,NA,NA,NA,NA,NA,NA,NA,NA,NA,NA,10614,8961
0.52,NA,NA,NA,0.52,0.52,0.56,0.72,58,1998,64_datatwo,20/02/23 - 26/02/23,0.0,2.3347216666666664,0.0,0.0,0.0,0.0,0.0,02:20:05,02:29:21,9,13,0.7647233333333333,0.210555,0.0022216666666666665,0.0,0.079445,0.0,NA,5,1,0,1,0,NA,2023-02-28 12:09:19.093000,NA,NA,2023-02-28 12:21:36.858000,NA,Week 4,0.0,0.42638833333333337,0,1,NA,2023-02-28 14:52:37.676000,0.6641666666666667,NA,3,NA,2023-02-28 12:41:41.342000,0.0,9.0,0.0,2023-02-28 12:26:30.896000,2023-02-28 12:26:22.841000,NA,NA,NA,NA,NA,NA,NA,NA,NA,NA,NA,NA,NA,NA,NA,NA,NA,NA,NA,NA,NA,NA,NA,NA,NA,NA,NA,NA,NA,NA,NA,8405,8961
0.44,NA,NA,0.24,0.72,0.68,0.58,0.54,63,1982,65_datatwo,20/02/23 - 26/02/23,0.0,0.568055,0.0,0.0,0.0,0.0925,0.0,00:39:38,02:29:21,5,6,0.5627783333333334,0.04944333333333333,0.033611666666666665,0.0,0.0,0.0,NA,2,1,0,0,0,NA,2023-02-28 12:49:16.254000,NA,NA,NA,NA,Week 4,0.0,0.0,0,1,NA,2023-03-04 05:48:11.717000,0.0,NA,1,NA,2023-02-28 12:49:33.181000,0.0,1.0,0.0,2023-02-28 12:15:30.651000,2023-03-04 05:43:18.872000,NA,NA,NA,NA,NA,NA,NA,NA,NA,NA,NA,NA,NA,NA,NA,NA,NA,NA,NA,NA,NA,NA,NA,NA,NA,NA,NA,NA,NA,NA,NA,2378,8961
NA,NA,NA,NA,0.58,0.58,0.58,0.58,58,1980,66_datatwo,20/02/23 - 26/02/23,0.0,1.9011116666666668,0.0,0.0,0.0,0.0,0.0,01:54:04,02:29:21,6,6,0.32638833333333334,0.28583333333333333,0.0,0.0,0.0,0.0,NA,5,0,0,0,0,NA,2023-02-28 12:02:07.660000,NA,NA,NA,NA,Week 4,0.0,0.0,0,0,NA,NA,1.1458333333333333,NA,4,NA,2023-02-28 12:02:18.343000,0.0,5.0,0.0,2023-02-28 12:04:05.774000,NA,NA,NA,NA,NA,NA,NA,NA,NA,NA,NA,NA,NA,NA,NA,NA,NA,NA,NA,NA,NA,NA,NA,NA,NA,NA,NA,NA,NA,NA,NA,NA,6844,8961
NA,NA,NA,NA,0.58,0.66,0.58,0.58,60,1986,67_datatwo,20/02/23 - 26/02/23,0.0,2.9827783333333335,0.81,0.0,0.0,0.3836116666666667,0.0,04:10:35,02:29:21,11,17,2.2555566666666667,0.8119449999999999,0.014166666666666666,0.005555000000000001,0.0,0.0,NA,6,1,5,0,0,NA,2023-02-28 12:23:26.816000,NA,2023-02-28 13:24:51.047000,NA,NA,Week 4,0.0,0.3,0,2,NA,2023-03-04 13:31:09.416000,0.606945,NA,3,NA,2023-02-28 12:23:33.246000,0.0,5.0,0.0,2023-02-28 12:24:42.748000,2023-03-04 13:30:09.777000,NA,NA,NA,NA,NA,NA,NA,NA,NA,NA,NA,NA,NA,NA,NA,NA,NA,NA,NA,NA,NA,NA,NA,NA,NA,NA,NA,NA,NA,NA,NA,15035,8961
0.6,NA,NA,NA,0.6,0.64,0.56,0.64,61,1989,68_datatwo,20/02/23 - 26/02/23,0.0027783333333333336,0.0,0.0,0.0,0.0,0.0,1.0933333333333333,01:05:46,02:29:21,8,10,0.057221666666666664,0.8572233333333333,0.006666666666666667,0.00027833333333333334,0.0,0.0,NA,5,3,1,0,0,NA,2023-02-27 22:13:31.576000,NA,2023-03-05 09:10:21.523000,NA,NA,Week 4,0.0,0.008055,0,1,NA,2023-03-05 08:05:40.600000,0.0,NA,1,NA,2023-02-27 22:13:35.342000,0.0,6.0,0.0,2023-02-27 22:13:28.801000,2023-03-05 08:06:09.929000,NA,NA,NA,NA,NA,NA,NA,NA,NA,NA,NA,NA,NA,NA,NA,NA,NA,NA,NA,NA,NA,NA,NA,NA,NA,NA,NA,NA,NA,NA,NA,3946,8961
0.68,0.6,0.6,0.48,0.68,0.6,0.64,0.72,66,1989,69_datatwo,20/02/23 - 26/02/23,0.0,1.3041666666666667,0.0,0.0,0.0575,2.985276666666666,5.350278333333334,09:41:50,02:29:21,13,33,1.2022216666666665,2.431388333333333,0.07472333333333334,0.0027783333333333336,0.9591666666666666,0.0,NA,14,5,4,1,0,NA,2023-02-28 10:28:20.240000,NA,2023-02-28 10:28:16.302000,2023-03-04 09:17:28.148000,NA,Week 4,0.0,0.13666666666666666,0,7,NA,2023-02-28 10:28:25.448000,0.4477783333333333,NA,1,NA,2023-02-28 12:50:06.193000,0.0,26.0,0.0,2023-02-28 12:06:43.493000,2023-03-03 06:22:42.584000,NA,NA,NA,NA,NA,NA,NA,NA,NA,NA,NA,NA,NA,NA,NA,NA,NA,NA,NA,NA,NA,NA,NA,NA,NA,NA,NA,NA,NA,NA,NA,34910,8961
0.56,0.52,NA,0.52,0.68,0.76,0.72,0.72,72,1995,70_datatwo,20/02/23 - 26/02/23,0.25888833333333333,1.1458333333333333,0.0,0.03222166666666667,0.0,0.0,0.0,01:26:13,02:29:21,10,24,0.030553333333333335,0.018055,0.0036116666666666667,0.001945,0.0,0.0,NA,9,2,3,0,0,NA,2023-02-27 18:46:19.902000,NA,2023-02-27 18:46:52.421000,NA,NA,Week 4,0.0,0.0,0,4,NA,2023-02-27 20:49:05.464000,1.3094433333333335,NA,4,NA,2023-02-27 18:46:23.609000,0.0,13.0,0.0,2023-02-27 18:46:55.930000,2023-02-27 18:46:07.957000,NA,NA,NA,NA,NA,NA,NA,NA,NA,NA,NA,NA,NA,NA,NA,NA,NA,NA,NA,NA,NA,NA,NA,NA,NA,NA,NA,NA,NA,NA,NA,5173,8961
0.64,NA,NA,NA,0.64,0.76,0.6,0.56,64,1990,71_datatwo,20/02/23 - 26/02/23,0.0,0.0,0.0,0.0,0.100835,0.29416666666666663,0.0,00:23:42,02:29:21,7,15,0.01972166666666667,0.006665,0.011388333333333332,0.0,0.0,0.0,NA,7,1,0,0,0,NA,2023-03-03 13:15:33.421000,NA,NA,NA,NA,Week 4,0.0,0.11333333333333333,0,5,NA,2023-03-03 13:15:36.557000,0.10527833333333333,NA,1,NA,2023-03-04 20:45:57.251000,0.11583333333333333,4.0,1.0,2023-03-03 13:14:48.282000,2023-03-04 20:45:08.099000,2023-03-04 20:52:18.709000,NA,NA,NA,NA,NA,NA,NA,NA,NA,NA,NA,NA,NA,NA,NA,NA,NA,NA,NA,NA,NA,NA,NA,NA,NA,NA,NA,NA,NA,NA,1422,8961
NA,NA,NA,NA,0.68,0.68,0.48,0.64,62,1998,72_datatwo,20/02/23 - 26/02/23,0.0,1.4966666666666666,0.0,0.0,0.0,0.0,0.508055,02:00:17,02:29:21,16,25,0.5691666666666666,0.031944999999999994,0.0022216666666666665,0.0027783333333333336,0.006111666666666666,0.013611666666666668,NA,17,5,7,4,3,NA,2023-02-28 12:22:38.718000,NA,2023-02-28 12:28:17.562000,2023-03-05 11:04:00.617000,2023-03-05 11:03:03.701000,Week 4,0.0175,0.4388883333333334,1,2,2023-03-05 11:04:23.069000,2023-03-05 10:36:30.129000,0.783055,NA,5,NA,2023-02-28 12:22:43.028000,0.0,18.0,0.0,2023-02-28 12:28:19.083000,2023-02-28 12:22:39.484000,NA,NA,NA,NA,NA,NA,NA,NA,NA,NA,NA,NA,NA,NA,NA,NA,NA,NA,NA,NA,NA,NA,NA,NA,NA,NA,NA,NA,NA,NA,NA,7217,8961
NA,NA,NA,NA,0.56,0.6,0.56,0.48,55,1996,73_datatwo,20/02/23 - 26/02/23,0.0,0.042221666666666664,0.0,0.0,0.0,0.0,0.0,00:02:32,02:29:21,1,2,0.028333333333333332,0.0,0.0,0.0,0.0,0.0,NA,0,0,0,0,0,NA,NA,NA,NA,NA,NA,Week 4,0.0,0.0,0,0,NA,NA,0.0,NA,0,NA,NA,0.0,4.0,0.0,2023-02-28 13:50:57.366000,NA,NA,NA,NA,NA,NA,NA,NA,NA,NA,NA,NA,NA,NA,NA,NA,NA,NA,NA,NA,NA,NA,NA,NA,NA,NA,NA,NA,NA,NA,NA,NA,152,8961
0.52,0.72,0.48,0.52,0.6,0.72,0.48,0.72,63,1998,74_datatwo,20/02/23 - 26/02/23,0.0,0.9852783333333334,0.0063883333333333335,0.0,0.0,0.0047216666666666665,0.0,00:59:47,02:29:21,8,11,0.275,0.6577766666666667,0.017778333333333333,0.0,0.0,0.0,NA,5,2,0,0,0,NA,2023-02-28 12:03:38.095000,NA,NA,NA,NA,Week 4,0.0,0.001945,0,2,NA,2023-02-28 12:03:42.692000,0.0,NA,1,NA,2023-02-28 13:02:05.280000,0.0,2.0,0.0,2023-02-28 12:06:19.774000,2023-02-28 12:03:51.333000,NA,NA,NA,NA,NA,NA,NA,NA,NA,NA,NA,NA,NA,NA,NA,NA,NA,NA,NA,NA,NA,NA,NA,NA,NA,NA,NA,NA,NA,NA,NA,3587,8961
0.52,0.68,0.52,0.68,0.52,0.68,0.52,0.72,61,1992,75_datatwo,20/02/23 - 26/02/23,0.0,0.8316666666666667,0.0,0.08722166666666667,0.24222166666666667,3.2391666666666667,0.016944999999999998,04:25:02,02:29:21,11,27,0.03555666666666667,0.012221666666666665,0.006944999999999999,0.007221666666666667,0.0,0.0,NA,17,3,8,0,0,NA,2023-02-28 13:02:16.879000,NA,2023-02-28 13:02:14.639000,NA,NA,Week 4,0.0,2.1666666666666665,0,11,NA,2023-03-02 15:56:44.693000,0.0,NA,1,NA,2023-02-28 13:02:19.346000,0.0,5.0,0.0,2023-03-02 15:55:28.759000,2023-03-02 15:56:26.549000,NA,NA,NA,NA,NA,NA,NA,NA,NA,NA,NA,NA,NA,NA,NA,NA,NA,NA,NA,NA,NA,NA,NA,NA,NA,NA,NA,NA,NA,NA,NA,15902,8961
0.56,NA,NA,NA,0.6,0.52,0.56,0.64,58,1993,76_datatwo,20/02/23 - 26/02/23,0.0,0.0,0.0,0.0,0.0,1.2961116666666668,0.0,01:17:46,02:29:21,3,3,1.2863883333333332,0.0011116666666666666,0.0,0.0,0.0,0.0,NA,1,0,0,0,0,NA,2023-03-04 22:37:44.977000,NA,NA,NA,NA,Week 4,0.0,0.0,0,1,NA,2023-03-04 22:37:48.787000,0.0,NA,0,NA,NA,0.0,1.0,0.0,2023-03-04 21:20:33.688000,NA,NA,NA,NA,NA,NA,NA,NA,NA,NA,NA,NA,NA,NA,NA,NA,NA,NA,NA,NA,NA,NA,NA,NA,NA,NA,NA,NA,NA,NA,NA,NA,4666,8961
NA,0.48,0.64,NA,0.68,0.56,0.68,0.68,65,2002,77_datatwo,20/02/23 - 26/02/23,0.0,1.033055,0.011111666666666667,0.14388833333333334,0.008611666666666665,0.017221666666666666,0.10027833333333333,01:18:51,02:29:21,13,25,0.3786116666666667,0.064445,0.00027833333333333334,0.003888333333333333,0.0,0.0,NA,13,1,1,0,0,NA,2023-02-28 12:23:38.322000,NA,2023-03-03 19:09:52.355000,NA,NA,Week 4,0.008333333333333333,0.08277833333333334,1,7,2023-03-02 22:29:04.524000,2023-02-28 12:42:22.986000,0.596945,NA,5,NA,2023-02-28 12:24:18.990000,0.0,9.0,0.0,2023-02-28 12:24:39.373000,2023-02-28 13:24:55.246000,NA,NA,NA,NA,NA,NA,NA,NA,NA,NA,NA,NA,NA,NA,NA,NA,NA,NA,NA,NA,NA,NA,NA,NA,NA,NA,NA,NA,NA,NA,NA,4731,8961
NA,NA,NA,NA,0.32,0.32,0.2,0.56,35,1989,78_datatwo,20/02/23 - 26/02/23,0.0,0.0,0.0,0.0,0.0,0.0,0.0,00:00:00,02:29:21,0,0,0.0,0.0,0.0,0.0,0.0,0.0,NA,0,0,0,0,0,NA,NA,NA,NA,NA,NA,Week 4,0.0,0.0,0,0,NA,NA,0.0,NA,0,NA,NA,0.0,0.0,0.0,NA,NA,NA,NA,NA,NA,NA,NA,NA,NA,NA,NA,NA,NA,NA,NA,NA,NA,NA,NA,NA,NA,NA,NA,NA,NA,NA,NA,NA,NA,NA,NA,NA,0,8961
0.4,NA,NA,0.48,0.58,0.66,0.58,0.58,60,1997,79_datatwo,20/02/23 - 26/02/23,0.0,0.9952783333333333,0.0,0.0,0.0,0.0,0.0,00:59:43,02:29:21,7,7,0.7225,0.025555,0.0,0.0,0.0,0.0,NA,2,0,0,0,0,NA,2023-02-28 12:22:56.602000,NA,NA,NA,NA,Week 4,0.0,0.0,0,0,NA,NA,0.13222166666666665,NA,2,NA,2023-02-28 12:58:41.074000,0.0,6.0,0.0,2023-02-28 12:08:49.853000,NA,NA,NA,NA,NA,NA,NA,NA,NA,NA,NA,NA,NA,NA,NA,NA,NA,NA,NA,NA,NA,NA,NA,NA,NA,NA,NA,NA,NA,NA,NA,NA,3583,8961
NA,NA,NA,NA,55.0,66.0,50.0,49.0,55,1998,80_datatwo,23/10/23 - 29/10/23,0.03611166666666667,0.0,0.0,0.0,0.0,0.0,0.0,00:02:10,02:17:53,1,1,0.006111666666666666,0.0,0.0,0.0,0.0,0.0,NA,0,0,0,0,0,NA,NA,NA,NA,NA,NA,Week 4,0.0,0.0,0,0,NA,NA,0.0,NA,0,NA,NA,0.0,1.0,0.0,2023-10-23 18:26:43.638000,NA,NA,NA,NA,NA,NA,NA,NA,NA,NA,NA,NA,NA,NA,NA,NA,NA,NA,NA,NA,NA,NA,NA,NA,NA,NA,NA,NA,NA,NA,NA,NA,130,8273
NA,NA,NA,NA,52.0,68.0,52.0,40.0,53,1989,81_datatwo,23/10/23 - 29/10/23,0.0,0.0,0.0,0.0,0.0,0.0,0.0,00:00:00,02:17:53,0,0,0.0,0.0,0.0,0.0,0.0,0.0,NA,0,0,0,0,0,NA,NA,NA,NA,NA,NA,Week 4,0.0,0.0,0,0,NA,NA,0.0,NA,0,NA,NA,0.0,0.0,0.0,NA,NA,NA,NA,NA,NA,NA,NA,NA,NA,NA,NA,NA,NA,NA,NA,NA,NA,NA,NA,NA,NA,NA,NA,NA,NA,NA,NA,NA,NA,NA,NA,NA,0,8273
0.48,0.36,NA,NA,56.0,56.0,56.0,64.0,58,1998,82_datatwo,23/10/23 - 29/10/23,1.3066666666666669,0.9502783333333333,0.0,0.025278333333333333,0.0,0.0,0.0,02:16:56,02:17:53,8,17,0.42472333333333334,0.009443333333333333,0.008888333333333333,0.0,0.011388333333333332,0.0,NA,7,2,0,1,0,NA,2023-10-24 00:17:40.892000,NA,NA,2023-10-24 12:00:04.563000,NA,Week 4,0.0,0.0,0,1,NA,2023-10-24 00:17:54.836000,0.35083333333333333,NA,2,NA,2023-10-24 11:38:59.574000,0.0,16.0,0.0,2023-10-23 11:15:03.531000,2023-10-24 11:38:21.057000,NA,NA,NA,NA,NA,NA,NA,NA,NA,NA,NA,NA,NA,NA,NA,NA,NA,NA,NA,NA,NA,NA,NA,NA,NA,NA,NA,NA,NA,NA,NA,8216,8273
0.48,0.32,NA,NA,66.0,53.0,60.0,65.0,61,1997,83_datatwo,23/10/23 - 29/10/23,2.015555,0.6311116666666667,0.0,0.0,0.06222166666666666,0.17611166666666664,0.16222333333333333,03:02:50,02:17:53,5,27,1.9958333333333333,0.0008333333333333334,0.0,0.0,0.0,0.0,NA,1,0,0,0,0,NA,2023-10-24 11:38:56.135000,NA,NA,NA,NA,Week 4,0.0,0.0,0,0,NA,NA,0.0,NA,1,NA,2023-10-24 11:38:58.668000,0.0,31.0,0.0,2023-10-23 18:19:48.535000,NA,NA,NA,NA,NA,NA,NA,NA,NA,NA,NA,NA,NA,NA,NA,NA,NA,NA,NA,NA,NA,NA,NA,NA,NA,NA,NA,NA,NA,NA,NA,NA,10970,8273
NA,0.2,NA,NA,57.0,57.0,56.0,58.0,57,1991,84_datatwo,23/10/23 - 29/10/23,0.016944999999999998,0.15555500000000003,0.0,0.0,0.0,0.0,0.0,00:10:21,02:17:53,6,7,0.04611166666666667,0.006666666666666667,0.0,0.0,0.0,0.011945,NA,2,0,0,0,2,NA,2023-10-24 19:49:46.974000,NA,NA,NA,2023-10-24 11:52:51.229000,Week 4,0.0,0.05611166666666667,0,1,NA,2023-10-24 19:50:07.497000,0.0,NA,0,NA,NA,0.0,2.0,0.0,2023-10-24 19:48:44.870000,NA,NA,NA,NA,NA,NA,NA,NA,NA,NA,NA,NA,NA,NA,NA,NA,NA,NA,NA,NA,NA,NA,NA,NA,NA,NA,NA,NA,NA,NA,NA,NA,621,8273
0.4,0.52,0.72,0.74,60.0,65.0,72.0,75.0,68,1984,85_datatwo,23/10/23 - 29/10/23,0.0,0.8691666666666666,0.0,0.9380550000000001,2.595833333333333,2.0327783333333334,0.0,06:26:09,02:17:53,8,16,0.010833333333333334,0.030000000000000002,0.0016666666666666668,0.0027783333333333336,0.0,0.0,NA,4,2,1,0,0,NA,2023-10-24 05:28:07.209000,NA,2023-10-26 16:42:41.065000,NA,NA,Week 4,0.0,0.0,0,0,NA,NA,0.7886116666666666,NA,2,NA,2023-10-24 05:28:16.600000,0.0,6.0,0.0,2023-10-26 16:38:58.404000,2023-10-24 12:01:28.184000,NA,NA,NA,NA,NA,NA,NA,NA,NA,NA,NA,NA,NA,NA,NA,NA,NA,NA,NA,NA,NA,NA,NA,NA,NA,NA,NA,NA,NA,NA,NA,23169,8273
0.52,0.68,0.64,NA,60.0,68.0,72.0,72.0,68,1995,86_datatwo,23/10/23 - 29/10/23,1.8755549999999999,1.5925,0.0,0.0,0.0,0.0,0.0,03:28:05,02:17:53,11,14,0.17611166666666664,0.88,0.07666666666666666,0.0033333333333333335,0.0025,0.019166666666666665,NA,9,1,1,1,2,NA,2023-10-23 13:26:31.492000,NA,2023-10-23 22:39:28.511000,2023-10-24 11:59:55.867000,2023-10-24 12:00:08.513000,Week 4,0.0,0.6616666666666667,0,2,NA,2023-10-23 14:16:57.184000,1.1952783333333334,NA,2,NA,2023-10-24 11:18:14.143000,0.0,9.0,0.0,2023-10-23 23:23:26.683000,2023-10-23 23:28:34.288000,NA,NA,NA,NA,NA,NA,NA,NA,NA,NA,NA,NA,NA,NA,NA,NA,NA,NA,NA,NA,NA,NA,NA,NA,NA,NA,NA,NA,NA,NA,NA,12485,8273
NA,NA,NA,NA,70.0,62.0,72.0,76.0,70,1996,87_datatwo,23/10/23 - 29/10/23,0.23888833333333334,1.0844449999999999,0.0,0.0,0.0,0.0,0.0,01:19:24,02:17:53,8,12,0.17361166666666664,0.0030566666666666663,0.0063883333333333335,0.010833333333333334,0.0,0.0,NA,4,2,3,0,0,NA,2023-10-23 09:58:56.076000,NA,2023-10-23 09:58:25.022000,NA,NA,Week 4,0.0,0.0175,0,3,NA,2023-10-23 09:58:59.817000,0.8611116666666666,NA,2,NA,2023-10-24 11:39:05.796000,0.0,5.0,0.0,2023-10-23 09:46:48.973000,2023-10-23 10:00:19.379000,NA,NA,NA,NA,NA,NA,NA,NA,NA,NA,NA,NA,NA,NA,NA,NA,NA,NA,NA,NA,NA,NA,NA,NA,NA,NA,NA,NA,NA,NA,NA,4764,8273
0.56,0.68,0.6,0.64,64.0,68.0,64.0,76.0,68,1986,88_datatwo,23/10/23 - 29/10/23,0.01638833333333333,1.8138883333333333,0.088055,0.0,0.0,5.021388333333333,0.0,06:56:22,02:17:53,10,17,0.3127783333333333,0.043333333333333335,0.006944999999999999,0.0011116666666666666,0.06361166666666666,0.0,NA,9,1,2,1,0,NA,2023-10-24 10:58:08.862000,NA,2023-10-24 11:18:03.085000,2023-10-24 11:59:55.681000,NA,Week 4,0.0011116666666666666,0.006666666666666667,1,2,2023-10-24 12:46:39.172000,2023-10-24 12:04:08.073000,6.10111,NA,6,NA,2023-10-24 10:58:11.720000,0.0,12.0,0.0,2023-10-24 11:01:14.474000,2023-10-23 23:40:27.622000,NA,NA,NA,NA,NA,NA,NA,NA,NA,NA,NA,NA,NA,NA,NA,NA,NA,NA,NA,NA,NA,NA,NA,NA,NA,NA,NA,NA,NA,NA,NA,24982,8273
NA,NA,NA,NA,52.0,56.0,52.0,72.0,58,1996,89_datatwo,23/10/23 - 29/10/23,0.0,0.0,0.0,0.0,0.0,0.0,0.0,00:00:00,02:17:53,0,0,0.0,0.0,0.0,0.0,0.0,0.0,NA,0,0,0,0,0,NA,NA,NA,NA,NA,NA,Week 4,0.0,0.0,0,0,NA,NA,0.0,NA,0,NA,NA,0.0,0.0,0.0,NA,NA,NA,NA,NA,NA,NA,NA,NA,NA,NA,NA,NA,NA,NA,NA,NA,NA,NA,NA,NA,NA,NA,NA,NA,NA,NA,NA,NA,NA,NA,NA,NA,0,8273
NA,NA,NA,NA,52.0,52.0,52.0,56.0,53,1998,90_datatwo,23/10/23 - 29/10/23,0.0,0.0,0.0,0.0,0.0,0.0,0.0,00:00:00,02:17:53,0,0,0.0,0.0,0.0,0.0,0.0,0.0,NA,0,0,0,0,0,NA,NA,NA,NA,NA,NA,Week 4,0.0,0.0,0,0,NA,NA,0.0,NA,0,NA,NA,0.0,0.0,0.0,NA,NA,NA,NA,NA,NA,NA,NA,NA,NA,NA,NA,NA,NA,NA,NA,NA,NA,NA,NA,NA,NA,NA,NA,NA,NA,NA,NA,NA,NA,NA,NA,NA,0,8273
0.36,0.28,NA,NA,32.0,52.0,56.0,64.0,51,1992,91_datatwo,23/10/23 - 29/10/23,0.013611666666666668,1.5666666666666667,0.0,0.0,0.0,0.0,0.0,01:34:49,02:17:53,9,18,0.210555,0.01694333333333333,0.014166666666666666,0.0008333333333333334,0.0,0.0,NA,8,5,1,0,0,NA,2023-10-24 11:32:57.012000,NA,2023-10-24 11:38:49.626000,NA,NA,Week 4,0.0,0.005,0,2,NA,2023-10-24 11:46:06.819000,0.12138833333333333,NA,3,NA,2023-10-24 11:33:31.002000,0.0,11.0,0.0,2023-10-23 23:24:40.455000,2023-10-23 15:27:02.380000,NA,NA,NA,NA,NA,NA,NA,NA,NA,NA,NA,NA,NA,NA,NA,NA,NA,NA,NA,NA,NA,NA,NA,NA,NA,NA,NA,NA,NA,NA,NA,5689,8273
0.6,0.68,0.72,0.68,70.0,77.0,81.0,80.0,77,1996,92_datatwo,23/10/23 - 29/10/23,0.9358333333333333,0.7424999999999999,0.0,0.0,0.0,0.21138833333333334,0.0,01:53:23,02:17:53,6,14,0.14638833333333334,0.005833333333333333,0.0,0.0,0.0,0.0,NA,5,0,0,0,0,NA,2023-10-23 00:22:31.487000,NA,NA,NA,NA,Week 4,0.0,0.0,0,1,NA,2023-10-23 00:22:35.110000,0.7338883333333334,NA,2,NA,2023-10-24 10:51:06.055000,0.0,7.0,0.0,2023-10-23 12:53:58.120000,NA,NA,NA,NA,NA,NA,NA,NA,NA,NA,NA,NA,NA,NA,NA,NA,NA,NA,NA,NA,NA,NA,NA,NA,NA,NA,NA,NA,NA,NA,NA,NA,6803,8273
NA,NA,NA,NA,56.0,60.0,68.0,48.0,58,1989,92_datatwo,23/10/23 - 29/10/23,0.0,3.26611,0.0013883333333333332,0.0,0.0,0.0,0.0,03:16:02,02:17:53,10,16,0.3119433333333334,0.26166666666666666,0.021943333333333332,0.001945,0.0011116666666666666,0.01,NA,9,2,2,1,1,NA,2023-10-24 11:32:56.774000,NA,2023-10-24 13:47:19.386000,2023-10-24 11:33:03.550000,2023-10-24 11:33:09.391000,Week 4,0.0047216666666666665,0.548055,1,1,2023-10-24 11:33:47.478000,2023-10-24 13:47:32.243000,0.9233333333333333,NA,1,NA,2023-10-24 11:35:07.277000,0.0,2.0,0.0,2023-10-24 11:03:18.061000,2023-10-24 10:38:24.530000,NA,NA,NA,NA,NA,NA,NA,NA,NA,NA,NA,NA,NA,NA,NA,NA,NA,NA,NA,NA,NA,NA,NA,NA,NA,NA,NA,NA,NA,NA,NA,11762,8273
NA,NA,NA,NA,68.0,60.0,52.0,52.0,58,1994,94_datatwo,23/10/23 - 29/10/23,0.0,0.5308333333333334,0.0,0.0,0.0,0.0,0.0,00:31:51,02:17:53,3,4,0.0,0.005278333333333333,0.0,0.0,0.0,0.0,NA,3,0,0,0,0,NA,2023-10-24 13:22:28.350000,NA,NA,NA,NA,Week 4,0.0,0.0,0,1,NA,2023-10-24 13:39:17.228000,0.0,NA,0,NA,NA,0.0,0.0,0.0,NA,NA,NA,NA,NA,NA,NA,NA,NA,NA,NA,NA,NA,NA,NA,NA,NA,NA,NA,NA,NA,NA,NA,NA,NA,NA,NA,NA,NA,NA,NA,NA,NA,1911,8273
0.56,0.6,0.36,NA,80.0,76.0,68.0,80.0,76,2000,95_datatwo,23/10/23 - 29/10/23,1.3683333333333332,1.8497216666666667,0.0,0.0,0.0,0.0,0.0,03:13:05,02:17:53,7,15,0.377778333333333,1.2511116666666668,0.0027783333333333336,0.00111,0.0,0.0,NA,3,1,3,0,0,NA,2023-10-23 15:41:43.339000,NA,2023-10-23 15:55:53.186000,NA,NA,Week 4,0.0,0.0,0,0,NA,NA,0.10416666666666667,NA,1,NA,2023-10-23 16:56:56.414000,0.0,20.0,0.0,2023-10-23 17:03:15.287000,2023-10-24 22:06:01.603000,NA,NA,NA,NA,NA,NA,NA,NA,NA,NA,NA,NA,NA,NA,NA,NA,NA,NA,NA,NA,NA,NA,NA,NA,NA,NA,NA,NA,NA,NA,NA,11585,8273
0.52,0.56,0.68,0.52,64.0,68.0,72.0,76.0,70,1987,96_datatwo,23/10/23 - 29/10/23,0.3,2.9677766666666665,0.0,0.075,1.87,0.0,0.014445000000000001,05:13:38,02:17:53,14,27,0.305,0.01528,0.0016666666666666668,0.0,0.00027833333333333334,0.0,NA,10,1,1,1,1,NA,2023-10-23 20:16:47.361000,NA,2023-10-23 20:51:21.155000,2023-10-24 18:01:54.697000,2023-10-26 14:41:03.541000,Week 4,0.07083333333333333,0.49055499999999996,1,1,2023-10-26 14:36:48.616000,2023-10-24 17:26:04.991000,1.8586116666666668,NA,5,NA,2023-10-24 11:38:52.159000,0.0,11.0,0.0,2023-10-23 20:48:58.976000,2023-10-24 18:01:48.993000,NA,NA,NA,NA,NA,NA,NA,NA,NA,NA,NA,NA,NA,NA,NA,NA,NA,NA,NA,NA,NA,NA,NA,NA,NA,NA,NA,NA,NA,NA,NA,18818,8273
NA,NA,NA,NA,64.0,58.0,55.0,71.0,62,1992,97_datatwo,23/10/23 - 29/10/23,0.008333333333333333,0.0,0.0,0.0,0.0,0.0,0.0,00:00:30,02:17:53,0,0,0.0,0.0,0.0,0.0,0.0,0.0,NA,0,0,0,0,0,NA,NA,NA,NA,NA,NA,Week 4,0.0,0.0,0,0,NA,NA,0.0,NA,0,NA,NA,0.0,0.0,0.0,NA,NA,NA,NA,NA,NA,NA,NA,NA,NA,NA,NA,NA,NA,NA,NA,NA,NA,NA,NA,NA,NA,NA,NA,NA,NA,NA,NA,NA,NA,NA,NA,NA,30,8273
NA,NA,NA,NA,76.0,60.0,76.0,76.0,72,1984,98_datatwo,23/10/23 - 29/10/23,0.0,1.5572216666666665,2.426388333333333,0.0,0.0,0.0,0.0,03:59:01,02:17:53,6,6,0.9658333333333334,0.016111666666666666,0.03972166666666666,0.036945000000000006,0.0,0.0,NA,1,1,1,0,0,NA,2023-10-25 09:03:04.343000,NA,2023-10-25 09:04:02.270000,NA,NA,Week 4,0.0,0.0,0,0,NA,NA,1.2977783333333335,NA,2,NA,2023-10-25 06:34:08.926000,0.0,1.0,0.0,2023-10-25 09:06:14.831000,2023-10-25 09:00:41.277000,NA,NA,NA,NA,NA,NA,NA,NA,NA,NA,NA,NA,NA,NA,NA,NA,NA,NA,NA,NA,NA,NA,NA,NA,NA,NA,NA,NA,NA,NA,NA,14341,8273
NA,0.4,0.48,0.4,64.0,64.0,60.0,52.0,60,1979,99_datatwo,23/10/23 - 29/10/23,0.47,0.9958333333333333,0.0,0.0,5.346111666666667,2.99,0.0,09:48:07,02:17:53,9,32,0.036945000000000006,0.04194333333333333,0.008333333333333333,0.005833333333333333,0.0,0.0013883333333333332,NA,31,2,5,0,1,NA,2023-10-23 05:19:12.601000,NA,2023-10-24 11:42:28.057000,NA,2023-10-28 15:11:56.419000,Week 4,0.0,5.525555,0,14,NA,2023-10-23 05:19:15.906000,1.538611666666667,NA,5,NA,2023-10-24 11:42:32.247000,0.0,1.0,0.0,2023-10-24 11:33:34.979000,2023-10-24 11:35:47.913000,NA,NA,NA,NA,NA,NA,NA,NA,NA,NA,NA,NA,NA,NA,NA,NA,NA,NA,NA,NA,NA,NA,NA,NA,NA,NA,NA,NA,NA,NA,NA,35287,8273
0.64,0.68,0.64,0.8,68.0,68.0,68.0,80.0,71,1991,100_datatwo,23/10/23 - 29/10/23,0.0,1.6950016666666667,2.6472216666666664,0.0,0.0,0.02333333333333333,0.04527833333333334,04:24:39,02:17:53,10,15,0.051666666666666666,0.075,0.0063883333333333335,0.0,0.007221666666666667,0.0,NA,7,1,0,1,0,NA,2023-10-24 11:39:08.048000,NA,NA,2023-10-24 11:59:49.999000,NA,Week 4,0.0,0.235,0,2,NA,2023-10-24 18:14:26.379000,0.36000000000000004,NA,3,NA,2023-10-24 11:39:10.340000,0.0,11.0,0.0,2023-10-24 22:31:03.939000,2023-10-29 08:39:27.961000,NA,NA,NA,NA,NA,NA,NA,NA,NA,NA,NA,NA,NA,NA,NA,NA,NA,NA,NA,NA,NA,NA,NA,NA,NA,NA,NA,NA,NA,NA,NA,15879,8273
NA,NA,NA,NA,68.0,60.0,64.0,64.0,64,1990,101_datatwo,23/10/23 - 29/10/23,1.9400000000000002,2.0900000000000003,0.0,0.0,0.08583333333333334,0.0,0.0,04:06:57,02:17:53,6,10,0.075555,0.08500166666666666,0.0063883333333333335,0.0,1.0788883333333332,0.0,NA,5,1,0,1,0,NA,2023-10-23 17:03:57.453000,NA,NA,2023-10-23 17:04:26.177000,NA,Week 4,0.833055,0.0,1,0,2023-10-23 18:09:17.866000,NA,1.8711116666666667,NA,3,NA,2023-10-24 11:39:10.127000,0.0,2.0,0.0,2023-10-23 18:59:16.658000,2023-10-24 11:38:35.524000,NA,NA,NA,NA,NA,NA,NA,NA,NA,NA,NA,NA,NA,NA,NA,NA,NA,NA,NA,NA,NA,NA,NA,NA,NA,NA,NA,NA,NA,NA,NA,14817,8273
0.6,0.68,0.48,0.72,68.0,76.0,64.0,76.0,71,2001,102_datatwo,23/10/23 - 29/10/23,0.0,1.7900016666666667,0.03833333333333333,0.0,0.013889999999999998,0.0027783333333333336,1.2327783333333333,03:04:40,02:17:53,8,29,2.163053333333333,0.007776666666666666,0.0008333333333333334,0.0,0.0,0.0,NA,6,2,0,0,0,NA,2023-10-24 16:41:00.791000,NA,NA,NA,NA,Week 4,0.0,0.011388333333333332,0,2,NA,2023-10-24 16:41:03.421000,0.6841666666666666,NA,4,NA,2023-10-27 22:30:18.535000,0.0,15.0,0.0,2023-10-24 16:41:35.282000,2023-10-24 16:41:28.231000,NA,NA,NA,NA,NA,NA,NA,NA,NA,NA,NA,NA,NA,NA,NA,NA,NA,NA,NA,NA,NA,NA,NA,NA,NA,NA,NA,NA,NA,NA,NA,11080,8273
NA,NA,NA,NA,68.0,60.0,56.0,56.0,60,2001,103_datatwo,23/10/23 - 29/10/23,0.0,0.0,0.0033333333333333335,0.0,0.0,0.0,0.0,00:00:12,02:17:53,2,2,0.0,0.0008333333333333334,0.0,0.0,0.0,0.0,NA,1,0,0,0,0,NA,2023-10-25 14:06:07.497000,NA,NA,NA,NA,Week 4,0.0,0.0,0,0,NA,NA,0.0,NA,0,NA,NA,0.0,0.0,0.0,NA,NA,NA,NA,NA,NA,NA,NA,NA,NA,NA,NA,NA,NA,NA,NA,NA,NA,NA,NA,NA,NA,NA,NA,NA,NA,NA,NA,NA,NA,NA,NA,NA,12,8273
NA,NA,NA,NA,64.0,58.0,66.0,72.0,65,1996,104_datatwo,23/10/23 - 29/10/23,0.0,0.23638833333333334,0.0,0.0,0.0,0.0,0.0,00:14:11,02:17:53,1,2,0.22,0.0,0.0,0.0,0.0,0.0,NA,0,0,0,0,0,NA,NA,NA,NA,NA,NA,Week 4,0.0,0.0,0,0,NA,NA,0.0,NA,0,NA,NA,0.0,3.0,0.0,2023-10-24 12:19:15.976000,NA,NA,NA,NA,NA,NA,NA,NA,NA,NA,NA,NA,NA,NA,NA,NA,NA,NA,NA,NA,NA,NA,NA,NA,NA,NA,NA,NA,NA,NA,NA,NA,851,8273
0.48,0.28,NA,NA,60.0,56.0,56.0,68.0,60,1998,105_datatwo,23/10/23 - 29/10/23,0.0,1.8219433333333335,0.0,0.0,0.0,0.0,0.0,01:49:19,02:17:53,9,12,0.6533333333333334,0.05222166666666666,0.0,0.0,0.019166666666666665,0.0008333333333333334,NA,6,0,0,1,1,NA,2023-10-24 11:49:09.647000,NA,NA,2023-10-24 11:59:47.855000,2023-10-24 12:01:06.976000,Week 4,0.000555,0.0008333333333333334,1,1,2023-10-24 12:01:11.498000,2023-10-24 12:01:15.893000,1.016945,NA,2,NA,2023-10-24 11:49:12.978000,0.0,6.0,0.0,2023-10-24 00:31:36.758000,NA,NA,NA,NA,NA,NA,NA,NA,NA,NA,NA,NA,NA,NA,NA,NA,NA,NA,NA,NA,NA,NA,NA,NA,NA,NA,NA,NA,NA,NA,NA,NA,6559,8273
NA,NA,NA,NA,48.0,54.0,56.0,42.0,50,1995,106_datatwo,23/10/23 - 29/10/23,0.128055,0.0,0.0,0.0,0.0,0.0,0.0,00:07:41,02:17:53,4,4,0.03222166666666667,0.06027833333333334,0.027778333333333332,0.007778333333333333,0.0,0.0,NA,1,1,1,0,0,NA,2023-10-23 20:38:12.071000,NA,2023-10-23 20:41:48.837000,NA,NA,Week 4,0.0,0.0,0,0,NA,NA,0.0,NA,0,NA,NA,0.0,1.0,0.0,2023-10-23 20:36:15.706000,2023-10-23 20:34:36.612000,NA,NA,NA,NA,NA,NA,NA,NA,NA,NA,NA,NA,NA,NA,NA,NA,NA,NA,NA,NA,NA,NA,NA,NA,NA,NA,NA,NA,NA,NA,NA,461,8273
NA,NA,NA,NA,60.0,60.0,56.0,56.0,58,1999,107_datatwo,23/10/23 - 29/10/23,0.0,0.0,0.0,0.0,0.0,0.0,0.0,00:00:00,02:17:53,0,0,0.0,0.0,0.0,0.0,0.0,0.0,NA,0,0,0,0,0,NA,NA,NA,NA,NA,NA,Week 4,0.0,0.0,0,0,NA,NA,0.0,NA,0,NA,NA,0.0,0.0,0.0,NA,NA,NA,NA,NA,NA,NA,NA,NA,NA,NA,NA,NA,NA,NA,NA,NA,NA,NA,NA,NA,NA,NA,NA,NA,NA,NA,NA,NA,NA,NA,NA,NA,0,8273
NA,0.6,0.6,NA,62.0,66.0,68.0,84.0,70,1911,108_datatwo,23/10/23 - 29/10/23,5.074445,1.2658316666666667,0.0,0.0,0.0,0.015000000000000001,0.0,06:21:19,02:17:53,6,20,2.3527766666666663,0.5063883333333333,0.0,0.0,0.0,0.0,NA,14,0,0,0,0,NA,2023-10-23 18:03:06.007000,NA,NA,NA,NA,Week 4,0.0,2.75889,0,9,NA,2023-10-23 18:03:09.410000,0.20277666666666666,NA,3,NA,2023-10-24 12:49:16.345000,0.0,11.0,0.0,2023-10-23 19:33:01.648000,NA,NA,NA,NA,NA,NA,NA,NA,NA,NA,NA,NA,NA,NA,NA,NA,NA,NA,NA,NA,NA,NA,NA,NA,NA,NA,NA,NA,NA,NA,NA,NA,22879,8273
0.56,0.64,0.52,0.6,68.0,72.0,64.0,76.0,70,1999,109_datatwo,23/10/23 - 29/10/23,8.683055,1.8102766666666668,0.0,0.0,0.0,0.0,0.0,10:29:35,02:17:53,9,22,0.8416666666666667,0.9747216666666667,0.001945,0.000555,0.0,0.0,NA,12,2,2,0,0,NA,2023-10-23 13:53:50.699000,NA,2023-10-24 16:44:35.159000,NA,NA,Week 4,0.0,5.361945,0,7,NA,2023-10-23 13:54:04.926000,0.8366666666666667,NA,4,NA,2023-10-24 12:59:46.216000,0.0,18.0,0.0,2023-10-23 12:50:27.919000,2023-10-23 13:53:44.569000,NA,NA,NA,NA,NA,NA,NA,NA,NA,NA,NA,NA,NA,NA,NA,NA,NA,NA,NA,NA,NA,NA,NA,NA,NA,NA,NA,NA,NA,NA,NA,37775,8273
NA,NA,NA,NA,64.0,64.0,60.0,64.0,63,1997,110_datatwo,23/10/23 - 29/10/23,0.12138833333333333,1.6933333333333331,0.0,0.3619433333333334,0.004166666666666667,0.0,0.0,02:10:50,02:17:53,11,25,0.3163883333333333,0.06472166666666666,0.009723333333333332,0.0013883333333333332,0.0,0.0,NA,15,4,3,0,0,NA,2023-10-23 16:17:04.105000,NA,2023-10-24 16:25:37.897000,NA,NA,Week 4,0.03666666666666667,0.12916666666666668,1,1,2023-10-24 16:34:06.485000,2023-10-24 16:26:19.195000,0.818055,NA,6,NA,2023-10-24 16:39:18.016000,0.0,11.0,0.0,2023-10-23 16:03:49.754000,2023-10-23 16:14:05.490000,NA,NA,NA,NA,NA,NA,NA,NA,NA,NA,NA,NA,NA,NA,NA,NA,NA,NA,NA,NA,NA,NA,NA,NA,NA,NA,NA,NA,NA,NA,NA,7850,8273
0.64,0.68,0.72,0.8,69.0,75.0,80.0,80.0,76,1994,111_datatwo,23/10/23 - 29/10/23,2.919166666666667,3.1530566666666666,0.0,1.310555,3.434166666666667,7.1125,3.6866666666666665,21:36:58,02:17:53,10,54,0.3136116666666667,0.030000000000000002,0.0025,0.000835,0.0,0.0,NA,41,6,3,0,0,NA,2023-10-23 11:51:11.154000,NA,2023-10-23 15:03:42.992000,NA,NA,Week 4,0.0,0.001945,0,2,NA,2023-10-24 17:22:21.308000,10.063335,NA,21,NA,2023-10-24 08:32:47.958000,0.011388333333333332,39.0,1.0,2023-10-23 11:51:15.877000,2023-10-23 11:51:13.264000,2023-10-28 23:01:32.146000,NA,NA,NA,NA,NA,NA,NA,NA,NA,NA,NA,NA,NA,NA,NA,NA,NA,NA,NA,NA,NA,NA,NA,NA,NA,NA,NA,NA,NA,NA,77818,8273
NA,NA,NA,NA,72.0,72.0,80.0,76.0,75,1998,112_datatwo,23/10/23 - 29/10/23,0.0,0.0,0.0,0.0,0.0,0.0,0.0,00:00:00,02:17:53,0,0,0.0,0.0,0.0,0.0,0.0,0.0,NA,0,0,0,0,0,NA,NA,NA,NA,NA,NA,Week 4,0.0,0.0,0,0,NA,NA,0.0,NA,0,NA,NA,0.0,0.0,0.0,NA,NA,NA,NA,NA,NA,NA,NA,NA,NA,NA,NA,NA,NA,NA,NA,NA,NA,NA,NA,NA,NA,NA,NA,NA,NA,NA,NA,NA,NA,NA,NA,NA,0,8273
0.48,NA,NA,NA,68.0,64.0,68.0,56.0,64,2000,113_datatwo,23/10/23 - 29/10/23,0.007778333333333333,3.6227783333333337,0.4925,0.0,0.025555,0.0,0.0,04:08:55,02:17:53,10,22,1.4602783333333336,0.016668333333333334,0.0005566666666666667,0.0005566666666666667,0.0,0.0,NA,8,2,2,0,0,NA,2023-10-24 10:38:59.404000,NA,2023-10-24 12:05:55.307000,NA,NA,Week 4,0.0,0.916945,0,2,NA,2023-10-24 22:02:51.337000,1.2505549999999999,NA,4,NA,2023-10-24 10:39:02.796000,0.009445000000000002,19.0,1.0,2023-10-23 15:52:53.447000,2023-10-23 15:52:52.344000,2023-10-27 12:14:35.464000,NA,NA,NA,NA,NA,NA,NA,NA,NA,NA,NA,NA,NA,NA,NA,NA,NA,NA,NA,NA,NA,NA,NA,NA,NA,NA,NA,NA,NA,NA,14935,8273
0.6,0.72,0.64,NA,66.0,71.0,69.0,62.0,67,2001,114_datatwo,23/10/23 - 29/10/23,0.18611166666666665,2.5991666666666666,0.7277783333333333,0.0,0.020555,0.0,0.0,03:32:01,02:17:53,8,22,0.8588883333333334,0.013611666666666668,0.0,0.0,0.0,0.0,NA,14,0,0,0,0,NA,2023-10-23 13:07:18.896000,NA,NA,NA,NA,Week 4,0.0,0.679445,0,5,NA,2023-10-23 13:08:08.623000,0.5583333333333333,NA,1,NA,2023-10-24 11:38:43.724000,0.0,12.0,0.0,2023-10-24 11:05:54.994000,NA,NA,NA,NA,NA,NA,NA,NA,NA,NA,NA,NA,NA,NA,NA,NA,NA,NA,NA,NA,NA,NA,NA,NA,NA,NA,NA,NA,NA,NA,NA,NA,12721,8273
NA,0.32,NA,0.52,64.0,72.0,60.0,68.0,66,1995,115_datatwo,23/10/23 - 29/10/23,2.413056666666667,1.5488883333333332,0.16888833333333333,0.24027833333333332,0.0,0.0,0.059443333333333334,04:25:50,02:17:53,12,39,0.004443333333333333,0.409725,0.0008333333333333334,0.0,0.0,0.0,NA,22,1,0,0,0,NA,2023-10-24 11:40:42.443000,NA,NA,NA,NA,Week 4,0.2347216666666667,0.308055,4,10,2023-10-23 22:34:17.054000,2023-10-24 14:30:10.307000,0.4288883333333333,NA,11,NA,2023-10-24 11:40:50.618000,0.04138833333333333,4.0,6.0,2023-10-24 12:20:00.283000,2023-10-26 12:41:16.715000,2023-10-23 22:31:47.773000,NA,NA,NA,NA,NA,NA,NA,NA,NA,NA,NA,NA,NA,NA,NA,NA,NA,NA,NA,NA,NA,NA,NA,NA,NA,NA,NA,NA,NA,NA,15950,8273
0.6,0.68,0.52,NA,72.0,72.0,60.0,68.0,68,2002,116_datatwo,23/10/23 - 29/10/23,5.005278333333334,2.0263883333333332,0.0,2.6730549999999997,0.545,0.0,0.0,10:14:59,02:17:53,12,37,0.9450000000000001,2.447221666666666,0.33944499999999994,0.0022233333333333332,0.0,0.0,NA,20,9,7,0,0,NA,2023-10-23 14:07:33.572000,NA,2023-10-23 14:07:36.314000,NA,NA,Week 4,0.0,0.085555,0,3,NA,2023-10-23 14:07:38.769000,1.3291666666666666,NA,2,NA,2023-10-23 18:15:05.150000,0.0008333333333333334,47.0,1.0,2023-10-23 14:06:11.220000,2023-10-23 14:07:48.790000,2023-10-26 17:29:51.388000,NA,NA,NA,NA,NA,NA,NA,NA,NA,NA,NA,NA,NA,NA,NA,NA,NA,NA,NA,NA,NA,NA,NA,NA,NA,NA,NA,NA,NA,NA,36899,8273
NA,NA,NA,NA,68.0,58.0,56.0,50.0,58,1996,117_datatwo,23/10/23 - 29/10/23,0.0,1.9166666666666667,0.0,0.0,0.03805499999999999,0.0,0.0,01:57:17,02:17:53,10,14,0.5916666666666667,0.0063883333333333335,0.0016666666666666668,0.0011116666666666666,0.0,0.0,NA,8,3,3,0,0,NA,2023-10-24 11:24:02.107000,NA,2023-10-24 11:24:07.419000,NA,NA,Week 4,0.0,0.0,0,1,NA,2023-10-23 14:49:24.723000,1.2025000000000001,NA,7,NA,2023-10-24 11:38:23.808000,0.0,16.0,0.0,2023-10-24 11:19:33.028000,2023-10-24 11:23:58.119000,NA,NA,NA,NA,NA,NA,NA,NA,NA,NA,NA,NA,NA,NA,NA,NA,NA,NA,NA,NA,NA,NA,NA,NA,NA,NA,NA,NA,NA,NA,NA,7037,8273
60,68,NA,NA,68.0,72.0,56.0,56.0,63,1990,118_datatwo,19/02/24 - 25/02/24,0.0,2.0883333333333334,0.003055,0.005833333333333333,0.0,0.0,0.03138833333333333,02:07:43,02:06:15,4,8,0.0,0.005278333333333333,0.0,0.0,0.0,0.0,NA,4,0,0,0,0,NA,2024-02-20 11:27:48.098000,NA,NA,NA,NA,Week 4,0.0,0.310555,0,3,NA,2024-02-20 11:27:52.053000,0.0,NA,0,NA,NA,0.0,1.0,0.0,2024-02-25 20:14:30.971000,NA,NA,NA,NA,NA,NA,NA,NA,NA,NA,NA,NA,NA,NA,NA,NA,NA,NA,NA,NA,NA,NA,NA,NA,NA,NA,NA,NA,NA,NA,NA,NA,7663,7575
NA,68,NA,NA,72.0,68.0,72.0,52.0,66,1987,119_datatwo,19/02/24 - 25/02/24,1.0086116666666667,0.0,0.0,0.081945,0.17555500000000002,0.608055,0.0,01:52:27,02:06:15,7,18,0.10750166666666666,0.009723333333333332,0.008611666666666665,0.0027783333333333336,0.0,0.0,NA,2,4,2,0,0,NA,2024-02-19 21:23:03.093000,NA,2024-02-19 21:22:48.355000,NA,NA,Week 4,0.0,0.0,0,0,NA,NA,0.0,NA,0,NA,NA,0.0,10.0,0.0,2024-02-19 21:18:15.735000,2024-02-19 21:18:07.679000,NA,NA,NA,NA,NA,NA,NA,NA,NA,NA,NA,NA,NA,NA,NA,NA,NA,NA,NA,NA,NA,NA,NA,NA,NA,NA,NA,NA,NA,NA,NA,6747,7575
52,72,72,NA,64.0,72.0,76.0,72.0,71,1995,120_datatwo,19/02/24 - 25/02/24,5.2941666666666665,3.5458333333333334,0.0,1.8838883333333334,1.9558333333333333,0.0,0.0,12:40:47,02:06:15,13,34,1.483055,1.9708333333333334,0.09583333333333334,0.105555,0.0,0.0,NA,22,4,2,0,0,NA,2024-02-19 01:28:56.495000,NA,2024-02-23 10:53:11.239000,NA,NA,Week 4,0.0375,3.9961116666666667,1,12,2024-02-19 01:29:01.700000,2024-02-19 01:31:48.026000,0.0,NA,0,NA,NA,0.0,9.0,0.0,2024-02-19 18:34:42.869000,2024-02-19 18:34:36.825000,NA,NA,NA,NA,NA,NA,NA,NA,NA,NA,NA,NA,NA,NA,NA,NA,NA,NA,NA,NA,NA,NA,NA,NA,NA,NA,NA,NA,NA,NA,NA,45647,7575
56,60,72,NA,72.0,68.0,80.0,60.0,70,1996,121_datatwo,19/02/24 - 25/02/24,0.6174999999999999,0.2977783333333333,0.0,0.0,0.0,0.010276666666666667,0.9422216666666667,01:52:04,02:06:15,8,20,1.508055,0.0125,0.0,0.0,0.0,0.0,NA,11,0,0,0,0,NA,2024-02-20 11:36:41.129000,NA,NA,NA,NA,Week 4,0.0,0.16472333333333333,0,7,NA,2024-02-20 11:36:43.999000,0.009445000000000002,NA,1,NA,2024-02-25 19:17:48.940000,0.0,7.0,0.0,2024-02-19 21:46:37.320000,NA,NA,NA,NA,NA,NA,NA,NA,NA,NA,NA,NA,NA,NA,NA,NA,NA,NA,NA,NA,NA,NA,NA,NA,NA,NA,NA,NA,NA,NA,NA,NA,6724,7575
24,NA,NA,NA,64.0,64.0,72.0,72.0,68,1993,122_datatwo,19/02/24 - 25/02/24,0.0,1.6808333333333332,0.0,3.5547216666666666,0.0,0.315555,3.873611666666667,09:25:29,02:06:15,10,21,1.1752766666666665,0.01361,0.07583333333333334,0.003055,0.059166666666666666,0.0,NA,9,6,3,1,0,NA,2024-02-20 11:22:07.697000,NA,2024-02-20 11:22:03.915000,2024-02-25 14:19:26.625000,NA,Week 4,0.0,2.88639,0,4,NA,2024-02-20 11:35:59.935000,0.0,NA,0,NA,NA,0.0,9.0,0.0,2024-02-20 11:22:31.815000,2024-02-20 11:35:02.680000,NA,NA,NA,NA,NA,NA,NA,NA,NA,NA,NA,NA,NA,NA,NA,NA,NA,NA,NA,NA,NA,NA,NA,NA,NA,NA,NA,NA,NA,NA,NA,33929,7575
NA,NA,NA,NA,64.0,60.0,52.0,52.0,57,2001,123_datatwo,19/02/24 - 25/02/24,0.0,0.4047216666666667,0.0,0.0,0.0,0.11361166666666667,0.6083333333333333,01:07:36,02:06:15,9,16,0.01638833333333333,0.0047216666666666665,0.000555,0.0,0.07388833333333333,0.0,NA,5,1,0,2,0,NA,2024-02-20 11:06:05.296000,NA,NA,2024-02-25 16:48:48.791000,NA,Week 4,0.0,0.8655550000000001,0,3,NA,2024-02-20 11:06:08.540000,0.0,NA,0,NA,NA,0.0,8.0,0.0,2024-02-20 11:26:32.665000,2024-02-25 16:53:17.222000,NA,NA,NA,NA,NA,NA,NA,NA,NA,NA,NA,NA,NA,NA,NA,NA,NA,NA,NA,NA,NA,NA,NA,NA,NA,NA,NA,NA,NA,NA,NA,4056,7575
44,68,56,NA,72.0,72.0,60.0,52.0,64,1998,124_datatwo,19/02/24 - 25/02/24,0.0,0.3272216666666667,0.0,0.008333333333333333,0.0,0.0,0.021945,00:21:27,02:06:15,8,12,0.008055,0.0047216666666666665,0.00027833333333333334,0.003055,0.0,0.0,NA,6,1,2,0,0,NA,2024-02-20 11:38:40.119000,NA,2024-02-22 14:21:27.929000,NA,NA,Week 4,0.0,0.18666666666666665,0,5,NA,2024-02-20 11:38:43.470000,0.0,NA,0,NA,NA,0.0,1.0,0.0,2024-02-25 20:18:03.949000,2024-02-22 14:21:33.235000,NA,NA,NA,NA,NA,NA,NA,NA,NA,NA,NA,NA,NA,NA,NA,NA,NA,NA,NA,NA,NA,NA,NA,NA,NA,NA,NA,NA,NA,NA,NA,1287,7575
NA,NA,NA,NA,72.0,72.0,68.0,76.0,72,1991,125_datatwo,19/02/24 - 25/02/24,0.0,0.0,0.0,0.0,0.0,0.0,0.0,00:00:00,02:06:15,0,0,0.0,0.0,0.0,0.0,0.0,0.0,NA,0,0,0,0,0,NA,NA,NA,NA,NA,NA,Week 4,0.0,0.0,0,0,NA,NA,0.0,NA,0,NA,NA,0.0,0.0,0.0,NA,NA,NA,NA,NA,NA,NA,NA,NA,NA,NA,NA,NA,NA,NA,NA,NA,NA,NA,NA,NA,NA,NA,NA,NA,NA,NA,NA,NA,NA,NA,NA,NA,0,7575
NA,NA,NA,NA,75.0,67.0,67.0,59.0,67,1995,126_datatwo,19/02/24 - 25/02/24,0.0,0.0,0.0,0.0,0.0,0.0,0.0,00:00:00,02:06:15,0,0,0.0,0.0,0.0,0.0,0.0,0.0,NA,0,0,0,0,0,NA,NA,NA,NA,NA,NA,Week 4,0.0,0.0,0,0,NA,NA,0.0,NA,0,NA,NA,0.0,0.0,0.0,NA,NA,NA,NA,NA,NA,NA,NA,NA,NA,NA,NA,NA,NA,NA,NA,NA,NA,NA,NA,NA,NA,NA,NA,NA,NA,NA,NA,NA,NA,NA,NA,NA,0,7575
NA,NA,NA,NA,56.0,56.0,56.0,60.0,57,2000,127_datatwo,19/02/24 - 25/02/24,0.0,1.5647216666666666,0.0,0.0,0.0,0.0,0.0,01:33:53,02:06:15,8,8,0.259445,0.0047216666666666665,0.00027833333333333334,0.0011116666666666666,0.0,0.0,NA,7,2,1,0,0,NA,2024-02-20 11:13:04.586000,NA,2024-02-20 12:46:26.618000,NA,NA,Week 4,0.0,0.24250000000000002,0,1,NA,2024-02-20 11:35:48.218000,0.0,NA,0,NA,NA,0.0,5.0,0.0,2024-02-20 11:13:06.855000,2024-02-20 11:13:00.658000,NA,NA,NA,NA,NA,NA,NA,NA,NA,NA,NA,NA,NA,NA,NA,NA,NA,NA,NA,NA,NA,NA,NA,NA,NA,NA,NA,NA,NA,NA,NA,5633,7575
64,68,NA,NA,68.0,72.0,52.0,52.0,61,1999,128_datatwo,19/02/24 - 25/02/24,0.0,0.0,0.0,0.130555,0.6950000000000001,0.0,0.0,00:49:32,02:06:15,13,18,0.1125,0.006944999999999999,0.003888333333333333,0.39138833333333334,0.003055,0.0,NA,7,1,2,1,0,NA,2024-02-22 21:23:13.561000,NA,2024-02-23 13:12:10.795000,2024-02-22 21:23:19.621000,NA,Week 4,0.0,0.010833333333333334,0,4,NA,2024-02-22 21:23:33.849000,0.0,NA,0,NA,NA,0.0,6.0,0.0,2024-02-23 13:00:16.011000,2024-02-22 21:22:59.339000,NA,NA,NA,NA,NA,NA,NA,NA,NA,NA,NA,NA,NA,NA,NA,NA,NA,NA,NA,NA,NA,NA,NA,NA,NA,NA,NA,NA,NA,NA,NA,2972,7575
NA,NA,72,NA,68.0,64.0,76.0,64.0,68,1998,129_datatwo,19/02/24 - 25/02/24,0.0,1.655,0.011945,0.0,0.31833333333333336,1.0908333333333333,0.008888333333333333,03:05:06,02:06:15,12,41,0.46250166666666664,0.027776666666666665,0.006390000000000001,0.044721666666666667,0.0,0.0,NA,19,5,1,0,0,NA,2024-02-20 11:14:05.842000,NA,2024-02-20 11:47:18.945000,NA,NA,Week 4,0.0,1.3074983333333334,0,14,NA,2024-02-20 11:14:08.377000,0.0,NA,0,NA,NA,0.0013883333333333332,18.0,1.0,2024-02-20 11:16:00.836000,2024-02-20 11:14:04.814000,2024-02-20 12:55:53.490000,NA,NA,NA,NA,NA,NA,NA,NA,NA,NA,NA,NA,NA,NA,NA,NA,NA,NA,NA,NA,NA,NA,NA,NA,NA,NA,NA,NA,NA,NA,11106,7575
64,68,56,NA,72.0,72.0,68.0,68.0,70,2000,130_datatwo,19/02/24 - 25/02/24,0.0,2.878333333333333,0.0,1.8902783333333335,0.0,0.0022216666666666665,0.2561116666666667,05:01:37,02:06:15,14,20,0.37083333333333335,0.00861,0.14666666666666667,0.0008333333333333334,1.8886116666666668,0.0,NA,8,2,1,1,0,NA,2024-02-20 11:09:18.980000,NA,2024-02-25 00:15:13.406000,2024-02-22 13:53:47.014000,NA,Week 4,0.0,0.0125,0,5,NA,2024-02-20 11:09:21.918000,0.0,NA,0,NA,NA,0.0,5.0,0.0,2024-02-20 11:09:46.781000,2024-02-25 00:05:57.663000,NA,NA,NA,NA,NA,NA,NA,NA,NA,NA,NA,NA,NA,NA,NA,NA,NA,NA,NA,NA,NA,NA,NA,NA,NA,NA,NA,NA,NA,NA,NA,18097,7575
NA,NA,NA,NA,52.0,52.0,52.0,72.0,57,1985,131_datatwo,19/02/24 - 25/02/24,0.059166666666666666,2.4927766666666664,1.3480549999999998,0.809445,0.0,0.0,0.0013883333333333332,04:42:38,02:06:15,5,13,0.5691666666666666,0.017221666666666666,0.0,0.0,0.0,0.0,NA,6,0,0,0,0,NA,2024-02-20 11:18:25.778000,NA,NA,NA,NA,Week 4,0.0,1.7650000000000001,0,6,NA,2024-02-20 11:35:29.702000,0.0,NA,0,NA,NA,0.0,5.0,0.0,2024-02-20 11:18:55.805000,NA,NA,NA,NA,NA,NA,NA,NA,NA,NA,NA,NA,NA,NA,NA,NA,NA,NA,NA,NA,NA,NA,NA,NA,NA,NA,NA,NA,NA,NA,NA,NA,16958,7575
48,64,48,NA,68.0,72.0,60.0,60.0,65,1997,132_datatwo,19/02/24 - 25/02/24,0.0,0.5786116666666666,0.058054999999999995,0.003888333333333333,0.14055499999999999,7.221666666666667,4.965278333333333,12:58:05,02:06:15,7,21,6.491111666666667,0.019166666666666665,0.004723333333333334,0.0,0.0,0.0,NA,15,4,0,0,0,NA,2024-02-20 11:38:02.745000,NA,NA,NA,NA,Week 4,0.0,1.6733333333333333,0,8,NA,2024-02-20 11:38:05.548000,0.12166666666666666,NA,1,NA,2024-02-24 14:37:24.473000,0.0,16.0,0.0,2024-02-20 11:23:49.890000,2024-02-20 11:46:41.122000,NA,NA,NA,NA,NA,NA,NA,NA,NA,NA,NA,NA,NA,NA,NA,NA,NA,NA,NA,NA,NA,NA,NA,NA,NA,NA,NA,NA,NA,NA,NA,46685,7575
32,68,NA,60,52.0,72.0,52.0,68.0,61,1996,133_datatwo,19/02/24 - 25/02/24,0.10666666666666667,0.009166666666666667,0.066945,0.0,0.0,0.06083333333333333,0.0,00:14:37,02:06:15,8,21,0.12222166666666666,0.0063883333333333335,0.005833333333333333,0.0013883333333333332,0.0,0.0,NA,5,3,1,0,0,NA,2024-02-19 21:42:55.694000,NA,2024-02-21 15:03:00.188000,NA,NA,Week 4,0.0,0.01861166666666667,0,3,NA,2024-02-19 21:43:03.606000,0.0,NA,0,NA,NA,0.0,6.0,0.0,2024-02-19 21:41:04.809000,2024-02-20 16:16:09.155000,NA,NA,NA,NA,NA,NA,NA,NA,NA,NA,NA,NA,NA,NA,NA,NA,NA,NA,NA,NA,NA,NA,NA,NA,NA,NA,NA,NA,NA,NA,NA,877,7575
NA,NA,NA,NA,64.0,56.0,60.0,52.0,58,1995,134_datatwo,19/02/24 - 25/02/24,0.18333333333333332,0.017778333333333333,0.0,0.05083333333333333,1.7133333333333334,0.0,0.0,01:57:55,02:06:15,9,16,0.12888833333333333,0.007776666666666666,0.0,0.0,0.0,0.0,NA,4,0,0,0,0,NA,2024-02-23 12:19:01.492000,NA,NA,NA,NA,Week 4,0.0,0.07916666666666666,0,1,NA,2024-02-23 12:19:09.539000,0.0,NA,0,NA,NA,0.0,11.0,0.0,2024-02-19 22:43:16.698000,NA,NA,NA,NA,NA,NA,NA,NA,NA,NA,NA,NA,NA,NA,NA,NA,NA,NA,NA,NA,NA,NA,NA,NA,NA,NA,NA,NA,NA,NA,NA,NA,7075,7575
68,72,72,NA,72.0,80.0,68.0,64.0,70,2003,135_datatwo,19/02/24 - 25/02/24,4.213611666666667,0.155,0.0,0.0,0.004445,1.7038883333333332,0.0,06:04:37,02:06:15,8,19,1.8155549999999998,0.006944999999999999,2.308333333333333,0.07805666666666668,0.0,0.0,NA,7,6,6,0,0,NA,2024-02-19 23:34:04.350000,NA,2024-02-19 19:31:24.808000,NA,NA,Week 4,0.0,0.17583333333333334,0,5,NA,2024-02-19 23:34:08.659000,0.0,NA,0,NA,NA,0.0,17.0,0.0,2024-02-19 19:30:54.629000,2024-02-19 19:31:05.260000,NA,NA,NA,NA,NA,NA,NA,NA,NA,NA,NA,NA,NA,NA,NA,NA,NA,NA,NA,NA,NA,NA,NA,NA,NA,NA,NA,NA,NA,NA,NA,21877,7575
56,68,72,70,76.0,76.0,76.0,72.0,75,1999,136_datatwo,19/02/24 - 25/02/24,0.0,0.0027783333333333336,0.0,0.0,0.18416666666666667,0.014721666666666666,0.0,00:12:06,02:06:15,7,16,0.10583333333333332,0.0033333333333333335,0.005,0.0,0.0,0.0,NA,3,2,0,0,0,NA,2024-02-23 15:51:10.464000,NA,NA,NA,NA,Week 4,0.0,0.0,0,1,NA,2024-02-23 19:11:44.080000,0.0,NA,1,NA,2024-02-24 01:09:57.687000,0.0,6.0,0.0,2024-02-20 11:08:37.568000,2024-02-23 19:11:35.993000,NA,NA,NA,NA,NA,NA,NA,NA,NA,NA,NA,NA,NA,NA,NA,NA,NA,NA,NA,NA,NA,NA,NA,NA,NA,NA,NA,NA,NA,NA,NA,726,7575
0.48,0.48,0.52, ,0.56,0.56,0.56,0.56,56,1999,1_datatwo,31/10/22 - 06/11/22,1.2611116666666669,1.6886116666666668,1.3422233333333333,3.6775,0.013333333333333334,0.0,0.0,07:58:58,01:56:00,11,46,0.014168333333333333,0.091945,0.0025,0.004443333333333333,0.0,0.0,19,10,5,NA,0,0,2022-10-31 08:51:04.454000,2022-11-01 11:17:54.972000,NA,2022-10-31 17:08:50.441000,NA,NA,Week 5,0.0,0.0,0,0,NA,NA,0.0,11,0,2022-11-01 11:17:53.102000,NA,1.4516666666666667,NA,2,NA,NA,2022-11-01 11:17:57.824000,0.028056666666666667,NA,5.0,NA,2022-11-01 21:08:25.115000,NA,NA,NA,NA,NA,NA,NA,NA,NA,NA,NA,NA,NA,NA,NA,NA,NA,NA,NA,NA,NA,NA,NA,NA,NA,28738,6960
 , , , ,0.56,0.56,0.56,0.24,48,1992,2_datatwo,31/10/22 - 06/11/22,0.0,0.5797216666666667,0.0,0.0,0.0,0.0,0.0,00:34:47,01:56:00,3,3,0.0,0.5697216666666667,0.0,0.0,0.0,0.0,0,3,0,NA,0,0,NA,2022-11-01 15:57:19.701000,NA,NA,NA,NA,Week 5,0.0,0.0,0,0,NA,NA,0.0013883333333333332,0,1,NA,2022-11-01 15:58:17.201000,0.008055,NA,2,NA,NA,2022-11-01 15:57:40.901000,0.0,NA,0.0,NA,NA,NA,NA,NA,NA,NA,NA,NA,NA,NA,NA,NA,NA,NA,NA,NA,NA,NA,NA,NA,NA,NA,NA,NA,NA,NA,2087,6960
 , , , ,0.64,0.61,0.64,0.59,62,1987,3_datatwo,31/10/22 - 06/11/22,0.0,0.6952783333333332,0.0,0.0,0.0,0.0,0.0,00:41:43,01:56:00,2,2,0.0,0.0008333333333333334,0.0,0.0,0.0,0.0,0,1,0,NA,0,0,NA,2022-11-01 16:32:10.338000,NA,NA,NA,NA,Week 5,0.0,0.0,0,0,NA,NA,0.0,0,0,NA,NA,0.6511116666666666,NA,1,NA,NA,2022-11-01 16:32:13.163000,0.0,NA,0.0,NA,NA,NA,NA,NA,NA,NA,NA,NA,NA,NA,NA,NA,NA,NA,NA,NA,NA,NA,NA,NA,NA,NA,NA,NA,NA,NA,2503,6960
0.28,0.44, , ,0.68,0.68,0.52,0.64,63,1993,4_datatwo,31/10/22 - 06/11/22,0.007778333333333333,0.0,0.0,0.0,0.7269450000000001,0.0,0.0,00:44:05,01:56:00,3,3,0.0,0.004166666666666667,0.0,0.0,0.0,0.0,0,1,0,NA,0,0,NA,2022-10-31 22:16:28.277000,NA,NA,NA,NA,Week 5,0.0,0.0,0,0,NA,NA,0.0,0,0,NA,NA,0.0,NA,1,NA,NA,2022-10-31 22:16:43.574000,0.0,NA,0.0,NA,NA,NA,NA,NA,NA,NA,NA,NA,NA,NA,NA,NA,NA,NA,NA,NA,NA,NA,NA,NA,NA,NA,NA,NA,NA,NA,2645,6960
 , , , ,0.59,0.59,0.69,0.69,64,1996,5_datatwo,31/10/22 - 06/11/22,0.0,0.0,0.0,0.0,0.0,0.0,0.0,00:00:00,01:56:01,0,0,0.0,0.0,0.0,0.0,0.0,0.0,0,0,0,NA,0,0,NA,NA,NA,NA,NA,NA,Week 5,0.0,0.0,0,0,NA,NA,0.0,0,0,NA,NA,0.0,NA,0,NA,NA,NA,0.0,NA,0.0,NA,NA,NA,NA,NA,NA,NA,NA,NA,NA,NA,NA,NA,NA,NA,NA,NA,NA,NA,NA,NA,NA,NA,NA,NA,NA,NA,0,6961
 , , , ,0.56,0.6,0.6,0.52,57,1996,6_datatwo,31/10/22 - 06/11/22,0.0,0.0,0.0,0.0,0.0,0.0,0.0,00:00:00,01:56:02,0,0,0.0,0.0,0.0,0.0,0.0,0.0,0,0,0,NA,0,0,NA,NA,NA,NA,NA,NA,Week 5,0.0,0.0,0,0,NA,NA,0.0,0,0,NA,NA,0.0,NA,0,NA,NA,NA,0.0,NA,0.0,NA,NA,NA,NA,NA,NA,NA,NA,NA,NA,NA,NA,NA,NA,NA,NA,NA,NA,NA,NA,NA,NA,NA,NA,NA,NA,NA,0,6962
0.52,0.6,0.48, ,0.7,0.77,0.72,0.69,72,1993,7_datatwo,31/10/22 - 06/11/22,0.03833333333333333,0.3466666666666667,0.6152783333333333,0.0,0.18194499999999997,0.0,0.0036116666666666667,01:11:09,01:56:00,4,14,0.011943333333333334,0.003055,0.0,0.0,0.0,0.0,8,3,0,NA,0,0,2022-10-31 22:51:42.825000,2022-11-01 08:28:54.462000,NA,NA,NA,NA,Week 5,0.0,0.0,0,0,NA,NA,0.0,0,0,NA,NA,0.0,NA,1,NA,NA,2022-11-01 15:57:14.665000,0.0,NA,0.0,NA,NA,NA,NA,NA,NA,NA,NA,NA,NA,NA,NA,NA,NA,NA,NA,NA,NA,NA,NA,NA,NA,NA,NA,NA,NA,NA,4269,6960
 , , , ,0.68,0.68,0.68,0.68,68,1992,8_datatwo,31/10/22 - 06/11/22,0.37472333333333335,0.23083333333333333,0.0,0.0,0.26305666666666666,2.3441666666666667,0.005278333333333333,03:13:05,01:56:00,9,27,0.043611666666666674,0.075555,0.013611666666666668,0.0,0.01583333333333333,0.0,7,23,2,NA,2,0,2022-10-31 23:15:29.293000,2022-10-31 13:08:27.188000,NA,NA,2022-10-31 23:19:20.056000,NA,Week 5,0.0,0.013055,0,1,NA,2022-10-31 23:15:42.131000,0.005833333333333333,0,2,2022-10-31 23:17:48.525000,2022-10-31 23:18:49.915000,0.07861166666666668,NA,3,NA,NA,2022-10-31 13:08:45.970000,2.464445,NA,13.0,NA,2022-11-04 22:53:50.773000,NA,NA,NA,NA,NA,NA,NA,NA,NA,NA,NA,NA,NA,NA,NA,NA,NA,NA,NA,NA,NA,NA,NA,NA,NA,11585,6960
 , , , ,0.69,0.69,0.69,0.73,70,1992,9_datatwo,31/10/22 - 06/11/22,0.013055,0.0,0.5875,0.0,0.17611166666666664,0.0,0.0,00:46:36,01:56:00,6,10,0.0,0.011111666666666667,0.0027783333333333336,0.000555,0.0,0.0,1,5,1,NA,0,0,2022-11-04 14:15:44.898000,2022-10-31 13:45:32.686000,NA,2022-11-02 18:08:23.062000,NA,NA,Week 5,0.0,0.6327783333333332,0,6,NA,2022-10-31 13:45:51.808000,0.0,2,0,2022-10-31 13:45:22.521000,NA,0.10972166666666666,NA,1,NA,NA,2022-11-02 18:01:37.585000,0.0,NA,0.0,NA,NA,NA,NA,NA,NA,NA,NA,NA,NA,NA,NA,NA,NA,NA,NA,NA,NA,NA,NA,NA,NA,NA,NA,NA,NA,NA,2796,6960
 , , , ,0.69,0.7,0.7,0.79,72,1994,10_datatwo,31/10/22 - 06/11/22,0.0,0.845555,0.0,0.0,0.0,0.0,5.991666666666666,06:50:14,01:56:00,4,5,0.0,0.09361166666666666,0.04722166666666667,0.0,0.0,0.0,0,11,3,NA,0,0,NA,2022-11-01 15:57:52.230000,NA,NA,NA,NA,Week 5,0.0,5.318888333333334,0,7,NA,2022-11-06 10:12:18.288000,0.0,0,0,2022-11-06 10:10:01.072000,NA,0.741945,NA,3,NA,NA,2022-11-01 15:58:16.449000,0.0,NA,0.0,NA,NA,NA,NA,NA,NA,NA,NA,NA,NA,NA,NA,NA,NA,NA,NA,NA,NA,NA,NA,NA,NA,NA,NA,NA,NA,NA,24614,6960
0.56,0.64,0.64,0.68,0.72,0.76,0.8,0.72,75,1991,11_datatwo,31/10/22 - 06/11/22,3.0358333333333336,0.128055,0.015278333333333335,0.0016666666666666668,0.0,1.7252783333333332,0.0,04:54:22,01:56:00,8,19,0.033056666666666665,0.006666666666666667,0.0027783333333333336,0.095555,0.0,0.0,8,5,1,NA,0,0,2022-10-31 18:17:59.620000,2022-10-31 14:06:39.109000,NA,2022-11-01 15:50:13.009000,NA,NA,Week 5,0.0,0.0,0,0,NA,NA,0.0,1,1,2022-11-05 10:38:37.315000,2022-10-31 14:06:41.606000,1.635,NA,3,NA,NA,2022-11-01 15:56:00.678000,0.0,NA,1.0,NA,2022-11-05 12:17:36.167000,NA,NA,NA,NA,NA,NA,NA,NA,NA,NA,NA,NA,NA,NA,NA,NA,NA,NA,NA,NA,NA,NA,NA,NA,NA,17662,6960
 , , , ,0.52,0.59,0.56,0.53,55,1987,12_datatwo,31/10/22 - 06/11/22,0.8777783333333333,1.7788883333333334,0.0,0.0,0.0,0.0,0.0,02:39:24,01:56:00,10,17,0.0,0.014445000000000001,0.014443333333333334,0.039445,0.0,0.003888333333333333,1,13,2,NA,0,1,2022-11-01 12:32:23.175000,2022-10-31 14:42:06.863000,NA,2022-10-31 22:41:21.735000,NA,2022-10-31 22:31:06.412000,Week 5,0.0063883333333333335,0.3961116666666667,1,4,2022-10-31 22:31:23.369000,2022-10-31 14:42:10.890000,0.134445,1,1,2022-10-31 14:41:19.897000,2022-10-31 21:55:42.563000,1.3483333333333334,NA,5,NA,NA,2022-10-31 21:54:27.355000,0.0,NA,0.0,NA,NA,NA,NA,NA,NA,NA,NA,NA,NA,NA,NA,NA,NA,NA,NA,NA,NA,NA,NA,NA,NA,NA,NA,NA,NA,NA,9564,6960
 ,0.48, , ,0.56,0.64,0.56,0.64,60,1995,13_datatwo,31/10/22 - 06/11/22,2.9716666666666667,1.6375,0.2758333333333333,0.0,0.5261116666666666,0.0033333333333333335,0.0,05:24:52,01:56:00,11,26,0.11472166666666667,0.009445000000000002,0.088055,0.0,0.0,0.0,5,7,3,NA,0,0,2022-10-31 11:50:01.670000,2022-11-01 11:19:58.438000,NA,NA,NA,NA,Week 5,0.0,0.0,0,1,NA,2022-11-01 12:39:17.622000,0.33888833333333335,0,1,2022-11-01 11:09:21.156000,2022-11-01 12:18:55.859000,0.9058333333333334,NA,4,NA,NA,2022-11-01 11:20:00.673000,0.0,NA,0.0,NA,NA,NA,NA,NA,NA,NA,NA,NA,NA,NA,NA,NA,NA,NA,NA,NA,NA,NA,NA,NA,NA,NA,NA,NA,NA,NA,19492,6960
 , ,0.56, ,0.68,0.72,0.68,0.64,68,1995,14_datatwo,31/10/22 - 06/11/22,0.0,0.02111,0.007778333333333333,0.0,0.0,0.0,0.0,00:01:44,01:56:00,3,5,0.0,0.0025,0.0,0.0,0.0,0.0,0,0,0,NA,0,0,2022-11-02 10:57:28.900000,2022-11-01 10:46:53.061000,NA,NA,NA,NA,Week 5,0.0,0.0,0,0,NA,NA,0.0,1,0,NA,NA,0.0,NA,2,NA,NA,2022-11-01 10:46:59.320000,0.0,NA,0.0,NA,NA,NA,NA,NA,NA,NA,NA,NA,NA,NA,NA,NA,NA,NA,NA,NA,NA,NA,NA,NA,NA,NA,NA,NA,NA,NA,104,6960
0.48,0.56,0.56, ,0.72,0.68,0.68,0.64,68,1996,15_datatwo,31/10/22 - 06/11/22,3.321945,4.315555,0.0,0.0,0.0,0.0,0.0,07:38:15,01:56:00,5,10,0.005,0.0027783333333333336,0.000555,0.0,0.0,0.0,4,3,1,NA,0,0,2022-10-31 12:23:26.625000,2022-10-31 19:32:16.700000,NA,NA,NA,NA,Week 5,0.0,0.0,0,0,NA,NA,0.0,0,0,2022-10-31 15:40:08.796000,NA,4.312778333333333,NA,3,NA,NA,2022-10-31 19:32:22.418000,0.0,NA,0.0,NA,NA,NA,NA,NA,NA,NA,NA,NA,NA,NA,NA,NA,NA,NA,NA,NA,NA,NA,NA,NA,NA,NA,NA,NA,NA,NA,27495,6960
0.4,0.48, , ,0.52,0.6,0.36,0.52,50,1993,16_datatwo,31/10/22 - 06/11/22,1.8780549999999998,2.256666666666667,0.33027833333333334,0.0,0.0,0.64361,0.0,05:06:31,01:56:00,12,30,0.11139000000000002,0.014168333333333333,0.0,0.0,0.0,0.0,9,7,1,NA,0,0,2022-10-31 13:47:50.370000,2022-10-31 13:19:56.179000,NA,NA,NA,NA,Week 5,0.0,0.0,0,0,NA,NA,0.4669433333333333,0,2,2022-11-01 07:01:39.404000,2022-10-31 13:20:00.613000,0.8758333333333332,NA,4,NA,NA,2022-11-01 11:17:49.258000,0.0,NA,0.0,NA,NA,NA,NA,NA,NA,NA,NA,NA,NA,NA,NA,NA,NA,NA,NA,NA,NA,NA,NA,NA,NA,NA,NA,NA,NA,NA,18391,6960
 ,0.4,0.56, ,0.68,0.6,0.64,0.68,65,1998,17_datatwo,31/10/22 - 06/11/22,1.295555,1.5483333333333333,0.0,0.0,0.0,0.0008333333333333334,0.0,02:50:41,01:56:00,6,12,0.5174983333333333,0.010833333333333334,0.17944499999999997,0.0,0.0,0.0,10,9,2,NA,0,0,2022-10-31 17:07:34.858000,2022-10-31 15:53:43.275000,NA,NA,NA,NA,Week 5,0.0,0.0,0,0,NA,NA,0.0,0,0,2022-11-01 11:54:40.726000,NA,1.9197233333333332,NA,6,NA,NA,2022-10-31 15:53:45.763000,0.0,NA,0.0,NA,NA,NA,NA,NA,NA,NA,NA,NA,NA,NA,NA,NA,NA,NA,NA,NA,NA,NA,NA,NA,NA,NA,NA,NA,NA,NA,10241,6960
 , , , ,0.6,0.6,0.52,0.6,58,1993,18_datatwo,31/10/22 - 06/11/22,0.0,0.03916666666666667,0.0,0.0,0.0,0.0,0.0,00:02:21,01:56:00,2,2,0.0,0.0025,0.0,0.0,0.0,0.0,0,1,0,NA,0,0,NA,2022-11-01 18:18:02.310000,NA,NA,NA,NA,Week 5,0.0,0.0,0,0,NA,NA,0.0,0,0,NA,NA,0.03138833333333333,NA,1,NA,NA,2022-11-01 18:18:11.277000,0.0,NA,0.0,NA,NA,NA,NA,NA,NA,NA,NA,NA,NA,NA,NA,NA,NA,NA,NA,NA,NA,NA,NA,NA,NA,NA,NA,NA,NA,NA,141,6960
 , , , ,0.6,0.64,0.6,0.68,63,1997,19_datatwo,31/10/22 - 06/11/22,0.0,1.648888333333333,0.0,0.0,0.0,0.0,0.0,01:38:56,01:56:00,10,12,0.0,0.09333333333333332,0.44861166666666663,0.0,0.0,0.0036116666666666667,0,10,2,NA,0,1,NA,2022-11-01 01:31:44.576000,NA,NA,NA,2022-11-01 10:35:37.374000,Week 5,0.003055,0.18611166666666665,1,1,2022-11-01 10:35:53.249000,2022-11-01 10:36:08.783000,0.0063883333333333335,0,1,2022-11-01 10:32:19.158000,2022-11-01 01:32:00.262000,0.6427783333333333,NA,5,NA,NA,2022-11-01 01:31:52.637000,0.0,NA,0.0,NA,NA,NA,NA,NA,NA,NA,NA,NA,NA,NA,NA,NA,NA,NA,NA,NA,NA,NA,NA,NA,NA,NA,NA,NA,NA,NA,5936,6960
0.56,0.4,0.52,0.24,0.72,0.64,0.6,0.6,64,1997,20_datatwo,31/10/22 - 06/11/22,0.9147216666666667,1.4563883333333332,0.0,0.021666666666666667,0.0,1.6613883333333332,0.0,04:03:14,01:56:00,8,25,0.057225,0.349445,0.0,0.0008333333333333334,0.0,0.0,0,10,13,NA,0,0,2022-10-31 17:08:42.223000,2022-10-31 17:08:45.746000,NA,2022-11-01 18:07:35.693000,NA,NA,Week 5,0.0,0.0,0,0,NA,NA,0.9063883333333334,1,4,NA,2022-10-31 17:08:50.222000,1.8772216666666666,NA,7,NA,NA,2022-11-01 16:35:56.372000,0.0,NA,1.0,NA,2022-11-05 13:34:30.449000,NA,NA,NA,NA,NA,NA,NA,NA,NA,NA,NA,NA,NA,NA,NA,NA,NA,NA,NA,NA,NA,NA,NA,NA,NA,14594,6960
0.48,0.52,0.56,0.24,0.52,0.52,0.56,0.48,52,1995,21_datatwo,31/10/22 - 06/11/22,0.0,0.01583333333333333,0.0,0.0,0.0,0.0,0.0,00:00:57,01:56:00,4,4,0.0008333333333333334,0.005833333333333333,0.001945,0.0,0.0,0.0,2,1,1,NA,0,0,2022-11-01 11:47:28.148000,2022-11-01 11:47:44.321000,NA,NA,NA,NA,Week 5,0.0,0.0,0,0,NA,NA,0.0,0,0,2022-11-01 11:48:04.871000,NA,0.0,NA,0,NA,NA,NA,0.0,NA,0.0,NA,NA,NA,NA,NA,NA,NA,NA,NA,NA,NA,NA,NA,NA,NA,NA,NA,NA,NA,NA,NA,NA,NA,NA,NA,NA,NA,57,6960
 , , , ,0.48,0.48,0.32,0.4,42,1996,22_datatwo,31/10/22 - 06/11/22,0.0,0.0,0.0,0.0,0.0,0.065,0.0,00:03:54,01:56:00,3,3,0.0,0.003055,0.0,0.0,0.025555,0.0,0,4,0,NA,1,0,NA,2022-11-05 10:27:47.419000,NA,NA,2022-11-05 10:31:00.977000,NA,Week 5,0.0,0.0,0,0,NA,NA,0.0,0,0,NA,NA,0.0,NA,0,NA,NA,NA,0.0,NA,0.0,NA,NA,NA,NA,NA,NA,NA,NA,NA,NA,NA,NA,NA,NA,NA,NA,NA,NA,NA,NA,NA,NA,NA,NA,NA,NA,NA,234,6960
0.36,0.32, , ,0.52,0.6,0.52,0.52,54,1987,23_datatwo,31/10/22 - 06/11/22,0.3591666666666667,1.2122216666666668,0.0,0.0,0.0,0.0,0.0,01:34:17,01:56:00,4,8,0.275835,0.018333333333333333,0.0,0.0,0.0,0.0,3,1,0,NA,0,0,2022-10-31 22:57:26.757000,2022-11-01 11:16:46.480000,NA,NA,NA,NA,Week 5,0.0,0.0,0,0,NA,NA,0.0,0,0,NA,NA,1.0008333333333332,NA,2,NA,NA,2022-11-01 11:17:52.061000,0.0,NA,0.0,NA,NA,NA,NA,NA,NA,NA,NA,NA,NA,NA,NA,NA,NA,NA,NA,NA,NA,NA,NA,NA,NA,NA,NA,NA,NA,NA,5657,6960
 , , , ,0.52,0.4,0.4,0.52,46,2000,24_datatwo,31/10/22 - 06/11/22,0.025555,1.4072216666666664,0.0,0.0,0.0,0.007221666666666667,0.0,01:26:23,01:56:00,6,6,0.010833333333333334,0.05611166666666667,0.0,0.000555,0.0,0.0,3,5,0,NA,0,0,2022-11-01 11:04:52.971000,2022-11-01 11:17:53.069000,NA,2022-11-01 12:27:12.790000,NA,NA,Week 5,0.0,0.0,0,0,NA,NA,0.0,1,0,NA,NA,1.1177783333333333,NA,4,NA,NA,2022-11-01 11:20:13.656000,0.0,NA,0.0,NA,NA,NA,NA,NA,NA,NA,NA,NA,NA,NA,NA,NA,NA,NA,NA,NA,NA,NA,NA,NA,NA,NA,NA,NA,NA,NA,5183,6960
 , , , ,0.68,0.68,0.6,0.6,64,1994,25_datatwo,31/10/22 - 06/11/22,2.9722216666666665,1.65,0.0,0.0,0.0,0.0,0.0,04:37:20,01:56:00,10,13,0.0022216666666666665,0.04666666666666666,0.025833333333333333,0.0033333333333333335,0.000555,0.12277833333333334,2,9,1,NA,1,2,2022-11-01 11:05:12.600000,2022-10-31 11:20:40.288000,NA,2022-10-31 14:17:15.035000,2022-10-31 11:30:53.847000,2022-10-31 11:22:07.254000,Week 5,1.3686116666666668,0.0,2,0,2022-10-31 11:28:52.210000,NA,0.0,2,0,2022-10-31 14:17:23.390000,NA,1.4202766666666666,NA,2,NA,NA,2022-10-31 12:52:39.679000,0.0,NA,0.0,NA,NA,NA,NA,NA,NA,NA,NA,NA,NA,NA,NA,NA,NA,NA,NA,NA,NA,NA,NA,NA,NA,NA,NA,NA,NA,NA,16640,6960
 , , , ,0.64,0.6,0.52,0.52,57,1995,26_datatwo,31/10/22 - 06/11/22,0.0,0.0,0.0,0.0,0.0,0.0,0.0,00:00:00,01:56:01,0,0,0.0,0.0,0.0,0.0,0.0,0.0,0,0,0,NA,0,0,NA,NA,NA,NA,NA,NA,Week 5,0.0,0.0,0,0,NA,NA,0.0,0,0,NA,NA,0.0,NA,0,NA,NA,NA,0.0,NA,0.0,NA,NA,NA,NA,NA,NA,NA,NA,NA,NA,NA,NA,NA,NA,NA,NA,NA,NA,NA,NA,NA,NA,NA,NA,NA,NA,NA,0,6961
 , , , ,0.68,0.68,0.64,0.68,67,1995,27_datatwo,31/10/22 - 06/11/22,0.0,0.0,0.0,0.0,0.0,0.0,0.0,00:00:00,01:56:02,0,0,0.0,0.0,0.0,0.0,0.0,0.0,0,0,0,NA,0,0,NA,NA,NA,NA,NA,NA,Week 5,0.0,0.0,0,0,NA,NA,0.0,0,0,NA,NA,0.0,NA,0,NA,NA,NA,0.0,NA,0.0,NA,NA,NA,NA,NA,NA,NA,NA,NA,NA,NA,NA,NA,NA,NA,NA,NA,NA,NA,NA,NA,NA,NA,NA,NA,NA,NA,0,6962
 ,0.4,0.52,0.52,0.76,0.68,0.68,0.68,70,1991,28_datatwo,31/10/22 - 06/11/22,3.83,0.6166666666666667,0.0,0.0,0.0,0.0,0.0,04:26:48,01:56:00,7,11,0.30194499999999996,1.9177783333333336,0.0016666666666666668,0.0016666666666666668,0.0,0.0,4,5,1,NA,0,0,2022-10-31 14:39:11.372000,2022-10-31 16:33:36.500000,NA,2022-11-01 15:25:20.763000,NA,NA,Week 5,0.0,0.0,0,0,NA,NA,0.0,1,0,2022-11-01 16:30:37.923000,NA,0.6155550000000001,NA,4,NA,NA,2022-10-31 16:33:41.741000,0.0,NA,0.0,NA,NA,NA,NA,NA,NA,NA,NA,NA,NA,NA,NA,NA,NA,NA,NA,NA,NA,NA,NA,NA,NA,NA,NA,NA,NA,NA,16008,6960
 , , , ,0.68,0.68,0.76,0.68,70,1981,29_datatwo,31/10/22 - 06/11/22,0.0,0.784445,0.0,0.6208333333333333,0.0,0.0,0.0,01:24:19,01:56:00,8,10,0.53,0.40722166666666665,0.0022216666666666665,0.0,0.0027783333333333336,0.042499999999999996,4,10,1,NA,1,3,2022-11-03 08:49:42.306000,2022-11-01 11:19:55.172000,NA,NA,2022-11-03 09:21:40.044000,2022-11-03 08:49:06.080000,Week 5,0.0,0.012778333333333334,0,1,NA,2022-11-03 09:20:42.994000,0.0,0,1,2022-11-03 19:25:07.232000,2022-11-03 09:24:51.063000,0.38166666666666665,NA,3,NA,NA,2022-11-01 11:19:58.892000,0.0,NA,0.0,NA,NA,NA,NA,NA,NA,NA,NA,NA,NA,NA,NA,NA,NA,NA,NA,NA,NA,NA,NA,NA,NA,NA,NA,NA,NA,NA,5059,6960
0.4, , , ,0.68,0.64,0.64,0.68,66,1981,30_datatwo,31/10/22 - 06/11/22,0.0,1.605,0.0,0.0,0.0,0.0,0.0,01:36:18,01:56:00,5,5,0.0,0.0013883333333333332,0.0,0.0013883333333333332,0.0,0.0,1,2,0,NA,0,0,2022-11-01 17:34:40.076000,2022-11-01 15:58:28.982000,NA,2022-11-01 15:58:24.132000,NA,NA,Week 5,0.0,0.0,0,0,NA,NA,0.0,1,0,NA,NA,1.601111666666667,NA,2,NA,NA,2022-11-01 15:58:31.611000,0.0,NA,0.0,NA,NA,NA,NA,NA,NA,NA,NA,NA,NA,NA,NA,NA,NA,NA,NA,NA,NA,NA,NA,NA,NA,NA,NA,NA,NA,NA,5778,6960
0.56,0.44,0.48, ,0.6,0.6,0.56,0.52,57,1992,31_datatwo,31/10/22 - 06/11/22,2.5113883333333336,1.3924999999999998,0.06527833333333334,0.05083333333333333,0.0,0.0,0.6716666666666666,04:41:30,01:56:00,7,24,0.05722,0.010278333333333334,0.0,0.0,0.0,0.0,20,4,0,NA,0,0,2022-10-31 11:18:10.733000,2022-10-31 13:20:58.971000,NA,2022-10-31 23:13:11.915000,NA,NA,Week 5,0.0,0.031944999999999994,0,3,NA,2022-10-31 13:21:21.066000,0.0,1,0,NA,NA,1.3727783333333334,NA,1,NA,NA,2022-11-01 16:01:54.536000,0.0,NA,0.0,NA,NA,NA,NA,NA,NA,NA,NA,NA,NA,NA,NA,NA,NA,NA,NA,NA,NA,NA,NA,NA,NA,NA,NA,NA,NA,NA,16890,6960
 , , , ,0.6,0.6,0.56,0.64,60,1994,32_datatwo,31/10/22 - 06/11/22,0.0,0.0,0.0,0.0,0.0,0.0,0.0,00:00:00,01:56:01,0,0,0.0,0.0,0.0,0.0,0.0,0.0,0,0,0,NA,0,0,NA,NA,NA,NA,NA,NA,Week 5,0.0,0.0,0,0,NA,NA,0.0,0,0,NA,NA,0.0,NA,0,NA,NA,NA,0.0,NA,0.0,NA,NA,NA,NA,NA,NA,NA,NA,NA,NA,NA,NA,NA,NA,NA,NA,NA,NA,NA,NA,NA,NA,NA,NA,NA,NA,NA,0,6961
 , , , ,0.42,0.52,0.56,0.54,51,1989,33_datatwo,31/10/22 - 06/11/22,0.6211116666666666,0.0,0.005555000000000001,0.04888833333333333,0.0,0.0,0.0,00:40:32,01:56:00,5,16,0.0,0.010278333333333334,0.0013883333333333332,0.0,0.0,0.0,0,10,2,NA,0,0,NA,2022-10-31 07:46:48.938000,NA,NA,NA,NA,Week 5,0.0,0.028055,0,4,NA,2022-10-31 07:46:52.288000,0.3647216666666667,0,1,2022-11-02 17:33:28.908000,2022-10-31 08:01:20.830000,0.0,NA,0,NA,NA,NA,0.0,NA,0.0,NA,NA,NA,NA,NA,NA,NA,NA,NA,NA,NA,NA,NA,NA,NA,NA,NA,NA,NA,NA,NA,NA,NA,NA,NA,NA,NA,2432,6960
 , , , ,0.64,0.6,0.68,0.68,65,1991,34_datatwo,31/10/22 - 06/11/22,0.0,0.014721666666666666,0.0,0.17972166666666667,0.0,0.0,0.0,00:11:40,01:56:00,8,11,0.04833333333333333,0.005278333333333333,0.0008333333333333334,0.0,0.0013883333333333332,0.0,1,6,1,NA,1,1,2022-11-03 15:35:39.069000,2022-11-01 10:32:42.416000,NA,NA,2022-11-03 15:38:48.999000,2022-11-01 11:45:06.980000,Week 5,0.0008333333333333334,0.0,1,0,2022-11-03 15:38:41.803000,NA,0.0,0,0,2022-11-01 11:45:01.201000,NA,0.008055,NA,2,NA,NA,2022-11-01 10:32:45.593000,0.0,NA,0.0,NA,NA,NA,NA,NA,NA,NA,NA,NA,NA,NA,NA,NA,NA,NA,NA,NA,NA,NA,NA,NA,NA,NA,NA,NA,NA,NA,700,6960
0.36,0.28, , ,0.52,0.52,0.52,0.52,52,1981,35_datatwo,31/10/22 - 06/11/22,1.8316666666666668,2.1602783333333333,0.0,0.0,0.0,0.026388333333333337,0.0,04:01:06,01:56:00,6,13,0.54861,0.04472333333333333,0.0,0.0,0.0,0.0,5,7,0,NA,0,0,2022-10-31 21:22:46.650000,2022-10-31 07:11:21.448000,NA,NA,NA,NA,Week 5,0.0,0.0,0,0,NA,NA,0.0,0,2,NA,2022-10-31 07:13:24.599000,2.1544450000000004,NA,3,NA,NA,2022-11-01 09:33:28.159000,0.0,NA,0.0,NA,NA,NA,NA,NA,NA,NA,NA,NA,NA,NA,NA,NA,NA,NA,NA,NA,NA,NA,NA,NA,NA,NA,NA,NA,NA,NA,14466,6960
 , , , ,0.52,0.52,0.52,0.56,53,1994,36_datatwo,31/10/22 - 06/11/22,0.0,0.6922216666666667,0.0,0.0,0.0,0.0,0.0,00:41:32,01:56:00,2,2,0.0,0.0033333333333333335,0.0,0.0,0.0,0.0,0,2,0,NA,0,0,NA,2022-11-01 11:02:22.201000,NA,NA,NA,NA,Week 5,0.0,0.0,0,0,NA,NA,0.0,0,0,NA,NA,0.6866666666666668,NA,2,NA,NA,2022-11-01 11:02:29.316000,0.0,NA,0.0,NA,NA,NA,NA,NA,NA,NA,NA,NA,NA,NA,NA,NA,NA,NA,NA,NA,NA,NA,NA,NA,NA,NA,NA,NA,NA,NA,2492,6960
0.48,0.64, , ,0.52,0.64,0.32,0.56,51,1986,37_datatwo,31/10/22 - 06/11/22,0.023888333333333334,0.6569433333333333,0.0,0.0,0.0,0.0,0.0,00:40:50,01:56:00,6,9,0.045555,0.055555,0.0,0.0,0.0,0.0,11,6,0,NA,0,0,2022-10-31 19:13:44.985000,2022-11-01 11:04:11.679000,NA,NA,NA,NA,Week 5,0.0,0.0,0,0,NA,NA,0.001945,0,1,NA,2022-11-01 11:43:18.398000,0.42111166666666666,NA,5,NA,NA,2022-11-01 11:04:16.494000,0.0,NA,0.0,NA,NA,NA,NA,NA,NA,NA,NA,NA,NA,NA,NA,NA,NA,NA,NA,NA,NA,NA,NA,NA,NA,NA,NA,NA,NA,NA,2450,6960
 , , , ,0.44,0.52,0.4,0.52,47,1992,38_datatwo,31/10/22 - 06/11/22,0.0,0.0,0.0,0.036388333333333335,0.0,0.0,0.0,00:02:11,01:56:00,0,0,0.0,0.0,0.0,0.0,0.0,0.0,0,0,0,NA,0,0,NA,NA,NA,NA,NA,NA,Week 5,0.0,0.0,0,0,NA,NA,0.0,0,0,NA,NA,0.0,NA,0,NA,NA,NA,0.0,NA,0.0,NA,NA,NA,NA,NA,NA,NA,NA,NA,NA,NA,NA,NA,NA,NA,NA,NA,NA,NA,NA,NA,NA,NA,NA,NA,NA,NA,131,6960
 , , , ,0.52,0.6,0.52,0.52,54,1992,39_datatwo,31/10/22 - 06/11/22,0.0,1.0963883333333333,0.0,0.0,0.0,0.0,0.0,01:05:47,01:56:00,5,5,0.014445000000000001,0.028611666666666664,0.0,0.003888333333333333,0.0,0.0,1,5,0,NA,0,0,2022-11-01 12:25:24.947000,2022-11-01 11:22:20.123000,NA,2022-11-01 12:27:11.967000,NA,NA,Week 5,0.0,0.0,0,0,NA,NA,0.0,1,0,NA,NA,1.0452783333333333,NA,2,NA,NA,2022-11-01 11:22:32.369000,0.0,NA,0.0,NA,NA,NA,NA,NA,NA,NA,NA,NA,NA,NA,NA,NA,NA,NA,NA,NA,NA,NA,NA,NA,NA,NA,NA,NA,NA,NA,3947,6960
0.52,0.52,0.48, ,0.56,0.56,0.6,0.56,57,1996,40_datatwo,31/10/22 - 06/11/22,0.023611666666666663,0.0,0.0,0.0,0.0,0.0,0.0,00:01:25,01:56:00,2,2,0.0011116666666666666,0.0,0.0,0.0,0.0,0.0,1,0,0,NA,0,0,2022-10-31 11:02:49.940000,NA,NA,NA,NA,NA,Week 5,0.0,0.0,0,0,NA,NA,0.0,0,0,NA,NA,0.0,NA,0,NA,NA,NA,0.0,NA,0.0,NA,NA,NA,NA,NA,NA,NA,NA,NA,NA,NA,NA,NA,NA,NA,NA,NA,NA,NA,NA,NA,NA,NA,NA,NA,NA,NA,85,6960
 , , , ,0.56,0.52,0.4,0.6,52,1997,41_datatwo,31/10/22 - 06/11/22,0.0,0.6461116666666666,0.0,0.0,0.0,0.0,0.0,00:38:46,01:56:00,3,3,0.0,0.0022216666666666665,0.0,0.0,0.0,0.0,0,3,0,NA,0,0,NA,2022-11-01 11:17:04.427000,NA,NA,NA,NA,Week 5,0.0,0.0,0,0,NA,NA,0.044445,0,1,NA,2022-11-01 11:17:07.556000,0.595555,NA,2,NA,NA,2022-11-01 11:19:50.276000,0.0,NA,0.0,NA,NA,NA,NA,NA,NA,NA,NA,NA,NA,NA,NA,NA,NA,NA,NA,NA,NA,NA,NA,NA,NA,NA,NA,NA,NA,NA,2326,6960
0.28,0.4,0.4,0.36,0.52,0.56,0.52,0.56,54,1996,42_datatwo,31/10/22 - 06/11/22,2.4738883333333335,0.12583333333333332,0.9547233333333334,0.0,0.0,0.0,0.059166666666666666,03:36:49,01:56:00,11,20,0.7652783333333333,0.014443333333333334,0.0016666666666666668,0.0,0.05777833333333334,0.00027833333333333334,23,15,2,NA,1,2,2022-10-31 22:44:20.990000,2022-10-31 13:35:48.567000,NA,NA,2022-11-06 20:55:34.161000,2022-11-06 17:22:46.276000,Week 5,0.000555,0.0008333333333333334,2,4,2022-11-06 17:22:48.337000,2022-11-06 17:22:50.804000,0.0,0,1,2022-11-05 15:19:30.224000,2022-10-31 13:35:58.022000,0.11861166666666666,NA,2,NA,NA,2022-11-01 11:22:09.931000,0.0,NA,0.0,NA,NA,NA,NA,NA,NA,NA,NA,NA,NA,NA,NA,NA,NA,NA,NA,NA,NA,NA,NA,NA,NA,NA,NA,NA,NA,NA,13009,6960
 ,0.44,0.44, ,0.52,0.56,0.52,0.6,55,1991,43_datatwo,31/10/22 - 06/11/22,1.7863883333333332,0.6663883333333334,0.0,0.0,0.0,0.0,0.0,02:27:10,01:56:00,11,15,0.090555,0.008611666666666665,0.022778333333333334,0.0025,0.0,0.0,5,6,5,NA,0,0,2022-10-31 20:41:03.718000,2022-10-31 15:47:08.953000,NA,2022-10-31 20:43:23.910000,NA,NA,Week 5,0.0,1.2361116666666667,0,1,NA,2022-10-31 15:47:12.189000,0.0,1,1,2022-10-31 20:42:10.271000,2022-10-31 17:01:28.694000,0.6583333333333333,NA,1,NA,NA,2022-11-01 11:07:40.472000,0.0,NA,0.0,NA,NA,NA,NA,NA,NA,NA,NA,NA,NA,NA,NA,NA,NA,NA,NA,NA,NA,NA,NA,NA,NA,NA,NA,NA,NA,NA,8830,6960
0.56,0.68,0.72,0.72,0.72,0.76,0.8,0.8,77,1986,44_datatwo,31/10/22 - 06/11/22,3.3608333333333333,0.06638833333333333,0.7152783333333333,0.0,0.7547216666666667,0.009166666666666667,3.5258333333333334,08:25:56,01:56:00,5,20,0.8608349999999999,0.11527833333333334,0.0,0.0,0.0,0.0,7,8,0,NA,0,0,2022-10-31 09:33:15.874000,2022-11-01 17:24:24.372000,NA,NA,NA,NA,Week 5,0.0,0.0,0,0,NA,NA,0.0,0,0,NA,NA,0.0047216666666666665,NA,2,NA,NA,2022-11-02 23:24:58.393000,3.7136116666666665,NA,5.0,NA,2022-11-01 17:24:27.264000,NA,NA,NA,NA,NA,NA,NA,NA,NA,NA,NA,NA,NA,NA,NA,NA,NA,NA,NA,NA,NA,NA,NA,NA,NA,30356,6960
0.44,0.56,0.48, ,0.56,0.64,0.68,0.6,62,1989,45_datatwo,31/10/22 - 06/11/22,0.09388833333333334,1.560555,0.0,0.0,0.0,0.0,0.0,01:39:16,01:56:00,7,12,0.07639,0.0033333333333333335,0.0,0.0022216666666666665,0.0,0.0,10,4,1,NA,0,0,2022-10-31 01:03:39.326000,2022-10-31 01:04:21.797000,NA,2022-10-31 01:06:26.505000,NA,NA,Week 5,0.0,0.0,0,0,NA,NA,0.03388833333333333,1,2,2022-11-01 00:46:41.842000,2022-10-31 01:04:24.370000,1.1363883333333333,NA,3,NA,NA,2022-11-01 11:44:44.625000,0.0,NA,0.0,NA,NA,NA,NA,NA,NA,NA,NA,NA,NA,NA,NA,NA,NA,NA,NA,NA,NA,NA,NA,NA,NA,NA,NA,NA,NA,NA,5956,6960
0.36,0.4,NA,0.68,0.8,0.72,0.72,0.68,73,1992,46_datatwo,27/02/23 - 05/03/23,0.405,0.0,0.0,0.0,1.2088883333333333,0.0,2.7275,04:20:29,03:05:04,7,12,0.05277833333333334,0.007500000000000001,0.000555,0.0,0.0,0.0,9,3,1,NA,0,0,2023-03-06 03:12:55.281000,2023-03-06 12:31:24.505000,NA,NA,NA,NA,Week 5,0.0,0.27472166666666664,0,1,NA,2023-03-13 00:58:24.240000,1.6333333333333333,0,1,2023-03-06 12:31:24.631000,2023-03-13 01:15:11.069000,0.0,NA,0,NA,NA,NA,0.0,0.0047216666666666665,0.0,1.0,NA,2023-03-06 12:24:53.033000,NA,NA,NA,NA,NA,NA,NA,NA,NA,NA,NA,NA,NA,NA,NA,NA,NA,NA,NA,NA,NA,NA,NA,NA,15629,11104
0.52,0.6,0.52,0.72,0.64,0.68,0.68,0.8,70,1999,47_datatwo,27/02/23 - 05/03/23,0.045555,1.6366666666666667,0.083055,0.0016666666666666668,0.0,0.0,0.0,01:46:01,03:05:04,9,21,0.016111666666666666,0.0016666666666666668,0.000555,0.001945,0.0,0.0,11,4,1,NA,0,0,2023-03-06 15:55:12.827000,2023-03-07 12:15:15.899000,NA,2023-03-07 12:32:08.176000,NA,NA,Week 5,0.0,0.0,0,0,NA,NA,0.0,3,0,2023-03-07 12:32:06.440000,NA,1.6055549999999998,NA,2,NA,NA,2023-03-07 12:15:18.398000,0.0,0.08388833333333333,0.0,7.0,NA,2023-03-06 15:55:28.785000,NA,NA,NA,NA,NA,NA,NA,NA,NA,NA,NA,NA,NA,NA,NA,NA,NA,NA,NA,NA,NA,NA,NA,NA,6361,11104
0.48,0.6,0.48,0.52,0.64,0.64,0.56,0.56,60,1989,48_datatwo,27/02/23 - 05/03/23,3.0011116666666666,1.5827783333333334,0.04611166666666667,0.0,0.0,0.0,0.0,04:37:48,03:05:04,7,15,0.007500000000000001,0.0022216666666666665,0.0,0.0,0.0,0.0,9,4,0,NA,0,0,2023-03-06 12:12:27.469000,2023-03-07 12:10:38.313000,NA,NA,NA,NA,Week 5,0.0,0.0,0,0,NA,NA,0.0,0,0,NA,NA,1.150555,NA,2,NA,NA,2023-03-07 12:10:40.873000,0.0,0.021943333333333332,0.0,4.0,NA,2023-03-06 12:37:25.974000,NA,NA,NA,NA,NA,NA,NA,NA,NA,NA,NA,NA,NA,NA,NA,NA,NA,NA,NA,NA,NA,NA,NA,NA,16668,11104
NA,NA,NA,NA,0.56,0.64,0.56,0.64,60,1995,49_datatwo,27/02/23 - 05/03/23,0.0,0.3975,0.042221666666666664,4.2819433333333325,0.0,0.0,0.0,04:43:17,03:05:04,9,17,1.135555,0.12222166666666666,0.0063883333333333335,0.000555,0.0,0.0,1,12,1,NA,0,0,2023-03-09 10:40:23.085000,2023-03-07 10:09:22.684000,NA,2023-03-09 16:17:14.813000,NA,NA,Week 5,0.0,3.0994450000000002,0,7,NA,2023-03-08 11:20:10.173000,0.0063883333333333335,1,2,2023-03-09 10:32:17.637000,2023-03-07 10:16:04.124000,0.26888833333333334,NA,3,NA,NA,2023-03-07 10:16:09.171000,0.0,0.0,0.0,0.0,NA,NA,NA,NA,NA,NA,NA,NA,NA,NA,NA,NA,NA,NA,NA,NA,NA,NA,NA,NA,NA,NA,NA,NA,NA,NA,16997,11104
0.48,0.4,NA,0.4,0.72,0.76,0.68,0.72,72,1988,50_datatwo,27/02/23 - 05/03/23,3.126388333333333,1.3197216666666665,0.0,0.0,0.036388333333333335,7.303333333333333,0.004445,11:47:25,03:05:04,9,27,3.2924983333333335,0.11694500000000001,0.0016666666666666668,0.0,1.3611116666666667,0.0,23,10,2,NA,2,0,2023-03-06 09:59:48.341000,2023-03-07 12:25:51.616000,NA,NA,2023-03-11 10:50:50.806000,NA,Week 5,0.0,0.021943333333333332,0,2,NA,2023-03-10 14:21:48.482000,1.6094450000000002,0,2,2023-03-07 12:32:28.177000,2023-03-07 12:25:57.219000,1.2602783333333334,NA,3,NA,NA,2023-03-07 12:26:27.873000,0.0,0.2547216666666667,0.0,9.0,NA,2023-03-06 13:01:41.380000,NA,NA,NA,NA,NA,NA,NA,NA,NA,NA,NA,NA,NA,NA,NA,NA,NA,NA,NA,NA,NA,NA,NA,NA,42445,11104
0.56,0.68,0.72,0.76,0.72,0.76,0.72,0.8,75,1994,51_datatwo,27/02/23 - 05/03/23,2.209445,1.2255566666666666,0.0,0.0,0.0,1.1672216666666666,0.0,04:36:08,03:05:04,13,25,0.022223333333333335,0.005555000000000001,0.0013883333333333332,0.0011116666666666666,0.0,0.0,9,7,3,NA,0,0,2023-03-06 12:32:01.844000,2023-03-06 20:36:49.176000,NA,2023-03-06 20:37:49.192000,NA,NA,Week 5,0.0,0.9116666666666667,0,8,NA,2023-03-06 20:36:51.622000,0.06861166666666667,4,1,2023-03-07 12:07:24.483000,2023-03-11 14:20:03.835000,1.213055,NA,2,NA,NA,2023-03-07 12:07:27.383000,0.0,1.0602766666666665,0.0,4.0,NA,2023-03-06 12:32:05.334000,NA,NA,NA,NA,NA,NA,NA,NA,NA,NA,NA,NA,NA,NA,NA,NA,NA,NA,NA,NA,NA,NA,NA,NA,16568,11104
0.44,0.4,NA,NA,0.64,0.52,0.56,0.64,60,1997,52_datatwo,27/02/23 - 05/03/23,1.9713883333333333,1.4075,0.0,2.3988883333333333,0.0,0.0,0.0,05:46:40,03:05:04,9,14,1.8152766666666666,0.0175,0.0008333333333333334,0.0027766666666666664,0.0,0.0,8,4,1,NA,0,0,2023-03-06 12:17:40.721000,2023-03-06 14:03:23.690000,NA,2023-03-06 14:39:48.243000,NA,NA,Week 5,0.0,0.009166666666666667,0,3,NA,2023-03-06 14:03:26.472000,0.0,2,0,2023-03-06 14:03:20.600000,NA,1.3411116666666667,NA,1,NA,NA,2023-03-07 12:08:58.154000,0.0,0.06638833333333333,0.0,4.0,NA,2023-03-06 14:30:08.977000,NA,NA,NA,NA,NA,NA,NA,NA,NA,NA,NA,NA,NA,NA,NA,NA,NA,NA,NA,NA,NA,NA,NA,NA,20800,11104
0.36,NA,NA,0.76,0.68,0.68,0.68,0.76,70,1991,53_datatwo,27/02/23 - 05/03/23,0.0,1.8030549999999999,0.015000000000000001,1.1991666666666667,1.9491666666666667,0.0,0.0,04:57:59,03:05:04,11,20,0.06388999999999999,0.01583333333333333,0.0008333333333333334,0.0008333333333333334,0.0,0.0,13,5,1,NA,0,0,2023-03-07 12:06:11.914000,2023-03-07 12:10:38.181000,NA,2023-03-07 13:52:38.536000,NA,NA,Week 5,0.0,1.1888883333333333,0,1,NA,2023-03-09 13:05:07.749000,1.7761116666666668,1,2,2023-03-10 12:55:59.380000,2023-03-09 14:16:32.451000,1.6513883333333332,NA,1,NA,NA,2023-03-07 12:11:12.596000,0.0,0.023888333333333334,0.0,6.0,NA,2023-03-07 12:06:16.928000,NA,NA,NA,NA,NA,NA,NA,NA,NA,NA,NA,NA,NA,NA,NA,NA,NA,NA,NA,NA,NA,NA,NA,NA,17879,11104
0.52,NA,0.52,0.52,0.6,0.68,0.56,0.56,60,1992,54_datatwo,27/02/23 - 05/03/23,1.1475,0.003888333333333333,0.1408333333333333,0.0,0.0,0.0,0.0063883333333333335,01:17:55,03:05:04,6,15,0.17833333333333332,0.0008333333333333334,0.03166666666666666,0.0,0.0,0.0,11,1,1,NA,0,0,2023-03-06 17:40:27.950000,2023-03-07 12:07:15.002000,NA,NA,NA,NA,Week 5,0.0,0.0,0,0,NA,NA,0.0,0,0,2023-03-06 17:38:33.745000,NA,0.0,NA,1,NA,NA,2023-03-07 12:07:17.946000,0.0,0.0063883333333333335,0.0,3.0,NA,2023-03-06 17:50:44.481000,NA,NA,NA,NA,NA,NA,NA,NA,NA,NA,NA,NA,NA,NA,NA,NA,NA,NA,NA,NA,NA,NA,NA,NA,4675,11104
NA,NA,NA,NA,0.48,0.56,0.56,0.6,55,1992,55_datatwo,27/02/23 - 05/03/23,0.0,0.0,0.0,0.0,0.0,0.0,0.0,00:00:00,03:05:04,0,0,0.0,0.0,0.0,0.0,0.0,0.0,0,0,0,NA,0,0,NA,NA,NA,NA,NA,NA,Week 5,0.0,0.0,0,0,NA,NA,0.0,0,0,NA,NA,0.0,NA,0,NA,NA,NA,0.0,0.0,0.0,0.0,NA,NA,NA,NA,NA,NA,NA,NA,NA,NA,NA,NA,NA,NA,NA,NA,NA,NA,NA,NA,NA,NA,NA,NA,NA,NA,0,11104
0.56,NA,NA,NA,0.64,0.76,0.76,0.76,73,1985,56_datatwo,27/02/23 - 05/03/23,0.22888833333333336,1.8658333333333335,0.0,0.0,0.0,0.0,0.0,02:05:41,03:05:04,6,9,0.025,0.004166666666666667,0.0,0.0,0.0,0.0,6,4,0,NA,0,0,2023-03-06 02:23:04.517000,2023-03-07 12:09:38.975000,NA,NA,NA,NA,Week 5,0.0,0.0,0,0,NA,NA,0.026945,0,2,NA,2023-03-07 18:17:56.751000,1.8313883333333332,NA,1,NA,NA,2023-03-07 12:09:43.560000,0.0,0.0016666666666666668,0.0,1.0,NA,2023-03-06 18:37:28.650000,NA,NA,NA,NA,NA,NA,NA,NA,NA,NA,NA,NA,NA,NA,NA,NA,NA,NA,NA,NA,NA,NA,NA,NA,7541,11104
NA,NA,0.6,NA,0.68,0.68,0.72,0.8,72,1987,57_datatwo,27/02/23 - 05/03/23,0.0,0.6527783333333333,0.021666666666666667,0.0027783333333333336,0.06888833333333334,0.0,0.21333333333333335,00:57:34,03:05:04,9,20,0.11305499999999999,0.019164999999999998,0.0,0.0,0.0,0.0027783333333333336,6,12,0,NA,0,1,2023-03-10 16:57:13.260000,2023-03-07 12:31:32.078000,NA,NA,NA,2023-03-07 13:08:54.257000,Week 5,0.0,0.03944333333333334,0,2,NA,2023-03-07 13:09:06.868000,0.036388333333333335,0,3,NA,2023-03-08 22:07:23.429000,0.026945,NA,5,NA,NA,2023-03-07 12:31:34.543000,0.0,0.015278333333333335,0.0,2.0,NA,2023-03-10 16:57:22.282000,NA,NA,NA,NA,NA,NA,NA,NA,NA,NA,NA,NA,NA,NA,NA,NA,NA,NA,NA,NA,NA,NA,NA,NA,3454,11104
NA,NA,NA,NA,0.4,0.48,0.4,0.52,45,1998,58_datatwo,27/02/23 - 05/03/23,0.0,0.0,0.0,0.0,0.0,0.0,0.0,00:00:00,03:05:04,0,0,0.0,0.0,0.0,0.0,0.0,0.0,0,0,0,NA,0,0,NA,NA,NA,NA,NA,NA,Week 5,0.0,0.0,0,0,NA,NA,0.0,0,0,NA,NA,0.0,NA,0,NA,NA,NA,0.0,0.0,0.0,0.0,NA,NA,NA,NA,NA,NA,NA,NA,NA,NA,NA,NA,NA,NA,NA,NA,NA,NA,NA,NA,NA,NA,NA,NA,NA,NA,0,11104
0.68,0.72,0.48,0.72,0.68,0.72,0.76,0.76,73,1994,59_datatwo,27/02/23 - 05/03/23,2.1477799999999996,0.4983333333333333,0.0,0.005555000000000001,0.0,2.2127783333333335,0.500555,05:21:54,03:05:04,16,41,0.9486116666666666,0.014168333333333333,0.03277833333333333,0.8274983333333333,0.0,0.0,14,12,8,NA,1,0,2023-03-06 11:49:22.344000,2023-03-06 11:49:20.297000,NA,2023-03-06 07:15:01.223000,2023-03-12 08:26:10.250000,NA,Week 5,0.0,0.0,0,0,NA,NA,0.0,12,0,2023-03-06 07:14:46.511000,NA,0.45,NA,1,NA,NA,2023-03-07 12:14:36.912000,0.0,2.2677783333333332,0.0,7.0,NA,2023-03-06 13:55:31.474000,NA,NA,NA,NA,NA,NA,NA,NA,NA,NA,NA,NA,NA,NA,NA,NA,NA,NA,NA,NA,NA,NA,NA,NA,19314,11104
0.56,0.7,NA,NA,0.68,0.76,0.8,0.8,76,1998,60_datatwo,27/02/23 - 05/03/23,1.584445,2.930833333333333,0.0,0.0,0.0047216666666666665,0.0,1.2533333333333334,05:46:24,03:05:04,18,32,0.05972333333333333,0.01,0.0008333333333333334,0.001945,1.0338883333333333,0.00027833333333333334,12,7,1,NA,2,1,2023-03-06 11:43:10.455000,2023-03-06 11:43:50.345000,NA,2023-03-06 11:43:57.299000,2023-03-07 08:12:32.041000,2023-03-07 08:12:33.559000,Week 5,0.000555,2.7452783333333333,1,1,2023-03-07 08:12:34.270000,2023-03-07 08:12:36.036000,0.11916666666666667,3,2,2023-03-06 11:44:08.072000,2023-03-12 11:33:02.163000,0.023611666666666663,NA,2,NA,NA,2023-03-07 12:46:39.360000,0.0,0.015276666666666668,0.0,3.0,NA,2023-03-07 10:58:07.660000,NA,NA,NA,NA,NA,NA,NA,NA,NA,NA,NA,NA,NA,NA,NA,NA,NA,NA,NA,NA,NA,NA,NA,NA,20784,11104
0.6,0.4,NA,0.72,0.8,0.76,0.72,0.8,77,1994,61_datatwo,27/02/23 - 05/03/23,0.090555,1.3627783333333334,0.03388833333333333,0.0,0.0,1.6058333333333332,2.3044450000000003,05:23:51,03:05:04,10,20,0.8538883333333334,0.03777833333333334,0.000555,0.0,0.0,0.0,14,14,1,NA,0,0,2023-03-06 19:49:38.610000,2023-03-06 23:10:02.795000,NA,NA,NA,NA,Week 5,0.0,0.0,0,0,NA,NA,2.281388333333333,0,6,2023-03-11 19:34:28.829000,2023-03-07 12:27:13.943000,1.0122216666666666,NA,8,NA,NA,2023-03-06 23:10:08.618000,0.0,0.048056666666666664,0.0,4.0,NA,2023-03-06 19:50:16.754000,NA,NA,NA,NA,NA,NA,NA,NA,NA,NA,NA,NA,NA,NA,NA,NA,NA,NA,NA,NA,NA,NA,NA,NA,19431,11104
NA,NA,NA,NA,0.68,0.64,0.56,0.52,60,2001,62_datatwo,27/02/23 - 05/03/23,5.043333333333334,2.709166666666667,0.0,0.005,0.08805666666666667,0.0,1.82361,09:40:09,03:05:04,18,48,0.20083333333333334,0.7091666666666666,0.030831666666666667,0.0,0.018055,0.32361166666666663,18,41,5,NA,1,3,2023-03-06 13:34:27.880000,2023-03-06 13:43:29.070000,NA,2023-03-07 18:35:59.618000,2023-03-07 22:15:56.245000,2023-03-06 14:04:06.735000,Week 5,0.0047216666666666665,3.354721666666667,1,19,2023-03-07 22:18:54.826000,2023-03-06 13:43:31.813000,0.0625,1,5,2023-03-06 13:58:02.750000,2023-03-07 18:33:39.557000,1.8541666666666667,NA,6,NA,NA,2023-03-07 12:07:04.132000,0.0,1.6547233333333333,0.0,11.0,NA,2023-03-06 18:24:45.955000,NA,NA,NA,NA,NA,NA,NA,NA,NA,NA,NA,NA,NA,NA,NA,NA,NA,NA,NA,NA,NA,NA,NA,NA,34809,11104
0.56,0.6,0.6,0.64,0.64,0.68,0.68,0.68,67,1993,63_datatwo,27/02/23 - 05/03/23,0.3022216666666667,0.8291666666666667,1.3513883333333332,0.08222166666666667,0.015000000000000001,3.6991666666666663,1.0752783333333333,07:21:16,03:05:04,10,33,0.13277833333333333,0.19694333333333333,0.000555,0.0025,0.0,0.0,22,13,1,NA,0,0,2023-03-06 10:52:14.557000,2023-03-06 10:53:54.028000,NA,2023-03-12 00:57:13.032000,NA,NA,Week 5,0.0,0.083055,0,3,NA,2023-03-11 17:25:41.582000,0.0125,1,4,2023-03-06 10:53:44.052000,2023-03-11 17:25:21.236000,0.6477783333333333,NA,4,NA,NA,2023-03-07 12:18:37.539000,0.0,4.636945,0.0,10.0,NA,2023-03-06 12:14:00.355000,NA,NA,NA,NA,NA,NA,NA,NA,NA,NA,NA,NA,NA,NA,NA,NA,NA,NA,NA,NA,NA,NA,NA,NA,26476,11104
0.52,NA,NA,NA,0.52,0.52,0.56,0.72,58,1998,64_datatwo,27/02/23 - 05/03/23,0.061388333333333336,1.486945,0.0,0.0,0.028888333333333335,0.0,0.0,01:34:38,03:05:04,6,10,0.0325,0.031111666666666666,0.0008333333333333334,0.0,0.0,0.0,8,3,1,NA,0,0,2023-03-06 20:56:07.421000,2023-03-07 12:08:22.625000,NA,NA,NA,NA,Week 5,0.0,0.0,0,0,NA,NA,0.0,0,0,2023-03-07 12:08:19.659000,NA,1.325555,NA,3,NA,NA,2023-03-07 12:08:28.496000,0.0,0.06027833333333334,0.0,4.0,NA,2023-03-06 20:56:12.335000,NA,NA,NA,NA,NA,NA,NA,NA,NA,NA,NA,NA,NA,NA,NA,NA,NA,NA,NA,NA,NA,NA,NA,NA,5678,11104
0.44,NA,NA,0.24,0.72,0.68,0.58,0.54,63,1982,65_datatwo,27/02/23 - 05/03/23,0.2902783333333333,0.029721666666666667,0.0,0.0,0.0,1.7230549999999998,0.0,02:02:35,03:05:04,6,10,0.069445,0.0033333333333333335,0.0,0.017221666666666666,0.0,0.0,4,3,0,NA,0,0,2023-03-06 18:17:16,2023-03-07 12:15:06.257000,NA,2023-03-11 14:39:04.486000,NA,NA,Week 5,0.0,0.0,0,0,NA,NA,0.0,1,0,NA,NA,0.0,NA,1,NA,NA,2023-03-07 12:15:18.500000,0.0,0.5941666666666666,0.0,3.0,NA,2023-03-06 18:20:08.028000,NA,NA,NA,NA,NA,NA,NA,NA,NA,NA,NA,NA,NA,NA,NA,NA,NA,NA,NA,NA,NA,NA,NA,NA,7355,11104
NA,NA,NA,NA,0.58,0.58,0.58,0.58,58,1980,66_datatwo,27/02/23 - 05/03/23,0.0,1.788611666666667,0.0,0.0,0.0,0.0,0.0,01:47:19,03:05:04,5,5,0.151945,0.006666666666666667,0.0,0.0,0.0,0.0,1,1,0,NA,0,0,2023-03-07 13:44:51.034000,2023-03-07 12:07:10.593000,NA,NA,NA,NA,Week 5,0.0,0.0,0,0,NA,NA,0.0,0,0,NA,NA,1.6211116666666667,NA,1,NA,NA,2023-03-07 12:07:35.016000,0.0,0.0,0.0,0.0,NA,NA,NA,NA,NA,NA,NA,NA,NA,NA,NA,NA,NA,NA,NA,NA,NA,NA,NA,NA,NA,NA,NA,NA,NA,NA,6439,11104
NA,NA,NA,NA,0.58,0.66,0.58,0.58,60,1986,67_datatwo,27/02/23 - 05/03/23,0.0,2.4583333333333335,0.0,0.0,0.0,0.0,0.0,02:27:30,03:05:04,3,3,0.0,0.0016666666666666668,0.0,0.000555,0.0,0.0,0,1,0,NA,0,0,NA,2023-03-07 12:07:37.059000,NA,2023-03-07 12:07:34.670000,NA,NA,Week 5,0.0,0.0,0,0,NA,NA,0.0,1,0,NA,NA,1.8797216666666665,NA,1,NA,NA,2023-03-07 12:07:42.891000,0.0,0.0,0.0,0.0,NA,NA,NA,NA,NA,NA,NA,NA,NA,NA,NA,NA,NA,NA,NA,NA,NA,NA,NA,NA,NA,NA,NA,NA,NA,NA,8850,11104
0.6,NA,NA,NA,0.6,0.64,0.56,0.64,61,1989,68_datatwo,27/02/23 - 05/03/23,2.753333333333333,1.1586116666666666,0.0,0.021945,0.0,0.013333333333333334,0.0,03:56:50,03:05:04,9,15,0.3477783333333333,0.05638833333333333,0.00027833333333333334,0.826945,0.0,0.0,15,9,1,NA,0,0,2023-03-06 12:54:03.333000,2023-03-06 13:46:30.805000,NA,2023-03-06 12:54:21.344000,NA,NA,Week 5,0.0,0.4647216666666667,0,1,NA,2023-03-06 13:46:34.293000,0.0,1,0,2023-03-09 08:43:59.338000,NA,1.0111116666666666,NA,4,NA,NA,2023-03-07 12:12:25.815000,0.0,0.9380550000000001,0.0,5.0,NA,2023-03-06 13:46:27.907000,NA,NA,NA,NA,NA,NA,NA,NA,NA,NA,NA,NA,NA,NA,NA,NA,NA,NA,NA,NA,NA,NA,NA,NA,14210,11104
0.68,0.6,0.6,0.48,0.68,0.6,0.64,0.72,66,1989,69_datatwo,27/02/23 - 05/03/23,1.6613883333333332,1.5555549999999998,0.071945,0.028611666666666664,0.0,3.8522216666666664,3.7238883333333335,10:53:37,03:05:04,15,41,1.3194416666666666,1.8677783333333335,0.007500000000000001,0.016665,0.0,0.0,30,10,3,NA,0,0,2023-03-06 10:09:04.642000,2023-03-06 10:23:09.604000,NA,2023-03-06 10:23:15.480000,NA,NA,Week 5,0.0,0.0,0,0,NA,NA,1.4697233333333333,4,4,2023-03-06 10:23:06.879000,2023-03-11 15:29:48.180000,1.5344450000000003,NA,3,NA,NA,2023-03-07 12:11:49.011000,0.0,0.65889,0.0,10.0,NA,2023-03-06 12:20:43.882000,NA,NA,NA,NA,NA,NA,NA,NA,NA,NA,NA,NA,NA,NA,NA,NA,NA,NA,NA,NA,NA,NA,NA,NA,39217,11104
0.56,0.52,NA,0.52,0.68,0.76,0.72,0.72,72,1995,70_datatwo,27/02/23 - 05/03/23,3.74,1.3475,0.0,0.0,0.0,0.0,0.0,05:05:15,03:05:04,6,11,0.025,0.0025,0.0027783333333333336,0.0,0.0,0.0,9,4,2,NA,0,0,2023-03-06 12:28:36.167000,2023-03-07 12:08:27.365000,NA,NA,NA,NA,Week 5,0.0,0.0,0,0,NA,NA,0.0,0,0,2023-03-06 12:28:28.216000,NA,1.2263883333333332,NA,4,NA,NA,2023-03-07 12:08:31.068000,0.0,0.038889999999999994,0.0,5.0,NA,2023-03-06 12:28:40.067000,NA,NA,NA,NA,NA,NA,NA,NA,NA,NA,NA,NA,NA,NA,NA,NA,NA,NA,NA,NA,NA,NA,NA,NA,18315,11104
0.64,NA,NA,NA,0.64,0.76,0.6,0.56,64,1990,71_datatwo,27/02/23 - 05/03/23,3.4625,1.2041666666666666,0.007221666666666667,0.008611666666666665,0.0,0.34361166666666665,0.004445,05:01:50,03:05:04,9,17,0.40138999999999997,0.008055,0.0,0.0036116666666666667,0.0,0.0,14,7,0,NA,0,0,2023-03-06 08:32:56.079000,2023-03-07 12:08:53.333000,NA,2023-03-11 16:31:32.205000,NA,NA,Week 5,0.0,0.0,0,0,NA,NA,0.013055,1,3,NA,2023-03-11 16:31:50.666000,1.0408333333333333,NA,4,NA,NA,2023-03-07 12:09:04.698000,0.0008333333333333334,2.776945,1.0,5.0,2023-03-07 13:40:07.328000,2023-03-06 12:21:34.544000,NA,NA,NA,NA,NA,NA,NA,NA,NA,NA,NA,NA,NA,NA,NA,NA,NA,NA,NA,NA,NA,NA,NA,NA,18110,11104
NA,NA,NA,NA,0.68,0.68,0.48,0.64,62,1998,72_datatwo,27/02/23 - 05/03/23,0.11027833333333333,0.0,0.0,0.0,0.0,0.0,0.0,00:06:37,03:05:04,1,1,0.1075,0.0,0.0,0.0,0.0,0.0,3,0,0,NA,0,0,2023-03-06 06:15:33.962000,NA,NA,NA,NA,NA,Week 5,0.0,0.0,0,0,NA,NA,0.0,0,0,NA,NA,0.0,NA,0,NA,NA,NA,0.0,0.0,0.0,0.0,NA,NA,NA,NA,NA,NA,NA,NA,NA,NA,NA,NA,NA,NA,NA,NA,NA,NA,NA,NA,NA,NA,NA,NA,NA,NA,397,11104
NA,NA,NA,NA,0.56,0.6,0.56,0.48,55,1996,73_datatwo,27/02/23 - 05/03/23,0.0,0.0,0.0036116666666666667,0.0,0.0,0.0,0.0,00:00:13,03:05:04,1,1,0.0,0.0,0.0,0.0,0.0,0.0,1,0,0,NA,0,0,2023-03-08 14:00:29.864000,NA,NA,NA,NA,NA,Week 5,0.0,0.0,0,0,NA,NA,0.0,0,0,NA,NA,0.0,NA,0,NA,NA,NA,0.0,0.0,0.0,0.0,NA,NA,NA,NA,NA,NA,NA,NA,NA,NA,NA,NA,NA,NA,NA,NA,NA,NA,NA,NA,NA,NA,NA,NA,NA,NA,13,11104
0.52,0.72,0.48,0.52,0.6,0.72,0.48,0.72,63,1998,74_datatwo,27/02/23 - 05/03/23,0.083055,1.6288883333333333,0.0,0.0,0.0033333333333333335,0.0,0.0,01:42:55,03:05:04,7,13,0.13055666666666668,0.0016666666666666668,0.00027833333333333334,0.0,0.0,0.0,10,3,1,NA,0,0,2023-03-06 12:26:44.105000,2023-03-07 12:26:00.257000,NA,NA,NA,NA,Week 5,0.0,0.0,0,0,NA,NA,0.0,0,0,2023-03-07 12:25:59.522000,NA,1.4483333333333335,NA,3,NA,NA,2023-03-07 12:26:03.306000,0.0,0.028333333333333332,0.0,4.0,NA,2023-03-06 12:29:39.306000,NA,NA,NA,NA,NA,NA,NA,NA,NA,NA,NA,NA,NA,NA,NA,NA,NA,NA,NA,NA,NA,NA,NA,NA,6175,11104
0.52,0.68,0.52,0.68,0.52,0.68,0.52,0.72,61,1992,75_datatwo,27/02/23 - 05/03/23,2.498611666666667,1.336388333333333,0.0,0.0,0.0,0.5072233333333334,0.02222166666666667,04:21:52,03:05:04,9,27,0.06833333333333333,0.013056666666666666,0.00111,0.0008333333333333334,0.0,0.0,16,13,2,NA,0,0,2023-03-06 12:25:15.550000,2023-03-06 12:25:59.875000,NA,2023-03-06 12:27:51.835000,NA,NA,Week 5,0.0,0.0,0,0,NA,NA,0.021666666666666667,2,4,2023-03-06 12:25:58.223000,2023-03-07 12:27:02.805000,0.03972166666666666,NA,2,NA,NA,2023-03-07 12:24:50.222000,0.0,0.436945,0.0,7.0,NA,2023-03-06 12:28:11.637000,NA,NA,NA,NA,NA,NA,NA,NA,NA,NA,NA,NA,NA,NA,NA,NA,NA,NA,NA,NA,NA,NA,NA,NA,15712,11104
0.56,NA,NA,NA,0.6,0.52,0.56,0.64,58,1993,76_datatwo,27/02/23 - 05/03/23,2.2808333333333333,1.8822216666666665,0.0,0.026111666666666665,0.0,0.0,0.0033333333333333335,04:11:33,03:05:04,9,13,0.26166500000000004,0.010833333333333334,0.0,0.0016666666666666668,0.0,0.0,6,7,0,NA,0,0,2023-03-06 12:22:46.880000,2023-03-07 12:09:20.711000,NA,2023-03-07 13:03:08.989000,NA,NA,Week 5,0.0,0.0,0,0,NA,NA,0.144445,1,1,NA,2023-03-07 12:09:24.916000,1.4094450000000003,NA,7,NA,NA,2023-03-07 12:18:11.281000,0.031944999999999994,2.029445,1.0,4.0,2023-03-07 13:59:03.005000,2023-03-06 12:24:28.504000,NA,NA,NA,NA,NA,NA,NA,NA,NA,NA,NA,NA,NA,NA,NA,NA,NA,NA,NA,NA,NA,NA,NA,NA,15093,11104
NA,0.48,0.64,NA,0.68,0.56,0.68,0.68,65,2002,77_datatwo,27/02/23 - 05/03/23,0.0036116666666666667,1.5758333333333332,0.0,0.006944999999999999,3.5791683333333335,1.2788883333333334,1.0119433333333334,07:27:23,03:05:04,10,28,0.5422233333333334,0.13527833333333333,0.0,0.054445,0.0,0.0,7,16,0,NA,0,0,2023-03-07 13:48:46.747000,2023-03-06 10:16:33.116000,NA,2023-03-10 09:16:51.139000,NA,NA,Week 5,0.0,2.330833333333333,0,6,NA,2023-03-06 10:16:39.584000,1.6908333333333334,1,7,NA,2023-03-11 17:47:36.348000,1.5633333333333332,NA,3,NA,NA,2023-03-07 12:15:24.050000,0.0,0.0011116666666666666,0.0,1.0,NA,2023-03-10 09:53:54.464000,NA,NA,NA,NA,NA,NA,NA,NA,NA,NA,NA,NA,NA,NA,NA,NA,NA,NA,NA,NA,NA,NA,NA,NA,26843,11104
NA,NA,NA,NA,0.32,0.32,0.2,0.56,35,1989,78_datatwo,27/02/23 - 05/03/23,0.0,1.275555,0.0,0.0,0.0,0.0,0.0,01:16:32,03:05:04,4,4,0.23166666666666666,0.0033333333333333335,0.0,0.008055,0.0,0.0,3,2,0,NA,0,0,2023-03-07 13:30:42.115000,2023-03-07 12:27:03.742000,NA,2023-03-07 12:26:34.937000,NA,NA,Week 5,0.0,0.0,0,0,NA,NA,0.0,1,0,NA,NA,1.0272216666666667,NA,2,NA,NA,2023-03-07 12:27:13.065000,0.0,0.0,0.0,0.0,NA,NA,NA,NA,NA,NA,NA,NA,NA,NA,NA,NA,NA,NA,NA,NA,NA,NA,NA,NA,NA,NA,NA,NA,NA,NA,4592,11104
0.4,NA,NA,0.48,0.58,0.66,0.58,0.58,60,1997,79_datatwo,27/02/23 - 05/03/23,0.0825,0.008611666666666665,0.0125,0.0,0.0,0.0,0.0,00:06:13,03:05:04,5,6,0.0,0.0013883333333333332,0.0,0.0,0.0,0.0,1,1,0,NA,0,0,2023-03-06 17:00:11.131000,2023-03-07 12:08:17.516000,NA,NA,NA,NA,Week 5,0.0,0.0,0,0,NA,NA,0.0,0,0,NA,NA,0.0,NA,1,NA,NA,2023-03-07 12:08:22.511000,0.0,0.0,0.0,0.0,NA,NA,NA,NA,NA,NA,NA,NA,NA,NA,NA,NA,NA,NA,NA,NA,NA,NA,NA,NA,NA,NA,NA,NA,NA,NA,373,11104
NA,NA,NA,NA,55.0,66.0,50.0,49.0,55,1998,80_datatwo,30/10/23 - 05/11/23,0.0,0.0,0.0,0.0,0.0,0.0,0.0,00:00:00,01:50:47,0,0,0.0,0.0,0.0,0.0,0.0,0.0,0,0,0,NA,0,0,NA,NA,NA,NA,NA,NA,Week 5,0.0,0.0,0,0,NA,NA,0.0,0,0,NA,NA,0.0,NA,0,NA,NA,NA,0.0,0.0,0.0,0.0,NA,NA,NA,NA,NA,NA,NA,NA,NA,NA,NA,NA,NA,NA,NA,NA,NA,NA,NA,NA,NA,NA,NA,NA,NA,NA,0,6647
NA,NA,NA,NA,52.0,68.0,52.0,40.0,53,1989,81_datatwo,30/10/23 - 05/11/23,0.0,0.0,0.0,0.0,0.0,0.0,2.3658333333333332,02:21:57,01:50:47,5,7,0.03166666666666666,0.02,0.0,0.0,0.0,0.0,1,7,0,NA,0,0,2023-11-05 14:08:27.956000,2023-11-05 14:10:22.298000,NA,NA,NA,NA,Week 5,0.0,0.0,0,0,NA,NA,1.4647216666666665,0,3,NA,2023-11-05 14:10:35.902000,0.7427783333333333,NA,2,NA,NA,2023-11-05 17:30:55.406000,0.06722166666666667,0.0,1.0,0.0,2023-11-05 18:15:41.126000,NA,NA,NA,NA,NA,NA,NA,NA,NA,NA,NA,NA,NA,NA,NA,NA,NA,NA,NA,NA,NA,NA,NA,NA,NA,8517,6647
0.48,0.36,NA,NA,56.0,56.0,56.0,64.0,58,1998,82_datatwo,30/10/23 - 05/11/23,0.03833333333333333,0.7622233333333333,0.0175,0.0,0.0,0.0,0.013611666666666668,00:49:54,01:50:47,4,10,0.39388833333333334,0.0,0.0,0.0,0.0,0.0,14,0,0,NA,0,0,2023-10-30 12:42:26.380000,NA,NA,NA,NA,NA,Week 5,0.0,0.0,0,0,NA,NA,0.0,0,0,NA,NA,0.0,NA,0,NA,NA,NA,0.0,0.004445,0.0,2.0,NA,2023-10-30 12:43:03.005000,NA,NA,NA,NA,NA,NA,NA,NA,NA,NA,NA,NA,NA,NA,NA,NA,NA,NA,NA,NA,NA,NA,NA,NA,2994,6647
0.48,0.32,NA,NA,66.0,53.0,60.0,65.0,61,1997,83_datatwo,30/10/23 - 05/11/23,0.0,0.003888333333333333,1.6680549999999998,0.4522216666666667,0.0,0.0,0.0,02:07:26,01:50:47,6,11,1.5183333333333333,0.016666666666666666,0.0,0.0,0.0,0.0,2,8,0,NA,0,0,2023-11-01 12:45:41.060000,2023-10-31 16:40:15.351000,NA,NA,NA,NA,Week 5,0.0,0.12611166666666668,0,2,NA,2023-10-31 16:40:18.236000,0.38277833333333333,0,2,NA,2023-11-01 14:52:35.366000,0.0,NA,0,NA,NA,NA,0.0,0.0025,0.0,1.0,NA,2023-11-02 16:36:53.462000,NA,NA,NA,NA,NA,NA,NA,NA,NA,NA,NA,NA,NA,NA,NA,NA,NA,NA,NA,NA,NA,NA,NA,NA,7646,6647
NA,0.2,NA,NA,57.0,57.0,56.0,58.0,57,1991,84_datatwo,30/10/23 - 05/11/23,0.0,1.47861,0.0,0.0,0.11666666666666667,0.0,0.0,01:35:43,01:50:47,11,21,0.215,0.031111666666666666,0.004445,0.007500000000000001,0.0,0.0,12,13,1,NA,0,0,2023-10-31 11:37:22.332000,2023-10-31 11:35:31.576000,NA,2023-10-31 12:55:33.585000,NA,NA,Week 5,0.01,0.09333333333333332,2,2,2023-10-31 12:32:16.130000,2023-10-31 11:35:36.564000,0.04916666666666667,1,2,2023-10-31 11:37:06.155000,2023-10-31 11:36:22.079000,0.0,NA,0,NA,NA,NA,0.0,0.5816666666666667,0.0,4.0,NA,2023-10-31 11:52:37.325000,NA,NA,NA,NA,NA,NA,NA,NA,NA,NA,NA,NA,NA,NA,NA,NA,NA,NA,NA,NA,NA,NA,NA,NA,5743,6647
0.4,0.52,0.72,0.74,60.0,65.0,72.0,75.0,68,1984,85_datatwo,30/10/23 - 05/11/23,2.15889,2.856943333333333,0.0,0.0,0.0,0.05611166666666667,0.0,05:04:19,01:50:47,10,29,1.5849983333333333,0.022778333333333334,0.0125,0.0,0.0,0.0,25,10,9,NA,0,0,2023-10-30 10:55:34.499000,2023-10-30 10:57:08.750000,NA,NA,NA,NA,Week 5,0.0,0.043054999999999996,0,1,NA,2023-10-31 23:02:46.715000,1.45,0,8,2023-10-30 10:57:02.346000,2023-10-30 10:57:55.107000,0.2833333333333333,NA,2,NA,NA,2023-10-31 12:18:16.259000,0.0,0.115555,0.0,2.0,NA,2023-10-30 18:41:36.160000,NA,NA,NA,NA,NA,NA,NA,NA,NA,NA,NA,NA,NA,NA,NA,NA,NA,NA,NA,NA,NA,NA,NA,NA,18259,6647
0.52,0.68,0.64,NA,60.0,68.0,72.0,72.0,68,1995,86_datatwo,30/10/23 - 05/11/23,2.735,4.098056666666667,0.0,0.0,0.0,0.0,0.0,06:49:59,01:50:47,7,8,0.22083333333333333,0.031111666666666666,0.0,0.0,0.0,0.0,10,3,0,NA,0,0,2023-10-30 18:23:13.420000,2023-10-31 10:56:00.106000,NA,NA,NA,NA,Week 5,0.0,0.0,0,0,NA,NA,0.8486116666666667,0,2,NA,2023-10-31 16:41:58.294000,2.936111666666667,NA,1,NA,NA,2023-10-31 10:56:22.586000,0.0,0.06666666666666667,0.0,1.0,NA,2023-10-30 18:23:32.384000,NA,NA,NA,NA,NA,NA,NA,NA,NA,NA,NA,NA,NA,NA,NA,NA,NA,NA,NA,NA,NA,NA,NA,NA,24599,6647
NA,NA,NA,NA,70.0,62.0,72.0,76.0,70,1996,87_datatwo,30/10/23 - 05/11/23,0.0,3.640555,1.4827783333333333,0.0,0.0,0.0,2.3008333333333337,07:25:27,01:50:47,8,10,2.485556666666667,0.0036116666666666667,0.0013883333333333332,0.0,0.0,0.0,11,2,1,NA,0,0,2023-10-31 15:18:42.427000,2023-11-05 09:33:28.194000,NA,NA,NA,NA,Week 5,0.0,2.271945,0,1,NA,2023-11-05 09:33:33.220000,0.0027783333333333336,0,1,2023-11-05 09:33:23.506000,2023-11-05 11:50:00.053000,0.0,NA,0,NA,NA,NA,0.0,0.0,0.0,0.0,NA,NA,NA,NA,NA,NA,NA,NA,NA,NA,NA,NA,NA,NA,NA,NA,NA,NA,NA,NA,NA,NA,NA,NA,NA,NA,26727,6647
0.56,0.68,0.6,0.64,64.0,68.0,64.0,76.0,68,1986,88_datatwo,30/10/23 - 05/11/23,2.2544433333333336,1.3202766666666668,0.3266666666666667,0.40888833333333335,0.0,0.005833333333333333,0.0,04:18:57,01:50:47,7,20,1.3722216666666667,0.0027766666666666664,0.0,0.0,0.0,0.0,27,3,0,NA,0,0,2023-10-30 18:01:20.473000,2023-10-31 11:58:22.315000,NA,NA,NA,NA,Week 5,0.0,0.0,0,0,NA,NA,0.0,0,0,NA,NA,0.7494449999999999,NA,2,NA,NA,2023-10-31 11:58:23.971000,0.0,0.4522233333333333,0.0,7.0,NA,2023-10-30 18:01:32.875000,NA,NA,NA,NA,NA,NA,NA,NA,NA,NA,NA,NA,NA,NA,NA,NA,NA,NA,NA,NA,NA,NA,NA,NA,15537,6647
NA,NA,NA,NA,52.0,56.0,52.0,72.0,58,1996,89_datatwo,30/10/23 - 05/11/23,0.0,0.0,0.0,0.0,0.0,0.0,0.0,00:00:00,01:50:47,0,0,0.0,0.0,0.0,0.0,0.0,0.0,0,0,0,NA,0,0,NA,NA,NA,NA,NA,NA,Week 5,0.0,0.0,0,0,NA,NA,0.0,0,0,NA,NA,0.0,NA,0,NA,NA,NA,0.0,0.0,0.0,0.0,NA,NA,NA,NA,NA,NA,NA,NA,NA,NA,NA,NA,NA,NA,NA,NA,NA,NA,NA,NA,NA,NA,NA,NA,NA,NA,0,6647
NA,NA,NA,NA,52.0,52.0,52.0,56.0,53,1998,90_datatwo,30/10/23 - 05/11/23,0.0,0.0,0.0,0.0,0.0,0.0,0.0,00:00:00,01:50:47,0,0,0.0,0.0,0.0,0.0,0.0,0.0,0,0,0,NA,0,0,NA,NA,NA,NA,NA,NA,Week 5,0.0,0.0,0,0,NA,NA,0.0,0,0,NA,NA,0.0,NA,0,NA,NA,NA,0.0,0.0,0.0,0.0,NA,NA,NA,NA,NA,NA,NA,NA,NA,NA,NA,NA,NA,NA,NA,NA,NA,NA,NA,NA,NA,NA,NA,NA,NA,NA,0,6647
0.36,0.28,NA,NA,32.0,52.0,56.0,64.0,51,1992,91_datatwo,30/10/23 - 05/11/23,0.0,0.9347216666666667,0.0,0.0,0.16222333333333333,0.0,0.0,01:05:49,01:50:47,7,7,0.09166666666666666,0.005833333333333333,0.023888333333333334,0.0,0.0,0.0,7,3,3,NA,0,0,2023-10-31 23:37:17.990000,2023-10-31 22:53:19.363000,NA,NA,NA,NA,Week 5,0.0,0.0,0,0,NA,NA,0.7288883333333334,0,2,2023-10-31 22:52:26.119000,2023-10-31 22:53:26.857000,0.0,NA,0,NA,NA,NA,0.0,0.0,0.0,0.0,NA,NA,NA,NA,NA,NA,NA,NA,NA,NA,NA,NA,NA,NA,NA,NA,NA,NA,NA,NA,NA,NA,NA,NA,NA,NA,3949,6647
0.6,0.68,0.72,0.68,70.0,77.0,81.0,80.0,77,1996,92_datatwo,30/10/23 - 05/11/23,3.441665,1.220555,0.0,0.0,0.0,0.0,0.0047216666666666665,04:40:00,01:50:47,10,21,0.056666666666666664,0.008888333333333333,0.0013883333333333332,0.0,0.0,0.0,15,5,1,NA,0,0,2023-10-30 16:03:54.470000,2023-10-30 10:30:48.285000,NA,NA,NA,NA,Week 5,0.0,0.0,0,0,NA,NA,0.069445,0,1,2023-10-30 19:14:08.621000,2023-10-30 10:30:55.865000,0.09888833333333333,NA,4,NA,NA,2023-10-30 22:27:16.920000,0.0,1.1811116666666668,0.0,4.0,NA,2023-10-30 19:14:20.778000,NA,NA,NA,NA,NA,NA,NA,NA,NA,NA,NA,NA,NA,NA,NA,NA,NA,NA,NA,NA,NA,NA,NA,NA,16800,6647
NA,NA,NA,NA,56.0,60.0,68.0,48.0,58,1989,92_datatwo,30/10/23 - 05/11/23,0.0,1.2030549999999998,0.0,0.0,0.0,0.016944999999999998,0.0,01:13:12,01:50:47,6,15,0.063055,0.013888333333333332,0.0,0.0011116666666666666,0.0,0.0,5,7,0,NA,0,0,2023-10-31 11:37:08.075000,2023-10-31 11:40:34.126000,NA,2023-10-31 11:37:03.649000,NA,NA,Week 5,0.0,0.08083333333333333,0,1,NA,2023-10-31 11:40:55.823000,0.0,1,0,NA,NA,0.0,NA,0,NA,NA,NA,0.0,0.0,0.0,0.0,NA,NA,NA,NA,NA,NA,NA,NA,NA,NA,NA,NA,NA,NA,NA,NA,NA,NA,NA,NA,NA,NA,NA,NA,NA,NA,4392,6647
NA,NA,NA,NA,68.0,60.0,52.0,52.0,58,1994,94_datatwo,30/10/23 - 05/11/23,0.0,2.4547216666666665,0.08972166666666667,0.0,0.0,0.0,0.0,02:32:40,01:50:47,10,18,0.06416666666666666,0.036945000000000006,0.03527833333333333,0.0013883333333333332,0.0,0.0,5,12,1,NA,0,0,2023-10-31 14:44:06.724000,2023-10-31 11:27:34.017000,NA,2023-10-31 14:13:26.924000,NA,NA,Week 5,0.0,0.06277833333333334,0,2,NA,2023-10-31 11:40:55.067000,0.37916666666666665,1,3,2023-10-31 11:22:21.195000,2023-10-31 11:28:11.600000,0.001945,NA,1,NA,NA,2023-10-31 14:43:17,0.0,0.0,0.0,1.0,NA,2023-11-01 06:53:42.022000,NA,NA,NA,NA,NA,NA,NA,NA,NA,NA,NA,NA,NA,NA,NA,NA,NA,NA,NA,NA,NA,NA,NA,NA,9160,6647
0.56,0.6,0.36,NA,80.0,76.0,68.0,80.0,76,2000,95_datatwo,30/10/23 - 05/11/23,0.37472333333333335,1.7730566666666665,0.0,0.0,0.0,0.0,0.0,02:08:52,01:50:47,10,18,0.09027833333333334,0.010278333333333334,0.0,0.0011116666666666666,0.0,0.0,8,10,0,NA,0,0,2023-10-30 14:02:18.589000,2023-10-30 22:30:48.928000,NA,NA,NA,NA,Week 5,0.0,0.000555,0,1,NA,2023-10-31 13:43:56.460000,0.266945,3,4,2023-10-31 16:41:23.103000,2023-10-30 22:30:51.762000,0.6525,NA,2,NA,NA,2023-10-31 16:58:15.093000,0.000555,0.006666666666666667,1.0,1.0,2023-10-31 18:04:07.602000,2023-10-30 14:04:14.289000,NA,NA,NA,NA,NA,NA,NA,NA,NA,NA,NA,NA,NA,NA,NA,NA,NA,NA,NA,NA,NA,NA,NA,NA,7732,6647
0.52,0.56,0.68,0.52,64.0,68.0,72.0,76.0,70,1987,96_datatwo,30/10/23 - 05/11/23,0.1997216666666667,1.2069433333333335,0.021945,0.941945,0.0,0.03805499999999999,0.0,02:24:31,01:50:47,9,24,0.023055,0.013333333333333334,0.0011116666666666666,0.0,0.0,0.0,11,5,1,NA,0,0,2023-10-30 13:34:05.656000,2023-10-30 08:47:16.430000,NA,NA,NA,NA,Week 5,0.0,0.0,0,0,NA,NA,1.138055,0,3,2023-10-30 22:01:29.200000,2023-10-30 08:47:25.249000,0.9277783333333333,NA,2,NA,NA,2023-10-31 11:49:32.535000,0.0,0.016666666666666666,0.0,2.0,NA,2023-10-30 13:34:17.992000,NA,NA,NA,NA,NA,NA,NA,NA,NA,NA,NA,NA,NA,NA,NA,NA,NA,NA,NA,NA,NA,NA,NA,NA,8671,6647
NA,NA,NA,NA,64.0,58.0,55.0,71.0,62,1992,97_datatwo,30/10/23 - 05/11/23,0.0,0.0,0.0,0.0,0.0,0.0,0.0,00:00:00,01:50:47,0,0,0.0,0.0,0.0,0.0,0.0,0.0,0,0,0,NA,0,0,NA,NA,NA,NA,NA,NA,Week 5,0.0,0.0,0,0,NA,NA,0.0,0,0,NA,NA,0.0,NA,0,NA,NA,NA,0.0,0.0,0.0,0.0,NA,NA,NA,NA,NA,NA,NA,NA,NA,NA,NA,NA,NA,NA,NA,NA,NA,NA,NA,NA,NA,NA,NA,NA,NA,NA,0,6647
NA,NA,NA,NA,76.0,60.0,76.0,76.0,72,1984,98_datatwo,30/10/23 - 05/11/23,0.0,0.6825,0.0,0.0,0.0,0.0,0.0,00:40:57,01:50:47,6,6,0.3052783333333334,0.16944499999999998,0.033611666666666665,0.0013883333333333332,0.0,0.0,1,4,2,NA,0,0,2023-10-31 11:22:36.615000,2023-10-31 11:21:05.983000,NA,2023-10-31 11:59:20.580000,NA,NA,Week 5,0.0,0.0,0,0,NA,NA,0.10694500000000001,1,1,2023-10-31 11:20:49.096000,2023-10-31 11:49:20.355000,0.04,NA,2,NA,NA,2023-10-31 11:55:54.341000,0.0,0.0,0.0,0.0,NA,NA,NA,NA,NA,NA,NA,NA,NA,NA,NA,NA,NA,NA,NA,NA,NA,NA,NA,NA,NA,NA,NA,NA,NA,NA,2457,6647
NA,0.4,0.48,0.4,64.0,64.0,60.0,52.0,60,1979,99_datatwo,30/10/23 - 05/11/23,1.4233333333333333,3.6458316666666666,0.0,0.029166666666666667,0.0,0.0,0.6163883333333333,05:42:52,01:50:47,13,32,0.24500166666666665,0.025555,0.0047216666666666665,0.0025,0.034444999999999996,0.0,16,24,1,NA,1,0,2023-10-31 22:48:45.017000,2023-10-30 23:05:03.211000,NA,2023-10-30 23:04:57.783000,2023-11-05 07:47:02.993000,NA,Week 5,0.0,1.5319450000000001,0,5,NA,2023-10-31 16:51:17.197000,2.8449999999999998,2,8,2023-11-05 07:45:14.951000,2023-10-30 23:05:05.835000,0.0,NA,0,NA,NA,NA,0.0,0.001945,0.0,1.0,NA,2023-11-05 07:13:22.257000,NA,NA,NA,NA,NA,NA,NA,NA,NA,NA,NA,NA,NA,NA,NA,NA,NA,NA,NA,NA,NA,NA,NA,NA,20572,6647
0.64,0.68,0.64,0.8,68.0,68.0,68.0,80.0,71,1991,100_datatwo,30/10/23 - 05/11/23,0.14555500000000002,1.5658333333333334,0.0,0.0,0.0,0.0,0.0,01:42:41,01:50:47,6,12,0.03527833333333333,0.6849983333333334,0.0,0.0,0.0,0.0,3,5,0,NA,0,0,2023-10-31 11:15:07.724000,2023-10-30 16:15:34.423000,NA,NA,NA,NA,Week 5,0.0,0.0,0,0,NA,NA,0.7422216666666668,0,2,NA,2023-10-30 16:15:37.276000,0.0,NA,1,NA,NA,2023-10-31 11:56:46.356000,0.0,0.0,0.0,0.0,NA,NA,NA,NA,NA,NA,NA,NA,NA,NA,NA,NA,NA,NA,NA,NA,NA,NA,NA,NA,NA,NA,NA,NA,NA,NA,6161,6647
NA,NA,NA,NA,68.0,60.0,64.0,64.0,64,1990,101_datatwo,30/10/23 - 05/11/23,0.0,0.024444999999999998,0.0,0.0,0.035833333333333335,0.0,0.0,00:03:37,01:50:47,4,4,0.0,0.0025,0.0,0.013611666666666668,0.0,0.0,0,1,1,NA,0,0,NA,2023-11-03 20:07:33.298000,NA,2023-11-03 20:03:46.190000,NA,NA,Week 5,0.0,0.0,0,0,NA,NA,0.0,1,1,2023-10-31 09:45:54.360000,2023-11-03 20:07:41.864000,0.0,NA,0,NA,NA,NA,0.0,0.0,0.0,0.0,NA,NA,NA,NA,NA,NA,NA,NA,NA,NA,NA,NA,NA,NA,NA,NA,NA,NA,NA,NA,NA,NA,NA,NA,NA,NA,217,6647
0.6,0.68,0.48,0.72,68.0,76.0,64.0,76.0,71,2001,102_datatwo,30/10/23 - 05/11/23,0.26527833333333334,0.7258333333333333,0.3383333333333333,0.0,0.03277833333333333,0.0,1.7122216666666668,03:04:28,01:50:47,8,30,0.03277833333333333,0.017776666666666666,0.0025,0.0,0.0,0.0,16,11,2,NA,0,0,2023-10-30 16:29:26.340000,2023-10-30 16:39:44.653000,NA,NA,NA,NA,Week 5,0.0,0.0,0,0,NA,NA,0.13388833333333333,0,4,2023-10-31 16:36:50.674000,2023-10-30 16:39:46.869000,0.095555,NA,5,NA,NA,2023-10-31 17:11:14.962000,0.0,0.49555666666666665,0.0,7.0,NA,2023-10-30 16:29:59.378000,NA,NA,NA,NA,NA,NA,NA,NA,NA,NA,NA,NA,NA,NA,NA,NA,NA,NA,NA,NA,NA,NA,NA,NA,11068,6647
NA,NA,NA,NA,68.0,60.0,56.0,56.0,60,2001,103_datatwo,30/10/23 - 05/11/23,0.003055,0.0,0.0,0.0,0.04583333333333333,0.0,0.0,00:02:56,01:50:47,3,5,0.0,0.0027783333333333336,0.0,0.0,0.0,0.0,1,2,0,NA,0,0,2023-11-03 13:47:58.433000,2023-10-30 14:25:39.948000,NA,NA,NA,NA,Week 5,0.0,0.0,0,0,NA,NA,0.0,0,0,NA,NA,0.0,NA,0,NA,NA,NA,0.0,0.0,0.0,0.0,NA,NA,NA,NA,NA,NA,NA,NA,NA,NA,NA,NA,NA,NA,NA,NA,NA,NA,NA,NA,NA,NA,NA,NA,NA,NA,176,6647
NA,NA,NA,NA,64.0,58.0,66.0,72.0,65,1996,104_datatwo,30/10/23 - 05/11/23,0.0,0.0,0.0,0.0,0.0,0.0,0.0,00:00:00,01:50:47,0,0,0.0,0.0,0.0,0.0,0.0,0.0,0,0,0,NA,0,0,NA,NA,NA,NA,NA,NA,Week 5,0.0,0.0,0,0,NA,NA,0.0,0,0,NA,NA,0.0,NA,0,NA,NA,NA,0.0,0.0,0.0,0.0,NA,NA,NA,NA,NA,NA,NA,NA,NA,NA,NA,NA,NA,NA,NA,NA,NA,NA,NA,NA,NA,NA,NA,NA,NA,NA,0,6647
0.48,0.28,NA,NA,60.0,56.0,56.0,68.0,60,1998,105_datatwo,30/10/23 - 05/11/23,0.0,0.23638833333333334,0.0,0.0,0.0,0.0,0.0,00:14:11,01:50:47,8,12,0.008055,0.005,0.004166666666666667,0.011111666666666667,0.0,0.0,3,3,1,NA,0,0,2023-10-31 13:08:34.218000,2023-10-31 11:54:55.275000,NA,2023-10-31 13:22:40.278000,NA,NA,Week 5,0.0,0.0,0,0,NA,NA,0.05777666666666667,1,2,2023-10-31 22:28:46.403000,2023-10-31 13:05:54.120000,0.0,NA,1,NA,NA,2023-10-31 11:55:03.445000,0.0,0.0,0.0,1.0,NA,2023-10-31 13:08:42.872000,NA,NA,NA,NA,NA,NA,NA,NA,NA,NA,NA,NA,NA,NA,NA,NA,NA,NA,NA,NA,NA,NA,NA,NA,851,6647
NA,NA,NA,NA,48.0,54.0,56.0,42.0,50,1995,106_datatwo,30/10/23 - 05/11/23,0.0,0.0,0.0,0.0,0.0,0.0,0.0,00:00:00,01:50:47,0,0,0.0,0.0,0.0,0.0,0.0,0.0,0,0,0,NA,0,0,NA,NA,NA,NA,NA,NA,Week 5,0.0,0.0,0,0,NA,NA,0.0,0,0,NA,NA,0.0,NA,0,NA,NA,NA,0.0,0.0,0.0,0.0,NA,NA,NA,NA,NA,NA,NA,NA,NA,NA,NA,NA,NA,NA,NA,NA,NA,NA,NA,NA,NA,NA,NA,NA,NA,NA,0,6647
NA,NA,NA,NA,60.0,60.0,56.0,56.0,58,1999,107_datatwo,30/10/23 - 05/11/23,0.0,0.0,0.0,0.0,0.0,0.0,0.0,00:00:00,01:50:47,0,0,0.0,0.0,0.0,0.0,0.0,0.0,0,0,0,NA,0,0,NA,NA,NA,NA,NA,NA,Week 5,0.0,0.0,0,0,NA,NA,0.0,0,0,NA,NA,0.0,NA,0,NA,NA,NA,0.0,0.0,0.0,0.0,NA,NA,NA,NA,NA,NA,NA,NA,NA,NA,NA,NA,NA,NA,NA,NA,NA,NA,NA,NA,NA,NA,NA,NA,NA,NA,0,6647
NA,0.6,0.6,NA,62.0,66.0,68.0,84.0,70,1911,108_datatwo,30/10/23 - 05/11/23,0.0,2.12639,0.016111666666666666,0.009445000000000002,0.021111666666666664,0.0,0.023611666666666663,02:11:48,01:50:47,7,25,0.5483333333333333,0.005833333333333333,0.003888333333333333,0.0,0.0,0.0,16,4,1,NA,0,0,2023-10-31 16:40:35.881000,2023-10-31 10:38:41.909000,NA,NA,NA,NA,Week 5,0.0,0.0,0,0,NA,2023-10-31 19:23:17.748000,1.495555,0,1,2023-10-31 16:43:11.156000,2023-10-31 10:38:48.656000,0.0,NA,3,NA,NA,NA,0.0,0.0,0.0,0.0,NA,NA,NA,NA,NA,NA,NA,NA,NA,NA,NA,NA,NA,NA,NA,NA,NA,NA,NA,NA,NA,NA,NA,NA,NA,NA,7908,6647
0.56,0.64,0.52,0.6,68.0,72.0,64.0,76.0,70,1999,109_datatwo,30/10/23 - 05/11/23,0.0,4.668333333333334,0.0,0.0,0.0,0.0,0.0,04:40:06,01:50:47,11,19,0.040556666666666664,0.013888333333333332,0.0008333333333333334,0.0013899999999999997,0.0,0.0,26,15,3,NA,0,0,2023-10-31 12:15:28.490000,2023-10-31 12:15:27.729000,NA,2023-10-31 12:23:07.697000,NA,NA,Week 5,0.0,0.000555,0,1,NA,2023-10-31 18:09:45.341000,1.096945,5,4,2023-10-31 12:15:26.724000,2023-10-31 12:21:17.066000,2.541388333333333,NA,4,NA,NA,2023-10-31 12:19:54.955000,0.0,0.11277833333333334,0.0,6.0,NA,2023-10-31 12:15:51.664000,NA,NA,NA,NA,NA,NA,NA,NA,NA,NA,NA,NA,NA,NA,NA,NA,NA,NA,NA,NA,NA,NA,NA,NA,16806,6647
NA,NA,NA,NA,64.0,64.0,60.0,64.0,63,1997,110_datatwo,30/10/23 - 05/11/23,0.021111666666666664,0.005278333333333333,0.0,0.0,0.0,0.0,0.0,00:01:35,01:50:47,7,8,0.0011116666666666666,0.005278333333333333,0.0013883333333333332,0.0025,0.0,0.0,1,6,1,NA,0,0,2023-10-30 12:42:49.109000,2023-10-30 12:42:28.250000,NA,2023-10-30 12:42:52.758000,NA,NA,Week 5,0.0,0.0,0,0,NA,NA,0.004445,1,2,2023-10-30 12:42:22.933000,2023-10-30 12:42:33.438000,0.0,NA,1,NA,NA,2023-10-31 17:44:28.508000,0.0,0.0,0.0,0.0,NA,NA,NA,NA,NA,NA,NA,NA,NA,NA,NA,NA,NA,NA,NA,NA,NA,NA,NA,NA,NA,NA,NA,NA,NA,NA,95,6647
0.64,0.68,0.72,0.8,69.0,75.0,80.0,80.0,76,1994,111_datatwo,30/10/23 - 05/11/23,3.971111666666667,3.1641666666666666,0.021111666666666664,0.5622216666666666,0.008055,0.0,0.0,07:43:36,01:50:47,17,43,0.277225,0.12777666666666668,0.0022233333333333332,0.0008333333333333334,0.0,0.0,38,21,2,NA,0,0,2023-10-30 17:49:58.519000,2023-10-30 14:00:45.813000,NA,2023-10-30 17:59:33.867000,NA,NA,Week 5,0.005833333333333333,0.0027783333333333336,1,1,2023-10-31 11:21:44.602000,2023-10-31 11:32:23.090000,0.005555000000000001,2,2,2023-10-30 14:00:47.043000,2023-10-30 14:00:59.904000,1.6691666666666667,NA,5,NA,NA,2023-10-31 07:57:40.051000,0.0022216666666666665,1.7655549999999998,1.0,9.0,2023-10-31 11:23:44.019000,2023-10-30 17:50:05.768000,NA,NA,NA,NA,NA,NA,NA,NA,NA,NA,NA,NA,NA,NA,NA,NA,NA,NA,NA,NA,NA,NA,NA,NA,27816,6647
NA,NA,NA,NA,72.0,72.0,80.0,76.0,75,1998,112_datatwo,30/10/23 - 05/11/23,3.0933333333333333,0.030278333333333334,0.0,0.0,0.0,0.0,0.0,03:07:25,01:50:47,8,12,0.004445,0.042499999999999996,0.0,0.00027833333333333334,0.0027766666666666664,0.0,3,9,0,NA,2,0,2023-10-30 12:13:43.082000,2023-10-30 12:13:49.489000,NA,2023-10-31 01:07:53.390000,2023-10-30 12:13:56.975000,NA,Week 5,0.0,0.0,0,1,NA,2023-10-31 01:07:57.945000,0.0,1,1,NA,2023-10-30 12:39:53.526000,0.0,NA,0,NA,NA,NA,0.0,0.0,0.0,0.0,NA,NA,NA,NA,NA,NA,NA,NA,NA,NA,NA,NA,NA,NA,NA,NA,NA,NA,NA,NA,NA,NA,NA,NA,NA,NA,11245,6647
0.48,NA,NA,NA,68.0,64.0,68.0,56.0,64,2000,113_datatwo,30/10/23 - 05/11/23,0.0175,0.0,0.01583333333333333,0.0,0.0,0.0,0.0,00:02:00,01:50:47,8,10,0.010833333333333334,0.000555,0.000555,0.000555,0.0,0.0,8,2,2,NA,0,0,2023-10-30 16:35:48.829000,2023-11-01 12:47:54.352000,NA,2023-11-01 12:48:05.490000,NA,NA,Week 5,0.0,0.0,0,0,NA,NA,0.0,1,0,2023-11-01 12:47:53.418000,NA,0.0,NA,0,NA,NA,NA,0.0,0.0036116666666666667,0.0,1.0,NA,2023-10-30 16:36:04.698000,NA,NA,NA,NA,NA,NA,NA,NA,NA,NA,NA,NA,NA,NA,NA,NA,NA,NA,NA,NA,NA,NA,NA,NA,120,6647
0.6,0.72,0.64,NA,66.0,71.0,69.0,62.0,67,2001,114_datatwo,30/10/23 - 05/11/23,0.14722333333333334,2.401945,1.3580566666666667,0.0,0.0,0.0,0.01,03:55:02,01:50:47,6,26,0.04027666666666667,0.00972,0.0,0.0,0.0,0.0,21,10,0,NA,0,0,2023-10-30 20:12:30.583000,2023-10-30 23:10:35.652000,NA,NA,NA,NA,Week 5,0.0,0.0016666666666666668,0,1,NA,2023-11-01 14:53:50.622000,0.07416666666666667,0,7,NA,2023-10-30 23:10:40.733000,0.0,NA,0,NA,NA,NA,0.0,0.0,0.0,0.0,NA,NA,NA,NA,NA,NA,NA,NA,NA,NA,NA,NA,NA,NA,NA,NA,NA,NA,NA,NA,NA,NA,NA,NA,NA,NA,14102,6647
NA,0.32,NA,0.52,64.0,72.0,60.0,68.0,66,1995,115_datatwo,30/10/23 - 05/11/23,0.33111166666666664,3.9430566666666667,1.1591666666666667,0.29333333333333333,0.14277666666666666,0.0,0.0,05:52:10,01:50:47,11,39,0.26889,0.095,0.5222233333333333,0.005833333333333333,0.0,0.0,19,19,11,NA,0,0,2023-10-31 11:55:12.735000,2023-10-30 12:36:26.011000,NA,2023-10-30 12:52:35.731000,NA,NA,Week 5,0.0,0.33166666666666667,0,4,NA,2023-10-30 12:36:32.626000,3.014443333333333,2,8,2023-10-31 11:55:15.985000,2023-10-30 21:28:43.702000,0.0,NA,1,NA,NA,2023-10-31 11:58:53.220000,0.0,0.0,0.0,0.0,NA,NA,NA,NA,NA,NA,NA,NA,NA,NA,NA,NA,NA,NA,NA,NA,NA,NA,NA,NA,NA,NA,NA,NA,NA,NA,21130,6647
0.6,0.68,0.52,NA,72.0,72.0,60.0,68.0,68,2002,116_datatwo,30/10/23 - 05/11/23,2.1930566666666667,3.9805566666666667,0.10277833333333335,0.16666666666666666,0.020555,0.0,0.22194499999999998,06:41:08,01:50:47,11,51,0.6580566666666666,0.021943333333333332,0.010833333333333334,0.0013883333333333332,0.0,0.0,41,17,4,NA,0,0,2023-10-30 12:44:36.007000,2023-10-30 12:44:31.383000,NA,2023-10-30 15:25:21.671000,NA,NA,Week 5,0.0,0.0,0,0,NA,NA,1.2238883333333332,4,1,2023-10-30 16:39:01.940000,2023-10-30 15:25:30.064000,0.730835,NA,8,NA,NA,2023-10-30 12:44:40.974000,0.005,0.0775,2.0,5.0,2023-10-30 15:25:24.456000,2023-10-30 14:57:52.657000,NA,NA,NA,NA,NA,NA,NA,NA,NA,NA,NA,NA,NA,NA,NA,NA,NA,NA,NA,NA,NA,NA,NA,NA,24068,6647
NA,NA,NA,NA,68.0,58.0,56.0,50.0,58,1996,117_datatwo,30/10/23 - 05/11/23,0.0,0.0,0.0,0.0,0.0,1.8266666666666667,0.0,01:49:36,01:50:47,6,6,0.49333333333333335,0.001945,0.0036116666666666667,0.0008333333333333334,0.0,0.0,6,2,1,NA,0,0,2023-11-04 20:37:33.357000,2023-11-04 21:06:45.043000,NA,2023-11-04 21:06:42.840000,NA,NA,Week 5,0.0,0.0,0,0,NA,NA,0.0,2,0,2023-11-04 21:11:14.525000,NA,0.0,NA,0,NA,NA,NA,0.04527833333333334,1.2138883333333332,1.0,2.0,2023-11-04 21:06:49.590000,2023-11-04 21:11:36.902000,NA,NA,NA,NA,NA,NA,NA,NA,NA,NA,NA,NA,NA,NA,NA,NA,NA,NA,NA,NA,NA,NA,NA,NA,6576,6647
60,68,NA,NA,68.0,72.0,56.0,56.0,63,1990,118_datatwo,26/02/24 - 03/03/24,2.170555,2.6730549999999997,0.21805500000000003,0.0,0.071945,0.0,0.0,05:08:01,01:58:44,13,29,1.788055,0.5358333333333333,0.017221666666666666,0.0027783333333333336,0.0,0.0,20,8,5,NA,0,0,2024-02-26 20:20:55.250000,2024-02-27 10:54:16.291000,NA,2024-02-28 00:38:19.823000,NA,NA,Week 5,0.0,0.0,0,0,NA,NA,1.7813883333333331,3,3,2024-02-27 10:54:14.034000,2024-02-27 10:54:21.156000,0.005555000000000001,NA,1,NA,NA,2024-02-28 00:38:33.396000,0.0,0.06277666666666666,0.0,7.0,NA,2024-02-26 21:44:03.699000,NA,NA,NA,NA,NA,NA,NA,NA,NA,NA,NA,NA,NA,NA,NA,NA,NA,NA,NA,NA,NA,NA,NA,NA,18481,7124
NA,68,NA,NA,72.0,68.0,72.0,52.0,66,1987,119_datatwo,26/02/24 - 03/03/24,0.04527833333333334,1.8038883333333333,0.0,0.08916666666666666,1.8119450000000001,0.0,0.0,03:45:01,01:58:44,7,12,1.8166683333333333,0.003888333333333333,0.0,0.0,0.0,0.0,5,2,0,NA,0,0,2024-02-26 18:02:23.290000,2024-02-26 20:01:15.130000,NA,NA,NA,NA,Week 5,0.0,0.0,0,0,NA,NA,0.0,0,2,NA,2024-02-26 20:01:23.745000,0.0,NA,0,NA,NA,NA,0.0,0.006111666666666666,0.0,2.0,NA,2024-02-26 18:03:15.369000,NA,NA,NA,NA,NA,NA,NA,NA,NA,NA,NA,NA,NA,NA,NA,NA,NA,NA,NA,NA,NA,NA,NA,NA,13501,7124
52,72,72,NA,64.0,72.0,76.0,72.0,71,1995,120_datatwo,26/02/24 - 03/03/24,0.5397216666666667,3.0016666666666665,0.0325,3.0541666666666667,0.01361,0.39472166666666664,0.006111666666666666,07:02:32,01:58:44,12,44,1.1869433333333332,0.9827766666666666,0.011111666666666667,0.009723333333333332,0.0,0.0,18,22,4,NA,0,0,2024-02-26 21:15:02.999000,2024-02-26 21:22:56.118000,NA,2024-02-27 11:09:38.459000,NA,NA,Week 5,0.0,0.0011116666666666666,0,1,NA,2024-02-26 21:24:24.008000,3.8208333333333333,3,14,2024-02-26 21:22:53.443000,2024-02-26 21:23:02.868000,0.0,NA,0,NA,NA,NA,0.0,0.026388333333333337,0.0,5.0,NA,2024-02-26 21:15:15.122000,NA,NA,NA,NA,NA,NA,NA,NA,NA,NA,NA,NA,NA,NA,NA,NA,NA,NA,NA,NA,NA,NA,NA,NA,25352,7124
56,60,72,NA,72.0,68.0,80.0,60.0,70,1996,121_datatwo,26/02/24 - 03/03/24,2.033333333333333,0.5258333333333334,0.5197216666666666,0.0,0.0,0.0,0.04666666666666666,03:07:32,01:58:44,10,19,0.5230566666666666,0.00389,1.7947216666666665,0.004166666666666667,0.0,0.0,9,5,1,NA,0,0,2024-02-26 18:21:23.162000,2024-02-26 18:08:47.527000,NA,2024-03-03 18:30:20.644000,NA,NA,Week 5,0.0,0.5733333333333334,0,4,NA,2024-02-26 18:08:52.719000,0.0,2,1,2024-02-26 18:22:49.291000,2024-02-27 12:15:41.531000,0.0,NA,0,NA,NA,NA,0.0,0.008611666666666665,0.0,3.0,NA,2024-02-27 12:11:00.017000,NA,NA,NA,NA,NA,NA,NA,NA,NA,NA,NA,NA,NA,NA,NA,NA,NA,NA,NA,NA,NA,NA,NA,NA,11252,7124
24,NA,NA,NA,64.0,64.0,72.0,72.0,68,1993,122_datatwo,26/02/24 - 03/03/24,0.0016666666666666668,2.044445,0.0,0.0,0.0,0.0,0.0,02:02:46,01:58:44,9,20,0.20916666666666667,0.007500000000000001,0.013055,0.049445,0.0,0.0,17,7,2,NA,0,0,2024-02-26 21:34:22.765000,2024-02-27 00:11:18.676000,NA,2024-02-27 11:17:00.090000,NA,NA,Week 5,0.0,0.007778333333333333,0,3,NA,2024-02-27 00:11:21.464000,1.5555549999999998,5,2,2024-02-27 11:17:16.750000,2024-02-27 11:18:10.081000,0.0,NA,0,NA,NA,NA,0.0,0.006666666666666667,0.0,4.0,NA,2024-02-27 11:15:22.490000,NA,NA,NA,NA,NA,NA,NA,NA,NA,NA,NA,NA,NA,NA,NA,NA,NA,NA,NA,NA,NA,NA,NA,NA,7366,7124
NA,NA,NA,NA,64.0,60.0,52.0,52.0,57,2001,123_datatwo,26/02/24 - 03/03/24,3.1241666666666665,2.633611666666667,0.0,0.0,0.0,0.07638833333333332,0.0,05:50:03,01:58:44,8,16,0.45583333333333337,0.06277833333333334,0.0,0.0008333333333333334,0.0,0.0,16,5,0,NA,0,0,2024-02-26 12:04:10.192000,2024-02-27 11:02:47.858000,NA,2024-02-27 11:02:43.722000,NA,NA,Week 5,0.0,0.0,0,0,NA,NA,1.726111666666667,1,3,NA,2024-02-27 11:02:56.576000,0.0,NA,0,NA,NA,NA,0.0,2.145555,0.0,8.0,NA,2024-02-26 12:06:31.530000,NA,NA,NA,NA,NA,NA,NA,NA,NA,NA,NA,NA,NA,NA,NA,NA,NA,NA,NA,NA,NA,NA,NA,NA,21003,7124
44,68,56,NA,72.0,72.0,60.0,52.0,64,1998,124_datatwo,26/02/24 - 03/03/24,1.5905549999999997,1.7222216666666665,0.0,2.288055,0.0,0.0,0.008333333333333333,05:36:32,01:58:44,9,16,1.5080566666666668,0.006666666666666667,0.017221666666666666,0.00027833333333333334,0.0,0.0,4,6,2,NA,0,0,2024-02-26 10:52:32.470000,2024-02-27 11:35:55.296000,NA,2024-02-29 09:11:45.742000,NA,NA,Week 5,0.0,0.0022216666666666665,0,1,NA,2024-02-29 08:45:05.178000,2.2530550000000003,1,5,2024-02-27 15:56:39.344000,2024-02-27 11:35:58.172000,0.0,NA,0,NA,NA,NA,0.0,0.06861166666666667,0.0,1.0,NA,2024-02-26 10:52:38.986000,NA,NA,NA,NA,NA,NA,NA,NA,NA,NA,NA,NA,NA,NA,NA,NA,NA,NA,NA,NA,NA,NA,NA,NA,20192,7124
NA,NA,NA,NA,72.0,72.0,68.0,76.0,72,1991,125_datatwo,26/02/24 - 03/03/24,0.0,0.0,0.0,0.0,0.0,4.699166666666667,0.16833333333333333,04:52:03,01:58:44,6,12,0.008331666666666666,0.018055,0.0022216666666666665,0.00027833333333333334,0.0,0.0,4,4,3,NA,0,0,2024-03-02 13:30:04.353000,2024-03-02 13:29:17.293000,NA,2024-03-02 19:26:29.413000,NA,NA,Week 5,0.0,0.0,0,0,NA,NA,4.715278333333333,1,3,2024-03-02 19:26:26.962000,NA,0.11583333333333333,NA,1,NA,NA,2024-03-02 13:30:14.924000,0.0,0.0,0.0,0.0,2024-03-03 22:13:40.522000,NA,NA,NA,NA,NA,NA,NA,NA,NA,NA,NA,NA,NA,NA,NA,NA,NA,NA,NA,NA,NA,NA,NA,NA,NA,17523,7124
NA,NA,NA,NA,75.0,67.0,67.0,59.0,67,1995,126_datatwo,26/02/24 - 03/03/24,0.0,0.0,0.0,0.0,0.0,0.0,0.0,00:00:00,01:58:44,0,0,0.0,0.0,0.0,0.0,0.0,0.0,0,0,0,NA,0,0,NA,NA,NA,NA,NA,NA,Week 5,0.0,0.0,0,0,NA,NA,0.0,0,0,NA,NA,0.0,NA,0,NA,NA,NA,0.0,0.0,0.0,0.0,NA,NA,NA,NA,NA,NA,NA,NA,NA,NA,NA,NA,NA,NA,NA,NA,NA,NA,NA,NA,NA,NA,NA,NA,NA,NA,0,7124
NA,NA,NA,NA,56.0,56.0,56.0,60.0,57,2000,127_datatwo,26/02/24 - 03/03/24,0.0,1.6102783333333335,0.0,0.0,0.013888333333333332,0.0,0.0,01:37:27,01:58:44,5,5,0.16999999999999998,0.0063883333333333335,0.006111666666666666,0.0,0.0,0.0,2,3,2,NA,0,0,2024-02-27 11:53:00.962000,2024-02-27 11:16:40.498000,NA,NA,NA,NA,Week 5,0.0,0.0,0,0,NA,NA,0.964445,0,3,2024-02-27 11:52:40.259000,2024-02-27 11:16:59.971000,0.0,NA,0,NA,NA,NA,0.0,0.0,0.0,0.0,NA,NA,NA,NA,NA,NA,NA,NA,NA,NA,NA,NA,NA,NA,NA,NA,NA,NA,NA,NA,NA,NA,NA,NA,NA,NA,5847,7124
64,68,NA,NA,68.0,72.0,52.0,52.0,61,1999,128_datatwo,26/02/24 - 03/03/24,0.0,0.8133333333333332,0.0,0.0,0.0,0.0,0.011666666666666665,00:49:30,01:58:44,7,7,0.0036116666666666667,0.01861166666666667,0.004166666666666667,0.0011116666666666666,0.0,0.0,1,4,3,NA,0,0,2024-03-03 16:41:45.104000,2024-02-27 11:07:54.382000,NA,2024-02-27 11:07:47.359000,NA,NA,Week 5,0.0,0.0,0,0,NA,NA,0.7536116666666666,1,2,2024-02-27 11:07:51.400000,2024-02-27 11:08:08.175000,0.0,NA,0,NA,NA,NA,0.0,0.006666666666666667,0.0,1.0,NA,2024-03-03 16:41:57.697000,NA,NA,NA,NA,NA,NA,NA,NA,NA,NA,NA,NA,NA,NA,NA,NA,NA,NA,NA,NA,NA,NA,NA,NA,2970,7124
NA,NA,72,NA,68.0,64.0,76.0,64.0,68,1998,129_datatwo,26/02/24 - 03/03/24,0.6480549999999999,0.11527833333333334,0.0,0.0,1.2283333333333333,0.0,0.12583333333333332,02:07:03,01:58:44,7,17,0.035555,0.030831666666666667,0.0,0.0,0.0,0.0,6,7,0,NA,0,0,2024-02-26 00:09:53.213000,2024-02-27 11:13:57.510000,NA,NA,NA,NA,Week 5,0.0,0.0,0,1,NA,2024-02-27 13:06:50.614000,0.10916666666666666,0,6,NA,2024-02-27 11:14:43.047000,0.0,NA,0,NA,NA,NA,0.0,0.0175,0.0,2.0,NA,2024-02-26 00:46:52.545000,NA,NA,NA,NA,NA,NA,NA,NA,NA,NA,NA,NA,NA,NA,NA,NA,NA,NA,NA,NA,NA,NA,NA,NA,7623,7124
64,68,56,NA,72.0,72.0,68.0,68.0,70,2000,130_datatwo,26/02/24 - 03/03/24,0.0,0.7288883333333334,0.009166666666666667,0.0,0.05222333333333333,0.0,0.0,00:47:25,01:58:44,9,20,0.29250000000000004,0.003055,0.006666666666666667,0.0008333333333333334,0.0,0.0,14,4,3,NA,0,0,2024-02-27 05:03:04.441000,2024-02-27 05:02:49.772000,NA,2024-02-27 12:24:42.272000,NA,NA,Week 5,0.0,0.0027783333333333336,0,1,NA,2024-02-27 05:02:52.266000,0.22944499999999998,1,2,2024-02-27 11:52:22.339000,2024-02-27 11:53:33.385000,0.0,NA,0,NA,NA,NA,0.0,0.05472166666666666,0.0,4.0,NA,2024-02-27 05:03:14.153000,NA,NA,NA,NA,NA,NA,NA,NA,NA,NA,NA,NA,NA,NA,NA,NA,NA,NA,NA,NA,NA,NA,NA,NA,2845,7124
NA,NA,NA,NA,52.0,52.0,52.0,72.0,57,1985,131_datatwo,26/02/24 - 03/03/24,0.0,1.3638883333333331,0.0,0.0,0.0,0.3227783333333333,1.1594450000000003,02:50:46,01:58:44,17,23,0.05,0.22055500000000003,0.009721666666666665,0.001945,0.10111166666666667,0.11361166666666667,1,17,1,NA,2,8,2024-03-03 08:27:39.596000,2024-02-27 10:52:10.023000,NA,2024-03-03 08:20:05.962000,2024-03-02 20:44:17.439000,2024-03-02 20:47:59.635000,Week 5,0.3433333333333334,0.15555500000000003,3,2,2024-03-02 20:51:43.080000,2024-03-03 08:03:15.039000,0.9625,1,4,2024-03-02 20:58:41.069000,2024-02-27 10:52:17.595000,0.05777833333333334,NA,1,NA,NA,2024-03-03 08:20:33.558000,0.058054999999999995,0.0,1.0,0.0,2024-03-03 08:24:06.661000,NA,NA,NA,NA,NA,NA,NA,NA,NA,NA,NA,NA,NA,NA,NA,NA,NA,NA,NA,NA,NA,NA,NA,NA,NA,10246,7124
48,64,48,NA,68.0,72.0,60.0,60.0,65,1997,132_datatwo,26/02/24 - 03/03/24,0.33,0.13555666666666666,0.0,0.0,0.035833333333333335,0.0,0.0,00:30:05,01:58:44,8,15,0.048889999999999996,0.006944999999999999,0.0013883333333333332,0.0008333333333333334,0.0,0.0,14,2,1,NA,0,0,2024-02-26 22:08:34.282000,2024-03-01 20:03:39.939000,NA,2024-03-01 20:03:41.844000,NA,NA,Week 5,0.0,0.0,0,0,NA,NA,0.0,1,1,2024-03-01 20:04:09.611000,2024-03-01 20:05:18.563000,0.0,NA,0,NA,NA,NA,0.0,0.16249833333333333,0.0,8.0,NA,2024-02-26 22:08:43.881000,NA,NA,NA,NA,NA,NA,NA,NA,NA,NA,NA,NA,NA,NA,NA,NA,NA,NA,NA,NA,NA,NA,NA,NA,1805,7124
32,68,NA,60,52.0,72.0,52.0,68.0,61,1996,133_datatwo,26/02/24 - 03/03/24,7.047221666666667,1.8947216666666664,0.0,0.0,0.0,0.0,0.15111166666666664,09:05:35,01:58:44,15,36,0.51139,0.056668333333333334,0.060000000000000005,0.009998333333333333,0.0016666666666666668,0.0,21,19,5,NA,1,0,2024-02-26 16:32:06.327000,2024-02-26 14:35:16.824000,NA,2024-02-26 16:31:56.446000,2024-02-26 16:30:45.184000,NA,Week 5,0.0,2.3186099999999996,0,9,NA,2024-02-26 14:35:19.075000,0.26916666666666667,7,6,2024-02-26 16:30:33.700000,2024-02-27 11:16:38.997000,0.0,NA,0,NA,NA,NA,0.0,2.479445,0.0,8.0,NA,2024-02-26 16:32:36.019000,NA,NA,NA,NA,NA,NA,NA,NA,NA,NA,NA,NA,NA,NA,NA,NA,NA,NA,NA,NA,NA,NA,NA,NA,32735,7124
NA,NA,NA,NA,64.0,56.0,60.0,52.0,58,1995,134_datatwo,26/02/24 - 03/03/24,0.0,1.5633333333333332,0.19666666666666668,0.0,0.06777833333333333,0.0,0.0,01:49:40,01:58:44,6,9,0.13722333333333334,0.005,0.021111666666666664,0.009166666666666667,0.0,0.0,2,3,2,NA,0,0,2024-02-28 21:42:52.394000,2024-02-27 11:48:49.325000,NA,2024-02-27 12:54:06.897000,NA,NA,Week 5,0.0,0.0,0,0,NA,NA,1.183055,1,4,2024-02-28 21:42:49.311000,2024-02-27 11:48:55.859000,0.0,NA,0,NA,NA,NA,0.0,0.0,0.0,0.0,NA,NA,NA,NA,NA,NA,NA,NA,NA,NA,NA,NA,NA,NA,NA,NA,NA,NA,NA,NA,NA,NA,NA,NA,NA,NA,6580,7124
68,72,72,NA,72.0,80.0,68.0,64.0,70,2003,135_datatwo,26/02/24 - 03/03/24,2.1775,0.115,0.0,0.0,0.08583333333333334,0.0,0.030000000000000002,02:24:30,01:58:44,10,23,0.008056666666666667,0.026945,0.004723333333333334,0.06805666666666667,0.0,0.0,7,6,3,NA,0,0,2024-02-27 05:07:20.524000,2024-02-26 12:45:33.164000,NA,2024-02-26 12:46:32.892000,NA,NA,Week 5,0.0,2.0822216666666664,0,4,NA,2024-02-26 12:45:36.672000,0.0,4,0,2024-02-27 05:10:19.674000,NA,0.0,NA,1,NA,NA,2024-03-01 14:47:54.185000,0.0,0.076945,0.0,4.0,NA,2024-02-27 05:07:26.424000,NA,NA,NA,NA,NA,NA,NA,NA,NA,NA,NA,NA,NA,NA,NA,NA,NA,NA,NA,NA,NA,NA,NA,NA,8670,7124
56,68,72,70,76.0,76.0,76.0,72.0,75,1999,136_datatwo,26/02/24 - 03/03/24,0.39527833333333334,1.3980549999999998,0.0,0.0,2.4677783333333334,0.6675,0.15361166666666665,05:04:56,01:58:44,10,19,2.153611666666667,1.3961116666666666,0.011388333333333332,0.6188883333333333,0.0,0.0,3,5,1,NA,0,0,2024-03-01 15:28:52.959000,2024-02-26 11:58:22.112000,NA,2024-03-01 15:28:50.069000,NA,NA,Week 5,0.0,0.0,0,0,NA,NA,0.7225016666666666,3,4,2024-03-01 15:28:01.158000,2024-02-26 11:58:31.142000,0.007500000000000001,NA,1,NA,NA,2024-03-01 17:35:22.318000,0.0,0.0,0.0,0.0,NA,NA,NA,NA,NA,NA,NA,NA,NA,NA,NA,NA,NA,NA,NA,NA,NA,NA,NA,NA,NA,NA,NA,NA,NA,NA,18296,7124
0.48,0.48,0.52, ,0.56,0.56,0.56,0.56,56,1999,1_datatwo,07/11/22 - 13/11/22,0.0,0.19833333333333333,0.0625,0.03972166666666666,0.08277666666666667,0.0,0.0,00:22:59,01:47:36,6,19,0.04527833333333334,0.007500000000000001,0.0,0.0013883333333333332,0.0,0.0,8,3,0,NA,0,0,2022-11-08 11:07:00.227000,2022-11-08 16:10:02.966000,NA,2022-11-09 17:00:20.807000,NA,NA,week 6,0.0,0.0,0,0,NA,NA,0.0,2,0,NA,NA,0.0,NA,0,NA,NA,NA,0.0,NA,0,NA,NA,NA,0.0,NA,1.0,NA,2022-11-11 14:14:51.266000,NA,NA,NA,NA,NA,NA,NA,NA,NA,NA,NA,NA,NA,NA,NA,NA,NA,NA,NA,1379,6456
 , , , ,0.56,0.56,0.56,0.24,48,1992,2_datatwo,07/11/22 - 13/11/22,0.0,1.6713883333333333,0.0,0.0,0.0,0.0,0.07305500000000001,01:44:40,01:47:36,5,6,0.0,0.08277833333333334,0.0,0.003055,0.0,0.0,0,4,0,NA,0,0,NA,2022-11-08 16:19:20.051000,NA,2022-11-08 16:45:06.285000,NA,NA,week 6,0.0,0.0,0,0,NA,NA,0.0,2,0,NA,NA,0.0,NA,0,NA,NA,NA,1.5944450000000001,NA,4,NA,2022-11-08 16:20:02.400000,NA,0.0,NA,0.0,NA,NA,NA,NA,NA,NA,NA,NA,NA,NA,NA,NA,NA,NA,NA,NA,NA,NA,NA,NA,NA,6280,6456
 , , , ,0.64,0.61,0.64,0.59,62,1987,3_datatwo,07/11/22 - 13/11/22,0.0,1.636945,0.0,0.0,0.0,0.0,0.0,01:38:13,01:47:36,7,7,0.0,0.20444499999999996,0.0,0.088055,0.0,0.0,0,3,0,NA,0,0,NA,2022-11-08 16:33:25.333000,NA,2022-11-08 16:45:38.850000,NA,NA,week 6,0.0,0.0,0,0,NA,NA,0.0,3,0,NA,NA,0.0,NA,0,NA,NA,NA,1.0697216666666667,NA,1,NA,2022-11-08 16:51:07.402000,NA,0.0,NA,0.0,NA,NA,NA,NA,NA,NA,NA,NA,NA,NA,NA,NA,NA,NA,NA,NA,NA,NA,NA,NA,NA,5893,6456
0.28,0.44, , ,0.68,0.68,0.52,0.64,63,1993,4_datatwo,07/11/22 - 13/11/22,0.029445,0.5950000000000001,0.0,0.021388333333333336,0.0,0.0,0.023055,00:40:08,01:47:36,7,14,0.0013883333333333332,0.0033333333333333335,0.0027783333333333336,0.0,0.0,0.0,1,2,1,NA,0,0,2022-11-08 11:08:39.995000,2022-11-08 11:50:20.020000,NA,NA,NA,NA,week 6,0.0,0.0,0,0,NA,NA,0.0,0,0,2022-11-07 17:20:53.024000,NA,0.0,NA,0,NA,NA,NA,0.0,NA,1,NA,2022-11-08 11:50:22.321000,NA,0.0,NA,0.0,NA,NA,NA,NA,NA,NA,NA,NA,NA,NA,NA,NA,NA,NA,NA,NA,NA,NA,NA,NA,NA,2408,6456
 , , , ,0.59,0.59,0.69,0.69,64,1996,5_datatwo,07/11/22 - 13/11/22,0.0,0.0,0.0,0.0,0.0,0.0,0.0,00:00:00,01:47:37,0,0,0.0,0.0,0.0,0.0,0.0,0.0,0,0,0,NA,0,0,NA,NA,NA,NA,NA,NA,week 6,0.0,0.0,0,0,NA,NA,0.0,0,0,NA,NA,0.0,NA,0,NA,NA,NA,0.0,NA,0,NA,NA,NA,0.0,NA,0.0,NA,NA,NA,NA,NA,NA,NA,NA,NA,NA,NA,NA,NA,NA,NA,NA,NA,NA,NA,NA,NA,0,6457
 , , , ,0.56,0.6,0.6,0.52,57,1996,6_datatwo,07/11/22 - 13/11/22,0.0,0.0,0.0,0.0,0.0,0.0,0.0,00:00:00,01:47:37,0,0,0.0,0.0,0.0,0.0,0.0,0.0,0,0,0,NA,0,0,NA,NA,NA,NA,NA,NA,week 6,0.0,0.0,0,0,NA,NA,0.0,0,0,NA,NA,0.0,NA,0,NA,NA,NA,0.0,NA,0,NA,NA,NA,0.0,NA,0.0,NA,NA,NA,NA,NA,NA,NA,NA,NA,NA,NA,NA,NA,NA,NA,NA,NA,NA,NA,NA,NA,0,6457
0.52,0.6,0.48, ,0.7,0.77,0.72,0.69,72,1993,7_datatwo,07/11/22 - 13/11/22,0.0,1.1811116666666668,0.0,0.0,0.0,0.0,0.0,01:10:52,01:47:36,6,6,0.005833333333333333,0.057221666666666664,0.0,0.03833333333333333,0.0,0.0,1,1,0,NA,0,0,2022-11-08 16:44:47.006000,2022-11-08 16:47:34.562000,NA,2022-11-08 16:45:07.593000,NA,NA,week 6,0.0,0.0,0,0,NA,NA,0.0,2,0,NA,NA,0.0,NA,0,NA,NA,NA,1.0733333333333335,NA,1,NA,2022-11-08 16:51:00.533000,NA,0.0,NA,0.0,NA,NA,NA,NA,NA,NA,NA,NA,NA,NA,NA,NA,NA,NA,NA,NA,NA,NA,NA,NA,NA,4252,6456
 , , , ,0.68,0.68,0.68,0.68,68,1992,8_datatwo,07/11/22 - 13/11/22,0.18083333333333332,0.0,0.0,0.0,0.0,0.0,0.09277833333333334,00:16:25,01:47:36,3,6,0.0,0.008055,0.0,0.0,0.0,0.0,0,4,0,NA,0,0,NA,2022-11-07 10:04:25.868000,NA,NA,NA,NA,week 6,0.0,0.0,0,0,NA,NA,0.0,0,0,NA,NA,0.0,NA,0,NA,NA,NA,0.0,NA,3,NA,2022-11-07 10:04:34.068000,NA,0.08472166666666665,NA,2.0,NA,2022-11-13 15:02:16.658000,NA,NA,NA,NA,NA,NA,NA,NA,NA,NA,NA,NA,NA,NA,NA,NA,NA,NA,NA,985,6456
 , , , ,0.69,0.69,0.69,0.73,70,1992,9_datatwo,07/11/22 - 13/11/22,0.0,0.395555,0.0,0.0,0.0,0.0,0.0,00:23:44,01:47:36,3,3,0.0,0.005278333333333333,0.0,0.0,0.0,0.0,0,2,0,NA,0,0,NA,2022-11-08 11:07:06.258000,NA,NA,NA,NA,week 6,0.0,0.0,0,0,NA,NA,0.0,0,0,NA,NA,0.0,NA,1,NA,NA,2022-11-08 11:30:40.839000,0.38777833333333334,NA,1,NA,2022-11-08 11:07:21.126000,NA,0.0,NA,0.0,NA,NA,NA,NA,NA,NA,NA,NA,NA,NA,NA,NA,NA,NA,NA,NA,NA,NA,NA,NA,NA,1424,6456
 , , , ,0.69,0.7,0.7,0.79,72,1994,10_datatwo,07/11/22 - 13/11/22,2.6516666666666664,1.6083333333333334,0.0,0.008333333333333333,5.8175,7.449166666666667,7.162778333333334,24:41:52,01:47:36,21,43,0.030833333333333334,3.97139,0.04527833333333334,2.484166666666667,0.35527833333333336,0.0063883333333333335,2,35,10,NA,4,1,2022-11-08 15:53:33.907000,2022-11-07 18:28:56.810000,NA,2022-11-08 16:45:28.691000,2022-11-11 20:18:56.739000,2022-11-11 21:28:14.541000,week 6,0.0,12.181111666666668,0,10,NA,2022-11-07 18:29:00.877000,1.9897216666666666,22,3,2022-11-11 16:41:53.502000,2022-11-07 18:47:02.690000,0.35694499999999996,NA,2,NA,NA,2022-11-08 15:27:22.318000,0.27194333333333337,NA,5,NA,2022-11-08 15:48:26.172000,NA,0.0,NA,0.0,NA,NA,NA,NA,NA,NA,NA,NA,NA,NA,NA,NA,NA,NA,NA,NA,NA,NA,NA,NA,NA,88912,6456
0.56,0.64,0.64,0.68,0.72,0.76,0.8,0.72,75,1991,11_datatwo,07/11/22 - 13/11/22,0.3608333333333333,0.31666666666666665,0.0,0.0,0.0,0.0,1.1952783333333334,01:52:22,01:47:36,7,14,0.07361,0.009166666666666667,0.0,0.023611666666666663,0.0,0.0,3,6,0,NA,0,0,2022-11-07 13:12:04.934000,2022-11-08 16:33:37.384000,NA,2022-11-08 16:46:20.473000,NA,NA,week 6,0.0,0.0,0,0,NA,NA,0.0,2,0,NA,NA,0.0,NA,0,NA,NA,NA,1.3880566666666667,NA,7,NA,2022-11-08 16:33:43.064000,NA,0.0,NA,0.0,NA,NA,NA,NA,NA,NA,NA,NA,NA,NA,NA,NA,NA,NA,NA,NA,NA,NA,NA,NA,NA,6742,6456
 , , , ,0.52,0.59,0.56,0.53,55,1987,12_datatwo,07/11/22 - 13/11/22,0.32194500000000004,0.021666666666666667,0.0,0.0,0.0,0.0,0.023888333333333334,00:22:03,01:47:36,4,7,0.0,0.007778333333333333,0.0,0.0,0.0,0.0,0,6,0,NA,0,0,NA,2022-11-07 19:49:17.412000,NA,NA,NA,NA,week 6,0.0,0.0,0,0,NA,NA,0.0,0,0,NA,NA,0.005,NA,2,NA,NA,2022-11-07 23:01:55.429000,0.1722216666666667,NA,4,NA,2022-11-07 19:49:22.808000,NA,0.0,NA,0.0,NA,NA,NA,NA,NA,NA,NA,NA,NA,NA,NA,NA,NA,NA,NA,NA,NA,NA,NA,NA,NA,1323,6456
 ,0.48, , ,0.56,0.64,0.56,0.64,60,1995,13_datatwo,07/11/22 - 13/11/22,0.0,0.0,0.0,0.0,0.0,0.0,0.0,00:00:00,01:47:37,0,0,0.0,0.0,0.0,0.0,0.0,0.0,0,0,0,NA,0,0,NA,NA,NA,NA,NA,NA,week 6,0.0,0.0,0,0,NA,NA,0.0,0,0,NA,NA,0.0,NA,0,NA,NA,NA,0.0,NA,0,NA,NA,NA,0.0,NA,0.0,NA,NA,NA,NA,NA,NA,NA,NA,NA,NA,NA,NA,NA,NA,NA,NA,NA,NA,NA,NA,NA,0,6457
 , ,0.56, ,0.68,0.72,0.68,0.64,68,1995,14_datatwo,07/11/22 - 13/11/22,0.0,0.013055,0.0,0.0,0.0,3.4077783333333334,0.11944333333333333,03:32:25,01:47:36,9,18,0.0,0.042221666666666664,0.078055,0.0,0.0,0.008333333333333333,0,16,2,NA,0,1,NA,2022-11-08 14:23:52.301000,NA,NA,NA,2022-11-12 12:06:17.688000,week 6,0.0,0.8341666666666666,0,6,NA,2022-11-12 12:06:54.236000,0.0,0,0,2022-11-12 12:00:04.861000,NA,0.7816666666666666,NA,2,NA,NA,2022-11-12 12:51:35.205000,1.7077783333333334,NA,3,NA,2022-11-12 13:41:19.445000,NA,0.0,NA,0.0,NA,NA,NA,NA,NA,NA,NA,NA,NA,NA,NA,NA,NA,NA,NA,NA,NA,NA,NA,NA,NA,12745,6456
0.48,0.56,0.56, ,0.72,0.68,0.68,0.64,68,1996,15_datatwo,07/11/22 - 13/11/22,0.0,5.049166666666666,0.0,0.0013883333333333332,2.829445,0.0,0.0,07:52:48,01:47:36,8,16,0.0027766666666666664,1.5427783333333336,0.0,0.0,0.0,0.0,2,11,0,NA,0,0,2022-11-08 11:16:19.419000,2022-11-08 06:52:19.743000,NA,NA,NA,NA,week 6,0.0,0.0,0,0,NA,NA,0.0,0,0,NA,NA,2.8688900000000004,NA,4,NA,NA,2022-11-08 06:52:26.973000,2.1872233333333333,NA,3,NA,2022-11-08 07:26:23.972000,NA,1.1341666666666665,NA,1.0,NA,2022-11-11 14:42:51.808000,NA,NA,NA,NA,NA,NA,NA,NA,NA,NA,NA,NA,NA,NA,NA,NA,NA,NA,NA,28368,6456
0.4,0.48, , ,0.52,0.6,0.36,0.52,50,1993,16_datatwo,07/11/22 - 13/11/22,0.0,0.925,0.013888333333333332,0.31777833333333333,0.0,0.0,0.0,01:15:24,01:47:36,12,20,0.02333333333333333,0.14889000000000002,0.0052766666666666665,0.0,0.0,0.0,3,13,4,NA,0,0,2022-11-08 11:24:48.665000,2022-11-08 11:26:21.708000,NA,NA,NA,NA,week 6,0.0,0.003888333333333333,0,1,NA,2022-11-10 15:12:25.421000,0.007500000000000001,0,2,2022-11-08 11:26:20.909000,2022-11-10 15:12:43.545000,0.21388833333333335,NA,4,NA,NA,2022-11-08 11:26:24.234000,0.4497216666666667,NA,4,NA,2022-11-08 11:50:21.922000,NA,0.0,NA,0.0,NA,NA,NA,NA,NA,NA,NA,NA,NA,NA,NA,NA,NA,NA,NA,NA,NA,NA,NA,NA,NA,4524,6456
 ,0.4,0.56, ,0.68,0.6,0.64,0.68,65,1998,17_datatwo,07/11/22 - 13/11/22,0.06277833333333334,1.2069450000000002,0.0,0.066945,0.21,0.00027833333333333334,0.23611166666666664,01:46:59,01:47:36,9,33,0.23638666666666666,0.01778,0.005,0.003055,0.0,0.0,17,10,2,NA,0,0,2022-11-07 00:15:06.058000,2022-11-07 18:12:28.053000,NA,2022-11-07 23:22:08.372000,NA,NA,week 6,0.0,0.0,0,0,NA,NA,0.0,1,0,2022-11-07 23:21:49.373000,NA,0.0,NA,0,NA,NA,NA,0.11583333333333333,NA,2,NA,2022-11-07 18:12:30.762000,NA,0.0,NA,0.0,NA,NA,NA,NA,NA,NA,NA,NA,NA,NA,NA,NA,NA,NA,NA,NA,NA,NA,NA,NA,NA,6419,6456
 , , , ,0.6,0.6,0.52,0.6,58,1993,18_datatwo,07/11/22 - 13/11/22,0.0,0.057221666666666664,0.0,0.0,0.0,0.0,0.0,00:03:26,01:47:36,2,2,0.0,0.0027783333333333336,0.0,0.0,0.0,0.0,0,1,0,NA,0,0,NA,2022-11-08 16:59:01.220000,NA,NA,NA,NA,week 6,0.0,0.0,0,0,NA,NA,0.0,0,0,NA,NA,0.0,NA,0,NA,NA,NA,0.0,NA,0,NA,NA,NA,0.051111666666666666,NA,1.0,NA,2022-11-08 16:59:11.394000,NA,NA,NA,NA,NA,NA,NA,NA,NA,NA,NA,NA,NA,NA,NA,NA,NA,NA,NA,206,6456
 , , , ,0.6,0.64,0.6,0.68,63,1997,19_datatwo,07/11/22 - 13/11/22,0.0,0.0,0.0,0.0,0.0,0.0,0.0,00:00:00,01:47:37,0,0,0.0,0.0,0.0,0.0,0.0,0.0,0,0,0,NA,0,0,NA,NA,NA,NA,NA,NA,week 6,0.0,0.0,0,0,NA,NA,0.0,0,0,NA,NA,0.0,NA,0,NA,NA,NA,0.0,NA,0,NA,NA,NA,0.0,NA,0.0,NA,NA,NA,NA,NA,NA,NA,NA,NA,NA,NA,NA,NA,NA,NA,NA,NA,NA,NA,NA,NA,0,6457
0.56,0.4,0.52,0.24,0.72,0.64,0.6,0.6,64,1997,20_datatwo,07/11/22 - 13/11/22,0.7044433333333334,0.0011116666666666666,3.3108333333333335,0.0,0.0,0.0,0.0,04:00:59,01:47:36,7,13,0.004445,0.08777833333333333,0.005555000000000001,0.0,0.0,0.0,4,6,1,NA,0,0,2022-11-07 13:48:24.338000,2022-11-07 13:50:33.910000,NA,NA,NA,NA,week 6,0.0,0.0,0,0,NA,NA,0.0,0,0,2022-11-09 11:49:04.313000,NA,2.006666666666667,NA,1,NA,NA,2022-11-09 09:09:06.393000,1.3127783333333334,NA,4,NA,2022-11-07 13:50:37.159000,NA,0.0,NA,0.0,NA,NA,NA,NA,NA,NA,NA,NA,NA,NA,NA,NA,NA,NA,NA,NA,NA,NA,NA,NA,NA,14459,6456
0.48,0.52,0.56,0.24,0.52,0.52,0.56,0.48,52,1995,21_datatwo,07/11/22 - 13/11/22,0.0,0.0,0.0,0.0,0.0,0.0,0.0,00:00:00,01:47:37,0,0,0.0,0.0,0.0,0.0,0.0,0.0,0,0,0,NA,0,0,NA,NA,NA,NA,NA,NA,week 6,0.0,0.0,0,0,NA,NA,0.0,0,0,NA,NA,0.0,NA,0,NA,NA,NA,0.0,NA,0,NA,NA,NA,0.0,NA,0.0,NA,NA,NA,NA,NA,NA,NA,NA,NA,NA,NA,NA,NA,NA,NA,NA,NA,NA,NA,NA,NA,0,6457
 , , , ,0.48,0.48,0.32,0.4,42,1996,22_datatwo,07/11/22 - 13/11/22,0.0,0.0,0.0,0.0,0.0,0.0,0.0,00:00:00,01:47:37,0,0,0.0,0.0,0.0,0.0,0.0,0.0,0,0,0,NA,0,0,NA,NA,NA,NA,NA,NA,week 6,0.0,0.0,0,0,NA,NA,0.0,0,0,NA,NA,0.0,NA,0,NA,NA,NA,0.0,NA,0,NA,NA,NA,0.0,NA,0.0,NA,NA,NA,NA,NA,NA,NA,NA,NA,NA,NA,NA,NA,NA,NA,NA,NA,NA,NA,NA,NA,0,6457
0.36,0.32, , ,0.52,0.6,0.52,0.52,54,1987,23_datatwo,07/11/22 - 13/11/22,0.0,0.27861166666666665,0.0,0.0,0.0,0.0,0.0,00:16:43,01:47:36,5,5,0.001945,0.0027783333333333336,0.0,0.0,0.0,0.0,1,3,0,NA,0,0,2022-11-08 10:03:30.593000,2022-11-08 10:19:14.080000,NA,NA,NA,NA,week 6,0.0,0.0,0,0,NA,NA,0.0,0,0,NA,NA,0.0025,NA,1,NA,NA,2022-11-08 10:19:27.026000,0.0016666666666666668,NA,2,NA,2022-11-08 10:19:18.624000,NA,0.0,NA,0.0,NA,NA,NA,NA,NA,NA,NA,NA,NA,NA,NA,NA,NA,NA,NA,NA,NA,NA,NA,NA,NA,1003,6456
 , , , ,0.52,0.4,0.4,0.52,46,2000,24_datatwo,07/11/22 - 13/11/22,0.0,0.0,0.0,0.021666666666666667,0.17361166666666664,0.0,0.0,00:11:43,01:47:36,7,8,0.006944999999999999,0.005278333333333333,0.0,0.001945,0.001945,0.0,1,3,0,NA,1,0,2022-11-11 20:50:18.247000,2022-11-11 20:50:43.208000,NA,2022-11-11 20:55:19.725000,2022-11-11 20:55:33.107000,NA,week 6,0.0,0.0,0,0,NA,NA,0.0,1,0,NA,NA,0.0,NA,0,NA,NA,NA,0.0,NA,0,NA,NA,NA,0.0,NA,0.0,NA,NA,NA,NA,NA,NA,NA,NA,NA,NA,NA,NA,NA,NA,NA,NA,NA,NA,NA,NA,NA,703,6456
 , , , ,0.68,0.68,0.6,0.6,64,1994,25_datatwo,07/11/22 - 13/11/22,0.0,0.7927783333333333,0.0,0.0,0.0,0.0,0.0,00:47:34,01:47:36,9,9,0.0008333333333333334,0.0022216666666666665,0.146945,0.003888333333333333,0.0,0.0,2,2,2,NA,0,0,2022-11-08 11:51:26.401000,2022-11-08 11:16:33.677000,NA,2022-11-08 11:51:22.215000,NA,NA,week 6,0.0,0.0,0,0,NA,NA,0.0,3,0,2022-11-08 11:07:50.731000,NA,0.0,NA,0,NA,NA,NA,0.2597216666666667,NA,2,NA,2022-11-08 11:16:38.409000,NA,0.0,NA,0.0,NA,NA,NA,NA,NA,NA,NA,NA,NA,NA,NA,NA,NA,NA,NA,NA,NA,NA,NA,NA,NA,2854,6456
 , , , ,0.64,0.6,0.52,0.52,57,1995,26_datatwo,07/11/22 - 13/11/22,0.0,0.0,0.0,0.0,0.0,0.0,0.0,00:00:00,01:47:37,0,0,0.0,0.0,0.0,0.0,0.0,0.0,0,0,0,NA,0,0,NA,NA,NA,NA,NA,NA,week 6,0.0,0.0,0,0,NA,NA,0.0,0,0,NA,NA,0.0,NA,0,NA,NA,NA,0.0,NA,0,NA,NA,NA,0.0,NA,0.0,NA,NA,NA,NA,NA,NA,NA,NA,NA,NA,NA,NA,NA,NA,NA,NA,NA,NA,NA,NA,NA,0,6457
 , , , ,0.68,0.68,0.64,0.68,67,1995,27_datatwo,07/11/22 - 13/11/22,0.0,0.0,0.0,0.0,0.0,0.0,0.0,00:00:00,01:47:37,0,0,0.0,0.0,0.0,0.0,0.0,0.0,0,0,0,NA,0,0,NA,NA,NA,NA,NA,NA,week 6,0.0,0.0,0,0,NA,NA,0.0,0,0,NA,NA,0.0,NA,0,NA,NA,NA,0.0,NA,0,NA,NA,NA,0.0,NA,0.0,NA,NA,NA,NA,NA,NA,NA,NA,NA,NA,NA,NA,NA,NA,NA,NA,NA,NA,NA,NA,NA,0,6457
 ,0.4,0.52,0.52,0.76,0.68,0.68,0.68,70,1991,28_datatwo,07/11/22 - 13/11/22,0.0,0.9944433333333333,0.0,0.0,4.079166666666667,0.0,0.0,05:04:25,01:47:36,9,19,0.0016666666666666668,0.6883316666666667,0.007778333333333333,0.003888333333333333,0.0,0.0,1,8,2,NA,0,0,2022-11-11 16:07:21.011000,2022-11-08 15:22:52.669000,NA,2022-11-08 16:03:22.819000,NA,NA,week 6,0.0,0.0,0,0,NA,NA,0.0,3,0,2022-11-08 16:09:24.629000,NA,1.4727783333333335,NA,2,NA,NA,2022-11-08 15:23:02.392000,1.3547216666666666,NA,6,NA,2022-11-08 16:03:34.728000,NA,0.0,NA,0.0,NA,NA,NA,NA,NA,NA,NA,NA,NA,NA,NA,NA,NA,NA,NA,NA,NA,NA,NA,NA,NA,18265,6456
 , , , ,0.68,0.68,0.76,0.68,70,1981,29_datatwo,07/11/22 - 13/11/22,0.0,1.7594450000000001,0.0,0.0,0.0,1.8986116666666668,0.0,03:39:29,01:47:36,9,14,0.6472233333333333,0.19416666666666668,0.000555,0.0,0.0,0.19777833333333333,3,12,1,NA,0,3,2022-11-12 18:12:47.564000,2022-11-08 11:22:27.387000,NA,NA,NA,2022-11-12 18:34:49.730000,week 6,0.0,0.809445,0,3,NA,2022-11-12 18:20:27.723000,0.17333333333333334,0,1,2022-11-12 18:53:53.788000,2022-11-12 18:22:22.639000,0.0,NA,0,NA,NA,NA,1.2925,NA,1,NA,2022-11-08 11:50:18.106000,NA,0.03138833333333333,NA,1.0,NA,2022-11-12 18:32:50.543000,NA,NA,NA,NA,NA,NA,NA,NA,NA,NA,NA,NA,NA,NA,NA,NA,NA,NA,NA,13169,6456
0.4, , , ,0.68,0.64,0.64,0.68,66,1981,30_datatwo,07/11/22 - 13/11/22,0.0,1.8819450000000002,0.0,0.024721666666666666,0.0,0.0,0.0,01:54:24,01:47:36,13,15,0.0,0.4677766666666667,0.0013883333333333332,0.08638833333333333,0.0,0.0,0,5,2,NA,0,0,NA,2022-11-08 16:07:38.580000,NA,2022-11-08 16:45:52.743000,NA,NA,week 6,0.0,0.001945,0,1,NA,2022-11-08 16:07:44.670000,0.16888833333333333,2,2,2022-11-08 16:18:00.715000,2022-11-08 16:07:53.010000,0.0,NA,0,NA,NA,NA,1.071945,NA,2,NA,2022-11-08 16:51:09.331000,NA,0.0,NA,0.0,NA,NA,NA,NA,NA,NA,NA,NA,NA,NA,NA,NA,NA,NA,NA,NA,NA,NA,NA,NA,NA,6864,6456
0.56,0.44,0.48, ,0.6,0.6,0.56,0.52,57,1992,31_datatwo,07/11/22 - 13/11/22,0.05638833333333333,1.415555,0.0,0.0,0.0,0.681945,0.0,02:09:14,01:47:36,8,12,0.0,0.25361,0.0,0.058611666666666666,0.0,0.0,0,9,0,NA,0,0,NA,2022-11-07 18:21:38.743000,NA,2022-11-08 16:45:45.927000,NA,NA,week 6,0.0,0.0,0,0,NA,NA,0.0,3,0,NA,NA,0.418055,NA,2,NA,NA,2022-11-12 22:44:25.001000,1.2586116666666667,NA,3,NA,2022-11-07 18:21:55.686000,NA,0.10611166666666666,NA,1.0,NA,2022-11-12 23:18:31.937000,NA,NA,NA,NA,NA,NA,NA,NA,NA,NA,NA,NA,NA,NA,NA,NA,NA,NA,NA,7754,6456
 , , , ,0.6,0.6,0.56,0.64,60,1994,32_datatwo,07/11/22 - 13/11/22,0.0,0.0,0.0,0.0,0.0,0.0,0.0,00:00:00,01:47:37,0,0,0.0,0.0,0.0,0.0,0.0,0.0,0,0,0,NA,0,0,NA,NA,NA,NA,NA,NA,week 6,0.0,0.0,0,0,NA,NA,0.0,0,0,NA,NA,0.0,NA,0,NA,NA,NA,0.0,NA,0,NA,NA,NA,0.0,NA,0.0,NA,NA,NA,NA,NA,NA,NA,NA,NA,NA,NA,NA,NA,NA,NA,NA,NA,NA,NA,NA,NA,0,6457
 , , , ,0.42,0.52,0.56,0.54,51,1989,33_datatwo,07/11/22 - 13/11/22,0.013055,0.0,0.0,0.0,0.0,0.0,0.0,00:00:47,01:47:36,3,3,0.0,0.005,0.005555000000000001,0.0,0.0,0.0,0,1,1,NA,0,0,NA,2022-11-07 10:44:03.696000,NA,NA,NA,NA,week 6,0.0,0.0,0,0,NA,NA,0.0,0,0,2022-11-07 10:43:43.727000,NA,0.0,NA,1,NA,NA,2022-11-07 10:44:21.720000,0.0,NA,0,NA,NA,NA,0.0,NA,0.0,NA,NA,NA,NA,NA,NA,NA,NA,NA,NA,NA,NA,NA,NA,NA,NA,NA,NA,NA,NA,NA,47,6456
 , , , ,0.64,0.6,0.68,0.68,65,1991,34_datatwo,07/11/22 - 13/11/22,0.429445,1.065,0.001945,0.0036116666666666667,0.0,0.0,0.0,01:30:00,01:47:36,8,13,0.0025,0.0063883333333333335,0.0036116666666666667,0.0,0.0,0.0,1,5,3,NA,0,0,2022-11-08 11:34:33.062000,2022-11-07 12:05:30.591000,NA,NA,NA,NA,week 6,0.0,0.0,0,3,NA,2022-11-07 12:05:41.282000,0.0,0,0,2022-11-08 11:34:28.215000,NA,0.0,NA,1,NA,NA,2022-11-08 12:38:07.385000,0.10250000000000001,NA,1,NA,2022-11-08 11:51:10.986000,NA,0.0,NA,0.0,NA,NA,NA,NA,NA,NA,NA,NA,NA,NA,NA,NA,NA,NA,NA,NA,NA,NA,NA,NA,NA,5400,6456
0.36,0.28, , ,0.52,0.52,0.52,0.52,52,1981,35_datatwo,07/11/22 - 13/11/22,0.0,0.41750000000000004,0.0,0.0,0.0,0.0,0.0,00:25:03,01:47:36,3,3,0.0,0.005,0.0,0.0,0.0,0.0,0,3,0,NA,0,0,NA,2022-11-08 13:07:46.631000,NA,NA,NA,NA,week 6,0.0,0.0,0,0,NA,NA,0.0,0,0,NA,NA,0.0,NA,0,NA,NA,NA,0.32,NA,1,NA,2022-11-08 13:07:58.571000,NA,0.0,NA,0.0,NA,NA,NA,NA,NA,NA,NA,NA,NA,NA,NA,NA,NA,NA,NA,NA,NA,NA,NA,NA,NA,1503,6456
 , , , ,0.52,0.52,0.52,0.56,53,1994,36_datatwo,07/11/22 - 13/11/22,0.0,0.404445,0.0,0.0,0.0,0.0,0.0,00:24:16,01:47:36,5,5,0.00027833333333333334,0.016666666666666666,0.0,0.0013883333333333332,0.0,0.0,0,1,3,NA,0,0,2022-11-08 11:32:11.717000,2022-11-08 11:04:10.169000,NA,2022-11-08 11:32:12.789000,NA,NA,week 6,0.0,0.0,0,0,NA,NA,0.0,1,0,NA,NA,0.0,NA,0,NA,NA,NA,0.005,NA,2,NA,2022-11-08 11:04:15.817000,NA,0.0,NA,0.0,NA,NA,NA,NA,NA,NA,NA,NA,NA,NA,NA,NA,NA,NA,NA,NA,NA,NA,NA,NA,NA,1456,6456
0.48,0.64, , ,0.52,0.64,0.32,0.56,51,1986,37_datatwo,07/11/22 - 13/11/22,0.0,0.3188883333333334,0.010833333333333334,0.01694333333333333,0.0022216666666666665,0.0,0.0,00:20:55,01:47:36,3,4,0.0,0.0,0.17388833333333334,0.09583333333333334,0.0,0.0,2,0,1,NA,0,0,2022-11-10 15:47:58.189000,NA,NA,2022-11-08 19:25:19.512000,NA,NA,week 6,0.0,0.0,0,0,NA,NA,0.0,1,0,2022-11-08 19:14:36.513000,NA,0.0,NA,0,NA,NA,NA,0.0,NA,0,NA,NA,NA,0.0,NA,0.0,NA,NA,NA,NA,NA,NA,NA,NA,NA,NA,NA,NA,NA,NA,NA,NA,NA,NA,NA,NA,NA,1255,6456
 , , , ,0.44,0.52,0.4,0.52,47,1992,38_datatwo,07/11/22 - 13/11/22,0.0,0.0,0.9380550000000001,0.0,0.0,0.009445000000000002,0.0,00:56:51,01:47:36,3,4,0.9113883333333334,0.0025,0.0,0.0,0.0,0.0,2,1,0,NA,0,0,2022-11-09 16:23:25.117000,2022-11-09 17:18:06.043000,NA,NA,NA,NA,week 6,0.0,0.0,0,0,NA,NA,0.0,0,0,NA,NA,0.0,NA,0,NA,NA,NA,0.0,NA,0,NA,NA,NA,0.0,NA,0.0,NA,NA,NA,NA,NA,NA,NA,NA,NA,NA,NA,NA,NA,NA,NA,NA,NA,NA,NA,NA,NA,3411,6456
 , , , ,0.52,0.6,0.52,0.52,54,1992,39_datatwo,07/11/22 - 13/11/22,0.0,0.7736116666666667,0.0,0.0,0.0,0.0,0.0,00:46:25,01:47:36,3,3,0.4583333333333333,0.3111116666666666,0.0,0.0,0.0,0.0,1,3,0,NA,0,0,2022-11-08 11:23:13.576000,2022-11-08 11:04:26.815000,NA,NA,NA,NA,week 6,0.0,0.0,0,0,NA,NA,0.0,7,0,NA,NA,0.0,NA,0,NA,NA,NA,0.0025,NA,2,NA,2022-11-08 11:16:16.791000,NA,0.0,NA,0.0,NA,NA,NA,NA,NA,NA,NA,NA,NA,NA,NA,NA,NA,NA,NA,NA,NA,NA,NA,NA,NA,2785,6456
0.52,0.52,0.48, ,0.56,0.56,0.6,0.56,57,1996,40_datatwo,07/11/22 - 13/11/22,0.0,1.4366666666666668,0.0,0.022778333333333334,0.0,0.0,0.0,01:27:34,01:47:36,7,9,0.0008333333333333334,0.07611166666666666,0.0,0.0,0.0,0.0,1,9,0,NA,0,0,2022-11-08 11:21:54.313000,2022-11-08 11:04:26.567000,NA,NA,NA,NA,week 6,0.0,0.06666666666666667,0,1,NA,2022-11-08 11:23:55.716000,0.0,0,0,NA,NA,0.0,NA,0,NA,NA,NA,0.7216666666666666,NA,6,NA,2022-11-08 11:04:36.706000,NA,0.0,NA,0.0,NA,NA,NA,NA,NA,NA,NA,NA,NA,NA,NA,NA,NA,NA,NA,NA,NA,NA,NA,NA,NA,5254,6456
 , , , ,0.56,0.52,0.4,0.6,52,1997,41_datatwo,07/11/22 - 13/11/22,0.0,0.6427783333333333,0.0,0.0,0.0,0.0,0.0,00:38:34,01:47:36,4,4,0.23166666666666666,0.0033333333333333335,0.0,0.0,0.0,0.0,1,3,0,NA,0,0,2022-11-08 11:15:15.554000,2022-11-08 11:29:09.757000,NA,NA,NA,NA,week 6,0.0,0.0,0,0,NA,NA,0.0,0,0,NA,NA,0.0,NA,0,NA,NA,NA,0.06416666666666666,NA,3,NA,2022-11-08 11:29:15.496000,NA,0.0,NA,0.0,NA,NA,NA,NA,NA,NA,NA,NA,NA,NA,NA,NA,NA,NA,NA,NA,NA,NA,NA,NA,NA,2314,6456
0.28,0.4,0.4,0.36,0.52,0.56,0.52,0.56,54,1996,42_datatwo,07/11/22 - 13/11/22,0.0,0.7424999999999999,3.763888333333333,3.740278333333334,2.5316666666666667,0.6886116666666666,0.0,11:28:01,01:47:36,9,25,1.7597233333333333,0.15749833333333335,0.023055,0.0,0.0,0.0,7,17,4,NA,0,0,2022-11-09 23:42:31.935000,2022-11-08 11:50:08.709000,NA,NA,NA,NA,week 6,0.0,1.0286116666666667,0,3,NA,2022-11-09 12:37:48.502000,0.0,0,0,2022-11-11 13:45:33.984000,NA,0.005833333333333333,NA,4,NA,NA,2022-11-10 16:45:40.368000,1.4808350000000001,NA,5,NA,2022-11-08 11:50:11.836000,NA,0.0,NA,0.0,NA,NA,NA,NA,NA,NA,NA,NA,NA,NA,NA,NA,NA,NA,NA,NA,NA,NA,NA,NA,NA,41281,6456
 ,0.44,0.44, ,0.52,0.56,0.52,0.6,55,1991,43_datatwo,07/11/22 - 13/11/22,0.003055,2.2808333333333333,0.0,0.0,0.0,2.3702783333333333,0.0,04:39:15,01:47:36,9,18,0.011666666666666665,0.19444499999999998,0.011110000000000002,0.0008333333333333334,0.0,0.0,7,16,5,NA,0,0,2022-11-07 08:54:15.789000,2022-11-08 10:33:32.002000,NA,2022-11-12 11:57:30.800000,NA,NA,week 6,0.0,0.0,0,0,NA,NA,0.0,1,0,2022-11-08 11:55:58.657000,NA,0.9188883333333333,NA,4,NA,NA,2022-11-08 12:21:38.781000,0.7333333333333333,NA,4,NA,2022-11-08 10:33:37.619000,NA,0.0,NA,0.0,NA,NA,NA,NA,NA,NA,NA,NA,NA,NA,NA,NA,NA,NA,NA,NA,NA,NA,NA,NA,NA,16755,6456
0.56,0.68,0.72,0.72,0.72,0.76,0.8,0.8,77,1986,44_datatwo,07/11/22 - 13/11/22,0.0,1.5855549999999998,0.018333333333333333,1.8561116666666668,1.0447216666666668,0.0,0.389445,04:53:39,01:47:36,8,13,2.1886116666666666,0.01694333333333333,0.0016666666666666668,0.0,0.0,0.0,4,6,1,NA,0,0,2022-11-10 14:58:36.336000,2022-11-08 16:33:03.527000,NA,NA,NA,NA,week 6,0.0,0.0,0,0,NA,NA,0.0,0,0,2022-11-09 09:16:01.412000,NA,0.0,NA,1,NA,NA,2022-11-10 16:49:57.520000,1.1319450000000002,NA,3,NA,2022-11-08 16:33:06.940000,NA,1.0433333333333334,NA,1.0,NA,2022-11-12 00:06:00.545000,NA,NA,NA,NA,NA,NA,NA,NA,NA,NA,NA,NA,NA,NA,NA,NA,NA,NA,NA,17619,6456
0.44,0.56,0.48, ,0.56,0.64,0.68,0.6,62,1989,45_datatwo,07/11/22 - 13/11/22,0.0,1.2538883333333333,0.0,0.03277833333333333,0.039445,2.0833333333333335,0.007778333333333333,03:25:02,01:47:36,10,26,0.034166666666666665,0.0325,0.00027833333333333334,0.0013883333333333332,0.0,0.0,9,15,1,NA,0,0,2022-11-08 11:05:08.519000,2022-11-08 11:12:40.722000,NA,2022-11-12 23:59:11.211000,NA,NA,week 6,0.0,0.2252783333333333,0,1,NA,2022-11-12 23:59:20.033000,0.19222166666666668,1,2,2022-11-08 11:28:10.417000,2022-11-12 23:58:56.178000,0.020835,NA,3,NA,NA,2022-11-10 12:38:43.066000,2.408611666666667,NA,8,NA,2022-11-08 11:12:52.336000,NA,0.0,NA,0.0,NA,NA,NA,NA,NA,NA,NA,NA,NA,NA,NA,NA,NA,NA,NA,NA,NA,NA,NA,NA,NA,12302,6456
0.36,0.4,NA,0.68,0.8,0.72,0.72,0.68,73,1992,46_datatwo,06/03/23 - 12/03/23,0.18861166666666665,1.4227783333333335,0.0,0.0,4.088611666666667,0.01638833333333333,0.0,05:42:59,02:46:55,18,33,0.29805666666666664,0.023334999999999998,0.005555000000000001,0.013889999999999998,0.0,0.0,12,11,3,NA,0,0,2023-03-13 11:17:57.459000,2023-03-13 11:23:11.146000,NA,2023-03-14 13:42:39.416000,NA,NA,week 6,0.0,0.0,0,0,NA,NA,0.6549999999999999,5,2,2023-03-14 13:41:46.698000,2023-03-13 11:27:58.847000,0.056666666666666664,NA,4,NA,NA,2023-03-13 11:23:18.668000,0.8783333333333334,0.0016666666666666668,4,1.0,2023-03-13 11:25:11.159000,2023-03-14 13:08:35.651000,0.44861166666666663,0.0016666666666666668,2.0,1.0,2023-03-14 13:35:39.785000,2023-03-13 11:20:52.138000,NA,NA,NA,NA,NA,NA,NA,NA,NA,NA,NA,NA,NA,NA,NA,NA,NA,NA,20579,10015
0.52,0.6,0.52,0.72,0.64,0.68,0.68,0.8,70,1999,47_datatwo,06/03/23 - 12/03/23,2.8247233333333335,1.792776666666667,0.0,0.0,0.0,1.9083333333333334,5.925278333333334,12:27:04,02:46:55,12,32,2.107501666666667,0.01361,0.0011116666666666666,0.0033333333333333335,0.0,0.0,22,13,1,NA,0,0,2023-03-13 00:51:04.324000,2023-03-13 16:20:31.567000,NA,2023-03-13 16:20:21.920000,NA,NA,week 6,0.0,0.0,0,0,NA,NA,2.2205549999999996,5,1,2023-03-13 16:20:24.336000,2023-03-13 16:20:36.021000,0.9072216666666667,NA,3,NA,NA,2023-03-19 14:54:40.510000,3.7483333333333335,0.0,5,0.0,2023-03-14 12:14:19.849000,NA,0.7141666666666667,0.11111166666666668,1.0,7.0,2023-03-14 13:08:49.020000,2023-03-13 00:51:09.024000,NA,NA,NA,NA,NA,NA,NA,NA,NA,NA,NA,NA,NA,NA,NA,NA,NA,NA,44824,10015
0.48,0.6,0.48,0.52,0.64,0.64,0.56,0.56,60,1989,48_datatwo,06/03/23 - 12/03/23,3.658888333333333,1.4647216666666665,2.7380566666666666,0.0,0.006111666666666666,0.041666666666666664,0.016944999999999998,07:55:35,02:46:55,11,35,2.02472,0.008055,0.0,0.000555,0.0,0.0,23,8,0,NA,0,0,2023-03-13 16:42:49.024000,2023-03-13 16:51:58.204000,NA,2023-03-14 12:19:09.812000,NA,NA,week 6,0.0,0.0,0,0,NA,NA,0.47138833333333335,1,1,NA,2023-03-13 17:41:22.201000,0.004166666666666667,NA,1,NA,NA,2023-03-14 12:19:17.263000,0.5758333333333333,0.16861166666666666,2,4.0,2023-03-14 12:19:36.929000,2023-03-14 13:22:21.808000,0.360555,0.005831666666666666,1.0,5.0,2023-03-13 20:19:50.997000,2023-03-13 16:42:54.133000,NA,NA,NA,NA,NA,NA,NA,NA,NA,NA,NA,NA,NA,NA,NA,NA,NA,NA,28535,10015
NA,NA,NA,NA,0.56,0.64,0.56,0.64,60,1995,49_datatwo,06/03/23 - 12/03/23,0.0,1.7861116666666668,0.0,0.9047216666666668,0.0,0.0,0.0,02:41:27,02:46:55,6,11,0.14305500000000002,0.09000000000000001,0.6361100000000001,0.0,0.0,0.0,1,6,2,NA,0,0,2023-03-16 10:04:03.803000,2023-03-14 08:50:16.771000,NA,NA,NA,NA,week 6,0.0,0.0,0,4,NA,NA,0.0,0,3,2023-03-14 08:51:48.309000,2023-03-14 12:15:46.645000,0.0,NA,0,NA,NA,2023-03-14 08:50:22.933000,1.7852783333333335,0.0,0,0.0,NA,NA,0.028333333333333332,0.0,0.0,0.0,NA,NA,NA,NA,NA,NA,NA,NA,NA,NA,NA,NA,NA,NA,NA,NA,NA,NA,NA,NA,9687,10015
0.48,0.4,NA,0.4,0.72,0.76,0.68,0.72,72,1988,50_datatwo,06/03/23 - 12/03/23,0.06666666666666667,1.119445,0.01638833333333333,0.0,0.0,3.1944450000000004,0.022500000000000003,04:25:10,02:46:55,13,27,0.11777666666666665,0.029166666666666667,0.0016666666666666668,0.0013883333333333332,0.0,0.0,11,10,2,NA,0,0,2023-03-13 22:07:59.695000,2023-03-13 16:51:12.503000,NA,2023-03-14 13:29:13.618000,NA,NA,week 6,0.0,0.0,0,0,NA,NA,0.0,2,1,2023-03-14 12:37:23.916000,2023-03-13 16:51:15.702000,0.0016666666666666668,NA,1,NA,NA,2023-03-14 12:22:46.354000,3.1847216666666665,0.0016666666666666668,7,1.0,2023-03-14 12:22:56.023000,2023-03-14 13:08:51.653000,0.3397216666666667,0.013333333333333334,3.0,6.0,2023-03-13 22:10:34.296000,2023-03-15 23:03:07.307000,NA,NA,NA,NA,NA,NA,NA,NA,NA,NA,NA,NA,NA,NA,NA,NA,NA,NA,15910,10015
0.56,0.68,0.72,0.76,0.72,0.76,0.72,0.8,75,1994,51_datatwo,06/03/23 - 12/03/23,6.468611666666666,1.6530549999999997,0.48333333333333334,0.0,0.04111166666666667,0.013888333333333332,0.0,08:39:36,02:46:55,14,36,0.021945,0.096945,0.0013883333333333332,0.00027833333333333334,0.0,0.0,30,12,4,NA,0,0,2023-03-13 07:46:52.192000,2023-03-13 07:43:24.350000,NA,2023-03-13 08:05:44.826000,NA,NA,week 6,0.0,0.0,0,0,NA,NA,1.6522216666666665,1,5,2023-03-14 12:31:42.214000,2023-03-13 07:43:27.940000,0.009721666666666665,NA,1,NA,NA,2023-03-13 19:08:59.403000,0.6052783333333333,4.150833333333334,3,7.0,2023-03-14 12:31:47.541000,2023-03-14 13:08:17.310000,0.433055,0.030833333333333334,2.0,11.0,2023-03-13 16:30:43.076000,2023-03-13 07:46:55.704000,NA,NA,NA,NA,NA,NA,NA,NA,NA,NA,NA,NA,NA,NA,NA,NA,NA,NA,31176,10015
0.44,0.4,NA,NA,0.64,0.52,0.56,0.64,60,1997,52_datatwo,06/03/23 - 12/03/23,3.701111666666667,0.3097216666666667,0.0,0.0,0.0025,0.0,0.0,04:00:48,02:46:55,10,17,0.8766650000000001,0.006944999999999999,0.000555,0.0013883333333333332,0.0,0.0,13,6,1,NA,0,0,2023-03-13 14:13:02.666000,2023-03-13 14:12:51.674000,NA,2023-03-13 15:04:05.989000,NA,NA,week 6,0.0,0.0,0,0,NA,NA,0.25833333333333336,2,3,2023-03-14 12:32:47.539000,2023-03-13 14:12:54.583000,0.06611166666666667,NA,2,NA,NA,2023-03-13 15:19:12.328000,0.014166666666666666,0.036388333333333335,2,1.0,2023-03-14 12:22:46.962000,2023-03-14 12:16:27.497000,0.0,0.17027833333333334,0.0,4.0,NA,2023-03-13 15:21:30.565000,NA,NA,NA,NA,NA,NA,NA,NA,NA,NA,NA,NA,NA,NA,NA,NA,NA,NA,14448,10015
0.36,NA,NA,0.76,0.68,0.68,0.68,0.76,70,1991,53_datatwo,06/03/23 - 12/03/23,0.0,1.6900000000000002,0.010833333333333334,0.0,3.073611666666667,0.0,0.0,04:46:28,02:46:55,8,11,0.7538883333333334,0.005278333333333333,0.0008333333333333334,0.0,0.0,0.0,20,3,2,NA,0,0,2023-03-14 12:10:12.508000,2023-03-14 12:25:50.431000,NA,NA,NA,NA,week 6,0.0,0.005278333333333333,0,1,NA,2023-03-14 13:51:15.078000,0.0,0,0,2023-03-14 12:13:58.915000,NA,0.005,NA,1,NA,NA,2023-03-14 12:25:55.383000,0.41750000000000004,3.3366666666666664,1,6.0,2023-03-14 12:35:19.110000,2023-03-14 12:10:16.578000,0.0,0.021666666666666667,0.0,4.0,NA,2023-03-14 12:19:58.035000,NA,NA,NA,NA,NA,NA,NA,NA,NA,NA,NA,NA,NA,NA,NA,NA,NA,NA,17188,10015
0.52,NA,0.52,0.52,0.6,0.68,0.56,0.56,60,1992,54_datatwo,06/03/23 - 12/03/23,0.5375,1.1780549999999999,0.0,0.0,0.0,0.0,0.0,01:42:56,02:46:55,8,9,0.007500000000000001,0.027221666666666665,0.0,0.0,0.0,0.0,3,5,0,NA,0,0,2023-03-14 13:43:38.017000,2023-03-13 21:16:19.710000,NA,NA,NA,NA,week 6,0.0,0.0,0,0,NA,NA,0.5147216666666667,0,3,NA,2023-03-13 21:16:58.647000,0.0,NA,0,NA,NA,NA,1.1183333333333332,0.0,3,0.0,2023-03-14 12:15:37.768000,NA,0.0,0.0,1.0,0.0,2023-03-14 13:23:56.830000,NA,NA,NA,NA,NA,NA,NA,NA,NA,NA,NA,NA,NA,NA,NA,NA,NA,NA,NA,6176,10015
NA,NA,NA,NA,0.48,0.56,0.56,0.6,55,1992,55_datatwo,06/03/23 - 12/03/23,0.0,0.0,0.0,0.0,0.0,0.0,0.0,00:00:00,02:46:55,0,0,0.0,0.0,0.0,0.0,0.0,0.0,0,0,0,NA,0,0,NA,NA,NA,NA,NA,NA,week 6,0.0,0.0,0,0,NA,NA,0.0,0,0,NA,NA,0.0,NA,0,NA,NA,NA,0.0,0.0,0,0.0,NA,NA,0.0,0.0,0.0,0.0,NA,NA,NA,NA,NA,NA,NA,NA,NA,NA,NA,NA,NA,NA,NA,NA,NA,NA,NA,NA,0,10015
0.56,NA,NA,NA,0.64,0.76,0.76,0.76,73,1985,56_datatwo,06/03/23 - 12/03/23,0.0,0.5430550000000001,0.0,0.0,0.0,0.0,2.486111666666667,03:01:45,02:46:55,8,13,0.620555,0.07416666666666667,0.0,0.0,0.0,0.0,5,6,0,NA,0,0,2023-03-14 11:58:55.707000,2023-03-14 12:24:24.983000,NA,NA,NA,NA,week 6,0.0,0.0,0,0,NA,NA,0.0,0,0,NA,NA,0.246945,NA,1,NA,NA,2023-03-19 10:46:29.336000,1.9966666666666666,0.0775,3,2.0,2023-03-14 12:24:53.197000,2023-03-14 11:59:06.399000,0.0,0.0,0.0,0.0,NA,NA,NA,NA,NA,NA,NA,NA,NA,NA,NA,NA,NA,NA,NA,NA,NA,NA,NA,NA,10905,10015
NA,NA,0.6,NA,0.68,0.68,0.72,0.8,72,1987,57_datatwo,06/03/23 - 12/03/23,1.4280549999999999,1.6666666666666667,0.0,0.0,0.0,0.0,0.026111666666666665,03:07:15,02:46:55,8,13,0.014443333333333334,0.007221666666666667,0.0,0.01,0.0,0.0,5,4,0,NA,0,0,2023-03-13 12:15:14.009000,2023-03-13 13:40:19.589000,NA,2023-03-13 13:39:41.070000,NA,NA,week 6,0.0,0.0,0,0,NA,NA,0.0,3,0,NA,NA,0.0,NA,1,NA,NA,2023-03-19 20:52:32.675000,1.6563883333333331,0.0,3,0.0,2023-03-13 13:40:27.467000,NA,0.0,1.405,0.0,1.0,NA,2023-03-13 12:15:18.831000,NA,NA,NA,NA,NA,NA,NA,NA,NA,NA,NA,NA,NA,NA,NA,NA,NA,NA,11235,10015
NA,NA,NA,NA,0.4,0.48,0.4,0.52,45,1998,58_datatwo,06/03/23 - 12/03/23,0.0,0.0,0.0,0.0,0.0,0.0,0.0,00:00:00,02:46:55,0,0,0.0,0.0,0.0,0.0,0.0,0.0,0,0,0,NA,0,0,NA,NA,NA,NA,NA,NA,week 6,0.0,0.0,0,0,NA,NA,0.0,0,0,NA,NA,0.0,NA,0,NA,NA,NA,0.0,0.0,0,0.0,NA,NA,0.0,0.0,0.0,0.0,NA,NA,NA,NA,NA,NA,NA,NA,NA,NA,NA,NA,NA,NA,NA,NA,NA,NA,NA,NA,0,10015
0.68,0.72,0.48,0.72,0.68,0.72,0.76,0.76,73,1994,59_datatwo,06/03/23 - 12/03/23,0.7822216666666667,1.679445,0.08722166666666667,0.4047216666666667,0.0,0.0,1.0127783333333333,03:57:59,02:46:55,13,29,0.541945,0.08888833333333332,0.27666666666666667,0.005278333333333333,0.0,0.0,23,12,6,NA,0,0,2023-03-13 13:33:55.483000,2023-03-14 09:01:55.479000,NA,2023-03-14 12:26:51.145000,NA,NA,week 6,0.0,0.0,0,0,NA,NA,0.0,3,0,2023-03-14 12:19:53.238000,NA,0.03166666666666666,NA,1,NA,NA,2023-03-16 07:10:32.180000,0.41111166666666665,0.007778333333333333,2,2.0,2023-03-14 12:24:01.136000,2023-03-19 19:02:02.640000,0.0,1.2591666666666665,1.0,3.0,2023-03-14 09:02:03.459000,2023-03-13 13:54:54.905000,NA,NA,NA,NA,NA,NA,NA,NA,NA,NA,NA,NA,NA,NA,NA,NA,NA,NA,14279,10015
0.56,0.7,NA,NA,0.68,0.76,0.8,0.8,76,1998,60_datatwo,06/03/23 - 12/03/23,2.7130549999999998,0.005555000000000001,0.0,0.0,0.02222166666666667,0.0,1.6408333333333334,04:22:53,02:46:55,10,24,0.04666666666666666,0.35583333333333333,0.00027833333333333334,0.00027833333333333334,0.0,0.0,14,4,1,NA,0,0,2023-03-13 08:35:32.704000,2023-03-13 08:38:54.476000,NA,2023-03-14 01:50:36.183000,NA,NA,week 6,0.0,0.0,0,0,NA,NA,0.755,1,4,2023-03-13 08:38:53.115000,2023-03-13 08:34:30.241000,0.0,NA,0,NA,NA,NA,0.0,0.05416666666666667,1,1.0,2023-03-14 01:50:52.063000,2023-03-13 08:35:34.848000,0.0,0.39861,0.0,5.0,NA,2023-03-14 01:45:32.139000,NA,NA,NA,NA,NA,NA,NA,NA,NA,NA,NA,NA,NA,NA,NA,NA,NA,NA,15773,10015
0.6,0.4,NA,0.72,0.8,0.76,0.72,0.8,77,1994,61_datatwo,06/03/23 - 12/03/23,5.422778333333333,3.0994433333333333,0.0,0.31777833333333333,0.004166666666666667,0.004445,0.0,08:50:55,02:46:55,8,25,0.503055,0.024444999999999998,0.0,0.0,0.0,0.0,16,8,0,NA,0,0,2023-03-13 11:49:27.653000,2023-03-13 12:00:09.442000,NA,NA,NA,NA,week 6,0.0,0.3788883333333333,0,1,NA,2023-03-13 22:30:45.805000,2.2191666666666667,0,3,NA,2023-03-13 12:00:13.600000,2.5508333333333337,NA,4,NA,NA,2023-03-13 21:01:34.818000,1.8522233333333333,0.0,2,0.0,2023-03-13 21:01:43.264000,NA,0.0,0.014445000000000001,0.0,6.0,NA,2023-03-13 11:49:35.067000,NA,NA,NA,NA,NA,NA,NA,NA,NA,NA,NA,NA,NA,NA,NA,NA,NA,NA,31855,10015
NA,NA,NA,NA,0.68,0.64,0.56,0.52,60,2001,62_datatwo,06/03/23 - 12/03/23,0.0,0.9022216666666666,0.0,0.007778333333333333,0.0,0.0,0.0,00:54:36,02:46:55,7,8,0.008611666666666665,0.0033333333333333335,0.0025,0.0,0.0,0.0,4,8,4,NA,0,0,2023-03-14 12:52:19.800000,2023-03-14 12:52:25.605000,NA,NA,NA,NA,week 6,0.0,0.0,0,0,NA,NA,0.0,0,0,2023-03-14 12:52:26.228000,NA,0.0,NA,0,NA,NA,NA,0.7594449999999999,0.003055,5,3.0,2023-03-14 12:52:45.184000,2023-03-14 12:52:21.555000,0.0,0.0,0.0,0.0,NA,NA,NA,NA,NA,NA,NA,NA,NA,NA,NA,NA,NA,NA,NA,NA,NA,NA,NA,NA,3276,10015
0.56,0.6,0.6,0.64,0.64,0.68,0.68,0.68,67,1993,63_datatwo,06/03/23 - 12/03/23,0.17416666666666666,0.010278333333333334,0.0,0.003055,0.22722166666666668,1.3891666666666667,1.2188883333333331,03:01:22,02:46:55,12,34,1.0911116666666667,0.10472333333333333,0.0008333333333333334,0.006944999999999999,0.0,0.0,12,13,1,NA,0,0,2023-03-13 17:36:34.633000,2023-03-14 12:50:15,NA,2023-03-19 01:50:07.754000,NA,NA,week 6,0.0,0.0,0,0,NA,NA,0.0,1,0,2023-03-18 02:18:17.639000,NA,0.6791666666666667,NA,4,NA,NA,2023-03-18 02:30:03.210000,0.043611666666666674,0.0,4,1.0,2023-03-14 12:50:27.805000,2023-03-14 13:46:26.697000,0.04083333333333334,0.06722333333333333,1.0,6.0,2023-03-19 01:50:43.060000,2023-03-13 17:36:59.422000,NA,NA,NA,NA,NA,NA,NA,NA,NA,NA,NA,NA,NA,NA,NA,NA,NA,NA,10882,10015
0.52,NA,NA,NA,0.52,0.52,0.56,0.72,58,1998,64_datatwo,06/03/23 - 12/03/23,1.28,0.20777833333333331,0.0047216666666666665,0.0,0.0,0.0,0.0,01:29:33,02:46:55,7,12,0.03222166666666667,0.0047216666666666665,0.0,0.0,0.0,0.0,10,4,0,NA,0,0,2023-03-13 17:52:42.208000,2023-03-13 18:43:15.636000,NA,NA,NA,NA,week 6,0.0,0.0,0,0,NA,NA,1.2125,0,1,NA,2023-03-13 18:43:21.968000,0.0,NA,0,NA,NA,NA,0.16222166666666668,0.0,3,0.0,2023-03-14 12:23:41.240000,NA,0.0,0.020833333333333332,0.0,3.0,NA,2023-03-13 18:42:55.969000,NA,NA,NA,NA,NA,NA,NA,NA,NA,NA,NA,NA,NA,NA,NA,NA,NA,NA,5373,10015
0.44,NA,NA,0.24,0.72,0.68,0.58,0.54,63,1982,65_datatwo,06/03/23 - 12/03/23,0.0,1.2458333333333333,0.0,0.0,2.4552783333333332,0.3222216666666667,0.0,04:01:24,02:46:55,6,13,0.0,0.29472166666666666,0.0,0.0,0.06722166666666667,0.0,0,9,0,NA,1,0,NA,2023-03-14 12:35:33.863000,NA,NA,2023-03-14 14:14:54.578000,NA,week 6,0.0,2.5391666666666666,0,3,NA,2023-03-14 14:19:03.791000,0.10972166666666666,0,2,NA,2023-03-14 14:23:03.012000,0.0,NA,0,NA,NA,NA,0.2797216666666667,0.0,3,0.0,2023-03-14 12:35:40.759000,NA,0.0,0.0,0.0,0.0,NA,NA,NA,NA,NA,NA,NA,NA,NA,NA,NA,NA,NA,NA,NA,NA,NA,NA,NA,NA,14484,10015
NA,NA,NA,NA,0.58,0.58,0.58,0.58,58,1980,66_datatwo,06/03/23 - 12/03/23,0.0,0.0,0.0,0.6147216666666666,0.0,0.0,0.0,00:36:53,02:46:55,2,2,0.5833333333333334,0.0,0.0,0.0,0.0,0.0,1,0,0,NA,0,0,2023-03-16 11:59:38.350000,NA,NA,NA,NA,NA,week 6,0.0,0.0,0,0,NA,NA,0.0,0,0,NA,NA,0.0,NA,0,NA,NA,NA,0.0,0.0,0,0.0,NA,NA,0.0,0.0,0.0,0.0,NA,NA,NA,NA,NA,NA,NA,NA,NA,NA,NA,NA,NA,NA,NA,NA,NA,NA,NA,NA,2213,10015
NA,NA,NA,NA,0.58,0.66,0.58,0.58,60,1986,67_datatwo,06/03/23 - 12/03/23,0.028333333333333332,1.6458333333333333,0.0,0.0,0.0,0.0,0.0,01:40:27,02:46:55,6,9,0.0025,0.03361,0.0,0.0,0.0,0.0,2,3,0,NA,0,0,2023-03-13 13:53:26.567000,2023-03-14 10:15:58.917000,NA,NA,NA,NA,week 6,0.0,0.0,0,0,NA,NA,0.0,0,0,NA,NA,0.0,NA,0,NA,NA,NA,1.5652783333333333,0.0,3,0.0,2023-03-14 10:17:54.704000,NA,0.0,0.0008333333333333334,0.0,1.0,NA,2023-03-13 13:53:35.148000,NA,NA,NA,NA,NA,NA,NA,NA,NA,NA,NA,NA,NA,NA,NA,NA,NA,NA,6027,10015
0.6,NA,NA,NA,0.6,0.64,0.56,0.64,61,1989,68_datatwo,06/03/23 - 12/03/23,0.456945,0.0,0.0,0.008055,0.0,0.0,0.0,00:27:54,02:46:55,9,11,0.30583333333333335,0.0063883333333333335,0.0,0.00027833333333333334,0.0,0.0,5,4,0,NA,0,0,2023-03-13 08:35:20.699000,2023-03-13 09:01:46.725000,NA,2023-03-13 09:02:29.153000,NA,NA,week 6,0.0,0.0,0,0,NA,NA,0.006111666666666666,1,2,NA,2023-03-13 09:02:07.348000,0.0,NA,0,NA,NA,NA,0.0,0.07666666666666666,0,1.0,NA,2023-03-13 08:35:24.785000,0.0,0.0047216666666666665,0.0,2.0,NA,2023-03-13 08:35:05.661000,NA,NA,NA,NA,NA,NA,NA,NA,NA,NA,NA,NA,NA,NA,NA,NA,NA,NA,1674,10015
0.68,0.6,0.6,0.48,0.68,0.6,0.64,0.72,66,1989,69_datatwo,06/03/23 - 12/03/23,0.11360999999999999,1.1647216666666664,0.0,0.021388333333333336,0.05277833333333334,1.8858316666666666,3.364443333333333,06:36:09,02:46:55,11,40,0.08361166666666667,0.01638833333333333,0.0008333333333333334,0.0,0.0,0.0,15,13,1,NA,0,0,2023-03-13 15:48:52.345000,2023-03-13 15:52:24.987000,NA,NA,NA,NA,week 6,0.0,0.0,0,0,NA,NA,0.0022216666666666665,0,1,2023-03-13 15:48:49.180000,2023-03-13 15:52:30.911000,1.670555,NA,4,NA,NA,2023-03-14 12:32:02.878000,3.096668333333333,0.013055,7,3.0,2023-03-14 12:32:06.159000,2023-03-14 13:40:53.747000,0.0,1.2386116666666669,0.0,7.0,NA,2023-03-13 15:53:57.352000,NA,NA,NA,NA,NA,NA,NA,NA,NA,NA,NA,NA,NA,NA,NA,NA,NA,NA,23769,10015
0.56,0.52,NA,0.52,0.68,0.76,0.72,0.72,72,1995,70_datatwo,06/03/23 - 12/03/23,2.11,1.4152783333333334,0.0,0.0,0.0,0.05083333333333333,0.0047216666666666665,03:34:51,02:46:55,13,28,0.06972333333333333,0.027778333333333332,0.0016666666666666668,2.085,0.0,0.0,18,7,2,NA,0,0,2023-03-13 14:24:51.813000,2023-03-14 00:58:29.088000,NA,2023-03-13 22:54:50.180000,NA,NA,week 6,0.0,0.0,0,0,NA,NA,0.0,4,1,2023-03-14 13:27:42.039000,2023-03-14 00:58:32.814000,0.001945,NA,1,NA,NA,2023-03-14 12:18:06.994000,0.8386116666666666,0.055,1,6.0,2023-03-14 12:18:15.069000,2023-03-13 14:24:59.457000,0.293055,0.023888333333333334,1.0,5.0,2023-03-14 13:08:48.993000,2023-03-14 10:12:31.926000,NA,NA,NA,NA,NA,NA,NA,NA,NA,NA,NA,NA,NA,NA,NA,NA,NA,NA,12891,10015
0.64,NA,NA,NA,0.64,0.76,0.6,0.56,64,1990,71_datatwo,06/03/23 - 12/03/23,0.001945,0.0,0.0,3.3738883333333334,0.0,0.0,0.0,03:22:33,02:46:55,6,8,1.505,0.021388333333333336,0.0,0.0,0.0,0.0,2,11,0,NA,0,0,2023-03-16 19:20:25.305000,2023-03-13 08:12:40.080000,NA,NA,NA,NA,week 6,0.0,0.0,0,0,NA,NA,0.5888883333333333,0,3,NA,2023-03-13 08:12:43.443000,0.2322216666666667,NA,5,NA,NA,2023-03-16 18:13:24.747000,1.0202783333333332,0.0,3,0.0,2023-03-16 18:14:24.520000,NA,0.0,0.0,0.0,0.0,NA,NA,NA,NA,NA,NA,NA,NA,NA,NA,NA,NA,NA,NA,NA,NA,NA,NA,NA,NA,12153,10015
NA,NA,NA,NA,0.68,0.68,0.48,0.64,62,1998,72_datatwo,06/03/23 - 12/03/23,0.0,0.0,0.0,0.0,0.049445,0.0,0.0,00:02:58,02:46:55,7,7,0.025,0.000555,0.010833333333333334,0.0011116666666666666,0.0,0.0,2,1,1,NA,0,0,2023-03-17 11:59:13.157000,2023-03-17 11:59:05.869000,NA,2023-03-17 11:59:09.766000,NA,NA,week 6,0.0,0.0,0,0,NA,NA,0.0,2,0,2023-03-17 11:58:27.306000,NA,0.0,NA,0,NA,NA,NA,0.0,0.0027783333333333336,0,1.0,NA,2023-03-17 12:00:43.608000,0.0,0.0,0.0,0.0,NA,NA,NA,NA,NA,NA,NA,NA,NA,NA,NA,NA,NA,NA,NA,NA,NA,NA,NA,NA,178,10015
NA,NA,NA,NA,0.56,0.6,0.56,0.48,55,1996,73_datatwo,06/03/23 - 12/03/23,0.021945,0.0,0.0,0.006666666666666667,0.0,0.0,0.0,00:01:43,02:46:55,2,2,0.01583333333333333,0.0,0.0,0.0,0.0,0.0,2,0,0,NA,0,0,2023-03-13 13:09:24.392000,NA,NA,NA,NA,NA,week 6,0.0,0.0,0,0,NA,NA,0.0,0,0,NA,NA,0.0,NA,0,NA,NA,NA,0.0,0.0027783333333333336,0,1.0,NA,2023-03-13 13:09:57.556000,0.0,0.0,0.0,0.0,NA,NA,NA,NA,NA,NA,NA,NA,NA,NA,NA,NA,NA,NA,NA,NA,NA,NA,NA,NA,103,10015
0.52,0.72,0.48,0.52,0.6,0.72,0.48,0.72,63,1998,74_datatwo,06/03/23 - 12/03/23,3.0641666666666665,0.9088883333333334,0.0,0.0,0.0,0.0,0.0,03:58:23,02:46:55,9,11,0.007778333333333333,0.0027783333333333336,0.001945,0.0,0.0,0.0,4,4,2,NA,0,0,2023-03-13 19:28:10.331000,2023-03-13 16:46:49.155000,NA,NA,NA,NA,week 6,0.0,0.0,0,0,NA,NA,2.6883333333333335,0,1,2023-03-13 16:46:42.853000,2023-03-13 16:46:51.917000,0.0,NA,0,NA,NA,NA,0.9027783333333333,0.333055,2,1.0,2023-03-14 12:14:58.196000,2023-03-13 19:28:13.872000,0.0,0.0011116666666666666,1.0,1.0,2023-03-14 13:09:24.060000,2023-03-13 19:48:38.423000,NA,NA,NA,NA,NA,NA,NA,NA,NA,NA,NA,NA,NA,NA,NA,NA,NA,NA,14303,10015
0.52,0.68,0.52,0.68,0.52,0.68,0.52,0.72,61,1992,75_datatwo,06/03/23 - 12/03/23,2.7661116666666667,1.2049999999999998,0.0,0.01861166666666667,0.44305500000000003,2.177223333333333,0.0025,06:36:45,02:46:55,11,44,0.13083166666666668,0.248335,0.0,0.003888333333333333,0.0,0.0,30,14,0,NA,0,0,2023-03-13 16:30:50.213000,2023-03-13 11:38:14.829000,NA,2023-03-14 13:27:56.272000,NA,NA,week 6,0.000555,0.0,1,0,2023-03-13 15:36:06.720000,NA,1.9741683333333335,1,6,NA,2023-03-13 11:38:17.552000,0.11527666666666667,NA,3,NA,NA,2023-03-14 12:16:44.733000,0.8519450000000001,0.03722166666666667,6,6.0,2023-03-14 12:16:34.515000,2023-03-13 16:30:55.704000,0.0,0.4011116666666667,0.0,12.0,NA,2023-03-13 23:35:57.621000,NA,NA,NA,NA,NA,NA,NA,NA,NA,NA,NA,NA,NA,NA,NA,NA,NA,NA,23805,10015
0.56,NA,NA,NA,0.6,0.52,0.56,0.64,58,1993,76_datatwo,06/03/23 - 12/03/23,0.0,0.0,0.0,0.0,0.0,0.0,0.0,00:00:00,02:46:55,0,0,0.0,0.0,0.0,0.0,0.0,0.0,0,0,0,NA,0,0,NA,NA,NA,NA,NA,NA,week 6,0.0,0.0,0,0,NA,NA,0.0,0,0,NA,NA,0.0,NA,0,NA,NA,NA,0.0,0.0,0,0.0,NA,NA,0.0,0.0,0.0,0.0,NA,NA,NA,NA,NA,NA,NA,NA,NA,NA,NA,NA,NA,NA,NA,NA,NA,NA,NA,NA,0,10015
NA,0.48,0.64,NA,0.68,0.56,0.68,0.68,65,2002,77_datatwo,06/03/23 - 12/03/23,1.275555,0.18166666666666667,0.0,0.42833333333333334,0.0,8.803333333333335,8.898056666666667,19:35:13,02:46:55,12,35,2.2824983333333337,0.03666666666666667,0.005833333333333333,0.01861166666666667,0.0,0.0,16,27,1,NA,0,0,2023-03-13 14:12:19.964000,2023-03-14 12:23:10.878000,NA,2023-03-18 14:49:14.271000,NA,NA,week 6,0.0,0.0,0,0,NA,NA,0.0,3,0,2023-03-18 15:02:37.547000,NA,14.23639,NA,19,NA,NA,2023-03-14 12:23:13.985000,0.11916666666666667,0.0,8,0.0,2023-03-14 12:23:48.364000,NA,0.0,0.024444999999999998,0.0,3.0,NA,2023-03-13 14:12:35.397000,NA,NA,NA,NA,NA,NA,NA,NA,NA,NA,NA,NA,NA,NA,NA,NA,NA,NA,70513,10015
NA,NA,NA,NA,0.32,0.32,0.2,0.56,35,1989,78_datatwo,06/03/23 - 12/03/23,0.0,0.3477783333333333,0.0,0.0,0.0,0.0,0.0,00:20:52,02:46:55,2,2,0.0,0.0022216666666666665,0.0,0.0,0.0,0.0,0,3,0,NA,0,0,NA,2023-03-14 12:24:00.104000,NA,NA,NA,NA,week 6,0.0,0.0,0,0,NA,NA,0.0,0,0,NA,NA,0.0,NA,0,NA,NA,NA,0.3163883333333333,0.0,3,0.0,2023-03-14 12:24:04.726000,NA,0.0,0.0,0.0,0.0,NA,NA,NA,NA,NA,NA,NA,NA,NA,NA,NA,NA,NA,NA,NA,NA,NA,NA,NA,NA,1252,10015
0.4,NA,NA,0.48,0.58,0.66,0.58,0.58,60,1997,79_datatwo,06/03/23 - 12/03/23,0.0,0.43222166666666667,0.0033333333333333335,0.021666666666666667,0.009721666666666665,0.0,0.8469433333333334,01:18:49,02:46:55,5,14,0.8702783333333333,0.0027783333333333336,0.0,0.0,0.0,0.0,7,2,0,NA,0,0,2023-03-14 12:08:04.090000,2023-03-14 12:15:30.411000,NA,NA,NA,NA,week 6,0.0,0.0,0,0,NA,NA,0.0,0,0,NA,NA,0.0,NA,0,NA,NA,NA,0.285278333333333,0.03333333333333333,2,6.0,2023-03-14 12:15:35.813000,2023-03-14 12:13:31.302000,0.0,0.0,0.0,0.0,NA,NA,NA,NA,NA,NA,NA,NA,NA,NA,NA,NA,NA,NA,NA,NA,NA,NA,NA,NA,4729,10015
NA,NA,NA,NA,55.0,66.0,50.0,49.0,55,1998,80_datatwo,06/11/23 - 12/11/23,0.0,0.0,0.0,0.0,0.0,0.0,0.0,00:00:00,01:37:43,0,0,0.0,0.0,0.0,0.0,0.0,0.0,0,0,0,NA,0,0,NA,NA,NA,NA,NA,NA,week 6,0.0,0.0,0,0,NA,NA,0.0,0,0,NA,NA,0.0,NA,0,NA,NA,NA,0.0,0.0,0,0.0,NA,NA,0.0,0.0,0.0,0.0,NA,NA,NA,NA,NA,NA,NA,NA,NA,NA,NA,NA,NA,NA,NA,NA,NA,NA,NA,NA,0,5863
NA,NA,NA,NA,52.0,68.0,52.0,40.0,53,1989,81_datatwo,06/11/23 - 12/11/23,0.0,0.8411116666666666,0.0,0.0,0.0,0.0,0.0,00:50:28,01:37:43,6,6,0.18166666666666667,0.006666666666666667,0.0,0.003055,0.0,0.0,1,6,0,NA,0,0,2023-11-07 11:22:33.132000,2023-11-07 11:11:12.024000,NA,2023-11-07 11:51:33.167000,NA,NA,week 6,0.0,0.0,0,0,NA,NA,0.009445000000000002,2,1,NA,2023-11-07 12:15:36.776000,0.005833333333333333,NA,2,NA,NA,2023-11-07 11:51:45.190000,0.620555,0.0,3,0.0,2023-11-07 11:11:17.986000,NA,0.0,0.0,0.0,0.0,NA,NA,NA,NA,NA,NA,NA,NA,NA,NA,NA,NA,NA,NA,NA,NA,NA,NA,NA,NA,3028,5863
0.48,0.36,NA,NA,56.0,56.0,56.0,64.0,58,1998,82_datatwo,06/11/23 - 12/11/23,0.16222166666666668,0.0,0.0,0.0,0.025833333333333333,0.0,0.021111666666666664,00:12:33,01:37:43,5,9,0.05139,0.0,0.0,0.0,0.0,0.0,6,0,0,NA,0,0,2023-11-06 03:44:37.536000,NA,NA,NA,NA,NA,week 6,0.0,0.0,0,0,NA,NA,0.0,0,0,NA,NA,0.0,NA,0,NA,NA,NA,0.0,0.022500000000000003,0,1.0,NA,2023-11-06 03:45:12.699000,0.0,0.005555000000000001,0.0,3.0,NA,2023-11-06 03:44:49.140000,NA,NA,NA,NA,NA,NA,NA,NA,NA,NA,NA,NA,NA,NA,NA,NA,NA,NA,753,5863
0.48,0.32,NA,NA,66.0,53.0,60.0,65.0,61,1997,83_datatwo,06/11/23 - 12/11/23,0.7638883333333334,1.5477766666666668,0.0,0.0,0.0,0.0,0.20361166666666666,02:30:55,01:37:43,9,17,0.121945,0.010833333333333334,0.20583333333333334,0.005,0.0,0.0,10,8,3,NA,1,0,2023-11-06 20:33:46.957000,2023-11-07 11:32:44.418000,NA,2023-11-07 11:32:31.307000,2023-11-07 12:59:08.878000,NA,week 6,0.0,0.0,0,0,NA,NA,0.239445,2,3,2023-11-07 12:08:59.796000,2023-11-07 12:24:21.330000,0.08111166666666667,NA,1,NA,NA,2023-11-07 12:25:33.727000,0.6811116666666667,0.0,3,0.0,2023-11-07 11:32:47.451000,NA,0.0,0.39499999999999996,0.0,5.0,NA,2023-11-06 20:33:53.680000,NA,NA,NA,NA,NA,NA,NA,NA,NA,NA,NA,NA,NA,NA,NA,NA,NA,NA,9055,5863
NA,0.2,NA,NA,57.0,57.0,56.0,58.0,57,1991,84_datatwo,06/11/23 - 12/11/23,0.16999999999999998,0.0,0.0,0.034721666666666665,0.0,0.0,0.0,00:12:17,01:37:43,2,4,0.0,0.009166666666666667,0.0,0.0,0.0,0.0,0,5,0,NA,0,0,NA,2023-11-09 09:29:46.425000,NA,NA,NA,NA,week 6,0.0,0.0,0,0,NA,NA,0.0,0,0,NA,NA,0.0,NA,0,NA,NA,NA,0.0,0.0,0,0.0,NA,NA,0.0,0.0,0.0,0.0,NA,NA,NA,NA,NA,NA,NA,NA,NA,NA,NA,NA,NA,NA,NA,NA,NA,NA,NA,NA,737,5863
0.4,0.52,0.72,0.74,60.0,65.0,72.0,75.0,68,1984,85_datatwo,06/11/23 - 12/11/23,2.576111666666667,0.8777783333333333,0.0,0.0,1.7883333333333333,0.011666666666666665,0.14583333333333334,05:23:59,01:37:43,12,36,0.013056666666666666,0.061665,1.5899983333333332,0.13527833333333333,0.0,0.0,9,13,5,NA,0,0,2023-11-06 12:17:50.903000,2023-11-06 20:36:15.491000,NA,2023-11-06 20:36:11.923000,NA,NA,week 6,0.0,1.261945,0,2,NA,2023-11-06 20:36:18.808000,0.0036116666666666667,2,1,2023-11-07 11:45:49.964000,2023-11-12 00:52:14.026000,0.004723333333333334,NA,5,NA,NA,2023-11-06 21:51:51.919000,0.794445,0.0,3,1.0,2023-11-06 21:52:36.865000,2023-11-10 13:24:57.189000,0.0,0.09277833333333334,0.0,2.0,NA,2023-11-06 17:03:48.655000,NA,NA,NA,NA,NA,NA,NA,NA,NA,NA,NA,NA,NA,NA,NA,NA,NA,NA,19439,5863
0.52,0.68,0.64,NA,60.0,68.0,72.0,72.0,68,1995,86_datatwo,06/11/23 - 12/11/23,0.0,1.474445,0.0,0.0,0.0,0.0,0.0,01:28:28,01:37:43,4,4,0.0,0.0033333333333333335,0.0,0.0,0.0,0.0,1,4,0,NA,0,0,2023-11-07 12:44:54.383000,2023-11-07 11:16:40.473000,NA,NA,NA,NA,week 6,0.0,0.0,0,0,NA,NA,0.0,0,0,NA,NA,0.021388333333333336,NA,2,NA,NA,2023-11-07 11:16:44.268000,1.4461116666666667,0.0,2,0.0,2023-11-07 11:16:51.675000,NA,0.0,0.0,0.0,0.0,NA,NA,NA,NA,NA,NA,NA,NA,NA,NA,NA,NA,NA,NA,NA,NA,NA,NA,NA,NA,5308,5863
NA,NA,NA,NA,70.0,62.0,72.0,76.0,70,1996,87_datatwo,06/11/23 - 12/11/23,0.0,0.405,0.4166666666666667,0.014166666666666666,0.0175,0.0,0.0,00:51:12,01:37:43,9,15,0.015278333333333335,0.006111666666666666,0.0,0.0011116666666666666,0.0,0.0,7,7,0,NA,0,0,2023-11-08 22:16:38.855000,2023-11-07 11:49:23.924000,NA,2023-11-09 15:56:44.002000,NA,NA,week 6,0.0,0.0033333333333333335,0,1,NA,2023-11-08 22:16:27.070000,0.006944999999999999,1,2,NA,2023-11-09 15:56:50.907000,0.001945,NA,2,NA,NA,2023-11-07 11:49:26.452000,0.3972216666666667,0.0013883333333333332,2,1.0,2023-11-07 11:49:35.807000,2023-11-08 22:17:06.008000,0.0,0.0016666666666666668,0.0,1.0,NA,2023-11-08 22:17:15.971000,NA,NA,NA,NA,NA,NA,NA,NA,NA,NA,NA,NA,NA,NA,NA,NA,NA,NA,3072,5863
0.56,0.68,0.6,0.64,64.0,68.0,64.0,76.0,68,1986,88_datatwo,06/11/23 - 12/11/23,6.5575,0.09777833333333333,0.0,0.0,0.0,0.9336116666666666,10.47,18:03:32,01:37:43,7,22,0.37416666666666665,0.2513883333333334,0.0,0.0016666666666666668,0.0,0.0,8,19,0,NA,0,0,2023-11-06 21:39:42.317000,2023-11-06 20:40:46.139000,NA,2023-11-11 18:16:11.476000,NA,NA,week 6,0.0,0.0,0,0,NA,NA,0.0,1,0,NA,NA,4.19,NA,10,NA,NA,2023-11-06 21:37:10.818000,2.799445,0.0,8,0.0,2023-11-06 20:40:52.419000,NA,0.0,0.0,0.0,0.0,NA,NA,NA,NA,NA,NA,NA,NA,NA,NA,NA,NA,NA,NA,NA,NA,NA,NA,NA,NA,65012,5863
NA,NA,NA,NA,52.0,56.0,52.0,72.0,58,1996,89_datatwo,06/11/23 - 12/11/23,0.0,0.0,0.0,0.0,0.0,0.0,0.0,00:00:00,01:37:43,0,0,0.0,0.0,0.0,0.0,0.0,0.0,0,0,0,NA,0,0,NA,NA,NA,NA,NA,NA,week 6,0.0,0.0,0,0,NA,NA,0.0,0,0,NA,NA,0.0,NA,0,NA,NA,NA,0.0,0.0,0,0.0,NA,NA,0.0,0.0,0.0,0.0,NA,NA,NA,NA,NA,NA,NA,NA,NA,NA,NA,NA,NA,NA,NA,NA,NA,NA,NA,NA,0,5863
NA,NA,NA,NA,52.0,52.0,52.0,56.0,53,1998,90_datatwo,06/11/23 - 12/11/23,0.0,0.022778333333333334,0.0,0.0,0.0,0.0,0.0,00:01:22,01:37:43,1,1,0.0,0.0,0.0,0.0,0.0,0.0,0,0,0,NA,0,0,NA,NA,NA,NA,NA,NA,week 6,0.0,0.0,0,0,NA,NA,0.0,0,0,NA,NA,0.0,NA,0,NA,NA,NA,0.022778333333333334,0.0,1,0.0,2023-11-07 18:20:59.459000,NA,0.0,0.0,0.0,0.0,NA,NA,NA,NA,NA,NA,NA,NA,NA,NA,NA,NA,NA,NA,NA,NA,NA,NA,NA,NA,82,5863
0.36,0.28,NA,NA,32.0,52.0,56.0,64.0,51,1992,91_datatwo,06/11/23 - 12/11/23,1.86111,1.020555,0.0,0.0,0.0,0.0,0.0,02:52:53,01:37:43,8,10,0.13583333333333333,0.08694500000000001,0.003888333333333333,0.0016666666666666668,0.0,0.0,5,3,1,NA,0,0,2023-11-06 21:42:51.908000,2023-11-06 07:28:07.588000,NA,2023-11-06 22:02:11.911000,NA,NA,week 6,0.0,0.0,0,0,NA,NA,0.0,1,1,2023-11-07 12:33:03.045000,2023-11-06 07:28:17.839000,0.0,NA,0,NA,NA,NA,0.9288883333333333,0.0,2,1.0,2023-11-07 11:32:07.598000,2023-11-07 12:41:02.501000,0.0,0.0,0.0,0.0,NA,NA,NA,NA,NA,NA,NA,NA,NA,NA,NA,NA,NA,NA,NA,NA,NA,NA,NA,NA,10373,5863
0.6,0.68,0.72,0.68,70.0,77.0,81.0,80.0,77,1996,92_datatwo,06/11/23 - 12/11/23,1.318055,0.5336116666666667,0.0,0.0047216666666666665,0.0,0.0,0.005,01:51:41,01:37:43,7,22,0.01861166666666667,0.016111666666666666,0.055555,0.001945,0.0,0.0,8,10,3,NA,0,0,2023-11-06 17:00:58.611000,2023-11-06 09:43:55.185000,NA,2023-11-07 08:31:48.534000,NA,NA,week 6,0.0,0.0,0,0,NA,NA,0.0,2,0,2023-11-07 10:55:32.688000,NA,0.0063883333333333335,NA,4,NA,NA,2023-11-06 09:44:01.076000,0.30722166666666667,0.0,5,0.0,2023-11-06 22:32:52.745000,NA,0.0,0.16611,0.0,3.0,NA,2023-11-06 17:01:14.806000,NA,NA,NA,NA,NA,NA,NA,NA,NA,NA,NA,NA,NA,NA,NA,NA,NA,NA,6701,5863
NA,NA,NA,NA,56.0,60.0,68.0,48.0,58,1989,92_datatwo,06/11/23 - 12/11/23,0.11,0.0,0.0,0.0,0.0,0.0,0.0,00:06:36,01:37:43,3,3,0.013055,0.0,0.0,0.0,0.0,0.0,4,0,0,NA,0,0,2023-11-06 17:55:53.439000,NA,NA,NA,NA,NA,week 6,0.0,0.0,0,0,NA,NA,0.0,0,0,NA,NA,0.0,NA,0,NA,NA,NA,0.0,0.0,0,0.0,NA,NA,0.0,0.014445000000000001,0.0,1.0,NA,2023-11-06 18:01:34.074000,NA,NA,NA,NA,NA,NA,NA,NA,NA,NA,NA,NA,NA,NA,NA,NA,NA,NA,396,5863
NA,NA,NA,NA,68.0,60.0,52.0,52.0,58,1994,94_datatwo,06/11/23 - 12/11/23,0.07361166666666667,1.461388333333333,0.0,0.0,0.0,0.0,0.0,01:32:06,01:37:43,5,7,0.020556666666666668,0.23,0.0,0.0,0.0,0.0,2,3,0,NA,0,0,2023-11-06 18:26:35.596000,2023-11-07 11:08:20.441000,NA,NA,NA,NA,week 6,0.0,0.0,0,0,NA,NA,0.0,0,0,NA,NA,0.0,NA,0,NA,NA,NA,1.0013883333333333,0.0,1,0.0,2023-11-07 11:28:06.538000,NA,0.0,0.1675,0.0,2.0,NA,2023-11-06 18:27:09.977000,NA,NA,NA,NA,NA,NA,NA,NA,NA,NA,NA,NA,NA,NA,NA,NA,NA,NA,5526,5863
0.56,0.6,0.36,NA,80.0,76.0,68.0,80.0,76,2000,95_datatwo,06/11/23 - 12/11/23,0.0,0.17555500000000002,0.0,0.0,0.0,0.005555000000000001,0.0,00:10:52,01:37:43,9,11,0.0016666666666666668,0.003888333333333333,0.03388833333333333,0.0008333333333333334,0.0,0.0,2,6,1,NA,0,0,2023-11-07 10:19:05.627000,2023-11-07 17:26:16.251000,NA,2023-11-11 21:51:25.104000,NA,NA,week 6,0.0,0.0,1,1,2023-11-11 21:51:31.424000,2023-11-07 21:37:51.385000,0.0016666666666666668,1,1,2023-11-07 10:19:08.954000,2023-11-07 17:26:33.246000,0.010278333333333334,NA,3,NA,NA,2023-11-07 17:26:20.615000,0.0,0.0,1,0.0,2023-11-07 17:27:11.152000,NA,0.0,0.0,0.0,0.0,NA,NA,NA,NA,NA,NA,NA,NA,NA,NA,NA,NA,NA,NA,NA,NA,NA,NA,NA,NA,652,5863
0.52,0.56,0.68,0.52,64.0,68.0,72.0,76.0,70,1987,96_datatwo,06/11/23 - 12/11/23,0.04111166666666667,1.5377783333333332,0.0,0.39805500000000005,0.029445,0.0,0.0036116666666666667,02:00:36,01:37:43,8,19,0.30639,0.059445,0.003888333333333333,0.0,0.0,0.0,7,11,1,NA,0,0,2023-11-07 10:56:22.400000,2023-11-06 19:33:13.490000,NA,NA,NA,NA,week 6,0.0,0.0,0,0,NA,NA,0.0,0,0,2023-11-09 15:52:31.952000,NA,0.5347216666666667,NA,4,NA,NA,2023-11-07 11:34:45.142000,0.45722166666666664,0.0,4,0.0,2023-11-06 19:35:35.576000,NA,0.0,0.0,0.0,0.0,NA,NA,NA,NA,NA,NA,NA,NA,NA,NA,NA,NA,NA,NA,NA,NA,NA,NA,NA,NA,7236,5863
NA,NA,NA,NA,64.0,58.0,55.0,71.0,62,1992,97_datatwo,06/11/23 - 12/11/23,0.0,0.8608333333333333,0.0,0.0,0.0,0.0,0.0,00:51:39,01:37:43,3,3,0.0,0.006111666666666666,0.0,0.0,0.0,0.0,0,7,0,NA,0,0,NA,2023-11-07 16:59:10.074000,NA,NA,NA,NA,week 6,0.0,0.0,0,0,NA,NA,0.0,0,0,NA,NA,0.04,NA,2,NA,NA,2023-11-07 17:00:25.548000,0.42361166666666666,0.0,5,0.0,2023-11-07 16:59:17.621000,NA,0.0,0.0,0.0,0.0,NA,NA,NA,NA,NA,NA,NA,NA,NA,NA,NA,NA,NA,NA,NA,NA,NA,NA,NA,NA,3099,5863
NA,NA,NA,NA,76.0,60.0,76.0,76.0,72,1984,98_datatwo,06/11/23 - 12/11/23,0.0,0.29444499999999996,0.0,0.0,0.0,0.0,0.0,00:17:40,01:37:43,4,4,0.0,0.008611666666666665,0.000555,0.0,0.0,0.0,0,3,1,NA,0,0,NA,2023-11-07 11:14:37.619000,NA,NA,NA,NA,week 6,0.0,0.0,0,0,NA,NA,0.0,0,0,2023-11-07 11:19:08.125000,NA,0.14861166666666664,NA,1,NA,NA,2023-11-07 11:19:17.895000,0.07138833333333333,0.0,2,0.0,2023-11-07 11:14:51.443000,NA,0.0,0.0,0.0,0.0,NA,NA,NA,NA,NA,NA,NA,NA,NA,NA,NA,NA,NA,NA,NA,NA,NA,NA,NA,NA,1060,5863
NA,0.4,0.48,0.4,64.0,64.0,60.0,52.0,60,1979,99_datatwo,06/11/23 - 12/11/23,0.0,5.180276666666667,0.0,0.005278333333333333,7.592778333333333,3.9652783333333335,3.0900000000000003,19:50:01,01:37:43,16,58,3.096111666666667,1.8097216666666667,0.01583333333333333,0.0036100000000000004,0.0,0.0033333333333333335,21,46,3,NA,0,1,2023-11-07 11:23:42.807000,2023-11-07 08:57:06.659000,NA,2023-11-07 09:18:24.515000,NA,2023-11-11 01:21:55.924000,week 6,0.0025,1.2255566666666666,1,9,2023-11-11 01:22:11.185000,2023-11-07 09:18:31.610000,0.5855549999999999,6,5,2023-11-07 08:56:47.623000,2023-11-07 08:57:10.165000,2.95889,NA,13,NA,NA,2023-11-07 08:57:36.195000,3.94639,0.005833333333333333,12,5.0,2023-11-07 11:28:13.008000,2023-11-07 12:34:59.827000,0.0,0.0125,0.0,3.0,NA,2023-11-07 12:35:03.193000,NA,NA,NA,NA,NA,NA,NA,NA,NA,NA,NA,NA,NA,NA,NA,NA,NA,NA,71401,5863
0.64,0.68,0.64,0.8,68.0,68.0,68.0,80.0,71,1991,100_datatwo,06/11/23 - 12/11/23,0.6869449999999999,1.2647233333333332,0.0,0.0,5.463055,0.0,5.271388333333333,12:41:10,01:37:43,9,23,2.9391666666666665,0.012221666666666665,0.0,0.0,0.0,0.0,8,8,0,NA,0,0,2023-11-07 12:33:38.087000,2023-11-06 21:02:47.523000,NA,NA,NA,NA,week 6,0.0,0.0,0,0,NA,NA,0.0,0,0,NA,NA,0.028333333333333332,NA,2,NA,NA,2023-11-06 21:02:56.756000,3.6694450000000005,0.030000000000000002,6,1.0,2023-11-06 21:04:40.490000,2023-11-07 12:33:50.607000,0.0,0.0,0.0,0.0,NA,NA,NA,NA,NA,NA,NA,NA,NA,NA,NA,NA,NA,NA,NA,NA,NA,NA,NA,NA,45670,5863
NA,NA,NA,NA,68.0,60.0,64.0,64.0,64,1990,101_datatwo,06/11/23 - 12/11/23,0.0,0.0,0.0,0.0,0.0,0.0,0.0047216666666666665,00:00:17,01:37:43,2,3,0.0,0.0,0.0,0.0,0.0,0.0,1,0,0,NA,0,0,2023-11-12 12:26:48.735000,NA,NA,NA,NA,NA,week 6,0.0,0.0,0,0,NA,NA,0.0,0,0,NA,NA,0.0,NA,0,NA,NA,NA,0.0,0.0,0,0.0,NA,NA,0.0,0.0,0.0,0.0,NA,NA,NA,NA,NA,NA,NA,NA,NA,NA,NA,NA,NA,NA,NA,NA,NA,NA,NA,NA,17,5863
0.6,0.68,0.48,0.72,68.0,76.0,64.0,76.0,71,2001,102_datatwo,06/11/23 - 12/11/23,0.0,0.04083333333333334,0.0,0.0,0.0,0.0,0.0,00:02:27,01:37:43,4,4,0.0125,0.0011116666666666666,0.0,0.0,0.0,0.0,3,1,1,NA,0,0,2023-11-07 17:19:26.162000,2023-11-07 17:20:56.626000,NA,NA,NA,NA,week 6,0.0,0.0,0,0,NA,NA,0.0,0,0,2023-11-07 17:21:00.835000,NA,0.0,NA,0,NA,NA,NA,0.0,0.0,0,0.0,NA,NA,0.0,0.0,0.0,0.0,NA,NA,NA,NA,NA,NA,NA,NA,NA,NA,NA,NA,NA,NA,NA,NA,NA,NA,NA,NA,147,5863
NA,NA,NA,NA,68.0,60.0,56.0,56.0,60,2001,103_datatwo,06/11/23 - 12/11/23,0.09083333333333334,0.3027783333333333,0.0,0.0,0.0,0.0,0.0,00:23:37,01:37:43,7,9,0.035555,0.004723333333333334,0.010833333333333334,0.008055,0.0,0.0,3,3,1,NA,0,0,2023-11-06 13:05:56.019000,2023-11-06 13:03:19.412000,NA,2023-11-06 13:04:02.958000,NA,NA,week 6,0.0,0.0,0,0,NA,NA,0.0,1,0,2023-11-06 13:04:41.454000,NA,0.0,NA,0,NA,NA,NA,0.0,0.007221666666666667,1,1.0,2023-11-07 17:39:26.085000,2023-11-06 13:07:33.840000,0.0,0.0,0.0,0.0,NA,NA,NA,NA,NA,NA,NA,NA,NA,NA,NA,NA,NA,NA,NA,NA,NA,NA,NA,NA,1417,5863
NA,NA,NA,NA,64.0,58.0,66.0,72.0,65,1996,104_datatwo,06/11/23 - 12/11/23,0.0,0.0,0.0,0.0,0.0,0.0,0.0,00:00:00,01:37:43,0,0,0.0,0.0,0.0,0.0,0.0,0.0,0,0,0,NA,0,0,NA,NA,NA,NA,NA,NA,week 6,0.0,0.0,0,0,NA,NA,0.0,0,0,NA,NA,0.0,NA,0,NA,NA,NA,0.0,0.0,0,0.0,NA,NA,0.0,0.0,0.0,0.0,NA,NA,NA,NA,NA,NA,NA,NA,NA,NA,NA,NA,NA,NA,NA,NA,NA,NA,NA,NA,0,5863
0.48,0.28,NA,NA,60.0,56.0,56.0,68.0,60,1998,105_datatwo,06/11/23 - 12/11/23,0.0,0.02,0.0,0.0,0.0,0.0,0.0,00:01:12,01:37:43,1,1,0.0,0.0,0.0,0.0,0.0,0.0,0,0,1,NA,0,0,NA,NA,NA,NA,NA,NA,week 6,0.0,0.0,0,0,NA,NA,0.0,0,0,2023-11-07 12:57:11.169000,NA,0.0,NA,0,NA,NA,NA,0.0,0.0,0,0.0,NA,NA,0.0,0.0,0.0,0.0,NA,NA,NA,NA,NA,NA,NA,NA,NA,NA,NA,NA,NA,NA,NA,NA,NA,NA,NA,NA,72,5863
NA,NA,NA,NA,48.0,54.0,56.0,42.0,50,1995,106_datatwo,06/11/23 - 12/11/23,0.0,0.0,0.0,0.0,0.0,0.0,0.0,00:00:00,01:37:43,0,0,0.0,0.0,0.0,0.0,0.0,0.0,0,0,0,NA,0,0,NA,NA,NA,NA,NA,NA,week 6,0.0,0.0,0,0,NA,NA,0.0,0,0,NA,NA,0.0,NA,0,NA,NA,NA,0.0,0.0,0,0.0,NA,NA,0.0,0.0,0.0,0.0,NA,NA,NA,NA,NA,NA,NA,NA,NA,NA,NA,NA,NA,NA,NA,NA,NA,NA,NA,NA,0,5863
NA,NA,NA,NA,60.0,60.0,56.0,56.0,58,1999,107_datatwo,06/11/23 - 12/11/23,0.0,0.0,0.0,0.0,0.0,0.0,0.0,00:00:00,01:37:43,0,0,0.0,0.0,0.0,0.0,0.0,0.0,0,0,0,NA,0,0,NA,NA,NA,NA,NA,NA,week 6,0.0,0.0,0,0,NA,NA,0.0,0,0,NA,NA,0.0,NA,0,NA,NA,NA,0.0,0.0,0,0.0,NA,NA,0.0,0.0,0.0,0.0,NA,NA,NA,NA,NA,NA,NA,NA,NA,NA,NA,NA,NA,NA,NA,NA,NA,NA,NA,NA,0,5863
NA,0.6,0.6,NA,62.0,66.0,68.0,84.0,70,1911,108_datatwo,06/11/23 - 12/11/23,0.0,1.856388333333333,0.0,0.0,0.0,0.0,0.0,01:51:23,01:37:43,5,13,0.6216683333333334,0.008611666666666665,0.0,0.0,0.0,0.0,9,8,0,NA,0,0,2023-11-07 12:29:51.841000,2023-11-07 01:45:53.903000,NA,NA,NA,NA,week 6,0.0,0.0,0,0,NA,NA,0.0,0,0,NA,NA,0.0,NA,0,NA,NA,NA,1.1724999999999999,0.0,5,0.0,2023-11-07 01:45:58.166000,NA,0.0,0.023611666666666663,0.0,3.0,NA,2023-11-07 12:29:56.941000,NA,NA,NA,NA,NA,NA,NA,NA,NA,NA,NA,NA,NA,NA,NA,NA,NA,NA,6683,5863
0.56,0.64,0.52,0.6,68.0,72.0,64.0,76.0,70,1999,109_datatwo,06/11/23 - 12/11/23,0.0,0.06944333333333333,0.0,0.0,0.0,0.0,0.0,00:04:10,01:37:43,6,8,0.0013883333333333332,0.001945,0.0,0.0,0.0,0.0,1,3,0,NA,0,0,2023-11-07 11:21:06.040000,2023-11-07 17:00:21.874000,NA,NA,NA,NA,week 6,0.0,0.0,0,0,NA,NA,0.0,0,0,NA,NA,0.0375,NA,1,NA,NA,2023-11-07 17:00:24.106000,0.0,0.0,2,0.0,2023-11-07 17:02:41.195000,NA,0.0,0.017778333333333333,0.0,1.0,NA,2023-11-07 11:21:10.568000,NA,NA,NA,NA,NA,NA,NA,NA,NA,NA,NA,NA,NA,NA,NA,NA,NA,NA,250,5863
NA,NA,NA,NA,64.0,64.0,60.0,64.0,63,1997,110_datatwo,06/11/23 - 12/11/23,0.0,0.07972166666666666,0.0,0.0,0.0,0.21388833333333335,0.0,00:17:37,01:37:43,5,10,0.0,0.08583499999999998,0.0052766666666666665,0.0011116666666666666,0.0,0.0,0,7,2,NA,0,0,NA,2023-11-07 19:04:42.276000,NA,2023-11-11 15:52:39.116000,NA,NA,week 6,0.0,0.0,0,0,NA,NA,0.0016666666666666668,2,1,2023-11-07 19:04:25.760000,2023-11-07 19:04:56.894000,0.19083333333333333,NA,10,NA,NA,2023-11-07 19:04:46.623000,0.0,0.0,0,0.0,NA,NA,0.0,0.0,0.0,0.0,NA,NA,NA,NA,NA,NA,NA,NA,NA,NA,NA,NA,NA,NA,NA,NA,NA,NA,NA,NA,1057,5863
0.64,0.68,0.72,0.8,69.0,75.0,80.0,80.0,76,1994,111_datatwo,06/11/23 - 12/11/23,2.8466666666666667,2.4552766666666668,0.03527833333333333,2.4855549999999997,5.404721666666666,0.13499999999999998,0.264445,13:37:37,01:37:43,11,54,3.5011099999999997,0.08666833333333333,0.000555,0.0036116666666666667,0.0,0.0,23,39,1,NA,0,0,2023-11-06 15:00:55.222000,2023-11-06 15:01:58.863000,NA,2023-11-07 17:17:39.786000,NA,NA,week 6,0.0,0.0,0,0,NA,NA,0.0025,6,1,2023-11-06 17:54:13.141000,2023-11-10 12:50:10.235000,1.34861,NA,13,NA,NA,2023-11-06 15:02:02.358000,3.6174983333333333,0.004445,13,1.0,2023-11-07 08:34:13.420000,2023-11-06 15:01:19.578000,0.0,0.09972166666666667,0.0,6.0,NA,2023-11-06 15:01:01.667000,NA,NA,NA,NA,NA,NA,NA,NA,NA,NA,NA,NA,NA,NA,NA,NA,NA,NA,49057,5863
NA,NA,NA,NA,72.0,72.0,80.0,76.0,75,1998,112_datatwo,06/11/23 - 12/11/23,0.0,0.0,0.0,0.0,0.0,0.0,0.0,13:37:37,01:37:43,0,0,0.0,0.0,0.0,0.0,0.0,0.0,0,0,0,NA,0,0,NA,NA,NA,NA,NA,NA,week 6,0.0,0.0,0,0,NA,NA,0.0,0,0,NA,NA,0.0,NA,0,NA,NA,NA,0.0,0.0,0,0.0,NA,NA,0.0,0.0,0.0,0.0,NA,NA,NA,NA,NA,NA,NA,NA,NA,NA,NA,NA,NA,NA,NA,NA,NA,NA,NA,NA,49057,5863
0.48,NA,NA,NA,68.0,64.0,68.0,56.0,64,2000,113_datatwo,06/11/23 - 12/11/23,0.010278333333333334,2.196388333333333,2.721945,0.0,0.0,0.0,0.0,04:55:43,01:37:43,7,12,0.008611666666666665,0.0036116666666666667,0.006111666666666666,0.00027833333333333334,0.0,0.0,4,5,1,NA,0,0,2023-11-07 12:53:24.907000,2023-11-07 10:42:20.626000,NA,2023-11-08 12:54:21.016000,NA,NA,week 6,0.0,0.0,0,0,NA,NA,0.0,1,0,2023-11-07 10:41:58.379000,NA,0.0,NA,0,NA,NA,NA,4.8875,0.0,5,0.0,2023-11-07 10:42:22.925000,NA,0.0,0.0011116666666666666,0.0,1.0,NA,2023-11-07 12:53:33.205000,NA,NA,NA,NA,NA,NA,NA,NA,NA,NA,NA,NA,NA,NA,NA,NA,NA,NA,17743,5863
0.6,0.72,0.64,NA,66.0,71.0,69.0,62.0,67,2001,114_datatwo,06/11/23 - 12/11/23,0.02305666666666667,0.3408333333333333,0.0,0.0,0.0,0.0,0.0,00:21:50,01:37:43,7,16,0.006111666666666666,0.0033316666666666664,0.0,0.0,0.0,0.0,5,6,0,NA,0,0,2023-11-06 00:47:08.495000,2023-11-06 17:01:42.291000,NA,NA,NA,NA,week 6,0.0,0.0,0,0,NA,NA,0.0,0,0,NA,NA,0.26611166666666664,NA,1,NA,NA,2023-11-07 10:27:30.970000,0.04416666666666667,0.0,3,0.0,2023-11-07 10:43:31.451000,NA,0.0,0.0,0.0,0.0,NA,NA,NA,NA,NA,NA,NA,NA,NA,NA,NA,NA,NA,NA,NA,NA,NA,NA,NA,NA,1310,5863
NA,0.32,NA,0.52,64.0,72.0,60.0,68.0,66,1995,115_datatwo,06/11/23 - 12/11/23,0.0,0.3625,0.6477783333333333,0.0,0.0,0.0,0.0,01:00:37,01:37:43,7,11,0.0125,0.035833333333333335,0.0,0.0,0.0,0.0,6,3,0,NA,0,0,2023-11-07 11:18:40.636000,2023-11-07 11:39:44.630000,NA,NA,NA,NA,week 6,0.0,0.0,0,0,NA,NA,0.0,0,1,NA,2023-11-08 18:44:08.265000,0.0,NA,1,NA,NA,2023-11-07 11:39:50.790000,0.0022216666666666665,0.0,2,0.0,2023-11-08 18:41:56.463000,NA,0.0,0.9208333333333333,0.0,3.0,NA,2023-11-07 11:19:02.708000,NA,NA,NA,NA,NA,NA,NA,NA,NA,NA,NA,NA,NA,NA,NA,NA,NA,NA,3637,5863
0.6,0.68,0.52,NA,72.0,72.0,60.0,68.0,68,2002,116_datatwo,06/11/23 - 12/11/23,2.1619450000000002,1.9802783333333336,0.05333333333333334,0.0,0.0013883333333333332,0.0,0.0,04:11:49,01:37:43,11,21,0.5025016666666667,0.0275,0.029166666666666667,0.0008333333333333334,0.0,0.0,22,26,2,NA,0,0,2023-11-06 15:34:23.184000,2023-11-06 15:34:44.214000,NA,2023-11-06 15:46:56.320000,NA,NA,week 6,0.0,0.0,0,0,NA,NA,0.13472166666666666,5,2,2023-11-06 16:07:52.965000,2023-11-07 12:19:51.080000,1.6602783333333335,NA,11,NA,NA,2023-11-06 15:34:47.118000,0.9333333333333333,0.0,8,0.0,2023-11-06 15:53:20.369000,NA,0.0,0.005,0.0,1.0,NA,NA,NA,NA,NA,NA,NA,NA,NA,NA,NA,NA,NA,NA,NA,NA,NA,NA,NA,NA,15109,5863
NA,NA,NA,NA,68.0,58.0,56.0,50.0,58,1996,117_datatwo,06/11/23 - 12/11/23,0.0,1.0358333333333334,0.0,0.07333333333333333,0.0,0.0,0.0,01:06:33,01:37:43,6,14,0.011388333333333332,0.059721666666666666,0.0016666666666666668,0.010833333333333334,0.0,0.0,3,6,2,NA,0,0,2023-11-07 11:18:24.691000,2023-11-07 11:18:57.966000,NA,2023-11-07 11:18:53.741000,NA,NA,week 6,0.0,0.0,0,0,NA,NA,0.0,6,0,2023-11-07 11:18:50.590000,NA,0.0775,NA,2,NA,NA,2023-11-07 11:22:14.733000,0.8897233333333333,0.0,4,0.0,2023-11-07 11:47:36.217000,NA,0.0,0.0,0.0,0.0,NA,NA,NA,NA,NA,NA,NA,NA,NA,NA,NA,NA,NA,NA,NA,NA,NA,NA,NA,NA,3993,5863
60,68,NA,NA,68.0,72.0,56.0,56.0,63,1990,118_datatwo,04/03/24 - 10/03/24,0.23388833333333334,6.653888333333333,0.0,0.0,0.0,0.0,0.0,06:53:16,03:15:19,7,8,0.001945,0.88111,0.0,0.0,0.0,0.0,2,7,0,NA,0,0,2024-03-05 12:42:12.251000,2024-03-05 11:39:07.696000,NA,NA,NA,NA,week 6,0.0,0.0,0,0,NA,NA,0.026111666666666665,0,1,NA,2024-03-06 00:40:03.401000,0.4388883333333334,NA,3,NA,NA,2024-03-06 00:14:11.492000,2.206945,2.245833333333333,3,1.0,2024-03-05 12:31:16.383000,2024-03-05 12:42:19.386000,0.0,0.0,0.0,0.0,NA,NA,NA,NA,NA,NA,NA,NA,NA,NA,NA,NA,NA,NA,NA,NA,NA,NA,NA,NA,24796,11719
NA,68,NA,NA,72.0,68.0,72.0,52.0,66,1987,119_datatwo,04/03/24 - 10/03/24,4.359445,0.030000000000000002,0.0,0.0022216666666666665,1.2716666666666667,0.200555,0.2816666666666666,06:08:44,03:15:19,12,27,0.7591666666666667,0.04416666666666667,0.011111666666666667,0.776945,0.0,0.0,14,10,2,NA,0,0,2024-03-04 09:46:45.168000,2024-03-04 11:03:08.446000,NA,2024-03-04 11:05:08.904000,NA,NA,week 6,0.0,0.8458333333333333,0,3,NA,2024-03-04 20:11:38.769000,0.031944999999999994,1,1,2024-03-04 19:07:09.075000,2024-03-04 11:03:14.024000,0.41833333333333333,NA,6,NA,NA,2024-03-05 09:35:41.841000,0.0,0.68611,0,6.0,NA,2024-03-04 18:49:22.895000,0.0,0.0,0.0,0.0,NA,NA,NA,NA,NA,NA,NA,NA,NA,NA,NA,NA,NA,NA,NA,NA,NA,NA,NA,NA,22124,11719
52,72,72,NA,64.0,72.0,76.0,72.0,71,1995,120_datatwo,04/03/24 - 10/03/24,0.014445000000000001,5.3688883333333335,0.0,0.0036116666666666667,0.0,0.017221666666666666,0.0,05:24:15,03:15:19,9,15,0.008333333333333333,0.012778333333333334,0.00027833333333333334,0.000555,0.0,0.0,5,6,1,NA,0,0,2024-03-05 09:17:53.764000,2024-03-04 22:00:03.342000,NA,2024-03-07 19:32:11.342000,NA,NA,week 6,0.0,0.0,0,0,NA,NA,0.7402783333333333,1,1,2024-03-05 10:06:01.918000,2024-03-05 13:43:00.626000,3.6133333333333337,NA,4,NA,NA,2024-03-04 22:00:19.577000,0.0,0.7488883333333334,0,1.0,NA,2024-03-05 09:20:59.170000,0.0,0.0,0.0,0.0,NA,NA,NA,NA,NA,NA,NA,NA,NA,NA,NA,NA,NA,NA,NA,NA,NA,NA,NA,NA,19455,11719
56,60,72,NA,72.0,68.0,80.0,60.0,70,1996,121_datatwo,04/03/24 - 10/03/24,5.871111666666667,1.72889,0.0,0.0,0.0,0.0,0.18166666666666667,07:46:54,03:15:19,14,36,0.49055666666666664,0.09000000000000001,0.008055,0.329445,0.0,0.0,26,15,1,NA,0,0,2024-03-04 15:12:25.362000,2024-03-04 18:48:54.348000,NA,2024-03-05 11:54:06.793000,NA,NA,week 6,0.0,0.18305500000000002,0,1,NA,2024-03-04 18:48:57.812000,2.1566666666666667,2,8,2024-03-04 18:59:57.285000,2024-03-04 19:00:30.086000,0.41611166666666666,NA,3,NA,NA,2024-03-05 12:13:54.981000,0.413055,0.6777766666666667,2,7.0,2024-03-05 12:44:43.026000,2024-03-04 15:12:49,0.0,0.0,0.0,0.0,NA,NA,NA,NA,NA,NA,NA,NA,NA,NA,NA,NA,NA,NA,NA,NA,NA,NA,NA,NA,28014,11719
24,NA,NA,NA,64.0,64.0,72.0,72.0,68,1993,122_datatwo,04/03/24 - 10/03/24,0.0,0.0,0.0,0.0,0.0,0.009166666666666667,0.0,00:00:33,03:15:19,2,2,0.006944999999999999,0.0,0.0,0.0,0.0,0.0,2,0,0,NA,0,0,2024-03-09 17:56:15.521000,NA,NA,NA,NA,NA,week 6,0.0,0.0,0,0,NA,NA,0.0,0,0,NA,NA,0.0,NA,0,NA,NA,NA,0.0,0.0,0,0.0,NA,NA,0.0,0.0,0.0,0.0,NA,NA,NA,NA,NA,NA,NA,NA,NA,NA,NA,NA,NA,NA,NA,NA,NA,NA,NA,NA,33,11719
NA,NA,NA,NA,64.0,60.0,52.0,52.0,57,2001,123_datatwo,04/03/24 - 10/03/24,0.6233333333333333,3.040555,0.0,0.0,0.0,0.0,0.0,03:39:50,03:15:19,5,5,0.0,0.003055,0.000555,0.0,0.0,0.0,0,4,1,NA,0,0,NA,2024-03-05 11:38:43.258000,NA,NA,NA,NA,week 6,0.0,0.0,0,0,NA,NA,0.006111666666666666,0,1,2024-03-05 12:33:50.455000,2024-03-05 11:38:47.749000,2.8647216666666666,NA,2,NA,NA,2024-03-05 11:39:11.926000,0.0,0.0,0,0.0,NA,NA,0.0,0.0,0.0,0.0,NA,NA,NA,NA,NA,NA,NA,NA,NA,NA,NA,NA,NA,NA,NA,NA,NA,NA,NA,NA,13190,11719
44,68,56,NA,72.0,72.0,60.0,52.0,64,1998,124_datatwo,04/03/24 - 10/03/24,1.5391666666666666,3.585,0.33555500000000005,0.0,0.0,0.0,0.0,05:27:35,03:15:19,11,17,0.04138833333333333,0.006944999999999999,0.000555,0.0,0.0,0.0,17,5,1,NA,0,0,2024-03-04 18:39:23.510000,2024-03-04 17:07:04.289000,NA,NA,NA,NA,week 6,0.0,0.0,0,0,NA,NA,1.5311116666666669,0,1,2024-03-05 05:30:17.851000,2024-03-04 17:07:11.142000,0.6733333333333333,NA,1,NA,NA,2024-03-05 11:42:36.618000,0.5875,0.35472166666666666,2,1.0,2024-03-05 12:23:05.579000,2024-03-05 11:40:22.925000,0.0,0.0,0.0,0.0,NA,NA,NA,NA,NA,NA,NA,NA,NA,NA,NA,NA,NA,NA,NA,NA,NA,NA,NA,NA,19655,11719
NA,NA,NA,NA,72.0,72.0,68.0,76.0,72,1991,125_datatwo,04/03/24 - 10/03/24,1.7391666666666665,0.4675,0.0,0.0,0.0,0.0,0.008333333333333333,02:12:54,03:15:19,5,9,0.065,0.0027783333333333336,0.005833333333333333,0.0,0.0,0.0,1,3,2,NA,0,0,2024-03-04 19:29:59.136000,2024-03-04 17:31:19.076000,NA,NA,NA,NA,week 6,0.0,0.0,0,0,NA,NA,0.0,0,0,2024-03-05 12:08:00.479000,NA,2.1327783333333334,NA,2,NA,NA,2024-03-04 17:31:23.267000,0.0,0.0,1,0.0,2024-03-10 21:18:52.013000,NA,0.0,0.0,0.0,0.0,NA,NA,NA,NA,NA,NA,NA,NA,NA,NA,NA,NA,NA,NA,NA,NA,NA,NA,NA,NA,7974,11719
NA,NA,NA,NA,75.0,67.0,67.0,59.0,67,1995,126_datatwo,04/03/24 - 10/03/24,0.0,0.020278333333333332,0.0,0.0,0.0,0.0,0.0,00:01:13,03:15:19,2,2,0.0,0.0033333333333333335,0.0,0.0,0.0,0.0,0,2,0,NA,0,0,NA,2024-03-05 12:37:00.965000,NA,NA,NA,NA,week 6,0.0,0.0,0,0,NA,NA,0.0,0,0,NA,NA,0.0,NA,0,NA,NA,NA,0.011111666666666667,0.0,2,0.0,2024-03-05 12:37:07.378000,NA,0.0,0.0,0.0,0.0,NA,NA,NA,NA,NA,NA,NA,NA,NA,NA,NA,NA,NA,NA,NA,NA,NA,NA,NA,NA,73,11719
NA,NA,NA,NA,56.0,56.0,56.0,60.0,57,2000,127_datatwo,04/03/24 - 10/03/24,0.0,1.1522233333333332,0.0,0.0,0.0,0.0,0.0,01:09:08,03:15:19,4,6,0.0,0.001945,0.0,0.00027833333333333334,0.0,0.0,0,3,0,NA,0,0,NA,2024-03-05 11:41:47.149000,NA,2024-03-05 12:07:04.446000,NA,NA,week 6,0.0,0.0,0,0,NA,NA,0.025278333333333333,1,1,NA,2024-03-05 12:05:34,0.966945,NA,3,NA,NA,2024-03-05 11:41:50.225000,0.0,0.0,0,0.0,NA,NA,0.0,0.0,0.0,0.0,NA,NA,NA,NA,NA,NA,NA,NA,NA,NA,NA,NA,NA,NA,NA,NA,NA,NA,NA,NA,4148,11719
64,68,NA,NA,68.0,72.0,52.0,52.0,61,1999,128_datatwo,04/03/24 - 10/03/24,1.9633333333333334,2.6305566666666667,0.0,0.021945,0.007778333333333333,0.0,0.0,04:37:25,03:15:19,11,26,0.024444999999999998,0.005555000000000001,0.0013883333333333332,0.0013883333333333332,0.0,0.0,18,7,3,NA,0,0,2024-03-04 14:15:47.084000,2024-03-04 14:42:36.981000,NA,2024-03-05 12:22:25.052000,NA,NA,week 6,0.0,0.0,0,0,NA,NA,1.4252783333333334,4,1,2024-03-05 12:04:16.696000,2024-03-04 14:42:42.448000,0.845555,NA,3,NA,NA,2024-03-05 11:20:22.463000,0.0,0.11472166666666667,0,2.0,NA,2024-03-05 09:46:01.218000,0.0,0.4602766666666667,0.0,6.0,NA,2024-03-04 14:16:01.903000,NA,NA,NA,NA,NA,NA,NA,NA,NA,NA,NA,NA,NA,NA,NA,NA,NA,NA,16645,11719
NA,NA,72,NA,68.0,64.0,76.0,64.0,68,1998,129_datatwo,04/03/24 - 10/03/24,0.46861166666666665,1.5469450000000002,0.0,2.5983333333333336,0.0,0.0,0.0,04:36:50,03:15:19,8,18,0.23249999999999998,0.13194333333333333,0.0,0.0,0.0,0.0,5,16,0,NA,1,0,2024-03-04 11:52:10.394000,2024-03-04 11:22:45.466000,NA,NA,2024-03-05 13:28:31.669000,NA,week 6,0.0,0.0,0,0,NA,NA,2.57,0,8,NA,2024-03-04 11:22:48.415000,0.190555,NA,2,NA,NA,2024-03-05 11:40:36.056000,0.545555,0.0,2,0.0,2024-03-05 12:28:24.303000,NA,0.0,0.0,0.0,0.0,NA,NA,NA,NA,NA,NA,NA,NA,NA,NA,NA,NA,NA,NA,NA,NA,NA,NA,NA,NA,16610,11719
64,68,56,NA,72.0,72.0,68.0,68.0,70,2000,130_datatwo,04/03/24 - 10/03/24,6.291388333333333,0.4422216666666667,0.0,0.0,0.0,0.0,0.0,06:44:01,03:15:19,10,16,0.008611666666666665,0.0019433333333333336,0.06638833333333333,0.0025,0.0,0.0,7,2,1,NA,0,0,2024-03-04 15:16:11.774000,2024-03-04 19:20:32.417000,NA,2024-03-04 19:20:27.484000,NA,NA,week 6,0.0,0.09000000000000001,0,1,NA,2024-03-05 14:17:55.641000,2.788888333333333,2,1,2024-03-04 18:28:53.054000,2024-03-04 19:20:34.863000,0.35083333333333333,NA,1,NA,NA,2024-03-05 14:23:24.020000,0.0,0.0033333333333333335,0,1.0,NA,2024-03-04 22:15:38.410000,0.0,0.004166666666666667,0.0,1.0,NA,2024-03-04 22:14:24.916000,NA,NA,NA,NA,NA,NA,NA,NA,NA,NA,NA,NA,NA,NA,NA,NA,NA,NA,24241,11719
NA,NA,NA,NA,52.0,52.0,52.0,72.0,57,1985,131_datatwo,04/03/24 - 10/03/24,2.2680549999999995,1.3222216666666666,0.0,0.0,0.0,0.0,0.0,03:35:25,03:15:19,7,8,0.20583333333333334,0.045555,0.004166666666666667,2.033055,0.0,0.0,2,2,4,NA,0,0,2024-03-04 19:30:49.354000,2024-03-05 12:33:16.693000,NA,2024-03-04 17:28:11.594000,NA,NA,week 6,0.0,0.0,0,0,NA,NA,0.0,1,0,2024-03-04 01:23:23.151000,NA,0.023888333333333334,NA,3,NA,NA,2024-03-05 11:17:41.749000,0.0,0.0,0,0.0,NA,NA,0.0,0.0,0.0,0.0,NA,NA,NA,NA,NA,NA,NA,NA,NA,NA,NA,NA,NA,NA,NA,NA,NA,NA,NA,NA,12925,11719
48,64,48,NA,68.0,72.0,60.0,60.0,65,1997,132_datatwo,04/03/24 - 10/03/24,11.301388333333334,0.6027783333333333,0.0,1.3938883333333332,0.0,0.0,0.36333333333333334,13:39:41,03:15:19,11,19,0.22194499999999998,0.023055,0.017778333333333333,0.0025,0.0,0.0,8,20,7,NA,0,0,2024-03-04 12:47:04.002000,2024-03-04 12:59:57.531000,NA,2024-03-04 19:53:46.548000,NA,NA,week 6,0.0,0.0,0,0,NA,NA,2.917778333333333,1,4,2024-03-04 12:59:52.285000,2024-03-04 13:00:00.533000,2.1227766666666668,NA,12,NA,NA,2024-03-05 12:13:10.728000,0.0,0.4925,0,1.0,NA,2024-03-04 18:44:56.758000,0.0,0.003055,0.0,2.0,NA,2024-03-04 12:47:10.425000,NA,NA,NA,NA,NA,NA,NA,NA,NA,NA,NA,NA,NA,NA,NA,NA,NA,NA,49181,11719
32,68,NA,60,52.0,72.0,52.0,68.0,61,1996,133_datatwo,04/03/24 - 10/03/24,5.909166666666667,0.7377783333333333,0.0,0.0,0.0,0.0,0.018055,06:39:54,03:15:19,9,21,2.2005566666666665,0.009166666666666667,0.0,0.0016666666666666668,0.0,0.0,19,6,0,NA,0,0,2024-03-04 20:34:06.917000,2024-03-04 20:20:27.021000,NA,2024-03-05 12:20:23.069000,NA,NA,week 6,0.0,0.0,0,0,NA,NA,0.370555,2,4,NA,2024-03-04 20:20:29.860000,0.023611666666666663,NA,1,NA,NA,2024-03-05 12:20:42.484000,0.21916666666666668,2.94,1,7.0,2024-03-05 12:22:10.729000,2024-03-04 20:39:33.564000,0.0,0.0063883333333333335,0.0,4.0,NA,2024-03-05 01:52:22.867000,NA,NA,NA,NA,NA,NA,NA,NA,NA,NA,NA,NA,NA,NA,NA,NA,NA,NA,23994,11719
NA,NA,NA,NA,64.0,56.0,60.0,52.0,58,1995,134_datatwo,04/03/24 - 10/03/24,0.0047216666666666665,4.255833333333333,0.0,0.06361166666666666,0.0,0.0,0.0,04:19:27,03:15:19,8,9,1.4708333333333334,0.6541666666666667,0.00027833333333333334,0.0,0.0,0.0,8,4,2,NA,0,0,2024-03-05 11:01:38.114000,2024-03-05 11:38:46.863000,NA,NA,NA,NA,week 6,0.0,0.0,0,0,NA,NA,0.0,0,0,2024-03-04 12:05:03.269000,NA,0.2797216666666667,NA,2,NA,NA,2024-03-05 11:39:05.154000,0.5797216666666667,0.8861116666666666,1,2.0,2024-03-05 12:30:16.199000,2024-03-05 11:04:11.201000,0.0,0.0,0.0,0.0,NA,NA,NA,NA,NA,NA,NA,NA,NA,NA,NA,NA,NA,NA,NA,NA,NA,NA,NA,NA,15567,11719
68,72,72,NA,72.0,80.0,68.0,64.0,70,2003,135_datatwo,04/03/24 - 10/03/24,11.715,4.742778333333334,0.0,0.0,0.0,0.0,0.29222166666666666,16:45:00,03:15:19,13,26,0.035833333333333335,0.035833333333333335,0.0033333333333333335,1.7727783333333336,0.0,0.0,16,8,5,NA,0,0,2024-03-04 15:05:57.316000,2024-03-04 12:32:25.415000,NA,2024-03-04 16:57:58.575000,NA,NA,week 6,0.00027833333333333334,0.17944333333333334,1,6,2024-03-04 20:31:07.164000,2024-03-04 15:06:00.315000,5.098611666666667,10,3,2024-03-04 12:32:20.361000,2024-03-04 12:32:35.952000,0.8966666666666666,NA,3,NA,NA,2024-03-05 11:40:48.304000,1.1530549999999997,2.6883333333333335,1,5.0,2024-03-05 12:43:18.996000,2024-03-04 15:08:47.718000,0.0,0.0013883333333333332,0.0,1.0,NA,2024-03-05 13:53:32.808000,NA,NA,NA,NA,NA,NA,NA,NA,NA,NA,NA,NA,NA,NA,NA,NA,NA,NA,60300,11719
56,68,72,70,76.0,76.0,76.0,72.0,75,1999,136_datatwo,04/03/24 - 10/03/24,0.07222166666666666,1.5711116666666667,0.0,0.0,0.0,0.47472166666666665,0.0,02:07:05,03:15:19,6,10,0.00694333333333333,0.4766666666666667,0.0,0.0,0.0,0.0,3,4,0,NA,0,0,2024-03-04 22:52:17.059000,2024-03-05 00:10:39.743000,NA,NA,NA,NA,week 6,0.0,0.0,0,0,NA,NA,0.0,0,0,NA,NA,1.25,NA,2,NA,NA,2024-03-05 00:10:43.799000,0.270555,0.0,2,0.0,2024-03-05 12:34:01.943000,NA,0.0,0.0025,0.0,1.0,NA,2024-03-04 22:53:47.348000,NA,NA,NA,NA,NA,NA,NA,NA,NA,NA,NA,NA,NA,NA,NA,NA,NA,NA,7625,11719
0.48,0.48,0.52, ,0.56,0.56,0.56,0.56,56,1999,1_datatwo,14/11/22 - 20/11/22,0.3752783333333333,1.5319433333333334,0.996945,0.0,0.0,0.0,0.0,02:54:15,01:44:11,8,12,0.008055,0.0016666666666666668,0.011666666666666665,0.0022216666666666665,0.0,0.0,6,4,2,2,0,0,2022-11-14 16:18:05.991000,2022-11-14 16:18:07.177000,NA,2022-11-14 16:40:31.554000,NA,NA,Week 7,0.0,0.0,0,0,NA,NA,0.0,NA,0,2022-11-14 16:18:14.611000,NA,0.0,NA,0,NA,NA,NA,0.0,NA,0,NA,NA,NA,1.4983333333333335,NA,2,NA,2022-11-15 11:04:49.540000,NA,0.0,NA,0.0,NA,NA,NA,NA,NA,NA,NA,NA,NA,NA,NA,NA,NA,NA,NA,10455,6251
 , , , ,0.56,0.56,0.56,0.24,48,1992,2_datatwo,14/11/22 - 20/11/22,0.0,0.0,0.0,0.0,0.0,0.0,0.0,00:00:00,01:44:11,0,0,0.0,0.0,0.0,0.0,0.0,0.0,0,0,0,0,0,0,NA,NA,NA,NA,NA,NA,Week 7,0.0,0.0,0,0,NA,NA,0.0,NA,0,NA,NA,0.0,NA,0,NA,NA,NA,0.0,NA,0,NA,NA,NA,0.0,NA,0,NA,NA,NA,0.0,NA,0.0,NA,NA,NA,NA,NA,NA,NA,NA,NA,NA,NA,NA,NA,NA,NA,0,6251
 , , , ,0.64,0.61,0.64,0.59,62,1987,3_datatwo,14/11/22 - 20/11/22,0.0,0.901945,0.0,0.0,0.0,0.0,0.0,00:54:07,01:44:11,3,3,0.0,0.0033333333333333335,0.0,0.0,0.0,0.0,0,3,0,0,0,0,NA,2022-11-15 16:38:22.668000,NA,NA,NA,NA,Week 7,0.0,0.0,0,0,NA,NA,0.0,NA,0,NA,NA,0.0,NA,0,NA,NA,NA,0.0,NA,0,NA,NA,NA,0.8847216666666667,NA,2,NA,2022-11-15 16:38:26.464000,NA,0.0,NA,1.0,NA,2022-11-15 17:31:42.175000,NA,NA,NA,NA,NA,NA,NA,NA,NA,NA,NA,NA,NA,3247,6251
0.28,0.44, , ,0.68,0.68,0.52,0.64,63,1993,4_datatwo,14/11/22 - 20/11/22,2.9297216666666666,1.0047216666666667,0.016111666666666666,0.0,0.030000000000000002,0.0,0.0,03:58:50,01:44:11,6,16,0.022500000000000003,0.009721666666666665,0.03527833333333333,0.0,0.0,0.0,3,7,1,0,0,0,2022-11-14 09:51:04.181000,2022-11-14 07:49:42.293000,NA,NA,NA,NA,Week 7,0.0,0.0,0,0,NA,NA,0.0,NA,0,2022-11-14 09:52:44.246000,NA,0.0,NA,0,NA,NA,NA,2.829445,NA,5,NA,2022-11-14 07:49:49.211000,NA,0.9994449999999999,NA,2,NA,2022-11-15 11:24:21.268000,NA,0.0,NA,0.0,NA,NA,NA,NA,NA,NA,NA,NA,NA,NA,NA,NA,NA,NA,NA,14330,6251
 , , , ,0.59,0.59,0.69,0.69,64,1996,5_datatwo,14/11/22 - 20/11/22,0.0,0.8877783333333333,0.1825,0.0,0.0,0.0,0.0,01:04:13,01:44:11,5,6,0.00027833333333333334,0.0013883333333333332,0.0,0.0,0.0,0.0,2,3,0,0,0,0,2022-11-16 15:25:10.361000,2022-11-15 16:58:13.424000,NA,NA,NA,NA,Week 7,0.0,0.03611166666666667,0,1,NA,2022-11-15 16:58:15.566000,0.0,NA,0,NA,NA,0.0,NA,0,NA,NA,NA,0.0,NA,0,NA,NA,NA,0.8497216666666667,NA,1,NA,2022-11-15 17:00:28.918000,NA,0.0,NA,0.0,NA,NA,NA,NA,NA,NA,NA,NA,NA,NA,NA,NA,NA,NA,NA,3853,6251
 , , , ,0.56,0.6,0.6,0.52,57,1996,6_datatwo,14/11/22 - 20/11/22,0.0,0.0,0.0,0.0,0.0,0.0,0.0,00:00:00,01:44:11,0,0,0.0,0.0,0.0,0.0,0.0,0.0,0,0,0,0,0,0,NA,NA,NA,NA,NA,NA,Week 7,0.0,0.0,0,0,NA,NA,0.0,NA,0,NA,NA,0.0,NA,0,NA,NA,NA,0.0,NA,0,NA,NA,NA,0.0,NA,0,NA,NA,NA,0.0,NA,0.0,NA,NA,NA,NA,NA,NA,NA,NA,NA,NA,NA,NA,NA,NA,NA,0,6251
0.52,0.6,0.48, ,0.7,0.77,0.72,0.69,72,1993,7_datatwo,14/11/22 - 20/11/22,0.576945,1.4286116666666666,0.014443333333333334,0.0,0.0,0.0,0.0,02:01:12,01:44:11,8,17,0.6777783333333333,0.024723333333333333,0.0,0.0008333333333333334,0.0,0.0,6,15,0,1,0,0,2022-11-15 08:30:09.366000,2022-11-14 14:08:12.244000,NA,2022-11-14 14:08:09.348000,NA,NA,Week 7,0.0,0.0,0,0,NA,NA,0.0,NA,0,NA,NA,0.5469449999999999,NA,3,NA,NA,2022-11-14 14:08:23.461000,0.01583333333333333,NA,4,NA,2022-11-14 14:23:35.478000,NA,0.6649999999999999,NA,4,NA,2022-11-15 16:34:13.269000,NA,0.0,NA,1.0,NA,2022-11-15 17:32:28.832000,NA,NA,NA,NA,NA,NA,NA,NA,NA,NA,NA,NA,NA,7272,6251
 , , , ,0.68,0.68,0.68,0.68,68,1992,8_datatwo,14/11/22 - 20/11/22,0.006666666666666667,0.005555000000000001,0.0,0.06111166666666667,0.0,0.0,0.0,00:04:24,01:44:11,5,7,0.0,0.006111666666666666,0.05388833333333333,0.0,0.0,0.0,0,4,1,0,0,0,NA,2022-11-14 22:18:43.402000,NA,NA,NA,NA,Week 7,0.0,0.0,0,0,NA,NA,0.0,NA,0,2022-11-17 16:30:21.300000,NA,0.0,NA,0,NA,NA,NA,0.0,NA,1,NA,2022-11-14 22:18:47.694000,NA,0.0,NA,1,NA,2022-11-15 11:10:10.808000,NA,0.0,NA,0.0,NA,NA,NA,NA,NA,NA,NA,NA,NA,NA,NA,NA,NA,NA,NA,264,6251
 , , , ,0.69,0.69,0.69,0.73,70,1992,9_datatwo,14/11/22 - 20/11/22,0.0,0.0,0.0,0.0,0.0,0.0,0.0,00:00:00,01:44:11,0,0,0.0,0.0,0.0,0.0,0.0,0.0,0,0,0,0,0,0,NA,NA,NA,NA,NA,NA,Week 7,0.0,0.0,0,0,NA,NA,0.0,NA,0,NA,NA,0.0,NA,0,NA,NA,NA,0.0,NA,0,NA,NA,NA,0.0,NA,0,NA,NA,NA,0.0,NA,0.0,NA,NA,NA,NA,NA,NA,NA,NA,NA,NA,NA,NA,NA,NA,NA,0,6251
 , , , ,0.69,0.7,0.7,0.79,72,1994,10_datatwo,14/11/22 - 20/11/22,1.5088883333333334,1.3252766666666667,0.0,0.0,0.0,0.0,6.45111,09:17:06,01:44:11,9,21,1.2669433333333333,0.020556666666666668,0.043054999999999996,0.02666666666666667,0.0,0.0,3,12,9,2,0,0,2022-11-14 13:47:55.589000,2022-11-14 12:53:18.494000,NA,2022-11-20 19:07:08.436000,NA,NA,Week 7,0.0,0.0,0,1,NA,2022-11-20 07:02:42.464000,4.109443333333333,NA,5,2022-11-14 12:53:15.590000,2022-11-14 12:53:26.069000,0.0,NA,0,NA,NA,NA,0.0,NA,0,NA,NA,NA,0.8322216666666667,NA,4,NA,2022-11-15 15:55:08.987000,NA,0.0,NA,1.0,NA,2022-11-15 17:25:09.501000,NA,NA,NA,NA,NA,NA,NA,NA,NA,NA,NA,NA,NA,33426,6251
0.56,0.64,0.64,0.68,0.72,0.76,0.8,0.72,75,1991,11_datatwo,14/11/22 - 20/11/22,0.05472166666666666,1.04,0.7305550000000001,0.011111666666666667,0.0047216666666666665,0.0,0.0,01:50:28,01:44:11,5,13,0.024166666666666666,0.027221666666666665,0.0,0.0,0.0,0.0,6,6,0,0,0,0,2022-11-14 21:59:16.842000,2022-11-15 16:36:36.475000,NA,NA,NA,NA,Week 7,0.0,0.0,0,0,NA,NA,0.0,NA,0,NA,NA,0.0,NA,0,NA,NA,NA,0.0,NA,0,NA,NA,NA,0.5233333333333333,NA,2,NA,2022-11-15 16:37:48.662000,NA,0.0,NA,4.0,NA,2022-11-15 17:38:56.993000,NA,NA,NA,NA,NA,NA,NA,NA,NA,NA,NA,NA,NA,6628,6251
 , , , ,0.52,0.59,0.56,0.53,55,1987,12_datatwo,14/11/22 - 20/11/22,0.017778333333333333,0.0,0.0,0.0,0.0,0.0,0.0,00:01:04,01:44:11,3,3,0.0,0.0027783333333333336,0.0,0.0013883333333333332,0.0,0.0,0,2,0,1,0,0,NA,2022-11-14 23:49:51.942000,NA,2022-11-14 23:49:46.821000,NA,NA,Week 7,0.0,0.0,0,0,NA,NA,0.0,NA,0,NA,NA,0.0,NA,0,NA,NA,NA,0.0,NA,0,NA,NA,NA,0.005833333333333333,NA,2,NA,2022-11-14 23:49:59.268000,NA,0.0,NA,0.0,NA,NA,NA,NA,NA,NA,NA,NA,NA,NA,NA,NA,NA,NA,NA,64,6251
 ,0.48, , ,0.56,0.64,0.56,0.64,60,1995,13_datatwo,14/11/22 - 20/11/22,0.0,0.0,0.0,0.0,0.0,0.0,0.0,00:00:00,01:44:11,0,0,0.0,0.0,0.0,0.0,0.0,0.0,0,0,0,0,0,0,NA,NA,NA,NA,NA,NA,Week 7,0.0,0.0,0,0,NA,NA,0.0,NA,0,NA,NA,0.0,NA,0,NA,NA,NA,0.0,NA,0,NA,NA,NA,0.0,NA,0,NA,NA,NA,0.0,NA,0.0,NA,NA,NA,NA,NA,NA,NA,NA,NA,NA,NA,NA,NA,NA,NA,0,6251
 , ,0.56, ,0.68,0.72,0.68,0.64,68,1995,14_datatwo,14/11/22 - 20/11/22,3.9752783333333337,0.01944333333333333,0.18111166666666667,0.0,0.0,0.0,0.0,04:10:33,01:44:11,10,18,0.2097216666666667,0.025833333333333333,0.0,0.001945,0.0,0.0,14,11,0,1,0,0,2022-11-14 23:54:55.625000,2022-11-14 12:20:07.651000,NA,2022-11-15 00:00:43.309000,NA,NA,Week 7,0.0,0.4011116666666667,0,2,NA,2022-11-14 12:20:35.226000,0.0,NA,0,NA,NA,0.07611166666666666,NA,2,NA,NA,2022-11-14 16:44:47.123000,3.229721666666667,NA,7,NA,2022-11-14 16:09:17.142000,NA,0.0,NA,1,NA,2022-11-15 11:48:33.167000,NA,0.0,NA,0.0,NA,NA,NA,NA,NA,NA,NA,NA,NA,NA,NA,NA,NA,NA,NA,15033,6251
0.48,0.56,0.56, ,0.72,0.68,0.68,0.64,68,1996,15_datatwo,14/11/22 - 20/11/22,0.0022216666666666665,0.7694449999999999,2.6991666666666663,0.0,0.0,0.0,0.0,03:28:15,01:44:11,6,16,0.0013883333333333332,0.05277666666666667,0.0,0.0,0.0,0.0,2,10,0,0,0,0,2022-11-16 12:24:03.147000,2022-11-14 12:56:50.711000,NA,NA,NA,NA,Week 7,0.0,0.0,0,0,NA,NA,0.0,NA,0,NA,NA,0.0,NA,0,NA,NA,NA,0.0,NA,0,NA,NA,NA,0.709445,NA,4,NA,2022-11-14 12:56:54.008000,NA,0.0022216666666666665,NA,4.0,NA,2022-11-15 12:09:51.945000,NA,NA,NA,NA,NA,NA,NA,NA,NA,NA,NA,NA,NA,12495,6251
0.4,0.48, , ,0.52,0.6,0.36,0.52,50,1993,16_datatwo,14/11/22 - 20/11/22,0.0,0.0,0.814445,2.188888333333333,0.0,0.0,0.021388333333333336,03:01:29,01:44:11,19,26,0.0063883333333333335,0.07333333333333333,0.0125,0.024444999999999998,0.0,0.0,2,15,5,3,0,0,2022-11-17 00:11:33.883000,2022-11-16 16:35:15.316000,NA,2022-11-17 00:09:16.648000,NA,NA,Week 7,0.0,0.0,0,0,NA,NA,0.0,NA,0,2022-11-17 00:08:44.725000,NA,1.0658333333333334,NA,4,NA,NA,2022-11-16 16:37:03.810000,0.028333333333333332,NA,5,NA,2022-11-16 16:35:22.700000,NA,0.022778333333333334,NA,2,NA,2022-11-17 00:17:57.868000,NA,0.0,NA,0.0,NA,NA,NA,NA,NA,NA,NA,NA,NA,NA,NA,NA,NA,NA,NA,10889,6251
 ,0.4,0.56, ,0.68,0.6,0.64,0.68,65,1998,17_datatwo,14/11/22 - 20/11/22,0.0,1.5938883333333331,0.0,0.0016666666666666668,0.0011116666666666666,2.976388333333333,0.0,04:34:23,01:44:11,10,15,0.0025,0.009721666666666665,0.0,0.0,0.0,0.0,4,9,0,0,0,0,2022-11-15 03:00:34.532000,2022-11-15 11:04:06.578000,NA,NA,NA,NA,Week 7,0.0,0.0,0,0,NA,NA,2.939445,NA,1,NA,2022-11-19 15:14:17.425000,0.0,NA,1,NA,NA,2022-11-15 12:39:29.821000,0.0016666666666666668,NA,1,NA,2022-11-15 12:39:19.808000,NA,1.1622216666666667,NA,4,NA,2022-11-15 11:04:08.478000,NA,0.16944499999999998,NA,1.0,NA,2022-11-15 12:24:40.812000,NA,NA,NA,NA,NA,NA,NA,NA,NA,NA,NA,NA,NA,16463,6251
 , , , ,0.6,0.6,0.52,0.6,58,1993,18_datatwo,14/11/22 - 20/11/22,0.0,0.0,0.0,0.0,0.0,0.0,0.0,00:00:00,01:44:11,0,0,0.0,0.0,0.0,0.0,0.0,0.0,0,0,0,0,0,0,NA,NA,NA,NA,NA,NA,Week 7,0.0,0.0,0,0,NA,NA,0.0,NA,0,NA,NA,0.0,NA,0,NA,NA,NA,0.0,NA,0,NA,NA,NA,0.0,NA,0,NA,NA,NA,0.0,NA,0.0,NA,NA,NA,NA,NA,NA,NA,NA,NA,NA,NA,NA,NA,NA,NA,0,6251
 , , , ,0.6,0.64,0.6,0.68,63,1997,19_datatwo,14/11/22 - 20/11/22,0.0,0.0,0.0,0.0,0.0,0.0,0.0,00:00:00,01:44:11,0,0,0.0,0.0,0.0,0.0,0.0,0.0,0,0,0,0,0,0,NA,NA,NA,NA,NA,NA,Week 7,0.0,0.0,0,0,NA,NA,0.0,NA,0,NA,NA,0.0,NA,0,NA,NA,NA,0.0,NA,0,NA,NA,NA,0.0,NA,0,NA,NA,NA,0.0,NA,0.0,NA,NA,NA,NA,NA,NA,NA,NA,NA,NA,NA,NA,NA,NA,NA,0,6251
0.56,0.4,0.52,0.24,0.72,0.64,0.6,0.6,64,1997,20_datatwo,14/11/22 - 20/11/22,0.03916666666666667,0.7372216666666667,3.636111666666667,0.104445,0.0025,0.003055,0.0016666666666666668,04:31:27,01:44:11,10,30,0.015556666666666667,0.223055,0.0008333333333333334,0.00027833333333333334,0.0,0.0,17,17,2,1,0,0,2022-11-14 18:48:20.647000,2022-11-15 16:57:53.876000,NA,2022-11-15 17:38:14.603000,NA,NA,Week 7,0.0,0.0,0,0,NA,NA,0.0,NA,0,2022-11-15 16:57:52.028000,NA,0.0,NA,0,NA,NA,NA,0.010833333333333334,NA,1,NA,2022-11-15 17:48:02.945000,NA,0.2075,NA,3,NA,2022-11-15 17:15:48.304000,NA,3.283888333333333,NA,10.0,NA,2022-11-15 17:40:11.321000,NA,NA,NA,NA,NA,NA,NA,NA,NA,NA,NA,NA,NA,16287,6251
0.48,0.52,0.56,0.24,0.52,0.52,0.56,0.48,52,1995,21_datatwo,14/11/22 - 20/11/22,1.6052783333333336,0.017778333333333333,0.3836116666666667,0.41611166666666666,0.0,0.0,0.0,02:25:22,01:44:11,5,23,0.018890000000000004,0.00389,0.0,0.00027833333333333334,0.0,0.0,12,3,0,1,0,0,2022-11-14 18:27:51.611000,2022-11-14 08:21:47.487000,NA,2022-11-16 16:12:33.101000,NA,NA,Week 7,0.0,0.0,0,0,NA,NA,1.4258333333333333,NA,2,NA,2022-11-14 08:21:56.101000,0.0,NA,0,NA,NA,NA,0.0,NA,0,NA,NA,NA,0.0,NA,0,NA,NA,NA,0.0,NA,0.0,NA,NA,NA,NA,NA,NA,NA,NA,NA,NA,NA,NA,NA,NA,NA,8722,6251
 , , , ,0.48,0.48,0.32,0.4,42,1996,22_datatwo,14/11/22 - 20/11/22,0.0,0.0,0.0,0.0,0.0,0.0,0.0,00:00:00,01:44:11,0,0,0.0,0.0,0.0,0.0,0.0,0.0,0,0,0,0,0,0,NA,NA,NA,NA,NA,NA,Week 7,0.0,0.0,0,0,NA,NA,0.0,NA,0,NA,NA,0.0,NA,0,NA,NA,NA,0.0,NA,0,NA,NA,NA,0.0,NA,0,NA,NA,NA,0.0,NA,0.0,NA,NA,NA,NA,NA,NA,NA,NA,NA,NA,NA,NA,NA,NA,NA,0,6251
0.36,0.32, , ,0.52,0.6,0.52,0.52,54,1987,23_datatwo,14/11/22 - 20/11/22,1.0530566666666668,1.3163883333333333,0.0,1.9,0.0,0.0063883333333333335,0.0,04:16:33,01:44:11,9,18,0.009445000000000002,0.010278333333333334,0.0,0.0,0.0,0.0016666666666666668,10,9,0,0,0,1,2022-11-15 11:59:17.095000,2022-11-14 05:35:42.749000,NA,NA,NA,2022-11-15 11:30:28.886000,Week 7,0.009721666666666665,0.003055,1,2,2022-11-15 11:30:51.542000,2022-11-15 11:30:38.267000,0.0,NA,0,NA,NA,0.24777833333333332,NA,1,NA,NA,2022-11-14 05:35:46.781000,0.0,NA,0,NA,NA,NA,0.6002783333333334,NA,3,NA,2022-11-15 11:22:13.347000,NA,0.33111166666666664,NA,2.0,NA,2022-11-15 12:16:03.578000,NA,NA,NA,NA,NA,NA,NA,NA,NA,NA,NA,NA,NA,15393,6251
 , , , ,0.52,0.4,0.4,0.52,46,2000,24_datatwo,14/11/22 - 20/11/22,0.0,0.028888333333333335,0.0,0.004445,0.050278333333333335,0.0,0.0,00:05:01,01:44:11,3,4,0.0013883333333333332,0.0,0.0,0.0,0.0,0.0,2,0,0,0,0,0,2022-11-18 19:17:39.361000,NA,NA,NA,NA,NA,Week 7,0.0,0.0,0,0,NA,NA,0.0,NA,0,NA,NA,0.0,NA,0,NA,NA,NA,0.0,NA,0,NA,NA,NA,0.0,NA,0,NA,NA,NA,0.0,NA,0.0,NA,NA,NA,NA,NA,NA,NA,NA,NA,NA,NA,NA,NA,NA,NA,301,6251
 , , , ,0.68,0.68,0.6,0.6,64,1994,25_datatwo,14/11/22 - 20/11/22,0.0,0.33222166666666664,1.2713883333333333,0.0,0.0,0.0,0.0,01:36:13,01:44:11,11,16,0.25833333333333336,0.018888333333333333,0.01638833333333333,0.0011116666666666666,0.013611666666666668,0.04611166666666667,2,15,2,1,2,3,2022-11-16 22:06:29.223000,2022-11-15 11:05:26.467000,NA,2022-11-15 11:05:22.843000,2022-11-15 11:36:54.663000,2022-11-15 11:35:56.251000,Week 7,0.003888333333333333,0.0008333333333333334,1,2,2022-11-15 11:36:17.306000,2022-11-15 11:36:50.081000,0.0,NA,0,2022-11-16 21:07:37.852000,NA,0.0,NA,0,NA,NA,NA,0.0,NA,0,NA,NA,NA,0.2538883333333334,NA,4,NA,2022-11-15 11:05:28.166000,NA,0.0,NA,0.0,NA,NA,NA,NA,NA,NA,NA,NA,NA,NA,NA,NA,NA,NA,NA,5773,6251
 , , , ,0.64,0.6,0.52,0.52,57,1995,26_datatwo,14/11/22 - 20/11/22,0.0,0.0,0.0,0.0,0.0,0.0,0.0,00:00:00,01:44:11,0,0,0.0,0.0,0.0,0.0,0.0,0.0,0,0,0,0,0,0,NA,NA,NA,NA,NA,NA,Week 7,0.0,0.0,0,0,NA,NA,0.0,NA,0,NA,NA,0.0,NA,0,NA,NA,NA,0.0,NA,0,NA,NA,NA,0.0,NA,0,NA,NA,NA,0.0,NA,0.0,NA,NA,NA,NA,NA,NA,NA,NA,NA,NA,NA,NA,NA,NA,NA,0,6251
 , , , ,0.68,0.68,0.64,0.68,67,1995,27_datatwo,14/11/22 - 20/11/22,0.0,0.0,0.0,0.0,0.0,0.0,0.0,00:00:00,01:44:11,0,0,0.0,0.0,0.0,0.0,0.0,0.0,0,0,0,0,0,0,NA,NA,NA,NA,NA,NA,Week 7,0.0,0.0,0,0,NA,NA,0.0,NA,0,NA,NA,0.0,NA,0,NA,NA,NA,0.0,NA,0,NA,NA,NA,0.0,NA,0,NA,NA,NA,0.0,NA,0.0,NA,NA,NA,NA,NA,NA,NA,NA,NA,NA,NA,NA,NA,NA,NA,0,6251
 ,0.4,0.52,0.52,0.76,0.68,0.68,0.68,70,1991,28_datatwo,14/11/22 - 20/11/22,0.09389,1.7711116666666666,0.1125,0.0,0.0,0.0,0.0,01:58:39,01:44:11,9,17,0.028888333333333335,0.005555000000000001,0.0008333333333333334,0.000555,0.08027833333333333,0.06277833333333334,5,4,1,1,1,1,2022-11-14 07:25:36.288000,2022-11-15 16:16:11.577000,NA,2022-11-15 15:52:37.919000,2022-11-15 17:05:00.395000,2022-11-15 17:09:52.678000,Week 7,0.0,0.0,0,0,NA,NA,0.0,NA,0,2022-11-15 16:16:08.682000,NA,0.0,NA,0,NA,NA,NA,0.0,NA,0,NA,NA,NA,1.226111666666667,NA,2,NA,2022-11-15 16:16:23.325000,NA,0.0,NA,1.0,NA,2022-11-15 17:38:46.945000,NA,NA,NA,NA,NA,NA,NA,NA,NA,NA,NA,NA,NA,7119,6251
 , , , ,0.68,0.68,0.76,0.68,70,1981,29_datatwo,14/11/22 - 20/11/22,0.0,1.641945,0.0,0.0,0.0,0.0,0.013055,01:39:18,01:44:11,3,3,0.0,0.0036116666666666667,0.0,0.0,0.0,0.0,1,3,0,0,0,0,2022-11-20 21:43:56.264000,2022-11-15 11:23:58.890000,NA,NA,NA,NA,Week 7,0.0,0.0,0,0,NA,NA,0.0,NA,0,NA,NA,0.0,NA,0,NA,NA,NA,0.0,NA,0,NA,NA,NA,1.6336116666666667,NA,3,NA,2022-11-15 11:24:03.131000,NA,0.0,NA,0.0,NA,NA,NA,NA,NA,NA,NA,NA,NA,NA,NA,NA,NA,NA,NA,5958,6251
0.4, , , ,0.68,0.64,0.64,0.68,66,1981,30_datatwo,14/11/22 - 20/11/22,0.0,2.771945,0.0,0.0,0.0,0.0,0.0,02:46:19,01:44:11,8,8,0.0,0.006944999999999999,0.0,0.0,0.0,0.20388833333333337,0,8,0,1,0,1,NA,2022-11-15 16:44:20.284000,NA,2022-11-15 18:08:24.879000,NA,2022-11-15 17:01:21.734000,Week 7,0.007778333333333333,0.0,2,0,2022-11-15 17:00:47.774000,NA,0.0,NA,0,NA,NA,0.0,NA,0,NA,NA,NA,0.0,NA,0,NA,NA,NA,0.44916666666666666,NA,3,NA,2022-11-15 16:44:59.858000,NA,0.729445,NA,4.0,NA,2022-11-15 16:44:23.497000,NA,NA,NA,NA,NA,NA,NA,NA,NA,NA,NA,NA,NA,9979,6251
0.56,0.44,0.48, ,0.6,0.6,0.56,0.52,57,1992,31_datatwo,14/11/22 - 20/11/22,0.6113883333333334,1.611945,1.730276666666667,0.0,0.0,0.0,0.006666666666666667,03:57:37,01:44:11,7,20,0.01972166666666667,0.018888333333333333,0.0,0.0,0.0,0.0,12,9,0,0,0,0,2022-11-15 07:42:03.199000,2022-11-14 18:37:04.417000,NA,NA,NA,NA,Week 7,0.0,0.0,0,0,NA,NA,0.0,NA,0,NA,NA,0.603055,NA,2,NA,NA,2022-11-14 18:37:13.836000,0.0,NA,1,NA,2022-11-14 19:13:33.094000,NA,0.5883333333333333,NA,5,NA,2022-11-15 16:40:48.342000,NA,0.0,NA,1.0,NA,2022-11-15 17:25:04.375000,NA,NA,NA,NA,NA,NA,NA,NA,NA,NA,NA,NA,NA,14257,6251
 , , , ,0.6,0.6,0.56,0.64,60,1994,32_datatwo,14/11/22 - 20/11/22,0.0,2.065555,0.0,0.0,0.0,0.0,0.0,02:03:56,01:44:11,2,2,0.0,0.0022216666666666665,0.0,0.0,0.0,0.0,0,2,0,0,0,0,NA,2022-11-15 11:06:31.487000,NA,NA,NA,NA,Week 7,0.0,0.0,0,0,NA,NA,0.0,NA,0,NA,NA,0.0,NA,0,NA,NA,NA,0.0,NA,0,NA,NA,NA,2.0597216666666665,NA,2,NA,2022-11-15 11:06:36.229000,NA,0.0,NA,0.0,NA,NA,NA,NA,NA,NA,NA,NA,NA,NA,NA,NA,NA,NA,NA,7436,6251
 , , , ,0.42,0.52,0.56,0.54,51,1989,33_datatwo,14/11/22 - 20/11/22,0.0,2.917221666666667,0.0,0.0,0.0,0.004445,0.0,02:55:18,01:44:11,5,5,0.0,0.008333333333333333,0.0,0.096945,0.0,0.0,0,3,1,5,0,0,NA,2022-11-15 11:52:48.412000,NA,2022-11-15 12:00:08.933000,NA,NA,Week 7,0.0,0.0,0,0,NA,NA,0.0,NA,0,2022-11-19 13:49:27.636000,NA,0.0,NA,0,NA,NA,NA,0.0,NA,0,NA,NA,NA,2.7902783333333336,NA,7,NA,2022-11-15 11:52:58.324000,NA,0.0,NA,0.0,NA,NA,NA,NA,NA,NA,NA,NA,NA,NA,NA,NA,NA,NA,NA,10518,6251
 , , , ,0.64,0.6,0.68,0.68,65,1991,34_datatwo,14/11/22 - 20/11/22,0.0,1.0466666666666666,0.0,0.0,0.0,0.0,0.0,01:02:48,01:44:11,6,9,0.0,0.010278333333333334,0.000555,0.0,0.0011116666666666666,0.0,0,5,1,0,1,0,NA,2022-11-15 11:07:57.744000,NA,NA,2022-11-15 13:23:04.856000,NA,Week 7,0.0,0.15833333333333333,0,3,NA,2022-11-15 13:22:50.033000,0.0,NA,0,2022-11-15 13:22:45.216000,NA,0.0,NA,0,NA,NA,NA,0.0,NA,0,NA,NA,NA,0.75,NA,3,NA,2022-11-15 11:08:00.608000,NA,0.0,NA,0.0,NA,NA,NA,NA,NA,NA,NA,NA,NA,NA,NA,NA,NA,NA,NA,3768,6251
0.36,0.28, , ,0.52,0.52,0.52,0.52,52,1981,35_datatwo,14/11/22 - 20/11/22,0.0,0.0,0.0,0.0,0.0,0.0,0.0,00:00:00,01:44:11,0,0,0.0,0.0,0.0,0.0,0.0,0.0,0,0,0,0,0,0,NA,NA,NA,NA,NA,NA,Week 7,0.0,0.0,0,0,NA,NA,0.0,NA,0,NA,NA,0.0,NA,0,NA,NA,NA,0.0,NA,0,NA,NA,NA,0.0,NA,0,NA,NA,NA,0.0,NA,0.0,NA,NA,NA,NA,NA,NA,NA,NA,NA,NA,NA,NA,NA,NA,NA,0,6251
 , , , ,0.52,0.52,0.52,0.56,53,1994,36_datatwo,14/11/22 - 20/11/22,0.0,0.00027833333333333334,0.0,0.0,0.0,0.0,0.0,00:00:01,01:44:11,2,2,0.0,0.0,0.0,0.0,0.0,0.0,0,0,0,0,0,0,NA,NA,NA,NA,NA,NA,Week 7,0.0,0.0,0,0,NA,NA,0.0,NA,0,NA,NA,0.0,NA,0,NA,NA,NA,0.0,NA,0,NA,NA,NA,0.0,NA,0,NA,NA,NA,0.0,NA,0.0,NA,NA,NA,NA,NA,NA,NA,NA,NA,NA,NA,NA,NA,NA,NA,1,6251
0.48,0.64, , ,0.52,0.64,0.32,0.56,51,1986,37_datatwo,14/11/22 - 20/11/22,0.0,1.5641666666666665,1.6658333333333333,0.0,0.03361,0.0,0.0,03:15:49,01:44:11,9,19,0.11666666666666667,0.03777833333333334,0.000555,0.0008333333333333334,0.0,0.0,13,9,2,1,0,0,2022-11-15 11:19:14.756000,2022-11-15 11:10:27.247000,NA,2022-11-15 12:31:28.695000,NA,NA,Week 7,0.0,0.0,0,0,NA,NA,0.0,NA,0,2022-11-15 11:10:26.023000,NA,0.0,NA,1,NA,NA,2022-11-18 18:16:32.789000,0.0,NA,1,NA,2022-11-18 18:19:39.982000,NA,0.8027783333333333,NA,5,NA,2022-11-15 11:10:30.218000,NA,0.0027783333333333336,NA,1.0,NA,2022-11-15 12:31:05.451000,NA,NA,NA,NA,NA,NA,NA,NA,NA,NA,NA,NA,NA,11749,6251
 , , , ,0.44,0.52,0.4,0.52,47,1992,38_datatwo,14/11/22 - 20/11/22,0.0,0.0,0.0,0.0,0.0,0.0,0.0,00:00:00,01:44:11,0,0,0.0,0.0,0.0,0.0,0.0,0.0,0,0,0,0,0,0,NA,NA,NA,NA,NA,NA,Week 7,0.0,0.0,0,0,NA,NA,0.0,NA,0,NA,NA,0.0,NA,0,NA,NA,NA,0.0,NA,0,NA,NA,NA,0.0,NA,0,NA,NA,NA,0.0,NA,0.0,NA,NA,NA,NA,NA,NA,NA,NA,NA,NA,NA,NA,NA,NA,NA,0,6251
 , , , ,0.52,0.6,0.52,0.52,54,1992,39_datatwo,14/11/22 - 20/11/22,0.0,0.7927783333333333,0.0,0.0,0.0,0.0,0.0,00:47:34,01:44:11,2,2,0.0,0.0025,0.0,0.0,0.0,0.0,0,3,0,0,0,0,NA,2022-11-15 11:20:46.495000,NA,NA,NA,NA,Week 7,0.0,0.0,0,0,NA,NA,0.0,NA,0,NA,NA,0.0,NA,0,NA,NA,NA,0.0,NA,0,NA,NA,NA,0.7872216666666667,NA,3,NA,2022-11-15 11:20:50.238000,NA,0.0,NA,0.0,NA,NA,NA,NA,NA,NA,NA,NA,NA,NA,NA,NA,NA,NA,NA,2854,6251
0.52,0.52,0.48, ,0.56,0.56,0.6,0.56,57,1996,40_datatwo,14/11/22 - 20/11/22,1.0866666666666667,0.9511116666666666,0.2547216666666667,0.0,0.0,0.0,0.0,02:17:33,01:44:11,6,11,0.008333333333333333,0.14472333333333334,0.0,0.0,0.0,0.0,2,8,0,0,0,0,2022-11-14 14:29:27.327000,2022-11-14 13:43:45.317000,NA,NA,NA,NA,Week 7,0.0,0.0,0,0,NA,NA,0.0,NA,0,NA,NA,0.0,NA,0,NA,NA,NA,0.7608333333333334,NA,1,NA,2022-11-14 13:43:47.871000,NA,1.0013883333333333,NA,4,NA,2022-11-15 11:27:23.369000,NA,0.003888333333333333,NA,2.0,NA,2022-11-15 12:24:23.008000,NA,NA,NA,NA,NA,NA,NA,NA,NA,NA,NA,NA,NA,8253,6251
 , , , ,0.56,0.52,0.4,0.6,52,1997,41_datatwo,14/11/22 - 20/11/22,0.0,1.0166666666666666,0.01,0.0,0.0,0.0,0.0,01:01:36,01:44:11,3,7,0.0,0.006111666666666666,0.0,0.0,0.0,0.0,0,6,0,0,0,0,NA,2022-11-15 11:24:42.710000,NA,NA,NA,NA,Week 7,0.0,0.0,0,0,NA,NA,0.0,NA,0,NA,NA,0.0,NA,0,NA,NA,NA,0.0,NA,0,NA,NA,NA,0.994445,NA,4,NA,2022-11-15 11:24:44.994000,NA,0.014166666666666666,NA,2.0,NA,2022-11-15 12:24:36.238000,NA,NA,NA,NA,NA,NA,NA,NA,NA,NA,NA,NA,NA,3696,6251
0.28,0.4,0.4,0.36,0.52,0.56,0.52,0.56,54,1996,42_datatwo,14/11/22 - 20/11/22,7.607778333333333,1.27,0.0,0.0,0.0125,1.6463883333333333,0.0625,10:35:57,01:44:11,8,22,1.1472216666666666,0.03555666666666667,0.003055,0.0,0.0,0.0,8,21,1,0,0,0,2022-11-14 21:31:00.179000,2022-11-14 18:27:44.259000,NA,NA,NA,NA,Week 7,0.0,0.0,0,0,NA,NA,0.0,NA,0,2022-11-14 21:30:41.887000,NA,3.7797216666666666,NA,6,NA,NA,2022-11-14 18:27:58.333000,0.5322216666666667,NA,3,NA,2022-11-14 21:47:19.721000,NA,2.640833333333333,NA,5,NA,2022-11-15 11:21:19.613000,NA,0.19944499999999998,NA,4.0,NA,2022-11-15 12:22:07.341000,NA,NA,NA,NA,NA,NA,NA,NA,NA,NA,NA,NA,NA,38157,6251
 ,0.44,0.44, ,0.52,0.56,0.52,0.6,55,1991,43_datatwo,14/11/22 - 20/11/22,1.8247216666666666,1.6013883333333332,0.0047216666666666665,0.0,0.0,0.621945,0.0,04:03:10,01:44:11,8,14,0.006666666666666667,0.009721666666666665,0.0011116666666666666,0.0011116666666666666,0.0,0.0,5,7,1,1,0,0,2022-11-14 20:26:20.325000,2022-11-14 20:25:58.985000,NA,2022-11-14 20:26:06.305000,NA,NA,Week 7,0.0,0.0,0,0,NA,NA,0.0,NA,0,2022-11-14 20:26:10.065000,NA,0.0,NA,0,NA,NA,NA,0.0,NA,0,NA,NA,NA,1.5913883333333334,NA,3,NA,2022-11-15 11:24:53.864000,NA,0.0,NA,0.0,NA,NA,NA,NA,NA,NA,NA,NA,NA,NA,NA,NA,NA,NA,NA,14590,6251
0.56,0.68,0.72,0.72,0.72,0.76,0.8,0.8,77,1986,44_datatwo,14/11/22 - 20/11/22,1.8902783333333335,0.7133333333333333,0.005555000000000001,0.03388833333333333,0.495555,0.003888333333333333,0.0,03:08:32,01:44:11,7,21,0.0025,0.07722166666666667,0.00027833333333333334,0.0,0.0,0.0,3,11,1,0,0,0,2022-11-14 18:55:34.092000,2022-11-15 15:47:21.148000,NA,NA,NA,NA,Week 7,0.0,0.0,0,0,NA,NA,0.0,NA,0,2022-11-19 13:14:34.996000,NA,0.0,NA,0,NA,NA,NA,0.0,NA,0,NA,NA,NA,0.660555,NA,2,NA,2022-11-15 15:47:24.615000,NA,0.468055,NA,8.0,NA,2022-11-17 23:27:51.848000,NA,NA,NA,NA,NA,NA,NA,NA,NA,NA,NA,NA,NA,11312,6251
0.44,0.56,0.48, ,0.56,0.64,0.68,0.6,62,1989,45_datatwo,14/11/22 - 20/11/22,1.5125,2.493333333333333,0.0022216666666666665,0.0,0.0,0.0,0.0,04:00:29,01:44:11,4,10,0.47305500000000006,0.0027783333333333336,0.0,0.0,0.0,0.0,8,3,0,0,0,0,2022-11-14 13:43:26.308000,2022-11-14 15:14:06.332000,NA,NA,NA,NA,Week 7,0.0,0.0,0,0,NA,NA,0.0,NA,0,NA,NA,0.0,NA,0,NA,NA,NA,0.0,NA,0,NA,NA,NA,1.3427783333333336,NA,3,NA,2022-11-14 15:14:08.885000,NA,0.0,NA,0.0,NA,NA,NA,NA,NA,NA,NA,NA,NA,NA,NA,NA,NA,NA,NA,14429,6251
0.36,0.4,NA,0.68,0.8,0.72,0.72,0.68,73,1992,46_datatwo,13/03/23 - 19/03/23,0.021945,0.0,0.0,1.538055,0.0,0.0,0.0,01:33:36,01:49:53,5,6,0.033611666666666665,0.004445,0.0025,0.0,0.0,0.0,2,2,1,0,0,0,2023-03-23 04:08:40.064000,2023-03-23 02:40:42.320000,NA,NA,NA,NA,Week 7,0.0,0.0,0,0,NA,NA,0.0,NA,0,2023-03-23 04:08:30.969000,NA,0.0,NA,0,NA,NA,NA,0.0,0.0,0,0.0,NA,NA,1.4538883333333332,0.0,1,0.0,2023-03-23 02:40:52.986000,NA,0.0,0.0,1.0,0.0,2023-03-23 04:10:50.541000,NA,NA,NA,NA,NA,NA,NA,NA,NA,NA,NA,NA,NA,5616,6593
0.52,0.6,0.52,0.72,0.64,0.68,0.68,0.8,70,1999,47_datatwo,13/03/23 - 19/03/23,1.7663883333333332,1.7466666666666666,0.0,0.0,0.003055,0.003055,0.0,03:31:08,01:49:53,7,16,0.044998333333333335,0.033056666666666665,0.0,0.0,0.0,0.0,11,6,0,0,0,0,2023-03-20 00:36:28.767000,2023-03-20 22:10:59.498000,NA,NA,NA,NA,Week 7,0.0,0.0,0,0,NA,NA,0.0,NA,0,NA,NA,0.0,NA,0,NA,NA,NA,0.0,0.0,0,0.0,NA,NA,0.970555,0.01583333333333333,4,1.0,2023-03-20 22:11:03.986000,2023-03-21 13:55:34.416000,0.6286116666666666,0.004166666666666667,1.0,3.0,2023-03-21 13:17:44.145000,2023-03-20 02:21:25.073000,NA,NA,NA,NA,NA,NA,NA,NA,NA,NA,NA,NA,12668,6593
0.48,0.6,0.48,0.52,0.64,0.64,0.56,0.56,60,1989,48_datatwo,13/03/23 - 19/03/23,2.8891666666666667,1.2636100000000001,0.0,0.0,0.0,0.0,0.0,04:09:10,01:49:53,13,18,0.10527833333333333,1.6438883333333332,0.0,0.005555000000000001,0.0,0.0,6,11,0,2,0,0,2023-03-20 17:58:22.912000,2023-03-20 18:04:19.454000,NA,2023-03-20 18:30:35.202000,NA,NA,Week 7,0.0,0.0,0,0,NA,NA,0.0,NA,0,NA,NA,0.0,NA,1,NA,NA,2023-03-20 20:51:31.759000,0.19722166666666668,0.6291666666666667,2,1.0,2023-03-20 18:04:22.923000,2023-03-20 20:09:52.899000,0.8836116666666667,0.010555,4,1.0,2023-03-21 12:08:49.356000,2023-03-20 20:09:13.017000,0.0,0.0008333333333333334,1.0,1.0,2023-03-21 13:18:18.631000,2023-03-21 09:17:38.388000,NA,NA,NA,NA,NA,NA,NA,NA,NA,NA,NA,NA,14950,6593
NA,NA,NA,NA,0.56,0.64,0.56,0.64,60,1995,49_datatwo,13/03/23 - 19/03/23,0.0,1.5736116666666669,0.001945,0.0,0.0,0.0,0.0,01:34:32,01:49:53,7,9,0.00027833333333333334,0.005555000000000001,0.0008333333333333334,0.000555,0.0,0.0,1,4,1,1,0,0,2023-03-21 10:19:03.337000,2023-03-21 10:19:10.348000,NA,2023-03-21 10:19:04.816000,NA,NA,Week 7,0.0,0.0,0,0,NA,NA,0.0,NA,0,2023-03-21 10:19:07.225000,NA,0.0,NA,0,NA,NA,NA,0.0,0.0,0,0.0,NA,NA,1.5525,0.0,4,0.0,2023-03-21 10:19:15.651000,NA,0.0,0.0,1.0,0.0,2023-03-21 13:50:28.189000,NA,NA,NA,NA,NA,NA,NA,NA,NA,NA,NA,NA,NA,5672,6593
0.48,0.4,NA,0.4,0.72,0.76,0.68,0.72,72,1988,50_datatwo,13/03/23 - 19/03/23,0.04083333333333334,0.3136116666666667,0.0,0.0,0.042499999999999996,0.0,2.266945,02:39:50,01:49:53,12,17,0.320555,0.5741666666666667,0.008888333333333333,0.0,0.11722166666666665,0.0,7,10,4,0,3,1,2023-03-20 06:36:51.267000,2023-03-21 12:59:44.140000,NA,NA,2023-03-26 10:52:40.308000,2023-03-26 13:17:41.692000,Week 7,0.0,0.0,0,0,NA,NA,0.0,NA,0,2023-03-21 13:05:14.877000,NA,0.0,NA,0,NA,NA,NA,0.22944499999999998,0.003888333333333333,1,1.0,2023-03-26 10:53:23.132000,2023-03-20 06:38:18.541000,0.30472166666666667,0.036945000000000006,2,3.0,2023-03-21 12:59:47.582000,2023-03-20 06:36:58.589000,0.0,0.0013883333333333332,1.0,1.0,2023-03-21 13:18:14.335000,2023-03-26 13:16:23.066000,NA,NA,NA,NA,NA,NA,NA,NA,NA,NA,NA,NA,9590,6593
0.56,0.68,0.72,0.76,0.72,0.76,0.72,0.8,75,1994,51_datatwo,13/03/23 - 19/03/23,6.185555,1.554445,0.005,0.0,0.011945,0.0016666666666666668,0.1125,07:52:16,01:49:53,12,28,1.541945,1.004445,0.000555,0.00027833333333333334,0.0,0.0,16,13,2,1,0,0,2023-03-20 00:02:30.923000,2023-03-20 16:54:38.314000,NA,2023-03-20 18:43:25.658000,NA,NA,Week 7,0.0,0.0,0,0,NA,NA,0.0,NA,0,2023-03-21 12:12:24.935000,NA,2.5569450000000002,NA,4,NA,NA,2023-03-20 16:54:59.835000,0.8980549999999999,0.0,5,0.0,2023-03-20 17:09:45.999000,NA,1.0708333333333333,0.135555,2,3.0,2023-03-21 12:12:28.668000,2023-03-20 00:02:33.599000,0.45888833333333334,0.003055,3.0,4.0,2023-03-21 13:16:48.483000,2023-03-20 23:03:32.380000,NA,NA,NA,NA,NA,NA,NA,NA,NA,NA,NA,NA,28336,6593
0.44,0.4,NA,NA,0.64,0.52,0.56,0.64,60,1997,52_datatwo,13/03/23 - 19/03/23,0.025278333333333333,0.0,0.0,0.0,0.0,0.0,0.0,00:01:31,01:49:53,4,4,0.001945,0.001945,0.0,0.0,0.0,0.0,2,2,0,0,0,0,2023-03-20 15:52:06.040000,2023-03-20 15:53:06.749000,NA,NA,NA,NA,Week 7,0.0,0.0,0,0,NA,NA,0.0,NA,0,NA,NA,0.0,NA,0,NA,NA,NA,0.0,0.0,0,0.0,NA,NA,0.0,0.0,0,1.0,NA,2023-03-20 15:53:18.254000,0.0,0.0,0.0,0.0,NA,NA,NA,NA,NA,NA,NA,NA,NA,NA,NA,NA,NA,NA,91,6593
0.36,NA,NA,0.76,0.68,0.68,0.68,0.76,70,1991,53_datatwo,13/03/23 - 19/03/23,0.0,0.8813883333333333,0.13833333333333334,0.0,0.03611166666666667,0.0,0.0,01:03:21,01:49:53,9,19,0.021946666666666666,0.009166666666666667,0.0011116666666666666,0.0,0.0,0.0,9,4,1,0,0,0,2023-03-21 12:23:23.557000,2023-03-21 12:35:10.944000,NA,NA,NA,NA,Week 7,0.0,0.0,0,0,NA,NA,0.0,NA,0,2023-03-24 08:25:43.572000,NA,0.0,NA,0,NA,NA,NA,0.0,0.0033333333333333335,0,1.0,NA,2023-03-21 12:23:27.732000,0.6766666666666666,0.03222333333333333,2,4.0,2023-03-21 12:35:17.039000,2023-03-21 12:23:42.045000,0.0,0.0008333333333333334,1.0,1.0,2023-03-21 13:16:25.086000,2023-03-21 12:26:41.187000,NA,NA,NA,NA,NA,NA,NA,NA,NA,NA,NA,NA,3801,6593
0.52,NA,0.52,0.52,0.6,0.68,0.56,0.56,60,1992,54_datatwo,13/03/23 - 19/03/23,0.5941666666666666,1.059445,0.0,0.0,0.0,0.0,0.043611666666666674,01:41:50,01:49:53,9,13,0.08833166666666667,0.012778333333333334,0.0,0.0,0.0,0.0,7,6,0,0,0,0,2023-03-20 11:17:02.950000,2023-03-20 11:18:46.654000,NA,NA,NA,NA,Week 7,0.0,0.0,0,0,NA,NA,0.0,NA,0,NA,NA,0.0,NA,0,NA,NA,NA,0.39333333333333337,0.0,2,1.0,2023-03-20 11:19:02.833000,2023-03-26 09:07:08.652000,0.721945,0.0,3,0.0,2023-03-21 12:14:56.730000,NA,0.0,0.03916666666666667,1.0,3.0,2023-03-21 13:17:28.687000,2023-03-20 18:08:19.045000,NA,NA,NA,NA,NA,NA,NA,NA,NA,NA,NA,NA,6110,6593
NA,NA,NA,NA,0.48,0.56,0.56,0.6,55,1992,55_datatwo,13/03/23 - 19/03/23,0.0,0.0,0.0,0.0,0.0,0.0,0.0,00:00:00,01:49:53,0,0,0.0,0.0,0.0,0.0,0.0,0.0,0,0,0,0,0,0,NA,NA,NA,NA,NA,NA,Week 7,0.0,0.0,0,0,NA,NA,0.0,NA,0,NA,NA,0.0,NA,0,NA,NA,NA,0.0,0.0,0,0.0,NA,NA,0.0,0.0,0,0.0,NA,NA,0.0,0.0,0.0,0.0,NA,NA,NA,NA,NA,NA,NA,NA,NA,NA,NA,NA,NA,NA,0,6593
0.56,NA,NA,NA,0.64,0.76,0.76,0.76,73,1985,56_datatwo,13/03/23 - 19/03/23,0.0,0.0,0.0,0.0,0.0,0.0,0.0,00:00:00,01:49:53,0,0,0.0,0.0,0.0,0.0,0.0,0.0,0,0,0,0,0,0,NA,NA,NA,NA,NA,NA,Week 7,0.0,0.0,0,0,NA,NA,0.0,NA,0,NA,NA,0.0,NA,0,NA,NA,NA,0.0,0.0,0,0.0,NA,NA,0.0,0.0,0,0.0,NA,NA,0.0,0.0,0.0,0.0,NA,NA,NA,NA,NA,NA,NA,NA,NA,NA,NA,NA,NA,NA,0,6593
NA,NA,0.6,NA,0.68,0.68,0.72,0.8,72,1987,57_datatwo,13/03/23 - 19/03/23,3.004166666666667,1.1877766666666667,0.0,0.034444999999999996,0.0,0.0,0.0,04:13:35,01:49:53,9,15,0.075,0.01,0.0,0.0,0.0,0.0,9,10,0,0,0,0,2023-03-20 09:40:08.711000,2023-03-20 09:43:02.397000,NA,NA,NA,NA,Week 7,0.0,0.0,0,0,NA,NA,0.0,NA,0,NA,NA,0.3663883333333333,NA,2,NA,NA,2023-03-20 09:43:07.890000,2.4916666666666667,0.0,2,0.0,2023-03-20 10:00:29.602000,NA,0.6258333333333332,0.0,3,0.0,2023-03-21 12:15:52.821000,NA,0.36388833333333337,0.0016666666666666668,2.0,2.0,2023-03-21 13:16:26.114000,2023-03-20 09:40:15.663000,NA,NA,NA,NA,NA,NA,NA,NA,NA,NA,NA,NA,15215,6593
NA,NA,NA,NA,0.4,0.48,0.4,0.52,45,1998,58_datatwo,13/03/23 - 19/03/23,0.0,0.0,0.0,0.0,0.0,0.0,0.0,00:00:00,01:49:53,0,0,0.0,0.0,0.0,0.0,0.0,0.0,0,0,0,0,0,0,NA,NA,NA,NA,NA,NA,Week 7,0.0,0.0,0,0,NA,NA,0.0,NA,0,NA,NA,0.0,NA,0,NA,NA,NA,0.0,0.0,0,0.0,NA,NA,0.0,0.0,0,0.0,NA,NA,0.0,0.0,0.0,0.0,NA,NA,NA,NA,NA,NA,NA,NA,NA,NA,NA,NA,NA,NA,0,6593
0.68,0.72,0.48,0.72,0.68,0.72,0.76,0.76,73,1994,59_datatwo,13/03/23 - 19/03/23,0.1408333333333333,1.4672216666666666,0.6091666666666666,0.0,0.004166666666666667,0.0,0.008055,02:13:46,01:49:53,11,17,0.011111666666666667,0.004166666666666667,0.000555,0.000555,0.0,0.0,7,5,1,1,0,0,2023-03-20 14:59:23.136000,2023-03-21 12:21:44.207000,NA,2023-03-21 22:56:16.798000,NA,NA,Week 7,0.0,0.0,0,0,NA,NA,0.0,NA,0,2023-03-21 22:56:12.904000,NA,0.0,NA,0,NA,NA,NA,0.0,0.0,0,0.0,NA,NA,1.2647216666666665,0.06083333333333333,3,2.0,2023-03-21 12:21:49.577000,2023-03-21 12:12:21.836000,0.0,0.011111666666666667,1.0,1.0,2023-03-21 13:38:24.420000,2023-03-20 14:59:28.401000,NA,NA,NA,NA,NA,NA,NA,NA,NA,NA,NA,NA,8026,6593
0.56,0.7,NA,NA,0.68,0.76,0.8,0.8,76,1998,60_datatwo,13/03/23 - 19/03/23,2.7266666666666666,2.6983333333333333,0.0,0.0,0.07333333333333333,2.0941666666666667,2.4241666666666664,10:01:00,01:49:53,8,16,1.8075,1.4027766666666668,0.0,0.0008333333333333334,0.0,0.0,6,6,0,1,0,0,2023-03-20 22:59:12.706000,2023-03-20 22:58:40.204000,NA,2023-03-21 11:08:04.380000,NA,NA,Week 7,0.0,0.0,0,0,NA,NA,0.0,NA,0,NA,NA,5.820555,NA,9,NA,NA,2023-03-20 23:00:51.662000,0.84,0.0,1,0.0,2023-03-21 11:12:25.850000,NA,0.013611666666666668,0.0725,1,1.0,2023-03-21 11:08:20.199000,2023-03-24 01:43:21.583000,0.0,0.0,0.0,1.0,NA,2023-03-21 23:13:51.824000,NA,NA,NA,NA,NA,NA,NA,NA,NA,NA,NA,NA,36060,6593
0.6,0.4,NA,0.72,0.8,0.76,0.72,0.8,77,1994,61_datatwo,13/03/23 - 19/03/23,0.01,0.891945,0.0,0.0,0.0,0.0,0.0,00:54:07,01:49:53,7,10,0.004723333333333334,0.021388333333333336,0.0,0.000555,0.0,0.0,3,5,0,2,0,0,2023-03-20 17:22:20.362000,2023-03-20 17:22:33.424000,NA,2023-03-21 12:20:49.510000,NA,NA,Week 7,0.0,0.0,0,0,NA,NA,0.0,NA,0,NA,NA,0.0,NA,0,NA,NA,NA,0.0,0.0,0,0.0,NA,NA,0.8527766666666667,0.018055,3,1.0,2023-03-20 17:22:39.107000,2023-03-21 12:24:00.577000,0.0,0.0,1.0,0.0,2023-03-21 13:16:25.589000,NA,NA,NA,NA,NA,NA,NA,NA,NA,NA,NA,NA,NA,3247,6593
NA,NA,NA,NA,0.68,0.64,0.56,0.52,60,2001,62_datatwo,13/03/23 - 19/03/23,0.0,1.8025,0.0,0.046945,0.0,0.0,0.0,01:50:58,01:49:53,9,20,0.016665,0.19889,0.0,0.0,0.0,0.09861166666666668,4,15,0,0,0,2,2023-03-21 12:49:55.399000,2023-03-21 12:30:39.296000,NA,NA,NA,2023-03-21 19:40:36.306000,Week 7,0.0,0.0,0,0,NA,NA,0.0,NA,0,NA,NA,0.01722333333333333,NA,2,NA,NA,2023-03-21 21:21:12.361000,0.0,0.0008333333333333334,0,1.0,NA,2023-03-21 12:50:00.599000,1.033335,0.0,7,0.0,2023-03-21 12:30:41.393000,NA,0.47472166666666665,0.0,2.0,0.0,2023-03-21 13:16:20.892000,NA,NA,NA,NA,NA,NA,NA,NA,NA,NA,NA,NA,NA,6658,6593
0.56,0.6,0.6,0.64,0.64,0.68,0.68,0.68,67,1993,63_datatwo,13/03/23 - 19/03/23,0.4272216666666667,1.838055,0.0,0.025278333333333333,0.0,0.0,0.08472166666666665,02:22:31,01:49:53,11,22,0.3897233333333333,0.1677783333333333,0.0,0.0,0.0,0.0,8,12,0,0,0,0,2023-03-20 19:29:11.316000,2023-03-21 12:14:32.525000,NA,NA,NA,NA,Week 7,0.0,0.0,0,0,NA,NA,0.0,NA,0,NA,NA,0.0,NA,0,NA,NA,NA,0.0016666666666666668,0.0,1,0.0,2023-03-23 18:38:21.808000,NA,0.7486116666666667,0.0,4,1.0,2023-03-21 12:14:35.523000,2023-03-20 20:00:50.924000,0.6741666666666667,0.003055,5.0,3.0,2023-03-21 13:16:55.961000,2023-03-20 19:52:05.535000,NA,NA,NA,NA,NA,NA,NA,NA,NA,NA,NA,NA,8551,6593
0.52,NA,NA,NA,0.52,0.52,0.56,0.72,58,1998,64_datatwo,13/03/23 - 19/03/23,0.0,0.0,0.10527833333333333,0.0,0.0,0.0,0.0,00:06:19,01:49:53,3,3,0.013333333333333334,0.0,0.0,0.0,0.0,0.0,5,0,0,0,0,0,2023-03-22 13:39:40.777000,NA,NA,NA,NA,NA,Week 7,0.0,0.0,0,0,NA,NA,0.0,NA,0,NA,NA,0.0,NA,0,NA,NA,NA,0.0,0.0,0,0.0,NA,NA,0.0,0.017778333333333333,0,1.0,NA,2023-03-22 13:43:30.235000,0.0,0.0,0.0,0.0,NA,NA,NA,NA,NA,NA,NA,NA,NA,NA,NA,NA,NA,NA,379,6593
0.44,NA,NA,0.24,0.72,0.68,0.58,0.54,63,1982,65_datatwo,13/03/23 - 19/03/23,5.305278333333334,0.0,0.036388333333333335,0.0,0.0,0.05777833333333334,0.0,05:23:58,01:49:53,7,10,0.44611,0.006666666666666667,0.0,0.0,0.0,0.0,14,3,0,0,0,0,2023-03-20 16:20:27.729000,2023-03-20 09:39:52.507000,NA,NA,NA,NA,Week 7,0.0,0.0,0,0,NA,NA,1.3061116666666668,NA,1,NA,2023-03-20 09:41:01.916000,0.013888333333333332,NA,2,NA,NA,2023-03-20 09:40:07.796000,0.0,2.5147216666666665,0,2.0,NA,2023-03-20 18:37:56.735000,0.0,0.0011116666666666666,0,2.0,NA,2023-03-20 21:18:33.114000,0.0,0.0,0.0,0.0,NA,NA,NA,NA,NA,NA,NA,NA,NA,NA,NA,NA,NA,NA,19438,6593
NA,NA,NA,NA,0.58,0.58,0.58,0.58,58,1980,66_datatwo,13/03/23 - 19/03/23,0.0,0.0,0.0,0.0,0.0,0.0,0.0,00:00:00,01:49:53,0,0,0.0,0.0,0.0,0.0,0.0,0.0,0,0,0,0,0,0,NA,NA,NA,NA,NA,NA,Week 7,0.0,0.0,0,0,NA,NA,0.0,NA,0,NA,NA,0.0,NA,0,NA,NA,NA,0.0,0.0,0,0.0,NA,NA,0.0,0.0,0,0.0,NA,NA,0.0,0.0,0.0,0.0,NA,NA,NA,NA,NA,NA,NA,NA,NA,NA,NA,NA,NA,NA,0,6593
NA,NA,NA,NA,0.58,0.66,0.58,0.58,60,1986,67_datatwo,13/03/23 - 19/03/23,2.6591666666666667,0.009166666666666667,0.0,0.5083333333333333,0.0,0.0,0.0,03:10:36,01:49:53,9,14,0.08083333333333333,0.33611166666666664,0.006111666666666666,0.0022216666666666665,0.0,0.0,6,3,1,2,0,0,2023-03-20 10:40:12.214000,2023-03-20 10:44:16.420000,NA,2023-03-20 10:44:11.911000,NA,NA,Week 7,0.0,0.0,0,0,NA,NA,0.0,NA,0,2023-03-20 13:15:23.713000,NA,2.131388333333333,NA,1,NA,NA,2023-03-20 11:07:30.631000,0.0,0.0,1,0.0,2023-03-20 13:15:58.994000,NA,0.0,0.0,0,0.0,NA,NA,0.0,0.4672216666666667,0.0,2.0,NA,2023-03-20 23:55:52.369000,NA,NA,NA,NA,NA,NA,NA,NA,NA,NA,NA,NA,11436,6593
0.6,NA,NA,NA,0.6,0.64,0.56,0.64,61,1989,68_datatwo,13/03/23 - 19/03/23,0.0,0.0,0.0,0.0,0.030555000000000002,0.0,0.0,00:01:50,01:49:53,2,2,0.030555000000000002,0.0,0.0,0.0,0.0,0.0,1,0,0,1,0,0,2023-03-24 08:27:01.649000,NA,NA,2023-03-24 08:28:51.410000,NA,NA,Week 7,0.0,0.0,0,0,NA,NA,0.0,NA,0,NA,NA,0.0,NA,0,NA,NA,NA,0.0,0.0,0,0.0,NA,NA,0.0,0.0,0,0.0,NA,NA,0.0,0.0,0.0,0.0,NA,NA,NA,NA,NA,NA,NA,NA,NA,NA,NA,NA,NA,NA,110,6593
0.68,0.6,0.6,0.48,0.68,0.6,0.64,0.72,66,1989,69_datatwo,13/03/23 - 19/03/23,0.47583333333333333,0.2275,0.0,0.0,0.0,0.004445,0.0,00:42:28,01:49:53,7,14,0.04888833333333333,0.06666666666666667,0.0008333333333333334,0.0,0.0,0.0,11,3,1,0,0,0,2023-03-20 09:34:14.922000,2023-03-21 12:13:13.665000,NA,NA,NA,NA,Week 7,0.0,0.0,0,0,NA,NA,0.0,NA,0,2023-03-21 12:26:33.911000,NA,0.0,NA,0,NA,NA,NA,0.0,0.0,0,0.0,NA,NA,0.0,0.005,2,1.0,2023-03-21 12:26:40.252000,2023-03-20 09:40:49.942000,0.0,0.008333333333333333,0.0,4.0,NA,2023-03-20 09:35:13.168000,NA,NA,NA,NA,NA,NA,NA,NA,NA,NA,NA,NA,2548,6593
0.56,0.52,NA,0.52,0.68,0.76,0.72,0.72,72,1995,70_datatwo,13/03/23 - 19/03/23,0.0063883333333333335,1.1869450000000001,0.8030550000000001,0.0,0.0,0.0,0.0,01:59:47,01:49:53,9,13,0.071945,0.007778333333333333,0.099445,0.00027833333333333334,0.0,0.0,4,6,1,1,0,0,2023-03-20 09:46:38.670000,2023-03-21 12:20:55.207000,NA,2023-03-22 10:44:38.084000,NA,NA,Week 7,0.0,0.0,0,1,NA,2023-03-22 11:32:36.243000,0.0,NA,0,2023-03-21 12:10:51.034000,NA,0.0,NA,0,NA,NA,NA,0.06888833333333334,0.0,1,0.0,2023-03-22 11:28:26.152000,NA,0.94,0.7283333333333334,2,2.0,2023-03-21 12:21:13.428000,2023-03-20 09:46:56.933000,0.0,0.0,1.0,0.0,2023-03-21 13:17:47.867000,NA,NA,NA,NA,NA,NA,NA,NA,NA,NA,NA,NA,NA,7187,6593
0.64,NA,NA,NA,0.64,0.76,0.6,0.56,64,1990,71_datatwo,13/03/23 - 19/03/23,0.0,0.0,0.0,0.05583333333333333,0.0,0.0,0.0,00:03:21,01:49:53,0,0,0.0,0.0,0.0,0.0,0.0,0.0,0,0,0,0,0,0,NA,NA,NA,NA,NA,NA,Week 7,0.0,0.0,0,0,NA,NA,0.0,NA,0,NA,NA,0.0,NA,0,NA,NA,NA,0.0,0.0,0,0.0,NA,NA,0.0,0.0,0,0.0,NA,NA,0.0,0.0,0.0,0.0,NA,NA,NA,NA,NA,NA,NA,NA,NA,NA,NA,NA,NA,NA,201,6593
NA,NA,NA,NA,0.68,0.68,0.48,0.64,62,1998,72_datatwo,13/03/23 - 19/03/23,0.0,0.8133333333333332,0.0,0.0,0.0,0.0,0.0,00:48:48,01:49:53,3,3,0.783055,0.0,0.0,0.010833333333333334,0.0,0.0,3,0,0,3,0,0,2023-03-21 16:42:20.610000,NA,NA,2023-03-21 16:42:03.024000,NA,NA,Week 7,0.0,0.0,0,0,NA,NA,0.0,NA,0,NA,NA,0.0,NA,0,NA,NA,NA,0.0,0.0,0,0.0,NA,NA,0.0,0.0,0,0.0,NA,NA,0.0,0.0,0.0,0.0,NA,NA,NA,NA,NA,NA,NA,NA,NA,NA,NA,NA,NA,NA,2928,6593
NA,NA,NA,NA,0.56,0.6,0.56,0.48,55,1996,73_datatwo,13/03/23 - 19/03/23,0.0,0.0,0.0,0.0,0.0,0.0,0.0,00:00:00,02:46:55,0,0,0.0,0.0,0.0,0.0,0.0,0.0,0,0,0,0,0,0,NA,NA,NA,NA,NA,NA,Week 7,0.0,0.0,0,0,NA,NA,0.0,NA,0,NA,NA,0.0,NA,0,NA,NA,NA,0.0,0.0,0,0.0,NA,NA,0.0,0.0,0,0.0,NA,NA,0.0,0.0,0.0,0.0,NA,NA,NA,NA,NA,NA,NA,NA,NA,NA,NA,NA,NA,NA,0,10015
0.52,0.72,0.48,0.52,0.6,0.72,0.48,0.72,63,1998,74_datatwo,13/03/23 - 19/03/23,2.481666666666667,1.0897216666666667,0.0,0.0,0.0,0.0,2.2475,05:49:08,01:49:53,11,22,0.27194333333333337,0.006944999999999999,0.00027833333333333334,0.0,0.0,0.0,11,7,1,0,0,0,2023-03-20 11:30:14.249000,2023-03-20 16:55:33.292000,NA,NA,NA,NA,Week 7,0.0,0.0,0,0,NA,NA,0.0,NA,0,2023-03-21 12:22:08.596000,NA,0.081945,NA,1,NA,NA,2023-03-20 16:55:41.037000,1.8288883333333332,0.0027783333333333336,1,1.0,2023-03-20 17:00:39.902000,2023-03-20 18:52:28.113000,0.9227783333333334,0.041666666666666664,2,3.0,2023-03-21 12:22:11.268000,2023-03-20 11:30:17.725000,1.8338883333333333,0.1475,3.0,3.0,2023-03-21 13:17:38.139000,2023-03-20 18:51:05.721000,NA,NA,NA,NA,NA,NA,NA,NA,NA,NA,NA,NA,20948,6593
0.52,0.68,0.52,0.68,0.52,0.68,0.52,0.72,61,1992,75_datatwo,13/03/23 - 19/03/23,1.8877783333333333,1.3883333333333332,0.0,0.0,4.427499999999999,0.005278333333333333,0.9233333333333333,08:37:56,01:49:53,13,30,0.23944333333333334,0.5072233333333334,0.0,0.00111,0.0,0.454445,16,11,0,2,0,2,2023-03-20 09:10:11.305000,2023-03-20 07:45:50.426000,NA,2023-03-20 08:07:58.176000,NA,2023-03-25 17:54:57.633000,Week 7,0.0,0.0,0,0,NA,NA,0.0,NA,0,NA,NA,1.4022216666666665,NA,2,NA,NA,2023-03-20 07:45:53.874000,0.0,0.020278333333333332,0,1.0,NA,2023-03-20 09:10:15.416000,1.6341666666666665,1.279445,4,2.0,2023-03-21 12:20:52.462000,2023-03-21 12:22:20.053000,0.19777666666666666,0.17694333333333334,4.0,3.0,2023-03-21 13:40:13.352000,2023-03-20 09:38:25.126000,NA,NA,NA,NA,NA,NA,NA,NA,NA,NA,NA,NA,31076,6593
0.56,NA,NA,NA,0.6,0.52,0.56,0.64,58,1993,76_datatwo,13/03/23 - 19/03/23,0.0,1.3188883333333332,0.0,0.0,0.0,0.0,0.0,01:19:08,01:49:53,7,7,0.001945,0.004445,0.0008333333333333334,0.0027783333333333336,0.0,0.0,1,4,1,1,0,0,2023-03-21 12:30:11.980000,2023-03-21 12:24:53.471000,NA,2023-03-21 13:40:59.285000,NA,NA,Week 7,0.0,0.0,0,0,NA,NA,0.0,NA,0,2023-03-21 13:41:11.209000,NA,0.0,NA,0,NA,NA,NA,0.0,0.0,0,0.0,NA,NA,1.1691666666666667,0.0,3,0.0,2023-03-21 12:30:23.037000,NA,0.0,0.0,1.0,0.0,2023-03-21 13:42:02.383000,NA,NA,NA,NA,NA,NA,NA,NA,NA,NA,NA,NA,NA,4748,6593
NA,0.48,0.64,NA,0.68,0.56,0.68,0.68,65,2002,77_datatwo,13/03/23 - 19/03/23,0.07333333333333333,1.4827766666666666,0.445,0.5399999999999999,0.0,0.6238883333333334,0.0,03:09:53,01:49:53,9,25,0.043054999999999996,0.07639,0.001945,0.0008333333333333334,0.0,0.0,10,19,1,1,0,0,2023-03-20 07:42:19.846000,2023-03-20 07:42:09.739000,NA,2023-03-21 12:13:52.529000,NA,NA,Week 7,0.0,0.0,0,0,NA,NA,0.0,NA,0,2023-03-20 07:42:13.031000,NA,0.0,NA,0,NA,NA,NA,0.06916666666666667,0.0,4,0.0,2023-03-21 12:13:35.665000,NA,1.5522216666666666,0.0,9,0.0,2023-03-21 12:13:25.614000,NA,0.36222333333333334,0.006944999999999999,4.0,2.0,2023-03-21 13:25:37.530000,2023-03-20 07:42:29.398000,NA,NA,NA,NA,NA,NA,NA,NA,NA,NA,NA,NA,11393,6593
NA,NA,NA,NA,0.32,0.32,0.2,0.56,35,1989,78_datatwo,13/03/23 - 19/03/23,0.0,1.2275,0.0,0.0,0.0,0.0,0.0,01:13:39,01:49:53,5,5,0.0,0.005,0.0,0.0008333333333333334,0.0,0.0,0,6,0,1,0,0,NA,2023-03-21 12:23:40.087000,NA,2023-03-21 12:23:37.375000,NA,NA,Week 7,0.0,0.0,0,0,NA,NA,0.0,NA,0,NA,NA,0.0,NA,0,NA,NA,NA,0.0,0.0,0,0.0,NA,NA,0.9166666666666666,0.0,4,0.0,2023-03-21 12:23:42.204000,NA,0.26083333333333336,0.0,2.0,0.0,2023-03-21 13:18:58.876000,NA,NA,NA,NA,NA,NA,NA,NA,NA,NA,NA,NA,NA,4419,6593
0.4,NA,NA,0.48,0.58,0.66,0.58,0.58,60,1997,79_datatwo,13/03/23 - 19/03/23,0.005278333333333333,1.7383333333333333,0.012776666666666667,0.0,0.12777833333333335,0.019166666666666665,1.7430549999999998,03:38:47,01:49:53,9,18,0.025553333333333334,0.014721666666666666,0.0,0.0,0.0,0.0,7,8,0,0,0,0,2023-03-20 08:28:20.985000,2023-03-21 13:08:16.932000,NA,NA,NA,NA,Week 7,0.0,0.0,0,0,NA,NA,0.0,NA,0,NA,NA,0.0,NA,0,NA,NA,NA,1.7088883333333333,0.0036116666666666667,4,3.0,2023-03-25 11:36:37.802000,2023-03-24 10:35:56.738000,0.5686116666666667,0.0,4,0.0,2023-03-21 13:08:20.362000,NA,1.15,0.0,1.0,0.0,2023-03-21 13:43:12.172000,NA,NA,NA,NA,NA,NA,NA,NA,NA,NA,NA,NA,NA,13127,6593
NA,NA,NA,NA,55.0,66.0,50.0,49.0,55,1998,80_datatwo,13/11/23 - 19/11/23,0.41111166666666665,3.5144450000000003,2.2947216666666668,5.683333333333334,0.0,0.0,0.0,11:54:13,01:36:28,18,47,2.2925016666666664,0.09444500000000002,0.021111666666666664,0.011666666666666665,0.4652766666666667,3.1272216666666663,13,39,2,8,10,6,2023-11-13 19:13:55.765000,2023-11-13 19:20:27.442000,NA,2023-11-14 18:09:38.387000,2023-11-13 19:25:20.340000,2023-11-13 19:25:42.175000,Week 7,0.08139,0.27527833333333335,2,12,2023-11-14 16:58:28.948000,2023-11-14 16:58:42.624000,0.08083333333333333,NA,3,2023-11-14 16:20:53.059000,2023-11-14 16:59:29.699000,0.030555000000000002,NA,1,NA,NA,2023-11-16 07:09:26.992000,0.0,0.0,0,0.0,NA,NA,0.0,0.0,0,0.0,NA,NA,0.006666666666666667,0.0,1.0,0.0,2023-11-13 19:25:56.177000,NA,NA,NA,NA,NA,NA,NA,NA,NA,NA,NA,NA,NA,42853,5788
NA,NA,NA,NA,52.0,68.0,52.0,40.0,53,1989,81_datatwo,13/11/23 - 19/11/23,0.0,0.0,0.0,0.0,0.0,0.0,0.0,00:00:00,01:36:28,0,0,0.0,0.0,0.0,0.0,0.0,0.0,0,0,0,0,0,0,NA,NA,NA,NA,NA,NA,Week 7,0.0,0.0,0,0,NA,NA,0.0,NA,0,NA,NA,0.0,NA,0,NA,NA,NA,0.0,0.0,0,0.0,NA,NA,0.0,0.0,0,0.0,NA,NA,0.0,0.0,0.0,0.0,NA,NA,NA,NA,NA,NA,NA,NA,NA,NA,NA,NA,NA,NA,0,5788
0.48,0.36,NA,NA,56.0,56.0,56.0,64.0,58,1998,82_datatwo,13/11/23 - 19/11/23,0.0,0.0,0.0,0.0,0.0,0.0,0.011388333333333332,00:00:41,01:36:28,0,0,0.0,0.0,0.0,0.0,0.0,0.0,0,0,0,0,0,0,NA,NA,NA,NA,NA,NA,Week 7,0.0,0.0,0,0,NA,NA,0.0,NA,0,NA,NA,0.0,NA,0,NA,NA,NA,0.0,0.0,0,0.0,NA,NA,0.0,0.0,0,0.0,NA,NA,0.0,0.0,0.0,0.0,NA,NA,NA,NA,NA,NA,NA,NA,NA,NA,NA,NA,NA,NA,41,5788
0.48,0.32,NA,NA,66.0,53.0,60.0,65.0,61,1997,83_datatwo,13/11/23 - 19/11/23,0.0,0.45611166666666664,1.9563883333333332,0.0,0.0,0.0,0.0,02:24:45,01:36:28,6,8,0.045555,0.060000000000000005,0.0,0.0,0.0,0.0,1,8,0,0,0,0,2023-11-14 14:21:52.515000,2023-11-14 14:24:36.239000,NA,NA,NA,NA,Week 7,0.0,1.5738883333333331,0,2,NA,2023-11-15 05:21:13.845000,0.0,NA,1,NA,2023-11-15 06:55:58.480000,0.0,NA,0,NA,NA,NA,0.705,0.0,4,0.0,2023-11-14 14:24:53.263000,NA,0.0,0.0,0,0.0,NA,NA,0.0,0.0,0.0,0.0,NA,NA,NA,NA,NA,NA,NA,NA,NA,NA,NA,NA,NA,NA,8685,5788
NA,0.2,NA,NA,57.0,57.0,56.0,58.0,57,1991,84_datatwo,13/11/23 - 19/11/23,0.13,0.0,0.0,0.0,0.0,0.0,0.0,00:07:48,01:36:28,3,3,0.0,0.012221666666666665,0.0,0.0,0.0,0.0,0,10,0,0,0,0,NA,2023-11-13 13:56:36.100000,NA,NA,NA,NA,Week 7,0.0,0.0,0,0,NA,NA,0.0,NA,0,NA,NA,0.0,NA,0,NA,NA,NA,0.016111666666666666,0.0,2,0.0,2023-11-13 13:56:47.479000,NA,0.0,0.0,0,0.0,NA,NA,0.0,0.0,0.0,0.0,NA,NA,NA,NA,NA,NA,NA,NA,NA,NA,NA,NA,NA,NA,468,5788
0.4,0.52,0.72,0.74,60.0,65.0,72.0,75.0,68,1984,85_datatwo,13/11/23 - 19/11/23,0.025278333333333333,0.8002783333333333,0.8738883333333334,0.0,0.0,0.0,0.0,01:41:58,01:36:28,9,15,0.4841666666666667,0.013889999999999998,0.005555000000000001,0.0,0.0,0.0,10,6,1,0,0,0,2023-11-15 01:25:38.604000,2023-11-13 21:29:55.848000,NA,NA,NA,NA,Week 7,0.0,0.0,0,0,NA,NA,0.0,NA,0,2023-11-13 21:29:35.665000,NA,0.0,NA,1,NA,NA,2023-11-14 19:51:25.365000,0.2372216666666667,0.0,2,0.0,2023-11-13 21:30:16.629000,NA,0.7727783333333333,0.0,2,0.0,2023-11-14 09:18:03.805000,NA,0.0,0.0,1.0,0.0,2023-11-14 12:25:56.431000,NA,NA,NA,NA,NA,NA,NA,NA,NA,NA,NA,NA,NA,6118,5788
0.52,0.68,0.64,NA,60.0,68.0,72.0,72.0,68,1995,86_datatwo,13/11/23 - 19/11/23,1.70611,5.112778333333334,0.0,0.0,0.0,0.0,0.0,06:49:08,01:36:28,8,25,2.3733333333333335,0.06805499999999999,0.0,0.0,0.0,0.0,6,19,0,0,0,0,2023-11-14 12:54:50.801000,2023-11-13 12:41:47.776000,NA,NA,NA,NA,Week 7,0.0,0.0,0,0,NA,NA,0.0,NA,0,NA,NA,2.9886116666666664,NA,4,NA,NA,2023-11-13 12:42:00.508000,0.03639,0.0,5,0.0,2023-11-13 14:18:25.371000,NA,0.9802783333333333,0.0,6,0.0,2023-11-13 23:35:32.732000,NA,0.19,0.0,1.0,0.0,2023-11-14 12:33:39.034000,NA,NA,NA,NA,NA,NA,NA,NA,NA,NA,NA,NA,NA,24548,5788
NA,NA,NA,NA,70.0,62.0,72.0,76.0,70,1996,87_datatwo,13/11/23 - 19/11/23,0.0,0.47250000000000003,0.0,0.0,0.0,0.0,0.0,00:28:21,01:36:28,3,3,0.0,0.0025,0.0,0.000555,0.0,0.0,0,2,0,1,0,0,NA,2023-11-14 11:33:22.983000,NA,2023-11-14 11:33:20.537000,NA,NA,Week 7,0.0,0.0,0,0,NA,NA,0.0,NA,0,NA,NA,0.0,NA,0,NA,NA,NA,0.0,0.0,0,0.0,NA,NA,0.46611166666666665,0.0,2,0.0,2023-11-14 11:33:30.473000,NA,0.0,0.0,0.0,0.0,NA,NA,NA,NA,NA,NA,NA,NA,NA,NA,NA,NA,NA,NA,1701,5788
0.56,0.68,0.6,0.64,64.0,68.0,64.0,76.0,68,1986,88_datatwo,13/11/23 - 19/11/23,4.409721666666667,7.726111666666667,0.0,0.0,0.0,0.0,2.3938883333333334,14:31:47,01:36:28,7,13,0.03611166666666667,0.005555000000000001,0.0,0.0,0.0,0.0,12,5,0,0,0,0,2023-11-13 21:17:15.940000,2023-11-13 23:02:17.502000,NA,NA,NA,NA,Week 7,0.0,0.0,0,0,NA,NA,0.0,NA,0,NA,NA,0.0,NA,0,NA,NA,NA,0.0,0.0,0,0.0,NA,NA,2.525276666666666,0.004166666666666667,4,1.0,2023-11-13 23:02:24.601000,2023-11-14 20:54:23.463000,0.0,0.0,1.0,0.0,2023-11-14 12:33:50.068000,NA,NA,NA,NA,NA,NA,NA,NA,NA,NA,NA,NA,NA,52307,5788
NA,NA,NA,NA,52.0,56.0,52.0,72.0,58,1996,89_datatwo,13/11/23 - 19/11/23,0.0,0.0,0.0,0.0,0.0,0.0,0.0,00:00:00,01:36:28,0,0,0.0,0.0,0.0,0.0,0.0,0.0,0,0,0,0,0,0,NA,NA,NA,NA,NA,NA,Week 7,0.0,0.0,0,0,NA,NA,0.0,NA,0,NA,NA,0.0,NA,0,NA,NA,NA,0.0,0.0,0,0.0,NA,NA,0.0,0.0,0,0.0,NA,NA,0.0,0.0,0.0,0.0,NA,NA,NA,NA,NA,NA,NA,NA,NA,NA,NA,NA,NA,NA,0,5788
NA,NA,NA,NA,52.0,52.0,52.0,56.0,53,1998,90_datatwo,13/11/23 - 19/11/23,0.0,0.0,0.0,0.0,0.0,0.0,0.0,00:00:00,01:36:28,0,0,0.0,0.0,0.0,0.0,0.0,0.0,0,0,0,0,0,0,NA,NA,NA,NA,NA,NA,Week 7,0.0,0.0,0,0,NA,NA,0.0,NA,0,NA,NA,0.0,NA,0,NA,NA,NA,0.0,0.0,0,0.0,NA,NA,0.0,0.0,0,0.0,NA,NA,0.0,0.0,0.0,0.0,NA,NA,NA,NA,NA,NA,NA,NA,NA,NA,NA,NA,NA,NA,0,5788
0.36,0.28,NA,NA,32.0,52.0,56.0,64.0,51,1992,91_datatwo,13/11/23 - 19/11/23,0.0,0.0,0.0,0.9036116666666666,0.0,2.2800000000000002,0.0,03:11:01,01:36:28,1,1,0.0,0.0,0.0011116666666666666,0.0,0.0,0.0,0,0,1,0,0,0,NA,NA,NA,NA,NA,NA,Week 7,0.0,0.0,0,0,NA,NA,0.0,NA,0,2023-11-16 21:54:02.297000,NA,0.0,NA,0,NA,NA,NA,0.0,0.0,0,0.0,NA,NA,0.0,0.0,0,0.0,NA,NA,0.0,0.0,0.0,0.0,NA,NA,NA,NA,NA,NA,NA,NA,NA,NA,NA,NA,NA,NA,11461,5788
0.6,0.68,0.72,0.68,70.0,77.0,81.0,80.0,77,1996,92_datatwo,13/11/23 - 19/11/23,0.5466666666666666,1.716945,0.0,0.0,0.0,0.0,0.0,02:15:49,01:36:28,8,15,0.009723333333333332,0.014445000000000001,0.0,0.0,0.0,0.0,4,9,0,0,0,0,2023-11-14 08:08:51.771000,2023-11-13 18:12:58.675000,NA,NA,NA,NA,Week 7,0.0,0.0,0,0,NA,NA,0.0,NA,0,NA,NA,0.0,NA,1,NA,NA,2023-11-13 18:45:38.637000,0.06277833333333334,0.0,2,0.0,2023-11-13 18:41:55.615000,NA,2.0377783333333332,0.0,4,0.0,2023-11-13 18:13:03.708000,NA,0.0,0.0,1.0,0.0,2023-11-14 12:23:43.838000,NA,NA,NA,NA,NA,NA,NA,NA,NA,NA,NA,NA,NA,8149,5788
NA,NA,NA,NA,56.0,60.0,68.0,48.0,58,1989,92_datatwo,13/11/23 - 19/11/23,0.0,0.8658333333333333,0.0,0.0,0.0,0.043611666666666674,0.0,00:54:34,01:36:28,6,6,0.0,0.015000000000000001,0.0,0.0011116666666666666,0.0,0.0,0,6,0,1,0,0,NA,2023-11-14 11:42:52.140000,NA,2023-11-14 12:34:17.808000,NA,NA,Week 7,0.0,0.0,0,0,NA,NA,0.0,NA,0,NA,NA,0.0,NA,0,NA,NA,NA,0.001945,0.0,1,0.0,2023-11-14 11:43:02.345000,NA,0.656945,0.0,2,0.0,2023-11-14 11:43:11.223000,NA,0.0,0.0,1.0,0.0,2023-11-14 12:34:42.038000,NA,NA,NA,NA,NA,NA,NA,NA,NA,NA,NA,NA,NA,3274,5788
NA,NA,NA,NA,68.0,60.0,52.0,52.0,58,1994,94_datatwo,13/11/23 - 19/11/23,0.0,1.0769449999999998,0.0,0.0,0.0,0.0,0.0,01:04:37,01:36:28,5,5,0.11416666666666667,0.007500000000000001,0.0,0.0025,0.0,0.0,1,3,0,1,0,0,2023-11-14 12:55:02.813000,2023-11-14 11:53:37.352000,NA,2023-11-14 11:53:28.524000,NA,NA,Week 7,0.0,0.0,0,0,NA,NA,0.0,NA,0,NA,NA,0.0,NA,0,NA,NA,NA,0.0,0.0,0,0.0,NA,NA,0.941945,0.0,2,0.0,2023-11-14 11:53:59.369000,NA,0.0,0.0,1.0,0.0,2023-11-14 12:50:39.264000,NA,NA,NA,NA,NA,NA,NA,NA,NA,NA,NA,NA,NA,3877,5788
0.56,0.6,0.36,NA,80.0,76.0,68.0,80.0,76,2000,95_datatwo,13/11/23 - 19/11/23,0.0,0.16861166666666666,0.0,0.0,0.0,0.0,0.0008333333333333334,00:10:10,01:36:28,7,11,0.005833333333333333,0.001945,0.0,0.00027833333333333334,0.0,0.0,5,3,0,1,0,0,2023-11-14 21:14:44.690000,2023-11-14 18:17:25.489000,NA,2023-11-14 21:14:43.623000,NA,NA,Week 7,0.0,0.0,0,0,NA,NA,0.0,NA,0,NA,NA,0.04666666666666666,NA,1,NA,NA,2023-11-14 18:17:29.622000,0.0,0.0,1,0.0,2023-11-14 18:20:19.985000,NA,0.0,0.0,0,0.0,NA,NA,0.0,0.0,0.0,0.0,NA,NA,NA,NA,NA,NA,NA,NA,NA,NA,NA,NA,NA,NA,610,5788
0.52,0.56,0.68,0.52,64.0,68.0,72.0,76.0,70,1987,96_datatwo,13/11/23 - 19/11/23,0.045000000000000005,2.0055549999999998,0.0,0.0,0.0,0.0,0.0,02:03:02,01:36:28,9,14,0.044721666666666667,0.006111666666666666,0.0,0.00027833333333333334,0.0,0.0,8,5,0,1,0,0,2023-11-13 23:31:45.082000,2023-11-14 11:02:36.983000,NA,2023-11-14 12:40:36.662000,NA,NA,Week 7,0.6152783333333333,0.0,1,0,2023-11-14 11:45:17.278000,NA,0.0,NA,0,NA,NA,0.0,NA,0,NA,NA,NA,0.000555,0.0,1,0.0,2023-11-14 11:45:10.988000,NA,1.0108333333333333,0.0,3,0.0,2023-11-14 11:02:47.430000,NA,0.13527833333333333,0.0,1.0,0.0,2023-11-14 12:40:40.646000,NA,NA,NA,NA,NA,NA,NA,NA,NA,NA,NA,NA,NA,7382,5788
NA,NA,NA,NA,64.0,58.0,55.0,71.0,62,1992,97_datatwo,13/11/23 - 19/11/23,0.0,0.0,0.0,0.0,0.0,0.9002783333333333,0.0,00:54:01,01:36:28,7,7,0.0,0.008055,0.0,0.0,0.8427783333333333,0.030000000000000002,0,6,0,0,1,4,NA,2023-11-18 18:17:33.146000,NA,NA,2023-11-18 18:18:03.811000,2023-11-18 19:08:50.100000,Week 7,0.0,0.0,1,0,2023-11-18 19:11:07.934000,NA,0.0,NA,0,NA,NA,0.0,NA,0,NA,NA,NA,0.0,0.0,0,0.0,NA,NA,0.0,0.0,0,0.0,NA,NA,0.0,0.0,0.0,0.0,NA,NA,NA,NA,NA,NA,NA,NA,NA,NA,NA,NA,NA,NA,3241,5788
NA,NA,NA,NA,76.0,60.0,76.0,76.0,72,1984,98_datatwo,13/11/23 - 19/11/23,0.0,0.019166666666666665,0.0,0.0,0.0,0.0,0.0,00:01:09,01:36:28,2,2,0.0,0.0036116666666666667,0.0,0.0,0.0,0.0,0,1,0,0,0,0,NA,2023-11-14 11:43:20.615000,NA,NA,NA,NA,Week 7,0.0,0.0,0,0,NA,NA,0.0,NA,0,NA,NA,0.0,NA,0,NA,NA,NA,0.0,0.0,0,0.0,NA,NA,0.0,0.0,1,0.0,2023-11-14 11:43:33.920000,NA,0.0,0.0,0.0,0.0,NA,NA,NA,NA,NA,NA,NA,NA,NA,NA,NA,NA,NA,NA,69,5788
NA,0.4,0.48,0.4,64.0,64.0,60.0,52.0,60,1979,99_datatwo,13/11/23 - 19/11/23,4.762778333333333,6.305278333333334,0.3647216666666667,0.0,0.0,1.6647216666666664,0.0,13:05:51,01:36:28,14,47,0.44333333333333336,0.17111,0.005,0.0,0.0,0.06638833333333333,26,31,2,0,0,1,2023-11-14 06:04:59.405000,2023-11-13 13:18:42.487000,NA,NA,NA,2023-11-14 11:52:36.288000,Week 7,0.0,0.0,0,0,NA,NA,0.013333333333333334,NA,3,2023-11-14 20:54:52.092000,2023-11-13 15:47:09.978000,2.5902783333333335,NA,7,NA,NA,2023-11-13 13:18:46.495000,5.262778333333333,0.0,7,0.0,2023-11-13 14:19:53.983000,NA,3.7700016666666665,0.050278333333333335,12,5.0,2023-11-13 18:04:23.690000,2023-11-14 06:05:15.378000,0.209445,0.0,1.0,0.0,2023-11-14 12:31:22.749000,NA,NA,NA,NA,NA,NA,NA,NA,NA,NA,NA,NA,NA,47151,5788
0.64,0.68,0.64,0.8,68.0,68.0,68.0,80.0,71,1991,100_datatwo,13/11/23 - 19/11/23,0.0,0.9758333333333333,0.0,0.0,0.0,0.0,1.4580566666666668,02:26:02,01:36:28,5,9,0.0375,0.008056666666666667,0.0,0.0,0.0,0.0,3,5,0,0,0,0,2023-11-19 00:56:37.261000,2023-11-14 11:39:30.666000,NA,NA,NA,NA,Week 7,0.0,0.0,0,0,NA,NA,0.0,NA,0,NA,NA,0.0,NA,0,NA,NA,NA,0.0,0.0,0,0.0,NA,NA,1.9583333333333333,0.0,3,0.0,2023-11-14 11:39:39.802000,NA,0.1716666666666667,0.0,2.0,0.0,2023-11-14 12:27:05.532000,NA,NA,NA,NA,NA,NA,NA,NA,NA,NA,NA,NA,NA,8762,5788
NA,NA,NA,NA,68.0,60.0,64.0,64.0,64,1990,101_datatwo,13/11/23 - 19/11/23,0.0,0.0,0.0,0.0,0.0,0.007500000000000001,0.0,00:00:27,01:36:28,0,0,0.0,0.0,0.0,0.0,0.0,0.0,0,0,0,0,0,0,NA,NA,NA,NA,NA,NA,Week 7,0.0,0.0,0,0,NA,NA,0.0,NA,0,NA,NA,0.0,NA,0,NA,NA,NA,0.0,0.0,0,0.0,NA,NA,0.0,0.0,0,0.0,NA,NA,0.0,0.0,0.0,0.0,NA,NA,NA,NA,NA,NA,NA,NA,NA,NA,NA,NA,NA,NA,27,5788
0.6,0.68,0.48,0.72,68.0,76.0,64.0,76.0,71,2001,102_datatwo,13/11/23 - 19/11/23,0.0,1.4491666666666667,0.004166666666666667,0.0,0.0,0.0,0.0,01:27:12,01:36:28,6,6,0.004445,0.000555,0.0,0.0013883333333333332,0.0,0.0,4,1,0,1,0,0,2023-11-14 18:36:16.704000,2023-11-14 18:36:27.904000,NA,2023-11-14 18:36:22.723000,NA,NA,Week 7,0.0,0.0,0,0,NA,NA,0.0,NA,0,NA,NA,0.0,NA,0,NA,NA,NA,1.4052783333333336,0.0,1,0.0,2023-11-14 18:36:29.800000,NA,0.0,0.0,0,0.0,NA,NA,0.0,0.0,0.0,0.0,NA,NA,NA,NA,NA,NA,NA,NA,NA,NA,NA,NA,NA,NA,5232,5788
NA,NA,NA,NA,68.0,60.0,56.0,56.0,60,2001,103_datatwo,13/11/23 - 19/11/23,0.0,1.0388883333333334,0.0,0.0,0.0,0.0,0.0,01:02:20,01:36:28,4,5,0.0,0.029721666666666667,0.0,0.0,0.0,0.0,0,5,0,0,0,0,NA,2023-11-14 17:10:04.138000,NA,NA,NA,NA,Week 7,0.0,0.0,0,0,NA,NA,0.0,NA,0,NA,NA,0.0,NA,0,NA,NA,NA,0.0,0.0,0,0.0,NA,NA,0.3722216666666667,0.0,2,0.0,2023-11-14 17:20:14.130000,NA,0.5911116666666666,0.0,1.0,0.0,2023-11-14 17:46:22.248000,NA,NA,NA,NA,NA,NA,NA,NA,NA,NA,NA,NA,NA,3740,5788
NA,NA,NA,NA,64.0,58.0,66.0,72.0,65,1996,104_datatwo,13/11/23 - 19/11/23,0.0,0.0,0.0,0.0,0.0,0.0,0.0,00:00:00,01:36:28,0,0,0.0,0.0,0.0,0.0,0.0,0.0,0,0,0,0,0,0,NA,NA,NA,NA,NA,NA,Week 7,0.0,0.0,0,0,NA,NA,0.0,NA,0,NA,NA,0.0,NA,0,NA,NA,NA,0.0,0.0,0,0.0,NA,NA,0.0,0.0,0,0.0,NA,NA,0.0,0.0,0.0,0.0,NA,NA,NA,NA,NA,NA,NA,NA,NA,NA,NA,NA,NA,NA,0,5788
0.48,0.28,NA,NA,60.0,56.0,56.0,68.0,60,1998,105_datatwo,13/11/23 - 19/11/23,0.21166666666666664,0.0,0.0,0.0,0.0,0.0,0.0,00:12:42,01:36:28,1,1,0.13499999999999998,0.0,0.0,0.0,0.0,0.0,3,0,0,0,0,0,2023-11-13 16:27:36.171000,NA,NA,NA,NA,NA,Week 7,0.0,0.0,0,0,NA,NA,0.0,NA,0,NA,NA,0.0,NA,0,NA,NA,NA,0.0,0.0,0,0.0,NA,NA,0.0,0.0,0,0.0,NA,NA,0.0,0.0,0.0,0.0,NA,NA,NA,NA,NA,NA,NA,NA,NA,NA,NA,NA,NA,NA,762,5788
NA,NA,NA,NA,48.0,54.0,56.0,42.0,50,1995,106_datatwo,13/11/23 - 19/11/23,0.16388833333333336,0.0,0.0,0.0,0.0,0.0,0.0,00:09:50,01:36:28,2,2,0.15305500000000002,0.0011116666666666666,0.0,0.0,0.0,0.0,3,1,0,0,0,0,2023-11-13 12:07:00.633000,2023-11-13 12:06:56.632000,NA,NA,NA,NA,Week 7,0.0,0.0,0,0,NA,NA,0.0,NA,0,NA,NA,0.0,NA,0,NA,NA,NA,0.0,0.0,0,0.0,NA,NA,0.0,0.0,0,0.0,NA,NA,0.0,0.0,0.0,0.0,NA,NA,NA,NA,NA,NA,NA,NA,NA,NA,NA,NA,NA,NA,590,5788
NA,NA,NA,NA,60.0,60.0,56.0,56.0,58,1999,107_datatwo,13/11/23 - 19/11/23,0.0,0.0,0.0,0.0,0.0,0.0,0.0,00:00:00,01:36:28,0,0,0.0,0.0,0.0,0.0,0.0,0.0,0,0,0,0,0,0,NA,NA,NA,NA,NA,NA,Week 7,0.0,0.0,0,0,NA,NA,0.0,NA,0,NA,NA,0.0,NA,0,NA,NA,NA,0.0,0.0,0,0.0,NA,NA,0.0,0.0,0,0.0,NA,NA,0.0,0.0,0.0,0.0,NA,NA,NA,NA,NA,NA,NA,NA,NA,NA,NA,NA,NA,NA,0,5788
NA,0.6,0.6,NA,62.0,66.0,68.0,84.0,70,1911,108_datatwo,13/11/23 - 19/11/23,0.001945,1.8736116666666667,0.0,0.0,0.01,0.005278333333333333,0.014721666666666666,01:54:20,01:36:28,9,13,0.8288883333333333,0.008056666666666667,0.0008333333333333334,0.0,0.0,0.0,4,6,1,0,0,0,2023-11-14 09:09:19.124000,2023-11-13 14:06:19.743000,NA,NA,NA,NA,Week 7,0.0,0.0,0,0,NA,NA,0.0,NA,0,2023-11-17 20:44:18.632000,NA,0.6752783333333333,NA,1,NA,NA,2023-11-14 18:47:47.674000,0.0,0.0,0,0.0,NA,NA,0.0011116666666666666,0.0,1,0.0,2023-11-14 09:08:52.888000,NA,0.005555000000000001,0.0,1.0,0.0,2023-11-17 20:44:27.967000,NA,NA,NA,NA,NA,NA,NA,NA,NA,NA,NA,NA,NA,6860,5788
0.56,0.64,0.52,0.6,68.0,72.0,64.0,76.0,70,1999,109_datatwo,13/11/23 - 19/11/23,0.0,0.30555666666666664,0.021666666666666667,0.0,0.0,0.0,0.0,00:19:38,01:36:28,7,12,0.005831666666666666,0.0027783333333333336,0.009445000000000002,0.00027833333333333334,0.0,0.0,4,4,2,1,0,0,2023-11-14 12:07:36.535000,2023-11-14 18:14:40.305000,NA,2023-11-15 11:06:16.156000,NA,NA,Week 7,0.0,0.0,0,0,NA,NA,0.0,NA,0,2023-11-14 18:04:27.027000,NA,0.19166666666666668,NA,0,NA,NA,2023-11-14 18:20:15.360000,0.09138833333333334,0.0,2,0.0,2023-11-14 18:14:42.935000,NA,0.0,0.0,1,0.0,NA,NA,0.0,0.0,0.0,0.0,NA,NA,NA,NA,NA,NA,NA,NA,NA,NA,NA,NA,NA,NA,1178,5788
NA,NA,NA,NA,64.0,64.0,60.0,64.0,63,1997,110_datatwo,13/11/23 - 19/11/23,0.0,0.0,0.0,0.8119449999999999,0.0,0.0,0.0,00:48:43,01:36:28,3,3,0.0,0.005,0.0,0.0,0.0,0.0,0,4,0,0,0,0,NA,2023-11-16 16:13:39.002000,NA,NA,NA,NA,Week 7,0.0,0.0,0,0,NA,NA,0.0,NA,0,NA,NA,0.7958333333333333,NA,2,NA,NA,2023-11-16 16:13:47.162000,0.0,0.0,0,0.0,NA,NA,0.0,0.0,0,0.0,NA,NA,0.0,0.0,0.0,0.0,NA,NA,NA,NA,NA,NA,NA,NA,NA,NA,NA,NA,NA,NA,2923,5788
0.64,0.68,0.72,0.8,69.0,75.0,80.0,80.0,76,1994,111_datatwo,13/11/23 - 19/11/23,0.9097216666666667,4.03111,0.005278333333333333,2.0247216666666668,2.0077783333333334,0.0,0.0,08:58:43,01:36:28,10,29,0.07,0.42083333333333334,0.008055,0.0,0.0,0.0,13,17,1,0,0,0,2023-11-13 17:30:16.277000,2023-11-13 13:09:01.293000,NA,NA,NA,NA,Week 7,0.0,0.0,0,0,NA,NA,0.0,NA,0,2023-11-17 13:28:48.920000,NA,0.0,NA,0,NA,NA,NA,0.007500000000000001,0.0,2,0.0,2023-11-16 16:13:00.119000,NA,1.2377783333333334,0.001945,5,1.0,2023-11-13 17:30:24.992000,2023-11-16 11:19:35.768000,1.3130549999999999,0.0,4.0,0.0,2023-11-14 12:35:51.210000,NA,NA,NA,NA,NA,NA,NA,NA,NA,NA,NA,NA,NA,32323,5788
NA,NA,NA,NA,72.0,72.0,80.0,76.0,75,1998,112_datatwo,13/11/23 - 19/11/23,0.0,1.0572216666666667,0.0,0.0,0.0,0.0,0.0,01:03:26,01:36:28,4,4,0.0,0.029166666666666667,0.0,0.0,0.0,0.0,0,3,0,0,0,0,NA,2023-11-14 16:38:31.704000,NA,NA,NA,NA,Week 7,0.0,0.0,0,0,NA,NA,0.15805500000000003,NA,1,NA,2023-11-14 16:38:36.046000,0.0,NA,0,NA,NA,NA,0.0,0.0,0,0.0,NA,NA,0.8638883333333334,0.0,1,0.0,2023-11-14 16:49:43.383000,NA,0.0,0.0,1.0,0.0,2023-11-14 17:41:35.349000,NA,NA,NA,NA,NA,NA,NA,NA,NA,NA,NA,NA,NA,3806,5788
0.48,NA,NA,NA,68.0,64.0,68.0,56.0,64,2000,113_datatwo,13/11/23 - 19/11/23,0.07666666666666666,1.1463883333333333,0.0,0.0,0.0,0.0,0.0,01:13:23,01:36:28,10,18,0.07583333333333334,0.008333333333333333,0.0008333333333333334,0.0016666666666666668,0.0,0.0,9,12,1,4,0,0,2023-11-13 12:08:15.804000,2023-11-13 12:08:16.597000,NA,2023-11-13 12:08:14.864000,NA,NA,Week 7,0.0,0.0,0,0,NA,NA,0.0,NA,0,2023-11-13 12:08:49.064000,NA,0.0,NA,0,NA,NA,NA,0.0,0.0,1,0.0,2023-11-13 12:12:43.201000,NA,0.7241666666666667,0.0,2,0.0,2023-11-14 11:41:48.156000,NA,0.0008333333333333334,0.0,3.0,0.0,2023-11-14 11:41:50.750000,NA,NA,NA,NA,NA,NA,NA,NA,NA,NA,NA,NA,NA,4403,5788
0.6,0.72,0.64,NA,66.0,71.0,69.0,62.0,67,2001,114_datatwo,13/11/23 - 19/11/23,1.824445,5.380833333333333,0.9583333333333334,0.1325,0.0,0.0,0.10583333333333332,08:24:07,01:36:28,8,31,0.021388333333333336,0.2025,0.0,0.0,0.0,0.0,14,17,0,0,0,0,2023-11-13 20:48:44.927000,2023-11-13 18:59:34.474000,NA,NA,NA,NA,Week 7,0.0,0.499445,0,1,NA,2023-11-15 00:06:55.874000,0.0,NA,0,NA,NA,4.104721666666666,NA,5,NA,NA,2023-11-13 19:23:59.378000,2.3830549999999997,0.0,8,0.0,2023-11-13 19:01:55.345000,NA,0.0022216666666666665,0.0,2,0.0,2023-11-14 11:55:05.271000,NA,0.0,0.0,0.0,0.0,NA,NA,NA,NA,NA,NA,NA,NA,NA,NA,NA,NA,NA,NA,30247,5788
NA,0.32,NA,0.52,64.0,72.0,60.0,68.0,66,1995,115_datatwo,13/11/23 - 19/11/23,0.0,0.0,0.0,0.15444499999999997,2.8466666666666667,0.0275,0.0,03:01:43,01:36:28,9,20,0.0,0.035,0.0,0.007221666666666667,0.0,0.0,0,14,0,2,0,0,NA,2023-11-16 09:13:13.406000,NA,2023-11-16 13:49:56.407000,NA,NA,Week 7,0.0,1.1172233333333332,0,3,NA,2023-11-16 13:50:24.653000,0.02222166666666667,NA,4,NA,2023-11-16 13:48:25.775000,1.7436116666666668,NA,2,NA,NA,2023-11-16 09:13:31.307000,0.0047216666666666665,0.0,1,0.0,2023-11-16 09:13:48.731000,NA,0.004445,0.0,1,0.0,2023-11-16 09:14:07.753000,NA,0.008055,0.0,1.0,0.0,2023-11-16 09:14:36.340000,NA,NA,NA,NA,NA,NA,NA,NA,NA,NA,NA,NA,NA,10903,5788
0.6,0.68,0.52,NA,72.0,72.0,60.0,68.0,68,2002,116_datatwo,13/11/23 - 19/11/23,0.013888333333333332,1.3722216666666667,0.0,0.0,2.8866666666666663,0.0,1.8058333333333332,06:04:43,01:36:28,11,23,3.2747233333333337,0.08472333333333333,0.007221666666666667,0.00027833333333333334,0.0,0.0,9,20,7,3,0,0,2023-11-13 21:35:05.602000,2023-11-13 21:35:12.747000,NA,2023-11-14 12:26:44.572000,NA,NA,Week 7,0.0,0.10916666666666666,0,1,NA,2023-11-14 12:20:07.674000,0.0,NA,0,2023-11-17 14:32:52.287000,NA,1.16111,NA,3,NA,NA,2023-11-17 17:13:16.586000,0.17055666666666666,0.0,4,0.0,2023-11-17 14:22:39.679000,NA,1.168888333333333,0.0,5,0.0,2023-11-13 21:35:17.067000,NA,0.011943333333333334,0.0,3.0,0.0,2023-11-13 21:35:42.931000,NA,NA,NA,NA,NA,NA,NA,NA,NA,NA,NA,NA,NA,21883,5788
NA,NA,NA,NA,68.0,58.0,56.0,50.0,58,1996,117_datatwo,13/11/23 - 19/11/23,0.03527833333333333,0.0,0.0,0.004445,0.0,0.0,0.0,00:02:23,01:36:28,1,1,0.016111666666666666,0.0,0.0,0.0,0.0,0.0,1,0,0,0,0,0,2023-11-13 17:19:25.342000,NA,NA,NA,NA,NA,Week 7,0.0,0.0,0,0,NA,NA,0.0,NA,0,NA,NA,0.0,NA,0,NA,NA,NA,0.0,0.0,0,0.0,NA,NA,0.0,0.0,0,0.0,NA,NA,0.0,0.0,0.0,0.0,NA,NA,NA,NA,NA,NA,NA,NA,NA,NA,NA,NA,NA,NA,143,5788
60,68,NA,NA,68.0,72.0,56.0,56.0,63,1990,118_datatwo,11/03/24 - 17/03/24,0.0,0.0,0.19833333333333333,0.0,0.12222166666666666,0.0,2.5177783333333332,02:50:18,02:03:27,6,8,0.06611166666666667,0.006666666666666667,0.0,0.0,0.0,0.0,4,5,0,0,0,0,2024-03-13 15:23:58.611000,2024-03-17 13:57:04.367000,NA,NA,NA,NA,Week 7,0.0,0.0,0,0,NA,NA,0.0,NA,0,NA,NA,0.0,NA,1,NA,NA,2024-03-17 13:57:12.370000,1.1772216666666666,0.0,2,0.0,2024-03-17 20:03:09.260000,NA,0.0,0.005833333333333333,0,1.0,NA,2024-03-13 18:07:32.691000,0.0,0.0,0.0,0.0,NA,NA,NA,NA,NA,NA,NA,NA,NA,NA,NA,NA,NA,NA,10218,7407
NA,68,NA,NA,72.0,68.0,72.0,52.0,66,1987,119_datatwo,11/03/24 - 17/03/24,3.240278333333334,1.5150000000000001,0.0,0.0,0.0,0.0,0.49472166666666667,05:15:00,02:03:27,12,24,2.413056666666667,0.024723333333333333,0.0011116666666666666,0.000555,0.0,0.0,6,10,1,1,0,0,2024-03-11 09:44:46.422000,2024-03-11 05:47:49.601000,NA,2024-03-17 20:47:13.716000,NA,NA,Week 7,0.0,0.0,0,0,NA,NA,0.0,NA,1,2024-03-17 20:46:34.443000,2024-03-11 10:33:32.378000,0.043333333333333335,NA,2,NA,NA,2024-03-11 22:37:40.020000,0.2988883333333333,0.007778333333333333,4,1.0,2024-03-11 05:47:58.614000,2024-03-17 21:07:37.649000,2.1472216666666664,0.0,3,0.0,2024-03-11 20:27:56.406000,NA,0.0,0.0,1.0,0.0,2024-03-12 12:48:54.850000,NA,NA,NA,NA,NA,NA,NA,NA,NA,NA,NA,NA,NA,18900,7407
52,72,72,NA,64.0,72.0,76.0,72.0,71,1995,120_datatwo,11/03/24 - 17/03/24,0.18833333333333335,3.2602783333333334,0.0,0.15666666666666668,0.0,6.508055,3.5208333333333335,13:38:03,02:03:27,13,29,0.04749833333333333,1.098055,0.00027833333333333334,0.001945,0.0,0.0,6,25,1,1,0,0,2024-03-11 20:15:05.940000,2024-03-12 11:05:31.047000,NA,2024-03-16 10:26:05.643000,NA,NA,Week 7,0.0,0.0,0,0,NA,NA,0.001945,NA,1,2024-03-16 09:20:22.242000,2024-03-12 12:58:27.772000,7.804166666666666,NA,9,NA,NA,2024-03-16 09:20:58.520000,0.5416666666666666,1.3063883333333333,7,2.0,2024-03-12 11:40:54.708000,2024-03-11 20:15:25.147000,0.4722216666666667,0.0016666666666666668,2,1.0,2024-03-12 11:59:05.062000,2024-03-11 20:15:47.414000,0.49222166666666667,0.0,2.0,0.0,2024-03-12 12:26:19.164000,NA,NA,NA,NA,NA,NA,NA,NA,NA,NA,NA,NA,NA,49083,7407
56,60,72,NA,72.0,68.0,80.0,60.0,70,1996,121_datatwo,11/03/24 - 17/03/24,0.03916666666666667,1.5366666666666666,0.0,0.0,0.007778333333333333,0.5202766666666667,0.5127783333333333,02:37:00,02:03:27,11,21,1.32861,0.014168333333333333,0.0,0.048054999999999994,0.0,0.0,4,9,0,2,0,0,2024-03-11 15:08:26.424000,2024-03-12 07:29:41.011000,NA,2024-03-12 07:44:57.683000,NA,NA,Week 7,0.0,0.0,0,0,NA,NA,0.0,NA,0,NA,NA,0.62611,NA,5,NA,NA,2024-03-12 07:29:43.994000,0.505555,0.0,3,0.0,2024-03-17 23:03:31.994000,NA,0.006111666666666666,0.0,1,0.0,2024-03-12 12:51:46.858000,NA,0.0013883333333333332,0.0,2.0,0.0,2024-03-12 12:52:12.094000,NA,NA,NA,NA,NA,NA,NA,NA,NA,NA,NA,NA,NA,9420,7407
24,NA,NA,NA,64.0,64.0,72.0,72.0,68,1993,122_datatwo,11/03/24 - 17/03/24,0.0,2.3377783333333335,0.0,0.0,0.0,0.006111666666666666,0.0,02:20:38,02:03:27,4,5,1.2511116666666668,0.0,0.0,0.0,0.0,0.0,5,0,0,0,0,0,2024-03-12 13:01:39.073000,NA,NA,NA,NA,NA,Week 7,0.0,0.0,0,0,NA,NA,0.0,NA,0,NA,NA,0.0,NA,0,NA,NA,NA,0.0,0.424445,0,2.0,NA,2024-03-12 13:01:57.690000,0.0,0.000555,0,1.0,NA,2024-03-12 13:27:44.751000,0.0,0.0,0.0,0.0,NA,NA,NA,NA,NA,NA,NA,NA,NA,NA,NA,NA,NA,NA,8438,7407
NA,NA,NA,NA,64.0,60.0,52.0,52.0,57,2001,123_datatwo,11/03/24 - 17/03/24,0.0,1.373055,0.0,0.0,0.0,0.0,0.026111666666666665,01:23:57,02:03:27,6,7,0.003055,0.115555,0.0016666666666666668,0.0,0.0,0.0,3,4,1,0,0,0,2024-03-12 12:55:12.624000,2024-03-12 10:48:59.574000,NA,NA,NA,NA,Week 7,0.0,0.0,0,0,NA,NA,0.0,NA,0,2024-03-12 12:55:17.160000,NA,0.0,NA,0,NA,NA,NA,0.0,0.022500000000000003,0,1.0,NA,2024-03-17 12:31:35.119000,1.2513883333333333,0.0,3,0.0,2024-03-12 10:49:05.285000,NA,0.0,0.0,0.0,0.0,NA,NA,NA,NA,NA,NA,NA,NA,NA,NA,NA,NA,NA,NA,5037,7407
44,68,56,NA,72.0,72.0,60.0,52.0,64,1998,124_datatwo,11/03/24 - 17/03/24,2.258611666666667,2.3116666666666665,0.004166666666666667,0.0,0.0,0.0,0.0,04:34:28,02:03:27,12,21,0.014166666666666666,0.007500000000000001,0.0008333333333333334,0.0011116666666666666,0.0,0.0,8,7,1,2,0,0,2024-03-11 09:07:13.095000,2024-03-11 09:51:29.425000,NA,2024-03-11 09:07:11.180000,NA,NA,Week 7,0.0,0.015278333333333335,0,1,NA,2024-03-11 11:11:20.104000,0.0,NA,1,2024-03-11 09:07:08.132000,2024-03-11 11:12:18.488000,0.4897233333333333,NA,4,NA,NA,2024-03-11 10:41:43.447000,0.0,1.8583333333333334,0,3.0,NA,2024-03-11 09:07:16.990000,0.013055,0.0022216666666666665,1,2.0,2024-03-12 12:53:48.464000,2024-03-11 09:51:19.667000,0.058611666666666666,0.0,1.0,0.0,2024-03-12 12:54:43.668000,NA,NA,NA,NA,NA,NA,NA,NA,NA,NA,NA,NA,NA,16468,7407
NA,NA,NA,NA,72.0,72.0,68.0,76.0,72,1991,125_datatwo,11/03/24 - 17/03/24,0.0,0.23861166666666664,0.0,0.0,0.0,0.0,1.2811100000000002,01:31:11,02:03:27,9,16,1.1141666666666665,0.00389,0.003888333333333333,0.0,0.0,0.0,5,5,4,0,0,0,2024-03-17 12:11:16.018000,2024-03-12 12:08:27.187000,NA,NA,NA,NA,Week 7,0.0,0.0,0,0,NA,NA,0.0,NA,0,2024-03-12 11:41:56.469000,NA,0.005833333333333333,NA,3,NA,NA,2024-03-17 12:12:06.807000,0.0022216666666666665,0.0,1,0.0,2024-03-17 12:11:56.657000,NA,0.235,0.0,1,0.0,2024-03-12 12:08:29.428000,NA,0.0,0.0,1.0,0.0,2024-03-12 12:22:38.773000,NA,NA,NA,NA,NA,NA,NA,NA,NA,NA,NA,NA,NA,5471,7407
NA,NA,NA,NA,75.0,67.0,67.0,59.0,67,1995,126_datatwo,11/03/24 - 17/03/24,0.0,0.0,0.0,0.0,0.0,0.0,0.0,00:00:00,02:03:27,0,0,0.0,0.0,0.0,0.0,0.0,0.0,0,0,0,0,0,0,NA,NA,NA,NA,NA,NA,Week 7,0.0,0.0,0,0,NA,NA,0.0,NA,0,NA,NA,0.0,NA,0,NA,NA,NA,0.0,0.0,0,0.0,NA,NA,0.0,0.0,0,0.0,NA,NA,0.0,0.0,0.0,0.0,NA,NA,NA,NA,NA,NA,NA,NA,NA,NA,NA,NA,NA,NA,0,7407
NA,NA,NA,NA,56.0,56.0,56.0,60.0,57,2000,127_datatwo,11/03/24 - 17/03/24,0.005555000000000001,0.04916666666666667,0.0,0.0,0.0,0.009723333333333332,0.101945,00:09:59,02:03:27,5,9,0.045555,0.001945,0.0025,0.01972166666666667,0.0,0.0,6,2,1,1,0,0,2024-03-11 21:22:07.964000,2024-03-17 19:13:37.771000,NA,2024-03-17 19:13:44.706000,NA,NA,Week 7,0.0,0.0,0,0,NA,NA,0.0,NA,0,2024-03-17 19:15:03.005000,NA,0.0,NA,0,NA,NA,NA,0.0,0.0,0,0.0,NA,NA,0.0,0.0,0,0.0,NA,NA,0.0,0.0,0.0,0.0,NA,NA,NA,NA,NA,NA,NA,NA,NA,NA,NA,NA,NA,NA,599,7407
64,68,NA,NA,68.0,72.0,52.0,52.0,61,1999,128_datatwo,11/03/24 - 17/03/24,0.0022216666666666665,2.156388333333333,0.0,0.0,0.0,0.0,0.013055,02:10:17,02:03:27,8,10,0.0027783333333333336,0.004445,0.286945,0.000555,0.0,0.0,2,3,1,2,0,0,2024-03-11 16:41:41.419000,2024-03-12 11:40:13.383000,NA,2024-03-17 23:42:12.847000,NA,NA,Week 7,0.0,0.0,0,0,NA,NA,0.0,NA,0,2024-03-12 11:23:00.159000,NA,0.0,NA,0,NA,NA,NA,0.0,0.0,0,0.0,NA,NA,0.214445,0.0036116666666666667,2,2.0,2024-03-12 11:40:16.907000,2024-03-11 16:41:45.167000,1.2069450000000002,0.0,1.0,0.0,2024-03-12 12:19:51.837000,NA,NA,NA,NA,NA,NA,NA,NA,NA,NA,NA,NA,NA,7817,7407
NA,NA,72,NA,68.0,64.0,76.0,64.0,68,1998,129_datatwo,11/03/24 - 17/03/24,0.006111666666666666,0.0047216666666666665,0.0,0.0,0.4683333333333334,0.8327783333333333,3.0411116666666667,04:21:11,02:03:27,9,18,0.26611166666666664,0.02638666666666667,0.0,0.0,0.0,0.0,1,14,0,0,0,0,2024-03-17 20:02:09.757000,2024-03-11 16:30:39.064000,NA,NA,NA,NA,Week 7,0.0,0.06111166666666667,0,5,NA,2024-03-11 16:30:47.936000,0.7341666666666666,NA,2,NA,2024-03-11 16:30:50.165000,3.243333333333333,NA,8,NA,NA,2024-03-11 16:30:42.084000,0.0047216666666666665,0.0,1,0.0,2024-03-15 22:36:45.371000,NA,0.0011116666666666666,0.0,1,0.0,2024-03-12 12:50:53.365000,NA,0.0,0.0,1.0,0.0,2024-03-12 12:51:04.794000,NA,NA,NA,NA,NA,NA,NA,NA,NA,NA,NA,NA,NA,15671,7407
64,68,56,NA,72.0,72.0,68.0,68.0,70,2000,130_datatwo,11/03/24 - 17/03/24,2.5324999999999998,4.031111666666667,0.0,0.0475,0.0,0.0,0.0,06:36:40,02:03:27,9,11,0.009723333333333332,0.0063883333333333335,0.0011116666666666666,0.007500000000000001,0.0,0.0,7,4,2,2,0,0,2024-03-11 15:23:13.333000,2024-03-11 12:51:56.022000,NA,2024-03-11 15:23:17.566000,NA,NA,Week 7,0.0,0.0,0,0,NA,NA,0.0,NA,0,2024-03-14 14:30:08.897000,NA,2.166388333333333,NA,2,NA,NA,2024-03-11 12:52:03.304000,0.0,0.0,0,0.0,NA,NA,0.5469449999999999,0.0,1,0.0,2024-03-12 12:15:45.882000,NA,3.479721666666667,0.0,1.0,0.0,2024-03-12 12:48:42.437000,NA,NA,NA,NA,NA,NA,NA,NA,NA,NA,NA,NA,NA,23800,7407
NA,NA,NA,NA,52.0,52.0,52.0,72.0,57,1985,131_datatwo,11/03/24 - 17/03/24,0.0,0.0,0.0,0.0,0.0027783333333333336,0.0,0.0,00:00:10,02:03:27,2,2,0.0,0.0,0.0,0.0,0.0,0.0,1,0,0,0,0,0,2024-03-15 09:34:49.395000,NA,NA,NA,NA,NA,Week 7,0.0,0.0,0,0,NA,NA,0.0,NA,0,NA,NA,0.0,NA,0,NA,NA,NA,0.0,0.0,0,0.0,NA,NA,0.0,0.0,0,0.0,NA,NA,0.0,0.0,0.0,0.0,NA,NA,NA,NA,NA,NA,NA,NA,NA,NA,NA,NA,NA,NA,10,7407
48,64,48,NA,68.0,72.0,60.0,60.0,65,1997,132_datatwo,11/03/24 - 17/03/24,4.510555,0.0016666666666666668,0.0,0.0,0.0,0.0,0.0,04:30:44,02:03:27,10,11,0.365,0.018333333333333333,0.0047216666666666665,0.0,0.0,0.0,13,15,6,0,0,0,2024-03-11 12:30:38.662000,2024-03-11 12:30:53.958000,NA,NA,NA,NA,Week 7,0.0,0.0,0,0,NA,NA,0.0011116666666666666,NA,13,2024-03-11 12:30:52.207000,2024-03-11 12:31:00.982000,0.916945,NA,15,NA,NA,2024-03-11 15:14:04.115000,0.0022216666666666665,0.0,6,0.0,2024-03-11 15:13:52.433000,NA,0.008611666666666665,0.1697216666666667,0,4.0,2024-03-11 16:40:40.824000,2024-03-11 12:30:43.911000,0.0,0.0,0.0,0.0,2024-03-12 12:53:54.052000,NA,NA,NA,NA,NA,NA,NA,NA,NA,NA,NA,NA,NA,16244,7407
32,68,NA,60,52.0,72.0,52.0,68.0,61,1996,133_datatwo,11/03/24 - 17/03/24,0.09166666666666666,1.0725,0.0,0.0,0.0,0.0,0.0,01:09:51,02:03:27,8,13,0.015554999999999998,0.006944999999999999,0.0,0.0,0.0,0.0,6,5,0,0,0,0,2024-03-11 15:08:19.508000,2024-03-12 11:39:41.387000,NA,NA,NA,NA,Week 7,0.0,0.0,0,0,NA,NA,0.0,NA,0,NA,NA,0.0,NA,0,NA,NA,NA,0.0016666666666666668,0.014443333333333334,1,3.0,2024-03-12 11:39:51.391000,2024-03-11 15:08:30.148000,0.6483333333333333,0.028333333333333332,2,2.0,2024-03-12 11:39:58.938000,2024-03-11 15:08:51.877000,0.354445,0.0,2.0,0.0,2024-03-12 12:21:04.853000,NA,NA,NA,NA,NA,NA,NA,NA,NA,NA,NA,NA,NA,4191,7407
NA,NA,NA,NA,64.0,56.0,60.0,52.0,58,1995,134_datatwo,11/03/24 - 17/03/24,0.0,1.825,0.3333333333333333,0.0,0.0,0.705,0.0,02:51:48,02:03:27,11,15,0.9347233333333332,0.5341666666666666,0.0,0.0,0.024721666666666666,0.0,6,9,0,0,2,0,2024-03-12 10:59:58.714000,2024-03-12 11:40:52.159000,NA,NA,2024-03-16 15:48:00.912000,NA,Week 7,0.0,0.0,0,0,NA,NA,0.0,NA,0,NA,NA,0.128055,NA,1,NA,NA,NA,0.22416666666666665,0.0,2,0.0,2024-03-16 15:29:15.661000,2024-03-12 12:19:52.025000,0.17583333333333334,0.0,1,0.0,2024-03-16 15:37:04.332000,NA,0.6183333333333334,0.0,1.0,0.0,2024-03-12 11:41:00.823000,NA,NA,NA,NA,NA,NA,NA,NA,NA,NA,NA,NA,NA,10308,7407
68,72,72,NA,72.0,80.0,68.0,64.0,70,2003,135_datatwo,11/03/24 - 17/03/24,4.2058333333333335,0.014166666666666666,0.0,0.0,0.0,0.0,0.0,04:13:12,02:03:27,8,9,0.008055,0.0047216666666666665,0.0,0.0,0.0,0.0,6,3,0,0,0,0,2024-03-11 13:06:11.769000,2024-03-11 14:45:54.221000,NA,NA,NA,NA,Week 7,0.0,0.0,0,0,NA,NA,0.0,NA,0,NA,NA,0.0,NA,0,NA,NA,NA,0.21166666666666664,0.0,1,1.0,2024-03-11 14:46:01.933000,2024-03-11 17:18:27.132000,0.0033333333333333335,0.24416666666666667,1,2.0,2024-03-12 12:51:15.862000,2024-03-11 15:00:01.951000,0.0,0.0,1.0,0.0,2024-03-12 12:51:36.492000,NA,NA,NA,NA,NA,NA,NA,NA,NA,NA,NA,NA,NA,15192,7407
56,68,72,70,76.0,76.0,76.0,72.0,75,1999,136_datatwo,11/03/24 - 17/03/24,0.24222166666666667,1.6088883333333333,0.0,0.26,1.541945,0.008888333333333333,0.0,03:39:43,02:03:27,11,22,0.28833333333333333,0.08583499999999998,0.0,0.0,0.0,0.0,4,12,0,0,0,0,2024-03-12 11:21:51.915000,2024-03-11 18:25:43.989000,NA,NA,NA,NA,Week 7,0.0,0.0,0,0,NA,NA,0.18194499999999997,NA,1,NA,2024-03-14 22:19:26.297000,0.868055,NA,3,NA,NA,2024-03-14 22:34:12.662000,0.03972166666666666,0.0,1,0.0,2024-03-15 16:00:30.428000,NA,0.7458333333333333,0.38166666666666665,4,2.0,2024-03-12 11:40:10.090000,2024-03-12 11:38:59.989000,0.4325,0.0,2.0,0.0,2024-03-12 12:46:57.425000,NA,NA,NA,NA,NA,NA,NA,NA,NA,NA,NA,NA,NA,13183,7407
0.48,0.48,0.52, ,0.56,0.56,0.56,0.56,56,1999,1_datatwo,21/11/22 - 27/11/22,0.0,0.5422216666666667,0.0,0.0,0.0,0.0,0.0,00:32:32,01:53:22,4,4,0.0008333333333333334,0.0016666666666666668,0.0,0.0,0.0,0.0,NA,1,0,NA,0,0,2022-11-22 11:05:12.209000,2022-11-22 11:37:35.117000,NA,NA,NA,NA,Week 8,0.0,0.0,0,0,NA,NA,0.0,0,0,NA,NA,0.0,2,0,NA,NA,NA,0.0,NA,0,NA,NA,NA,0.0,NA,0,NA,NA,NA,0.0,NA,1,NA,2022-11-22 11:37:40.966000,NA,0.0,NA,NA,NA,0.0,NA,NA,NA,NA,NA,NA,NA,1952,6802
 , , , ,0.56,0.56,0.56,0.24,48,1992,2_datatwo,21/11/22 - 27/11/22,0.0,0.17083333333333334,0.0,0.0,0.0,0.0,0.001945,00:10:22,01:53:22,4,5,0.0,0.09277833333333334,0.029166666666666667,0.0,0.0,0.0,NA,1,3,NA,0,0,2022-11-27 18:07:05.690000,2022-11-22 16:27:08.468000,NA,NA,NA,NA,Week 8,0.0,0.0,0,0,NA,NA,0.0,0,0,2022-11-22 14:11:33.065000,NA,0.0,1,0,NA,NA,NA,0.0,NA,0,NA,NA,NA,0.0,NA,0,NA,NA,NA,0.0,NA,1,NA,2022-11-22 16:32:41.998000,NA,0.0,NA,NA,NA,0.0,NA,NA,NA,NA,NA,NA,NA,622,6802
 , , , ,0.64,0.61,0.64,0.59,62,1987,3_datatwo,21/11/22 - 27/11/22,0.0,0.0,0.0,0.0,0.0,0.0,0.0,00:00:00,01:53:22,0,0,0.0,0.0,0.0,0.0,0.0,0.0,NA,0,0,NA,0,0,NA,NA,NA,NA,NA,NA,Week 8,0.0,0.0,0,0,NA,NA,0.0,0,0,NA,NA,0.0,0,0,NA,NA,NA,0.0,NA,0,NA,NA,NA,0.0,NA,0,NA,NA,NA,0.0,NA,0,NA,NA,NA,0.0,NA,NA,NA,0.0,NA,NA,NA,NA,NA,NA,NA,0,6802
0.28,0.44, , ,0.68,0.68,0.52,0.64,63,1993,4_datatwo,21/11/22 - 27/11/22,0.0,0.004166666666666667,0.0,0.0,0.0,0.0,0.0,00:00:15,01:53:22,2,2,0.0,0.0016666666666666668,0.0,0.0,0.0,0.0,NA,1,0,NA,0,0,NA,2022-11-22 11:41:33.640000,NA,NA,NA,NA,Week 8,0.0,0.0,0,0,NA,NA,0.0,0,0,NA,NA,0.0,0,0,NA,NA,NA,0.0,NA,0,NA,NA,NA,0.0,NA,0,NA,NA,NA,0.0,NA,1,NA,2022-11-22 11:41:39.679000,NA,0.0,NA,NA,NA,0.0,NA,NA,NA,NA,NA,NA,NA,15,6802
 , , , ,0.59,0.59,0.69,0.69,64,1996,5_datatwo,21/11/22 - 27/11/22,0.0,3.0991666666666666,0.0,0.0,0.4708333333333333,0.0,0.0,03:34:12,01:53:22,7,8,1.6508333333333334,0.02,0.0,0.0,0.0,0.0,NA,8,0,NA,0,0,2022-11-22 14:59:56.630000,2022-11-22 15:07:42.520000,NA,NA,NA,NA,Week 8,0.0,1.0497216666666667,0,2,NA,2022-11-22 15:07:53.071000,0.0,0,0,NA,NA,0.083055,3,1,NA,NA,2022-11-22 18:00:14.057000,0.120555,NA,1,NA,2022-11-22 17:08:48.876000,NA,0.0,NA,0,NA,NA,NA,0.6291666666666667,NA,3,NA,2022-11-22 17:16:06.962000,NA,0.0,NA,NA,NA,0.0,NA,NA,NA,NA,NA,NA,NA,12852,6802
 , , , ,0.56,0.6,0.6,0.52,57,1996,6_datatwo,21/11/22 - 27/11/22,0.0,0.0,0.0,0.0,0.0,0.0,0.0,00:00:00,01:53:22,0,0,0.0,0.0,0.0,0.0,0.0,0.0,NA,0,0,NA,0,0,NA,NA,NA,NA,NA,NA,Week 8,0.0,0.0,0,0,NA,NA,0.0,0,0,NA,NA,0.0,0,0,NA,NA,NA,0.0,NA,0,NA,NA,NA,0.0,NA,0,NA,NA,NA,0.0,NA,0,NA,NA,NA,0.0,NA,NA,NA,0.0,NA,NA,NA,NA,NA,NA,NA,0,6802
0.52,0.6,0.48, ,0.7,0.77,0.72,0.69,72,1993,7_datatwo,21/11/22 - 27/11/22,0.0,0.0,0.0,0.0,0.10694500000000001,2.2794450000000004,6.128333333333333,08:30:53,01:53:22,7,13,0.035833333333333335,0.4233333333333333,0.006944999999999999,0.0,0.0,0.0,NA,15,1,NA,0,0,2022-11-25 21:22:22.234000,2022-11-25 21:24:48.372000,NA,NA,NA,NA,Week 8,0.0,0.0,0,0,NA,NA,0.0,0,0,2022-11-25 21:24:22.927000,NA,0.0,4,0,NA,NA,NA,0.0,NA,0,NA,NA,NA,0.0125,NA,1,NA,2022-11-26 19:46:40.160000,NA,1.3258333333333332,NA,4,NA,2022-11-25 21:28:11.029000,NA,0.04638833333333333,NA,NA,NA,2.0,2022-11-25 21:25:00.183000,NA,NA,NA,NA,NA,NA,30653,6802
 , , , ,0.68,0.68,0.68,0.68,68,1992,8_datatwo,21/11/22 - 27/11/22,1.9375,0.39277666666666666,0.0,0.23666666666666666,0.018333333333333333,0.0,0.0,02:35:07,01:53:22,5,17,0.02333333333333333,0.383055,0.0,0.0,0.0,0.0,NA,7,0,NA,0,0,2022-11-21 20:18:57.377000,2022-11-21 20:23:04.052000,NA,NA,NA,NA,Week 8,0.0,0.0,0,0,NA,NA,0.0,0,0,NA,NA,0.0,14,0,NA,NA,NA,0.0,NA,0,NA,NA,NA,1.5327783333333334,NA,2,NA,2022-11-21 20:23:22.508000,NA,0.305,NA,3,NA,2022-11-21 20:23:46.771000,NA,0.0,NA,NA,NA,0.0,NA,NA,NA,NA,NA,NA,NA,9307,6802
 , , , ,0.69,0.69,0.69,0.73,70,1992,9_datatwo,21/11/22 - 27/11/22,0.0,0.0,0.0,0.0,2.8561116666666666,0.0,2.2958333333333334,05:09:07,01:53:22,7,12,0.010278333333333334,0.2072216666666667,0.0,0.0,0.0,0.0,NA,13,0,NA,0,0,2022-11-27 16:22:24.225000,2022-11-25 10:22:53.360000,NA,NA,NA,NA,Week 8,0.0,0.012778333333333334,0,1,NA,2022-11-27 16:23:04.613000,0.0,0,0,NA,NA,1.2969450000000002,1,3,NA,NA,2022-11-25 10:23:00.169000,0.013333333333333334,NA,5,NA,2022-11-25 11:51:31.030000,NA,2.223611666666667,NA,2,NA,2022-11-27 08:40:56.056000,NA,0.0,NA,0,NA,NA,NA,0.0,NA,NA,NA,0.0,NA,NA,NA,NA,NA,NA,NA,18547,6802
 , , , ,0.69,0.7,0.7,0.79,72,1994,10_datatwo,21/11/22 - 27/11/22,1.964165,1.7266666666666666,0.005833333333333333,2.545,5.2875,4.054721666666667,2.7875,18:22:16,01:53:22,9,31,0.0,3.1238900000000003,0.015278333333333335,0.0022216666666666665,0.0,0.0,NA,30,7,NA,0,0,NA,2022-11-21 08:07:08.252000,NA,2022-11-26 16:00:56.901000,NA,NA,Week 8,0.0,1.5327783333333334,0,3,NA,2022-11-21 19:58:58.066000,3.886111666666667,1,10,2022-11-21 14:38:37.051000,2022-11-21 08:07:16.780000,5.236943333333333,0,7,NA,NA,2022-11-26 13:44:57.074000,0.0,NA,1,NA,2022-11-27 18:29:18.445000,NA,0.0,NA,0,NA,NA,NA,1.5822216666666664,NA,5,NA,2022-11-22 16:30:29.971000,NA,0.0,NA,NA,NA,0.0,NA,NA,NA,NA,NA,NA,NA,66136,6802
0.56,0.64,0.64,0.68,0.72,0.76,0.8,0.72,75,1991,11_datatwo,21/11/22 - 27/11/22,0.0,1.31861,0.004166666666666667,1.6861116666666667,0.0,0.0025,0.03916666666666667,03:03:02,01:53:22,6,19,0.029166666666666667,0.01750166666666667,0.0,0.0,0.0,0.0,NA,8,0,NA,0,0,2022-11-22 17:51:03.635000,2022-11-22 17:05:21.433000,NA,NA,NA,NA,Week 8,0.0,0.0,0,0,NA,NA,0.0,0,0,NA,NA,0.0,11,0,NA,NA,NA,0.9858333333333333,NA,1,NA,2022-11-24 16:01:13.320000,NA,0.0,NA,0,NA,NA,NA,1.1922216666666665,NA,3,NA,2022-11-22 17:05:24.986000,NA,0.0,NA,NA,NA,1.0,2022-11-27 10:59:35.106000,NA,NA,NA,NA,NA,NA,10982,6802
 , , , ,0.52,0.59,0.56,0.53,55,1987,12_datatwo,21/11/22 - 27/11/22,0.0,0.0,0.0,0.0,0.0,0.0,0.0,00:00:00,01:53:22,0,0,0.0,0.0,0.0,0.0,0.0,0.0,NA,0,0,NA,0,0,NA,NA,NA,NA,NA,NA,Week 8,0.0,0.0,0,0,NA,NA,0.0,0,0,NA,NA,0.0,0,0,NA,NA,NA,0.0,NA,0,NA,NA,NA,0.0,NA,0,NA,NA,NA,0.0,NA,0,NA,NA,NA,0.0,NA,NA,NA,0.0,NA,NA,NA,NA,NA,NA,NA,0,6802
 ,0.48, , ,0.56,0.64,0.56,0.64,60,1995,13_datatwo,21/11/22 - 27/11/22,0.0,0.20222333333333334,0.0,1.533055,0.0,0.15138833333333335,0.0,01:53:12,01:53:22,7,14,0.0,0.01944333333333333,0.0,0.0,0.0,1.1672216666666666,NA,14,0,NA,0,1,NA,2022-11-22 12:05:41.018000,NA,NA,NA,2022-11-24 15:01:45.523000,Week 8,0.0,0.360555,0,2,NA,2022-11-24 16:11:52.523000,0.0,0,0,NA,NA,0.0,0,0,NA,NA,NA,0.0,NA,1,NA,2022-11-22 12:09:57.703000,NA,0.19944499999999998,NA,7,NA,2022-11-22 12:09:41.619000,NA,0.08333333333333333,NA,4,NA,2022-11-22 12:05:52.806000,NA,0.0,NA,NA,NA,0.0,NA,NA,NA,NA,NA,NA,NA,6792,6802
 , ,0.56, ,0.68,0.72,0.68,0.64,68,1995,14_datatwo,21/11/22 - 27/11/22,0.0,0.33666666666666667,0.0,0.0,0.0,0.0,0.0,00:20:12,01:53:22,2,2,0.0,0.0013883333333333332,0.0,0.0,0.0,0.0,NA,2,0,NA,0,0,NA,2022-11-22 11:49:05.817000,NA,NA,NA,NA,Week 8,0.0,0.0,0,0,NA,NA,0.0,0,0,NA,NA,0.0,0,0,NA,NA,NA,0.0,NA,0,NA,NA,NA,0.0,NA,0,NA,NA,NA,0.3075,NA,2,NA,2022-11-22 11:49:08.455000,NA,0.0,NA,NA,NA,0.0,NA,NA,NA,NA,NA,NA,NA,1212,6802
0.48,0.56,0.56, ,0.72,0.68,0.68,0.64,68,1996,15_datatwo,21/11/22 - 27/11/22,0.0,0.0,0.001945,0.004166666666666667,0.0,0.0,0.0,00:00:22,01:53:22,2,4,0.0,0.0022233333333333332,0.0,0.0,0.0,0.0,NA,2,0,NA,0,0,NA,2022-11-23 16:11:38.928000,NA,NA,NA,NA,Week 8,0.0,0.0,0,0,NA,NA,0.0,0,0,NA,NA,0.0,0,0,NA,NA,NA,0.0,NA,0,NA,NA,NA,0.0,NA,0,NA,NA,NA,0.0,NA,2,NA,2022-11-23 16:11:42.943000,NA,0.0,NA,NA,NA,0.0,NA,NA,NA,NA,NA,NA,NA,22,6802
0.4,0.48, , ,0.52,0.6,0.36,0.52,50,1993,16_datatwo,21/11/22 - 27/11/22,0.0,2.3102783333333337,1.1991666666666667,0.028888333333333335,0.0,0.0,0.0,03:32:18,01:53:22,4,9,0.0,0.021388333333333336,0.0016666666666666668,0.0,0.0,0.0,NA,6,2,NA,0,0,NA,2022-11-22 11:38:11.393000,NA,NA,NA,NA,Week 8,0.0,0.0,0,0,NA,NA,0.0,0,0,2022-11-22 11:38:08.681000,NA,0.0,0,0,NA,NA,NA,0.0,NA,0,NA,NA,NA,0.08111166666666667,NA,2,NA,2022-11-23 15:34:40.125000,NA,2.36611,NA,4,NA,2022-11-22 11:38:19.630000,NA,0.0,NA,NA,NA,0.0,NA,NA,NA,NA,NA,NA,NA,12738,6802
 ,0.4,0.56, ,0.68,0.6,0.64,0.68,65,1998,17_datatwo,21/11/22 - 27/11/22,0.0,1.6736116666666667,0.0,2.0783333333333336,1.475555,1.7622216666666666,0.0,06:59:23,01:53:22,7,18,0.05527833333333333,0.009166666666666667,0.0,0.0,0.0,0.0,NA,19,0,NA,0,0,2022-11-22 11:15:36.636000,2022-11-22 11:16:29.177000,NA,NA,NA,NA,Week 8,0.0,0.0,0,0,NA,NA,0.0,0,0,NA,NA,0.0,4,0,NA,NA,NA,0.0,NA,0,NA,NA,NA,0.018333333333333333,NA,1,NA,2022-11-22 11:44:25.647000,NA,2.765833333333333,NA,7,NA,2022-11-22 11:16:32.390000,NA,0.0,NA,NA,NA,1.0,2022-11-24 17:00:54.930000,NA,NA,NA,NA,NA,NA,25163,6802
 , , , ,0.6,0.6,0.52,0.6,58,1993,18_datatwo,21/11/22 - 27/11/22,0.0,0.0,0.0,0.0,0.0,0.0,0.0,00:00:00,01:53:22,0,0,0.0,0.0,0.0,0.0,0.0,0.0,NA,0,0,NA,0,0,NA,NA,NA,NA,NA,NA,Week 8,0.0,0.0,0,0,NA,NA,0.0,0,0,NA,NA,0.0,0,0,NA,NA,NA,0.0,NA,0,NA,NA,NA,0.0,NA,0,NA,NA,NA,0.0,NA,0,NA,NA,NA,0.0,NA,NA,NA,0.0,NA,NA,NA,NA,NA,NA,NA,0,6802
 , , , ,0.6,0.64,0.6,0.68,63,1997,19_datatwo,21/11/22 - 27/11/22,0.0,0.0,0.0,0.0,0.0,0.0,0.0,00:00:00,01:53:22,0,0,0.0,0.0,0.0,0.0,0.0,0.0,NA,0,0,NA,0,0,NA,NA,NA,NA,NA,NA,Week 8,0.0,0.0,0,0,NA,NA,0.0,0,0,NA,NA,0.0,0,0,NA,NA,NA,0.0,NA,0,NA,NA,NA,0.0,NA,0,NA,NA,NA,0.0,NA,0,NA,NA,NA,0.0,NA,NA,NA,0.0,NA,NA,NA,NA,NA,NA,NA,0,6802
0.56,0.4,0.52,0.24,0.72,0.64,0.6,0.6,64,1997,20_datatwo,21/11/22 - 27/11/22,0.0,0.27666666666666667,1.3469450000000003,0.0,0.4402783333333333,0.0,0.0,02:03:50,01:53:22,6,13,0.0027783333333333336,0.005555000000000001,0.0,0.0,0.0,0.0,NA,6,0,NA,0,0,2022-11-22 16:33:56.091000,2022-11-22 16:50:27.069000,NA,NA,NA,NA,Week 8,0.0,0.16694499999999998,0,1,NA,2022-11-23 22:46:31.885000,0.0,0,0,NA,NA,0.0,3,0,NA,NA,NA,0.0,NA,0,NA,NA,NA,0.0,NA,0,NA,NA,NA,1.3852783333333334,NA,4,NA,2022-11-22 16:50:29.978000,NA,0.0,NA,NA,NA,1.0,2022-11-23 23:10:37.337000,NA,NA,NA,NA,NA,NA,7430,6802
0.48,0.52,0.56,0.24,0.52,0.52,0.56,0.48,52,1995,21_datatwo,21/11/22 - 27/11/22,0.0,0.0,0.0,0.0,0.0,0.0,0.0,00:00:00,01:53:22,0,0,0.0,0.0,0.0,0.0,0.0,0.0,NA,0,0,NA,0,0,NA,NA,NA,NA,NA,NA,Week 8,0.0,0.0,0,0,NA,NA,0.0,0,0,NA,NA,0.0,0,0,NA,NA,NA,0.0,NA,0,NA,NA,NA,0.0,NA,0,NA,NA,NA,0.0,NA,0,NA,NA,NA,0.0,NA,NA,NA,0.0,NA,NA,NA,NA,NA,NA,NA,0,6802
 , , , ,0.48,0.48,0.32,0.4,42,1996,22_datatwo,21/11/22 - 27/11/22,0.0,0.0,0.0,0.0,0.0,0.0,0.0,00:00:00,01:53:22,0,0,0.0,0.0,0.0,0.0,0.0,0.0,NA,0,0,NA,0,0,NA,NA,NA,NA,NA,NA,Week 8,0.0,0.0,0,0,NA,NA,0.0,0,0,NA,NA,0.0,0,0,NA,NA,NA,0.0,NA,0,NA,NA,NA,0.0,NA,0,NA,NA,NA,0.0,NA,0,NA,NA,NA,0.0,NA,NA,NA,0.0,NA,NA,NA,NA,NA,NA,NA,0,6802
0.36,0.32, , ,0.52,0.6,0.52,0.52,54,1987,23_datatwo,21/11/22 - 27/11/22,0.0,0.8411116666666666,0.0,0.0,0.0,0.0,0.0,00:50:28,01:53:22,6,6,0.0027783333333333336,0.09777833333333333,0.0,0.000555,0.0,0.0,NA,6,0,NA,0,0,2022-11-22 10:57:59.283000,2022-11-22 10:58:31.859000,NA,2022-11-22 11:35:01.725000,NA,NA,Week 8,0.0,0.0,0,0,NA,NA,0.0,1,0,NA,NA,0.0,3,0,NA,NA,NA,0.0,NA,0,NA,NA,NA,0.20388833333333337,NA,1,NA,2022-11-22 11:05:44.081000,NA,0.2952783333333333,NA,4,NA,2022-11-22 10:58:39.003000,NA,0.0,NA,NA,NA,0.0,NA,NA,NA,NA,NA,NA,NA,3028,6802
 , , , ,0.52,0.4,0.4,0.52,46,2000,24_datatwo,21/11/22 - 27/11/22,0.0,0.006111666666666666,0.0,0.0,0.0275,0.0,0.0,00:02:01,01:53:22,4,4,0.013333333333333334,0.0,0.005555000000000001,0.0,0.0,0.0,NA,0,1,NA,0,0,2022-11-25 20:36:18.549000,NA,NA,NA,NA,NA,Week 8,0.0,0.0,0,0,NA,NA,0.0,0,0,2022-11-25 20:37:06.719000,NA,0.0,1,0,NA,NA,NA,0.0,NA,0,NA,NA,NA,0.0,NA,0,NA,NA,NA,0.0,NA,0,NA,NA,NA,0.0,NA,NA,NA,0.0,NA,NA,NA,NA,NA,NA,NA,121,6802
 , , , ,0.68,0.68,0.6,0.6,64,1994,25_datatwo,21/11/22 - 27/11/22,0.0,0.042221666666666664,0.0,0.0,0.0,0.0,0.0,00:02:32,01:53:22,3,3,0.0,0.004445,0.0,0.0,0.0,0.0,NA,2,0,NA,0,0,NA,2022-11-22 11:24:27.410000,NA,NA,NA,NA,Week 8,0.0,0.0,0,0,NA,NA,0.0,0,0,NA,NA,0.0,0,0,NA,NA,NA,0.0,NA,0,NA,NA,NA,0.0,NA,0,NA,NA,NA,0.0,NA,1,NA,2022-11-22 11:26:52.504000,NA,0.0,NA,NA,NA,0.0,NA,NA,NA,NA,NA,NA,NA,152,6802
 , , , ,0.64,0.6,0.52,0.52,57,1995,26_datatwo,21/11/22 - 27/11/22,0.0,0.0,0.0,0.011111666666666667,0.042221666666666664,0.0,0.060555,00:06:50,01:53:22,7,9,0.050278333333333335,0.007221666666666667,0.0,0.0033333333333333335,0.0,0.0,NA,2,1,NA,0,0,2022-11-24 15:22:23.681000,2022-11-27 01:06:56.803000,NA,2022-11-27 01:08:43.612000,NA,NA,Week 8,0.0,0.0,0,0,NA,NA,0.0,1,0,2022-11-27 01:09:13.847000,NA,0.0,3,0,NA,NA,NA,0.0,NA,0,NA,NA,NA,0.0,NA,0,NA,NA,NA,0.0,NA,0,NA,NA,NA,0.007778333333333333,NA,NA,NA,1.0,2022-11-27 01:07:09.451000,NA,NA,NA,NA,NA,NA,410,6802
 , , , ,0.68,0.68,0.64,0.68,67,1995,27_datatwo,21/11/22 - 27/11/22,0.0,0.0,0.0,0.0,0.0,0.0,0.0,00:00:00,01:53:22,0,0,0.0,0.0,0.0,0.0,0.0,0.0,NA,0,0,NA,0,0,NA,NA,NA,NA,NA,NA,Week 8,0.0,0.0,0,0,NA,NA,0.0,0,0,NA,NA,0.0,0,0,NA,NA,NA,0.0,NA,0,NA,NA,NA,0.0,NA,0,NA,NA,NA,0.0,NA,0,NA,NA,NA,0.0,NA,NA,NA,0.0,NA,NA,NA,NA,NA,NA,NA,0,6802
 ,0.4,0.52,0.52,0.76,0.68,0.68,0.68,70,1991,28_datatwo,21/11/22 - 27/11/22,0.0,0.49444499999999997,0.0,0.051666666666666666,0.0125,0.0,0.0,00:33:31,01:53:22,6,11,0.050278333333333335,0.009166666666666667,0.0011116666666666666,0.0,0.0,0.0,NA,5,2,NA,0,0,2022-11-22 16:40:07.011000,2022-11-22 16:39:38.502000,NA,NA,NA,NA,Week 8,0.0,0.0,0,0,NA,NA,0.0,0,0,2022-11-22 17:09:04.004000,NA,0.0,3,0,NA,NA,NA,0.0,NA,0,NA,NA,NA,0.0,NA,0,NA,NA,NA,0.061388333333333336,NA,5,NA,2022-11-22 16:39:42.851000,NA,0.007221666666666667,NA,NA,NA,1.0,2022-11-25 14:30:12.578000,NA,NA,NA,NA,NA,NA,2011,6802
 , , , ,0.68,0.68,0.76,0.68,70,1981,29_datatwo,21/11/22 - 27/11/22,0.0,0.0,0.0,0.0,0.0,0.0,0.0,00:00:00,01:53:22,0,0,0.0,0.0,0.0,0.0,0.0,0.0,NA,0,0,NA,0,0,NA,NA,NA,NA,NA,NA,Week 8,0.0,0.0,0,0,NA,NA,0.0,0,0,NA,NA,0.0,0,0,NA,NA,NA,0.0,NA,0,NA,NA,NA,0.0,NA,0,NA,NA,NA,0.0,NA,0,NA,NA,NA,0.0,NA,NA,NA,0.0,NA,NA,NA,NA,NA,NA,NA,0,6802
0.4, , , ,0.68,0.64,0.64,0.68,66,1981,30_datatwo,21/11/22 - 27/11/22,0.0,0.0022216666666666665,0.0,0.0,0.0,0.0,0.0,00:00:08,01:53:22,2,2,0.0,0.000555,0.0,0.0,0.0,0.0,NA,1,0,NA,0,0,NA,2022-11-22 16:33:16.009000,NA,NA,NA,NA,Week 8,0.0,0.0,0,0,NA,NA,0.0,0,0,NA,NA,0.0,0,0,NA,NA,NA,0.0,NA,0,NA,NA,NA,0.0,NA,0,NA,NA,NA,0.0,NA,1,NA,2022-11-22 16:33:17.972000,NA,0.0,NA,NA,NA,0.0,NA,NA,NA,NA,NA,NA,NA,8,6802
0.56,0.44,0.48, ,0.6,0.6,0.56,0.52,57,1992,31_datatwo,21/11/22 - 27/11/22,0.0,0.008333333333333333,0.0,0.0,0.013888333333333332,0.0,0.0,00:01:20,01:53:22,5,8,0.0011116666666666666,0.008611666666666665,0.0,0.0,0.0,0.0,NA,4,0,NA,0,0,2022-11-25 02:56:50.529000,2022-11-22 17:32:08.799000,NA,NA,NA,NA,Week 8,0.0,0.0,0,0,NA,NA,0.0,0,0,NA,NA,0.0,1,1,NA,NA,2022-11-25 12:56:50.650000,0.0,NA,0,NA,NA,NA,0.0,NA,0,NA,NA,NA,0.0,NA,4,NA,2022-11-22 17:32:18.141000,NA,0.0,NA,NA,NA,0.0,NA,NA,NA,NA,NA,NA,NA,80,6802
 , , , ,0.6,0.6,0.56,0.64,60,1994,32_datatwo,21/11/22 - 27/11/22,0.0,0.0,0.0,0.0,0.0,0.0,0.0,00:00:00,01:53:22,0,0,0.0,0.0,0.0,0.0,0.0,0.0,NA,0,0,NA,0,0,NA,NA,NA,NA,NA,NA,Week 8,0.0,0.0,0,0,NA,NA,0.0,0,0,NA,NA,0.0,0,0,NA,NA,NA,0.0,NA,0,NA,NA,NA,0.0,NA,0,NA,NA,NA,0.0,NA,0,NA,NA,NA,0.0,NA,NA,NA,0.0,NA,NA,NA,NA,NA,NA,NA,0,6802
 , , , ,0.42,0.52,0.56,0.54,51,1989,33_datatwo,21/11/22 - 27/11/22,0.0,0.0,0.0,0.0,0.0,0.0,0.0,00:00:00,01:53:22,0,0,0.0,0.0,0.0,0.0,0.0,0.0,NA,0,0,NA,0,0,NA,NA,NA,NA,NA,NA,Week 8,0.0,0.0,0,0,NA,NA,0.0,0,0,NA,NA,0.0,0,0,NA,NA,NA,0.0,NA,0,NA,NA,NA,0.0,NA,0,NA,NA,NA,0.0,NA,0,NA,NA,NA,0.0,NA,NA,NA,0.0,NA,NA,NA,NA,NA,NA,NA,0,6802
 , , , ,0.64,0.6,0.68,0.68,65,1991,34_datatwo,21/11/22 - 27/11/22,2.9197216666666668,0.98,0.0,0.0,0.0,0.0,0.0,03:53:59,01:53:22,10,11,0.0,0.03777833333333334,0.0,0.0,0.0008333333333333334,0.0011116666666666666,NA,8,0,NA,1,1,NA,2022-11-21 15:48:31.287000,NA,NA,2022-11-22 12:44:41.776000,2022-11-22 12:44:36.573000,Week 8,0.0,0.0016666666666666668,0,1,NA,2022-11-22 12:44:46.758000,2.325,0,1,NA,2022-11-21 15:48:35.537000,0.5688883333333333,0,1,NA,NA,2022-11-21 18:08:12.333000,0.0,NA,1,NA,2022-11-21 18:43:14.887000,NA,0.0,NA,0,NA,NA,NA,0.943055,NA,1,NA,2022-11-22 11:47:24.311000,NA,0.0,NA,NA,NA,0.0,NA,NA,NA,NA,NA,NA,NA,14039,6802
0.36,0.28, , ,0.52,0.52,0.52,0.52,52,1981,35_datatwo,21/11/22 - 27/11/22,0.0,0.12611166666666668,0.0,0.0,0.0,0.0,0.0,00:07:34,01:53:22,3,3,0.0,0.013055,0.0,0.0,0.0,0.0,NA,2,0,NA,0,0,NA,2022-11-22 13:12:58.032000,NA,NA,NA,NA,Week 8,0.0,0.0,0,0,NA,NA,0.0,0,0,NA,NA,0.0,0,0,NA,NA,NA,0.060000000000000005,NA,1,NA,2022-11-22 13:13:35.462000,NA,0.0,NA,1,NA,2022-11-22 13:17:21.036000,NA,0.0,NA,0,NA,NA,NA,0.0,NA,NA,NA,0.0,NA,NA,NA,NA,NA,NA,NA,454,6802
 , , , ,0.52,0.52,0.52,0.56,53,1994,36_datatwo,21/11/22 - 27/11/22,0.3677783333333334,0.016666666666666666,0.0,0.0,0.0,0.0,0.0,00:23:04,01:53:22,12,14,0.0033333333333333335,0.11416666666666667,0.0011116666666666666,0.003888333333333333,0.0,0.0,NA,9,2,NA,0,0,2022-11-21 10:03:43.135000,2022-11-21 10:01:25.186000,NA,2022-11-21 10:01:21.808000,NA,NA,Week 8,0.0,0.0,0,0,NA,NA,0.0,3,0,2022-11-21 10:03:48.047000,NA,0.0,2,0,NA,NA,NA,0.0,NA,0,NA,NA,NA,0.0,NA,4,NA,2022-11-21 10:01:31.492000,NA,0.11611166666666667,NA,3,NA,2022-11-21 10:06:54.067000,NA,0.022500000000000003,NA,NA,NA,0.0,NA,NA,NA,NA,NA,NA,NA,1384,6802
0.48,0.64, , ,0.52,0.64,0.32,0.56,51,1986,37_datatwo,21/11/22 - 27/11/22,0.0,1.1377783333333333,0.94111,0.18888833333333335,0.27666666666666667,0.0,0.0,02:32:40,01:53:22,10,21,0.02222166666666667,0.03277666666666666,0.0,0.0,0.0,0.0,NA,14,0,NA,0,0,2022-11-22 21:47:36.766000,2022-11-22 11:02:59.561000,NA,2022-11-22 20:58:30.267000,NA,NA,Week 8,0.0,0.0,0,0,NA,NA,0.0036116666666666667,1,1,NA,2022-11-22 20:58:04.299000,0.0,3,0,NA,NA,NA,0.185555,NA,4,NA,2022-11-22 20:58:22.232000,NA,0.9247216666666667,NA,2,NA,2022-11-23 11:29:59.972000,NA,1.0438883333333333,NA,6,NA,2022-11-22 11:04:01.134000,NA,0.0047216666666666665,NA,NA,NA,1.0,2022-11-23 20:06:17.120000,NA,NA,NA,NA,NA,NA,9160,6802
 , , , ,0.44,0.52,0.4,0.52,47,1992,38_datatwo,21/11/22 - 27/11/22,0.0,0.0,0.0,0.0,0.0,0.0,0.0,00:00:00,01:53:22,0,0,0.0,0.0,0.0,0.0,0.0,0.0,NA,0,0,NA,0,0,NA,NA,NA,NA,NA,NA,Week 8,0.0,0.0,0,0,NA,NA,0.0,0,0,NA,NA,0.0,0,0,NA,NA,NA,0.0,NA,0,NA,NA,NA,0.0,NA,0,NA,NA,NA,0.0,NA,0,NA,NA,NA,0.0,NA,NA,NA,0.0,NA,NA,NA,NA,NA,NA,NA,0,6802
 , , , ,0.52,0.6,0.52,0.52,54,1992,39_datatwo,21/11/22 - 27/11/22,0.0,0.0,0.0,0.0,0.0,0.0,0.0,00:00:00,01:53:22,0,0,0.0,0.0,0.0,0.0,0.0,0.0,NA,0,0,NA,0,0,NA,NA,NA,NA,NA,NA,Week 8,0.0,0.0,0,0,NA,NA,0.0,0,0,NA,NA,0.0,0,0,NA,NA,NA,0.0,NA,0,NA,NA,NA,0.0,NA,0,NA,NA,NA,0.0,NA,0,NA,NA,NA,0.0,NA,NA,NA,0.0,NA,NA,NA,NA,NA,NA,NA,0,6802
0.52,0.52,0.48, ,0.56,0.56,0.6,0.56,57,1996,40_datatwo,21/11/22 - 27/11/22,0.0,1.5272216666666665,0.0,0.0,0.0,0.0,0.0,01:31:38,01:53:22,4,4,0.0016666666666666668,0.13916666666666666,0.0,0.0,0.0,0.0,NA,2,0,NA,0,0,2022-11-22 10:58:44,2022-11-22 11:07:03.968000,NA,NA,NA,NA,Week 8,0.0,0.0,0,0,NA,NA,0.0,0,0,NA,NA,0.0,2,0,NA,NA,NA,0.0,NA,0,NA,NA,NA,0.0,NA,0,NA,NA,NA,1.2388883333333331,NA,2,NA,2022-11-22 11:07:06.538000,NA,0.0,NA,NA,NA,0.0,NA,NA,NA,NA,NA,NA,NA,5498,6802
 , , , ,0.56,0.52,0.4,0.6,52,1997,41_datatwo,21/11/22 - 27/11/22,0.0,1.7372216666666667,0.0,0.0,0.0,0.0,0.0,01:44:14,01:53:22,2,2,0.0,0.10277833333333335,0.0,0.0,0.0,0.0,NA,2,0,NA,0,0,NA,2022-11-22 10:58:54.500000,NA,NA,NA,NA,Week 8,0.0,0.0,0,0,NA,NA,0.0,0,0,NA,NA,0.0,0,0,NA,NA,NA,0.0,NA,0,NA,NA,NA,0.0,NA,0,NA,NA,NA,1.6319450000000002,NA,2,NA,2022-11-22 11:05:02.433000,NA,0.0,NA,NA,NA,0.0,NA,NA,NA,NA,NA,NA,NA,6254,6802
0.28,0.4,0.4,0.36,0.52,0.56,0.52,0.56,54,1996,42_datatwo,21/11/22 - 27/11/22,0.0036116666666666667,0.779445,0.0,0.0,0.0,0.0,3.018331666666667,03:48:05,01:53:22,7,19,0.0022233333333333332,0.009721666666666665,0.0,0.00027833333333333334,0.0,0.0,NA,8,0,NA,0,0,2022-11-22 11:10:05.185000,2022-11-21 22:49:45.499000,NA,2022-11-22 12:43:37.210000,NA,NA,Week 8,0.0,0.21,0,1,NA,2022-11-27 06:19:46.455000,0.0,1,0,NA,NA,0.0,3,0,NA,NA,NA,0.0,NA,0,NA,NA,NA,0.2891666666666667,NA,2,NA,2022-11-22 11:56:40.069000,NA,0.7738883333333334,NA,4,NA,2022-11-21 22:49:49.843000,NA,0.0,NA,NA,NA,0.0,NA,NA,NA,NA,NA,NA,NA,13685,6802
 ,0.44,0.44, ,0.52,0.56,0.52,0.6,55,1991,43_datatwo,21/11/22 - 27/11/22,0.0,3.3608333333333333,0.23805500000000002,0.015000000000000001,0.001945,6.019166666666666,0.0,09:38:06,01:53:22,9,23,2.0530549999999996,0.08194333333333333,0.009166666666666667,0.0,0.0,0.0,NA,13,2,NA,0,0,2022-11-22 10:15:14.603000,2022-11-22 10:15:49.244000,NA,NA,NA,NA,Week 8,0.0,0.0,0,1,NA,2022-11-26 22:36:27.026000,0.0,0,0,2022-11-26 19:34:51.595000,NA,0.0,10,0,NA,NA,NA,0.0,NA,0,NA,NA,NA,0.0,NA,0,NA,NA,NA,2.428055,NA,8,NA,2022-11-22 10:15:57.278000,NA,0.2533333333333333,NA,NA,NA,2.0,2022-11-26 15:13:48.437000,NA,NA,NA,NA,NA,NA,34686,6802
0.56,0.68,0.72,0.72,0.72,0.76,0.8,0.8,77,1986,44_datatwo,21/11/22 - 27/11/22,0.0,3.0077783333333334,1.9333333333333333,4.15639,1.7788883333333334,0.0,0.07777666666666666,10:57:15,01:53:22,8,26,5.4783333333333335,0.011943333333333334,0.0,0.00027833333333333334,0.0,0.0,NA,23,0,NA,0,0,2022-11-22 17:23:00.735000,2022-11-22 17:06:44.903000,NA,2022-11-24 17:44:09.968000,NA,NA,Week 8,0.0,0.0,0,0,NA,NA,0.0,1,0,NA,NA,0.0,6,0,NA,NA,NA,0.0,NA,0,NA,NA,NA,0.0027783333333333336,NA,1,NA,2022-11-22 23:29:18.049000,NA,1.6008333333333333,NA,8,NA,2022-11-22 17:06:48.927000,NA,2.626945,NA,NA,NA,3.0,2022-11-23 21:02:21.100000,NA,NA,NA,NA,NA,NA,39435,6802
0.44,0.56,0.48, ,0.56,0.64,0.68,0.6,62,1989,45_datatwo,21/11/22 - 27/11/22,0.0,0.15944499999999998,0.0,0.0,0.0,0.0,0.0,00:09:34,01:53:22,5,9,0.001945,0.0016666666666666668,0.0008333333333333334,0.0,0.0,0.0,NA,2,1,NA,0,0,2022-11-22 10:57:37.612000,2022-11-22 11:03:52.368000,NA,NA,NA,NA,Week 8,0.0,0.0,0,0,NA,NA,0.0,0,0,2022-11-22 11:03:49.338000,NA,0.0,3,0,NA,NA,NA,0.0,NA,0,NA,NA,NA,0.0,NA,0,NA,NA,NA,0.022778333333333334,NA,3,NA,NA,NA,0.0,NA,NA,NA,0.0,2022-11-22 11:03:55.669000,NA,NA,NA,NA,NA,NA,574,6802
0.36,0.4,NA,0.68,0.8,0.72,0.72,0.68,73,1992,46_datatwo,20/03/23 - 26/03/23,0.03833333333333333,0.0,0.1497216666666667,0.006944999999999999,0.0,0.0,2.888611666666667,03:05:01,02:16:16,6,13,2.889443333333333,0.011111666666666667,0.0,0.0,0.0,0.0,NA,7,0,NA,0,0,2023-03-27 01:40:23.150000,2023-03-27 01:41:46.469000,NA,NA,NA,NA,Week 8,0.0,0.0,0,0,NA,NA,0.015278333333333335,0,1,NA,2023-03-27 01:40:51.946000,0.0,2,0,NA,NA,NA,0.0,NA,0,0.0,NA,NA,0.0,NA,0,0.0,NA,NA,0.0,NA,0,0.0,NA,NA,0.0,0.0,0.0,0.0,1.0,2023-03-27 01:41:56.835000,NA,NA,NA,NA,NA,NA,11101,8176
0.52,0.6,0.52,0.72,0.64,0.68,0.68,0.8,70,1999,47_datatwo,20/03/23 - 26/03/23,0.0,1.6922233333333334,0.0,0.0,0.006944999999999999,0.010555,5.324721666666666,07:02:04,02:16:16,10,19,1.2474999999999998,0.016386666666666667,0.0,0.0,0.0,0.0,NA,8,0,NA,0,0,2023-03-28 00:34:55.949000,2023-03-28 00:35:16.167000,NA,NA,NA,NA,Week 8,0.0,0.031111666666666666,0,1,NA,2023-04-02 22:05:20.868000,0.020833333333333332,0,1,NA,2023-04-02 22:07:16.122000,0.0,7,0,NA,NA,NA,0.0,NA,0,2.0,NA,2023-04-02 21:54:38.814000,0.0,NA,0,1.0,NA,2023-04-03 03:14:01.829000,1.0913883333333334,NA,2,0.0,2023-03-28 12:51:44.743000,NA,0.5330566666666666,3.340555,0.0,0.0,4.0,2023-03-28 00:35:21.650000,NA,NA,NA,NA,NA,NA,25324,8176
0.48,0.6,0.48,0.52,0.64,0.64,0.56,0.56,60,1989,48_datatwo,20/03/23 - 26/03/23,0.0,1.699445,0.0,0.0,0.0,0.0,2.4269450000000004,04:07:35,02:16:16,12,18,0.616945,0.019166666666666665,0.001945,0.0,0.0,0.0,NA,18,2,NA,0,0,2023-03-28 12:13:14.292000,2023-03-28 12:07:10.343000,NA,NA,NA,NA,Week 8,0.0,0.0,0,0,NA,NA,0.0,0,0,2023-03-28 12:51:24.494000,NA,0.0,7,0,NA,NA,NA,0.0,NA,0,1.0,NA,2023-04-02 20:25:09.591000,0.03222166666666667,NA,2,1.0,2023-03-28 12:53:01.411000,2023-04-02 20:25:30.940000,1.2622216666666666,NA,7,3.0,2023-03-28 12:47:51.167000,2023-03-28 13:08:45.481000,0.10638833333333333,0.005,0.010278333333333334,1.5536116666666666,3.0,2023-03-28 12:07:12.647000,NA,NA,NA,NA,NA,NA,14855,8176
NA,NA,NA,NA,0.56,0.64,0.56,0.64,60,1995,49_datatwo,20/03/23 - 26/03/23,0.0,1.0405566666666666,0.0,0.0,0.0,0.0,0.0,01:02:26,02:16:16,6,8,0.034721666666666665,0.011666666666666665,0.0,0.0,0.0,0.0,NA,8,0,NA,0,0,2023-03-28 12:44:12.275000,2023-03-28 11:08:26.814000,NA,NA,NA,NA,Week 8,0.0,0.0,0,0,NA,NA,0.0,0,0,NA,NA,0.0,2,0,NA,NA,NA,0.0,NA,0,1.0,NA,2023-03-28 12:44:17.650000,0.004445,NA,1,0.0,2023-03-28 12:46:53.887000,NA,0.7952783333333333,NA,3,0.0,2023-03-28 12:47:11.980000,NA,0.18416666666666667,0.001945,0.0,0.0,4.0,2023-03-28 11:08:42.982000,NA,NA,NA,NA,NA,NA,3746,8176
0.48,0.4,NA,0.4,0.72,0.76,0.68,0.72,72,1988,50_datatwo,20/03/23 - 26/03/23,0.0027783333333333336,1.055555,2.0447216666666663,1.2088883333333333,2.5797216666666665,4.2438883333333335,2.2491666666666665,13:23:04,02:16:16,15,38,2.4488883333333336,2.7319450000000005,0.00027833333333333334,0.0,0.0,0.24361166666666667,NA,27,1,NA,0,1,2023-03-27 20:23:08.353000,2023-03-27 20:23:02.265000,NA,NA,NA,2023-03-29 20:12:01.859000,Week 8,0.0,0.15861166666666665,0,1,NA,2023-03-29 21:55:55.639000,1.2819433333333334,0,4,2023-03-31 23:25:22.209000,2023-04-02 10:44:26.680000,0.01972166666666667,16,3,NA,NA,2023-03-31 23:25:34.191000,0.5802783333333333,NA,2,4.0,2023-04-02 10:44:54.145000,2023-03-29 21:38:36.769000,0.0063883333333333335,NA,1,3.0,2023-04-01 10:26:23.942000,2023-03-29 22:12:00.557000,0.34277833333333335,NA,6,0.0,2023-03-28 12:51:16.577000,NA,0.050554999999999996,0.44305500000000003,0.30722166666666667,0.0,2.0,2023-03-28 12:45:43.802000,NA,NA,NA,NA,NA,NA,48184,8176
0.56,0.68,0.72,0.76,0.72,0.76,0.72,0.8,75,1994,51_datatwo,20/03/23 - 26/03/23,0.9188883333333333,0.46361,0.1475,0.0,0.0,0.0,0.0,01:31:47,02:16:16,11,22,0.04111166666666667,0.010001666666666666,0.0,0.0,0.0,0.0,NA,11,0,NA,0,0,2023-03-27 12:09:51.322000,2023-03-27 12:09:56.937000,NA,2023-03-27 12:09:50.938000,NA,NA,Week 8,0.0,0.0,0,0,NA,NA,0.0,1,0,NA,NA,0.0,7,0,NA,NA,NA,0.11944500000000001,NA,2,0.0,2023-03-27 12:09:59.867000,NA,0.0,NA,0,0.0,NA,NA,0.7302783333333333,NA,2,1.0,2023-03-27 12:24:03.742000,2023-03-28 12:32:11.669000,0.45749999999999996,0.0,0.0,0.118055,4.0,2023-03-27 12:23:56.301000,NA,NA,NA,NA,NA,NA,5507,8176
0.44,0.4,NA,NA,0.64,0.52,0.56,0.64,60,1997,52_datatwo,20/03/23 - 26/03/23,0.0036116666666666667,0.001945,0.0,0.0,0.0,0.46611166666666665,0.0,00:28:18,02:16:16,6,8,0.441945,0.0022216666666666665,0.0,0.0,0.0,0.0,NA,1,0,NA,0,0,2023-03-28 09:12:25.602000,2023-04-01 11:24:47.308000,NA,NA,NA,NA,Week 8,0.0,0.0,0,0,NA,NA,0.0,0,0,NA,NA,0.0,6,0,NA,NA,NA,0.0,NA,0,1.0,NA,2023-04-01 11:50:37.579000,0.0,NA,0,1.0,NA,2023-04-01 11:50:03.467000,0.0,NA,0,0.0,NA,NA,0.005278333333333333,0.0,0.009166666666666667,0.0,1.0,2023-04-01 11:24:55.058000,NA,NA,NA,NA,NA,NA,1698,8176
0.36,NA,NA,0.76,0.68,0.68,0.68,0.76,70,1991,53_datatwo,20/03/23 - 26/03/23,0.0,1.7958333333333334,0.0,2.7511116666666666,3.080833333333333,0.0,0.0,07:37:40,02:16:16,9,19,0.01611,0.051388333333333334,0.0,0.0,0.0,0.0,NA,10,0,NA,0,0,2023-03-28 12:13:09.505000,2023-03-28 12:49:34.303000,NA,NA,NA,NA,Week 8,0.0,0.0,0,0,NA,NA,0.0,0,0,NA,NA,0.0,4,1,NA,NA,2023-03-31 00:08:48.840000,2.7425,NA,1,0.0,2023-03-30 21:24:07.830000,NA,0.009721666666666665,NA,1,0.0,2023-03-31 18:27:30.545000,NA,3.931111666666667,NA,2,0.0,2023-03-28 12:49:43.413000,NA,0.05611166666666667,0.0,0.0,0.0,1.0,2023-03-28 13:44:04.399000,NA,NA,NA,NA,NA,NA,27460,8176
0.52,NA,0.52,0.52,0.6,0.68,0.56,0.56,60,1992,54_datatwo,20/03/23 - 26/03/23,0.0,1.5183333333333333,0.0,0.0,0.0,0.0,0.0,01:31:06,02:16:16,4,4,0.0,0.5013883333333333,0.0,0.0,0.0,0.0,NA,3,0,NA,0,0,NA,2023-03-28 12:21:09.134000,NA,NA,NA,NA,Week 8,0.0,0.0,0,0,NA,NA,0.0,0,0,NA,NA,0.0,0,0,NA,NA,NA,0.0,NA,0,0.0,NA,NA,0.0,NA,0,0.0,NA,NA,1.0116666666666667,NA,1,0.0,2023-03-28 12:51:20.736000,NA,0.0027783333333333336,0.0,0.0,0.0,1.0,2023-03-28 12:51:03.161000,NA,NA,NA,NA,NA,NA,5466,8176
NA,NA,NA,NA,0.48,0.56,0.56,0.6,55,1992,55_datatwo,20/03/23 - 26/03/23,0.0,0.0,0.0,0.0,0.0,0.0,0.0,00:00:00,02:16:16,0,0,0.0,0.0,0.0,0.0,0.0,0.0,NA,0,0,NA,0,0,NA,NA,NA,NA,NA,NA,Week 8,0.0,0.0,0,0,NA,NA,0.0,0,0,NA,NA,0.0,0,0,NA,NA,NA,0.0,NA,0,0.0,NA,NA,0.0,NA,0,0.0,NA,NA,0.0,NA,0,0.0,NA,NA,0.0,0.0,0.0,0.0,0.0,NA,NA,NA,NA,NA,NA,NA,0,8176
0.56,NA,NA,NA,0.64,0.76,0.76,0.76,73,1985,56_datatwo,20/03/23 - 26/03/23,0.0,0.4058333333333334,0.0,0.0,0.004445,0.0,0.4516666666666667,00:51:43,02:16:16,5,11,0.0,0.011666666666666665,0.0,0.0,0.0,0.0,NA,9,0,NA,0,0,NA,2023-03-28 12:58:35.612000,NA,NA,NA,NA,Week 8,0.0,0.0,0,0,NA,NA,0.0,0,0,NA,NA,0.0,0,0,NA,NA,NA,0.0,NA,0,0.0,NA,NA,0.0,NA,1,0.0,2023-04-02 01:00:23.707000,NA,0.39999833333333334,NA,6,0.0,2023-03-28 12:58:42.109000,NA,0.0,0.0,0.0,0.0,1.0,2023-03-28 13:22:46.502000,NA,NA,NA,NA,NA,NA,3103,8176
NA,NA,0.6,NA,0.68,0.68,0.72,0.8,72,1987,57_datatwo,20/03/23 - 26/03/23,0.0,1.0716666666666665,0.0,0.0,0.0,0.0,0.0,01:04:18,02:16:16,5,5,0.000555,0.003055,0.0,0.0011116666666666666,0.0,0.0,NA,3,0,NA,0,0,2023-03-28 13:25:10.702000,2023-03-28 12:14:33.482000,NA,2023-03-28 12:16:46.755000,NA,NA,Week 8,0.0,0.0,0,0,NA,NA,0.0,1,0,NA,NA,0.0,1,0,NA,NA,NA,0.0,NA,0,0.0,NA,NA,0.0,NA,0,0.0,NA,NA,0.5833333333333334,NA,2,0.0,2023-03-28 12:14:39.447000,NA,0.48083333333333333,0.0,0.0,0.0,1.0,2023-03-28 12:16:53.942000,NA,NA,NA,NA,NA,NA,3858,8176
NA,NA,NA,NA,0.4,0.48,0.4,0.52,45,1998,58_datatwo,20/03/23 - 26/03/23,0.0,0.0,0.0,0.0,0.0,0.0,0.02666666666666667,00:01:36,02:16:16,2,2,0.013888333333333332,0.0,0.0,0.0,0.0,0.0,NA,0,0,NA,0,0,2023-04-02 14:04:52.743000,NA,NA,NA,NA,NA,Week 8,0.0,0.0,0,0,NA,NA,0.0,0,0,NA,NA,0.0,2,0,NA,NA,NA,0.0,NA,0,0.0,NA,NA,0.0,NA,0,0.0,NA,NA,0.0,NA,0,0.0,NA,NA,0.0,0.0,0.0,0.0,0.0,NA,NA,NA,NA,NA,NA,NA,96,8176
0.68,0.72,0.48,0.72,0.68,0.72,0.76,0.76,73,1994,59_datatwo,20/03/23 - 26/03/23,0.125,0.705555,0.0,0.011945,0.0,2.207778333333333,0.0,03:03:01,02:16:16,13,16,0.7413899999999999,0.009166666666666667,0.000555,0.0022216666666666665,0.0,0.0,NA,5,1,NA,0,0,2023-03-28 13:02:05.079000,2023-03-28 13:11:28.898000,NA,2023-04-01 01:46:12.227000,NA,NA,Week 8,0.0,0.0,0,0,NA,NA,0.0,1,0,2023-04-01 02:39:34.706000,NA,0.0,5,0,NA,NA,NA,0.0,NA,0,0.0,NA,NA,0.0,NA,0,0.0,NA,NA,1.3763883333333333,NA,2,0.0,2023-04-01 00:30:12.088000,NA,0.0,0.0,0.0,0.0,1.0,2023-04-01 02:42:57.414000,NA,NA,NA,NA,NA,NA,10981,8176
0.56,0.7,NA,NA,0.68,0.76,0.8,0.8,76,1998,60_datatwo,20/03/23 - 26/03/23,6.007499999999999,0.7263883333333333,2.0483333333333333,0.0,3.2275,0.013333333333333334,2.8727766666666663,14:53:44,02:16:16,9,29,0.25888833333333333,1.7822216666666664,0.000555,0.0,0.0,0.0,NA,11,1,NA,0,0,2023-03-29 23:26:47.182000,2023-03-27 19:09:31.586000,NA,NA,NA,NA,Week 8,0.0,0.0,0,0,NA,NA,0.0,0,0,2023-03-31 21:32:23.029000,NA,2.894721666666667,3,2,NA,NA,2023-03-27 07:27:56.742000,1.713055,NA,5,0.0,2023-03-31 21:32:31.208000,NA,0.0,NA,0,7.0,NA,2023-03-27 19:55:43.141000,0.6197233333333333,NA,4,0.0,2023-03-27 19:09:37.901000,NA,2.28611,0.0,3.485,0.0,2.0,2023-04-02 09:58:59.543000,NA,NA,NA,NA,NA,NA,53624,8176
0.6,0.4,NA,0.72,0.8,0.76,0.72,0.8,77,1994,61_datatwo,20/03/23 - 26/03/23,0.0,5.246388333333333,0.027778333333333332,1.2447216666666665,0.0,0.0,0.0,06:31:08,02:16:16,14,26,4.6188899999999995,0.04027833333333333,0.0,0.0,0.0,0.0,NA,20,0,NA,0,0,2023-03-28 12:05:12.320000,2023-03-28 12:19:37.190000,NA,NA,NA,NA,Week 8,0.0,0.0,0,0,NA,NA,0.0022216666666666665,0,2,NA,2023-03-28 12:20:03.315000,0.039445,30,3,NA,NA,2023-03-28 12:20:08.583000,0.08889,NA,6,1.0,2023-03-28 12:20:28.058000,2023-03-28 12:10:53.529000,0.028333333333333332,NA,1,7.0,2023-03-28 12:23:23.302000,2023-03-28 12:05:27.035000,0.5125,NA,1,8.0,2023-03-28 12:54:07.265000,2023-03-28 12:05:16.758000,0.0027783333333333336,0.1447216666666667,0.031944999999999994,0.027776666666666665,2.0,2023-03-28 13:24:54.677000,NA,NA,NA,NA,NA,NA,23468,8176
NA,NA,NA,NA,0.68,0.64,0.56,0.52,60,2001,62_datatwo,20/03/23 - 26/03/23,0.0,3.5619433333333332,0.0,0.0,0.0,0.0,2.140833333333333,05:42:10,02:16:16,14,26,2.683056666666667,0.06222333333333333,0.36583333333333334,0.00027833333333333334,0.0,0.0,NA,24,5,NA,0,0,2023-03-28 12:04:42.468000,2023-03-28 12:05:04.737000,NA,2023-03-28 12:05:05.931000,NA,NA,Week 8,0.0,0.007778333333333333,0,2,NA,2023-03-28 17:58:29.728000,0.636945,1,1,2023-03-28 12:58:47.904000,2023-03-28 18:23:24.048000,0.0,11,0,NA,NA,NA,0.0,NA,0,3.0,NA,2023-03-28 12:04:47.311000,0.0047216666666666665,NA,1,1.0,2023-03-28 12:52:38.804000,2023-03-28 17:11:13.636000,0.8758333333333332,NA,5,0.0,2023-03-28 12:14:34.728000,NA,0.01944333333333333,0.3608333333333333,0.0013883333333333332,0.0,2.0,2023-03-28 12:51:20.476000,NA,NA,NA,NA,NA,NA,20530,8176
0.56,0.6,0.6,0.64,0.64,0.68,0.68,0.68,67,1993,63_datatwo,20/03/23 - 26/03/23,0.0,4.163056666666667,0.09305499999999998,0.0,0.004445,0.0,1.3394450000000002,05:36:00,02:16:16,8,20,0.0,0.04611166666666667,0.439445,0.0,0.0,0.0,NA,21,2,NA,0,0,NA,2023-03-28 12:18:51.724000,NA,NA,NA,NA,Week 8,0.0,0.0,0,0,NA,NA,0.0,0,0,2023-03-28 18:39:15.057000,NA,0.0,0,0,NA,NA,NA,0.0013883333333333332,NA,1,0.0,2023-03-28 12:59:29.145000,NA,0.008055,NA,1,0.0,2023-03-28 12:47:27.661000,NA,3.4297216666666666,NA,10,0.0,2023-03-28 12:47:59.435000,NA,0.050278333333333335,0.0,0.0,0.0,3.0,2023-03-28 12:48:05.910000,NA,NA,NA,NA,NA,NA,20160,8176
0.52,NA,NA,NA,0.52,0.52,0.56,0.72,58,1998,64_datatwo,20/03/23 - 26/03/23,0.0,1.1711099999999999,0.0,0.039445,0.0,0.0,0.0,01:12:38,02:16:16,8,16,0.014445000000000001,0.014723333333333333,0.0,0.0,0.0,0.0,NA,10,0,NA,0,0,2023-03-28 12:27:57.182000,2023-03-28 12:32:59.834000,NA,NA,NA,NA,Week 8,0.0,0.0,0,0,NA,NA,0.0,0,0,NA,NA,0.0,7,0,NA,NA,NA,0.0,NA,0,0.0,NA,NA,0.0,NA,0,1.0,NA,2023-03-28 12:32:00.183000,0.6463883333333335,NA,8,1.0,2023-03-28 12:33:04.723000,2023-03-28 12:32:28.214000,0.4522216666666667,0.0,0.005,0.006111666666666666,2.0,2023-03-28 12:34:02.571000,NA,NA,NA,NA,NA,NA,4358,8176
0.44,NA,NA,0.24,0.72,0.68,0.58,0.54,63,1982,65_datatwo,20/03/23 - 26/03/23,0.0,0.0,0.0,0.254445,0.939445,0.0,0.670555,01:51:52,02:16:16,9,14,0.005278333333333333,0.9033333333333334,0.6586116666666667,0.0,0.0,0.0,NA,6,3,NA,0,0,2023-03-30 10:44:14.636000,2023-03-30 10:49:13.452000,NA,NA,NA,NA,Week 8,0.0,0.020278333333333332,0,1,NA,2023-03-31 11:21:38.123000,0.16666666666666666,0,2,2023-04-02 13:45:48.364000,2023-03-30 10:49:45.485000,0.0,2,2,NA,NA,2023-03-30 10:59:02.885000,0.0,NA,0,0.0,NA,NA,0.0,NA,0,0.0,NA,NA,0.0,NA,1,0.0,2023-04-02 17:06:49.395000,NA,0.0,0.0,0.0,0.0,0.0,NA,NA,NA,NA,NA,NA,NA,6712,8176
NA,NA,NA,NA,0.58,0.58,0.58,0.58,58,1980,66_datatwo,20/03/23 - 26/03/23,0.0,0.22472166666666668,0.0,0.0,0.0,0.0,0.0,00:13:29,02:16:16,2,2,0.21916666666666668,0.0,0.0,0.0,0.0,0.0,NA,0,0,NA,0,0,2023-03-28 11:37:19.532000,NA,NA,NA,NA,NA,Week 8,0.0,0.0,0,0,NA,NA,0.0,0,0,NA,NA,0.0,2,0,NA,NA,NA,0.0,NA,0,0.0,NA,NA,0.0,NA,0,0.0,NA,NA,0.0,NA,0,0.0,NA,NA,0.0,0.0,0.0,0.0,0.0,NA,NA,NA,NA,NA,NA,NA,809,8176
NA,NA,NA,NA,0.58,0.66,0.58,0.58,60,1986,67_datatwo,20/03/23 - 26/03/23,0.0,0.0,0.0,0.0,0.0,0.0,0.0,00:00:00,02:16:16,0,0,0.0,0.0,0.0,0.0,0.0,0.0,NA,0,0,NA,0,0,NA,NA,NA,NA,NA,NA,Week 8,0.0,0.0,0,0,NA,NA,0.0,0,0,NA,NA,0.0,0,0,NA,NA,NA,0.0,NA,0,0.0,NA,NA,0.0,NA,0,0.0,NA,NA,0.0,NA,0,0.0,NA,NA,0.0,0.0,0.0,0.0,0.0,NA,NA,NA,NA,NA,NA,NA,0,8176
0.6,NA,NA,NA,0.6,0.64,0.56,0.64,61,1989,68_datatwo,20/03/23 - 26/03/23,0.0,1.2438883333333333,0.00027833333333333334,0.0,0.0,0.0,0.0,01:14:39,02:16:16,6,6,0.0,0.003055,0.0,0.29583333333333334,0.0,0.0,NA,3,0,NA,0,0,2023-03-29 07:28:08.863000,2023-03-28 12:55:28.476000,NA,2023-03-28 12:37:40.262000,NA,NA,Week 8,0.0,0.0,0,0,NA,NA,0.0,1,0,NA,NA,0.0,1,0,NA,NA,NA,0.0,NA,0,0.0,NA,NA,0.0,NA,0,0.0,NA,NA,0.8119449999999999,NA,2,0.0,2023-03-28 12:55:31.602000,NA,0.0,0.0,0.0,0.0,1.0,2023-03-28 13:44:29.939000,NA,NA,NA,NA,NA,NA,4479,8176
0.68,0.6,0.6,0.48,0.68,0.6,0.64,0.72,66,1989,69_datatwo,20/03/23 - 26/03/23,2.4563883333333334,0.9786116666666665,0.0,0.0,0.0,0.0,4.975833333333333,08:24:39,02:16:16,10,16,0.24638833333333335,0.049445,0.000555,0.0,0.0,0.0,NA,21,1,NA,0,0,2023-03-27 17:36:44.428000,2023-03-28 12:51:21.946000,NA,NA,NA,NA,Week 8,0.0,0.0,0,0,NA,NA,0.0,0,0,2023-04-02 20:05:14.519000,NA,0.01361,5,3,NA,NA,2023-03-28 12:54:45.074000,0.021388333333333336,NA,2,0.0,2023-04-02 15:55:37.623000,NA,0.6908333333333334,NA,6,0.0,2023-03-28 12:53:26.519000,NA,4.2891666666666675,NA,9,0.0,2023-03-28 12:51:25.766000,NA,0.025278333333333333,0.0,0.0,0.0,1.0,2023-04-02 20:32:08.138000,NA,NA,NA,NA,NA,NA,30279,8176
0.56,0.52,NA,0.52,0.68,0.76,0.72,0.72,72,1995,70_datatwo,20/03/23 - 26/03/23,0.0,0.4341666666666667,3.3208333333333333,2.0825,0.0,0.0,1.3622216666666667,07:11:59,02:16:16,9,22,0.0030566666666666663,0.012776666666666667,0.0,0.0,0.0,0.0,NA,11,0,NA,0,0,2023-03-28 12:51:17.519000,2023-03-28 12:51:18.716000,NA,NA,NA,NA,Week 8,0.0,0.0,0,0,NA,NA,0.0,0,0,NA,NA,0.0,4,0,NA,NA,NA,0.0011116666666666666,NA,1,1.0,2023-03-28 13:13:23.321000,2023-03-29 10:38:12.024000,0.026945,NA,2,1.0,2023-03-28 12:51:25.257000,2023-03-29 08:51:32.033000,1.4352766666666668,NA,3,0.0,2023-03-28 12:55:31.011000,NA,1.5027766666666666,2.298888333333333,0.001945,0.0,6.0,2023-03-28 13:20:58.953000,NA,NA,NA,NA,NA,NA,25919,8176
0.64,NA,NA,NA,0.64,0.76,0.6,0.56,64,1990,71_datatwo,20/03/23 - 26/03/23,0.0,0.9238883333333334,0.0,0.0,0.0,0.0,0.0,00:55:26,02:16:16,7,8,0.007778333333333333,0.009721666666666665,0.000555,0.0,0.0,0.0,NA,4,1,NA,0,0,2023-03-28 12:32:14.097000,2023-03-28 12:55:23.457000,NA,NA,NA,NA,Week 8,0.0,0.0,0,0,NA,NA,0.0,0,0,2023-03-28 12:55:21.361000,NA,0.0,2,0,NA,NA,NA,0.0,NA,0,0.0,NA,NA,0.0,NA,0,0.0,NA,NA,0.22833333333333333,NA,1,0.0,2023-03-28 12:55:29.168000,NA,0.005833333333333333,0.0,0.0,0.0,2.0,2023-03-28 21:45:58.557000,NA,NA,NA,NA,NA,NA,3326,8176
NA,NA,NA,NA,0.68,0.68,0.48,0.64,62,1998,72_datatwo,20/03/23 - 26/03/23,0.0,0.006666666666666667,0.0,0.0,0.0,0.0,0.0,00:00:24,02:16:16,0,0,0.0,0.0,0.0,0.0,0.0,0.0,NA,0,0,NA,0,0,NA,NA,NA,NA,NA,NA,Week 8,0.0,0.0,0,0,NA,NA,0.0,0,0,NA,NA,0.0,0,0,NA,NA,NA,0.0,NA,0,0.0,NA,NA,0.0,NA,0,0.0,NA,NA,0.0,NA,0,0.0,NA,NA,0.0,0.0,0.0,0.0,0.0,NA,NA,NA,NA,NA,NA,NA,24,8176
NA,NA,NA,NA,0.56,0.6,0.56,0.48,55,1996,73_datatwo,20/03/23 - 26/03/23,0.0,0.0,0.0,0.0,0.017778333333333333,0.0013883333333333332,0.0,00:01:09,02:16:16,1,2,0.009166666666666667,0.0,0.0,0.0,0.0,0.0,NA,0,0,NA,0,0,2023-03-31 22:29:23.623000,NA,NA,NA,NA,NA,Week 8,0.0,0.0,0,0,NA,NA,0.0,0,0,NA,NA,0.0,2,0,NA,NA,NA,0.0,NA,0,0.0,NA,NA,0.0,NA,0,0.0,NA,NA,0.0,NA,0,0.0,NA,NA,0.0,0.0,0.0,0.0,0.0,NA,NA,NA,NA,NA,NA,NA,69,8176
0.52,0.72,0.48,0.52,0.6,0.72,0.48,0.72,63,1998,74_datatwo,20/03/23 - 26/03/23,0.003055,0.0,0.0,0.0,0.0,0.0,0.0,00:00:11,02:16:16,1,1,0.0,0.0,0.0,0.0,0.0,0.0,NA,0,0,NA,0,0,2023-03-27 21:07:40.512000,NA,NA,NA,NA,NA,Week 8,0.0,0.0,0,0,NA,NA,0.0,0,0,NA,NA,0.0,1,0,NA,NA,NA,0.0,NA,0,0.0,NA,NA,0.0,NA,0,0.0,NA,NA,0.0,NA,0,0.0,NA,NA,0.0,0.0,0.0,0.0,0.0,NA,NA,NA,NA,NA,NA,NA,11,8176
0.52,0.68,0.52,0.68,0.52,0.68,0.52,0.72,61,1992,75_datatwo,20/03/23 - 26/03/23,0.0,0.809445,0.0,0.0,0.0,1.869445,3.0602783333333337,05:44:21,02:16:16,9,15,2.351388333333333,0.006665,0.0,0.0,0.0,0.0,NA,7,0,NA,0,0,2023-03-28 12:25:16.664000,2023-03-28 12:52:20.578000,NA,NA,NA,NA,Week 8,0.0,0.0,0,0,NA,NA,0.0,0,0,NA,NA,0.0,9,0,NA,NA,NA,0.0,NA,0,0.0,NA,NA,0.016666666666666666,NA,1,1.0,2023-03-28 12:52:42.662000,2023-03-28 12:25:53.199000,0.3852783333333333,NA,3,2.0,2023-03-28 12:52:26.351000,2023-03-28 12:25:18.736000,2.5152783333333337,0.0,0.03805499999999999,0.4091666666666667,2.0,2023-03-28 12:52:36.707000,NA,NA,NA,NA,NA,NA,20661,8176
0.56,NA,NA,NA,0.6,0.52,0.56,0.64,58,1993,76_datatwo,20/03/23 - 26/03/23,0.0,1.7805566666666666,0.0,0.0,0.0,0.0,0.0,01:46:50,02:16:16,9,16,0.055,0.029166666666666667,0.0,0.0,0.0,0.0,NA,10,0,NA,0,0,2023-03-28 12:19:25.780000,2023-03-28 12:14:24.850000,NA,NA,NA,NA,Week 8,0.0,0.0,0,0,NA,NA,0.0,0,0,NA,NA,0.0,3,0,NA,NA,NA,0.0,NA,0,0.0,NA,NA,0.0,NA,0,1.0,NA,2023-03-28 12:19:39.068000,0.8905566666666667,NA,5,0.0,2023-03-28 12:15:06.787000,NA,0.7436116666666667,0.0,0.0016666666666666668,0.0,6.0,2023-03-28 12:22:41.948000,NA,NA,NA,NA,NA,NA,6410,8176
NA,0.48,0.64,NA,0.68,0.56,0.68,0.68,65,2002,77_datatwo,20/03/23 - 26/03/23,0.0,0.9352766666666666,0.001945,0.0,0.0,0.0,0.0,00:56:14,02:16:16,6,8,0.03722166666666667,0.0063883333333333335,0.0,0.0,0.0,0.0,NA,6,0,NA,0,0,2023-03-28 13:08:47.343000,2023-03-28 12:53:28.455000,NA,NA,NA,NA,Week 8,0.0,0.0,0,0,NA,NA,0.0,0,0,NA,NA,0.0,4,0,NA,NA,NA,0.0,NA,0,0.0,NA,NA,0.003888333333333333,NA,1,0.0,2023-03-28 12:54:49.963000,NA,0.506945,NA,3,0.0,2023-03-28 12:53:32.104000,NA,0.17888833333333337,0.0,0.0,0.0,2.0,2023-03-28 13:44:52.478000,NA,NA,NA,NA,NA,NA,3374,8176
NA,NA,NA,NA,0.32,0.32,0.2,0.56,35,1989,78_datatwo,20/03/23 - 26/03/23,0.0,0.0,0.0,0.0,0.0,0.0,0.0,00:00:00,02:16:16,0,0,0.0,0.0,0.0,0.0,0.0,0.0,NA,0,0,NA,0,0,NA,NA,NA,NA,NA,NA,Week 8,0.0,0.0,0,0,NA,NA,0.0,0,0,NA,NA,0.0,0,0,NA,NA,NA,0.0,NA,0,0.0,NA,NA,0.0,NA,0,0.0,NA,NA,0.0,NA,0,0.0,NA,NA,0.0,0.0,0.0,0.0,0.0,NA,NA,NA,NA,NA,NA,NA,0,8176
0.4,NA,NA,0.48,0.58,0.66,0.58,0.58,60,1997,79_datatwo,20/03/23 - 26/03/23,0.0,0.7833333333333333,0.028888333333333335,0.0,0.0,0.0,0.45027666666666666,01:15:44,02:16:16,7,15,0.0013883333333333332,0.025278333333333333,0.0,0.0,0.0,0.0,NA,13,0,NA,0,0,2023-04-02 15:37:45.562000,2023-03-28 13:01:07.643000,NA,NA,NA,NA,Week 8,0.0,0.0,0,0,NA,NA,0.0,0,0,NA,NA,0.0,1,0,NA,NA,NA,0.0036116666666666667,NA,1,0.0,2023-04-02 15:37:54.761000,NA,0.09388833333333334,NA,4,0.0,2023-03-28 13:02:18.931000,NA,1.071945,NA,4,0.0,2023-03-28 13:01:15.384000,NA,0.0,0.0,0.0,0.0,0.0,NA,NA,NA,NA,NA,NA,NA,4544,8176
NA,NA,NA,NA,55.0,66.0,50.0,49.0,55,1998,80_datatwo,20/11/23 - 26/11/23,4.719721666666667,0.0,0.0,0.0,0.0,0.0,0.0,04:43:11,01:07:14,16,21,0.3516666666666667,1.59,0.09277833333333334,0.000555,0.06583333333333334,0.05388833333333333,NA,35,1,NA,6,4,2023-11-20 10:31:11.034000,2023-11-20 10:52:10.011000,NA,2023-11-20 15:20:13.856000,2023-11-20 10:52:16.304000,2023-11-20 12:54:18.717000,Week 8,0.011945,0.14333333333333334,3,5,2023-11-20 13:05:50.061000,2023-11-20 13:06:00.783000,0.10138833333333333,1,4,2023-11-20 12:59:21.333000,2023-11-20 13:06:18.686000,0.08722166666666667,3,2,NA,NA,2023-11-20 13:06:33.483000,0.07972166666666666,NA,3,0.0,2023-11-20 13:06:50.545000,NA,0.018055,NA,2,0.0,2023-11-20 13:07:11.729000,NA,0.3702783333333333,NA,2,0.0,2023-11-20 13:07:28.055000,NA,0.042221666666666664,0.0,0.0,0.0,1.0,2023-11-20 13:07:52.339000,NA,NA,NA,NA,NA,NA,16991,4034
NA,NA,NA,NA,52.0,68.0,52.0,40.0,53,1989,81_datatwo,20/11/23 - 26/11/23,0.0,0.0,0.0,0.0,0.0,0.0,0.0,00:00:00,01:07:14,0,0,0.0,0.0,0.0,0.0,0.0,0.0,NA,0,0,NA,0,0,NA,NA,NA,NA,NA,NA,Week 8,0.0,0.0,0,0,NA,NA,0.0,0,0,NA,NA,0.0,0,0,NA,NA,NA,0.0,NA,0,0.0,NA,NA,0.0,NA,0,0.0,NA,NA,0.0,NA,0,0.0,NA,NA,0.0,0.0,0.0,0.0,0.0,NA,NA,NA,NA,NA,NA,NA,0,4034
0.48,0.36,NA,NA,56.0,56.0,56.0,64.0,58,1998,82_datatwo,20/11/23 - 26/11/23,0.0,0.0,0.0,0.0,0.0,0.0,0.048054999999999994,00:02:53,01:07:14,1,1,0.02333333333333333,0.0,0.0,0.0,0.0,0.0,NA,0,0,NA,0,0,2023-11-26 21:42:52.388000,NA,NA,NA,NA,NA,Week 8,0.0,0.0,0,0,NA,NA,0.0,0,0,NA,NA,0.0,1,0,NA,NA,NA,0.0,NA,0,0.0,NA,NA,0.0,NA,0,0.0,NA,NA,0.0,NA,0,0.0,NA,NA,0.0,0.0,0.0,0.0,0.0,NA,NA,NA,NA,NA,NA,NA,173,4034
0.48,0.32,NA,NA,66.0,53.0,60.0,65.0,61,1997,83_datatwo,20/11/23 - 26/11/23,0.0,0.2983333333333333,0.0,0.0,0.0,0.0,0.0,00:17:54,01:07:14,1,1,0.0,0.0,0.0,0.0,0.0,0.0,NA,0,0,NA,0,0,2023-11-21 13:20:46.090000,NA,NA,NA,NA,NA,Week 8,0.0,0.0,0,0,NA,NA,0.0,0,0,NA,NA,0.0,1,0,NA,NA,NA,0.0,NA,0,0.0,NA,NA,0.0,NA,0,0.0,NA,NA,0.0,NA,0,0.0,NA,NA,0.0,0.0,0.0,0.0,0.0,NA,NA,NA,NA,NA,NA,NA,1074,4034
NA,0.2,NA,NA,57.0,57.0,56.0,58.0,57,1991,84_datatwo,20/11/23 - 26/11/23,0.0,0.5716666666666667,0.0,0.0,0.0,0.0,0.0,00:34:18,01:07:14,3,3,0.0008333333333333334,0.000555,0.0,0.0,0.0,0.0,NA,1,0,NA,0,0,2023-11-21 12:24:50.420000,2023-11-21 12:24:53.624000,NA,NA,NA,NA,Week 8,0.0,0.0,0,0,NA,NA,0.0,0,0,NA,NA,0.0,1,0,NA,NA,NA,0.0,NA,0,0.0,NA,NA,0.0,NA,0,0.0,NA,NA,0.5697216666666667,NA,1,0.0,2023-11-21 12:24:55.580000,NA,0.0,0.0,0.0,0.0,0.0,NA,NA,NA,NA,NA,NA,NA,2058,4034
0.4,0.52,0.72,0.74,60.0,65.0,72.0,75.0,68,1984,85_datatwo,20/11/23 - 26/11/23,0.0,1.5775000000000001,0.010555,0.0,0.21277833333333332,0.010555,0.05388833333333333,01:51:55,01:07:14,8,15,0.6586116666666667,0.020833333333333332,0.006666666666666667,0.012221666666666665,0.0,0.0,NA,5,4,NA,0,0,2023-11-21 11:08:17.269000,2023-11-21 11:44:12.761000,NA,2023-11-21 11:08:13.973000,NA,NA,Week 8,0.0,0.0,0,0,NA,NA,0.0,6,0,2023-11-21 11:43:58.135000,NA,0.0,2,0,NA,NA,NA,0.01583333333333333,NA,1,0.0,2023-11-26 17:10:06.181000,NA,0.03138833333333333,NA,2,0.0,2023-11-21 12:31:58.363000,NA,0.7847216666666667,NA,3,1.0,2023-11-21 11:44:44.694000,2023-11-21 11:42:49.577000,0.0,0.0,0.0,0.019166666666666665,0.0,NA,NA,NA,NA,NA,NA,NA,6715,4034
0.52,0.68,0.64,NA,60.0,68.0,72.0,72.0,68,1995,86_datatwo,20/11/23 - 26/11/23,0.3197216666666666,0.9600000000000001,0.0,0.0,0.0,0.0,0.0,01:16:47,01:07:14,5,6,0.18638833333333335,0.003888333333333333,0.014445000000000001,0.0,0.0,0.0,NA,3,2,NA,0,0,2023-11-20 21:43:53.145000,2023-11-21 11:32:07.043000,NA,NA,NA,NA,Week 8,0.0,0.0,0,0,NA,NA,0.0,0,0,2023-11-21 12:33:38.020000,NA,0.0,5,0,NA,NA,NA,0.0,NA,0,0.0,NA,NA,0.0,NA,0,0.0,NA,NA,0.48222166666666666,NA,3,1.0,2023-11-21 11:32:12.123000,2023-11-20 22:02:30.407000,0.0,0.0,0.0,0.0,0.0,NA,NA,NA,NA,NA,NA,NA,4607,4034
NA,NA,NA,NA,70.0,62.0,72.0,76.0,70,1996,87_datatwo,20/11/23 - 26/11/23,0.0,0.0,0.0,0.04027833333333333,0.9083333333333333,0.0,0.293055,01:14:30,01:07:14,8,13,1.2011100000000001,0.012221666666666665,0.0,0.0,0.0,0.0,NA,7,0,NA,0,0,2023-11-23 15:15:49.191000,2023-11-23 15:16:08.531000,NA,NA,NA,NA,Week 8,0.0,0.0,0,0,NA,NA,0.013055,0,3,NA,2023-11-23 15:16:45.395000,0.0036116666666666667,7,2,NA,NA,2023-11-26 20:31:16.552000,0.0,NA,0,0.0,NA,NA,0.0,NA,0,2.0,NA,2023-11-23 17:17:03.183000,0.0016666666666666668,NA,1,1.0,2023-11-23 15:16:15.532000,2023-11-23 17:17:10.673000,0.004445,0.0,0.001945,0.0036116666666666667,1.0,2023-11-23 15:16:23.948000,NA,NA,NA,NA,NA,NA,4470,4034
0.56,0.68,0.6,0.64,64.0,68.0,64.0,76.0,68,1986,88_datatwo,20/11/23 - 26/11/23,0.21972166666666668,2.2858333333333336,0.0,0.0,0.0,0.0,0.0,02:30:20,01:07:14,9,15,0.0125,0.012221666666666665,0.25416666666666665,0.000555,0.0,0.0,NA,8,2,NA,0,0,2023-11-20 20:34:59.232000,2023-11-20 23:57:01.962000,NA,2023-11-21 12:48:15.785000,NA,NA,Week 8,0.0,0.0,0,0,NA,NA,0.0,1,0,2023-11-21 12:32:53.471000,NA,0.0,6,0,NA,NA,NA,0.14611166666666664,NA,1,2.0,2023-11-21 11:52:47.105000,2023-11-20 20:35:10.206000,0.0013883333333333332,NA,1,1.0,2023-11-21 11:52:37.585000,2023-11-21 11:44:41.183000,1.8027783333333334,NA,6,0.0,2023-11-20 23:57:14.379000,NA,0.0,0.09610999999999999,0.0011116666666666666,0.0,0.0,NA,NA,NA,NA,NA,NA,NA,9020,4034
NA,NA,NA,NA,52.0,56.0,52.0,72.0,58,1996,89_datatwo,20/11/23 - 26/11/23,0.0,0.0,0.0,0.0,0.0,0.0,0.0,00:00:00,01:07:14,0,0,0.0,0.0,0.0,0.0,0.0,0.0,NA,0,0,NA,0,0,NA,NA,NA,NA,NA,NA,Week 8,0.0,0.0,0,0,NA,NA,0.0,0,0,NA,NA,0.0,0,0,NA,NA,NA,0.0,NA,0,0.0,NA,NA,0.0,NA,0,0.0,NA,NA,0.0,NA,0,0.0,NA,NA,0.0,0.0,0.0,0.0,0.0,NA,NA,NA,NA,NA,NA,NA,0,4034
NA,NA,NA,NA,52.0,52.0,52.0,56.0,53,1998,90_datatwo,20/11/23 - 26/11/23,0.0,0.0,0.0,0.0,0.0,0.0,0.0,00:00:00,01:07:14,0,0,0.0,0.0,0.0,0.0,0.0,0.0,NA,0,0,NA,0,0,NA,NA,NA,NA,NA,NA,Week 8,0.0,0.0,0,0,NA,NA,0.0,0,0,NA,NA,0.0,0,0,NA,NA,NA,0.0,NA,0,0.0,NA,NA,0.0,NA,0,0.0,NA,NA,0.0,NA,0,0.0,NA,NA,0.0,0.0,0.0,0.0,0.0,NA,NA,NA,NA,NA,NA,NA,0,4034
0.36,0.28,NA,NA,32.0,52.0,56.0,64.0,51,1992,91_datatwo,20/11/23 - 26/11/23,0.39305500000000004,0.001945,0.010833333333333334,0.604445,0.0,0.0,0.0,01:00:37,01:07:14,3,3,0.0011116666666666666,0.005278333333333333,0.0,0.0,0.0,0.0,NA,1,0,NA,0,0,2023-11-20 11:36:22.735000,2023-11-20 11:36:26.952000,NA,NA,NA,NA,Week 8,0.0,0.0,0,0,NA,NA,0.0,0,0,NA,NA,0.0,1,0,NA,NA,NA,0.0,NA,0,0.0,NA,NA,0.0,NA,0,0.0,NA,NA,0.0,NA,1,0.0,2023-11-20 11:36:45.964000,NA,0.0,0.0,0.0,0.0,0.0,NA,NA,NA,NA,NA,NA,NA,3637,4034
0.6,0.68,0.72,0.68,70.0,77.0,81.0,80.0,77,1996,92_datatwo,20/11/23 - 26/11/23,1.1236116666666667,1.6033333333333333,0.0,0.0,0.0,0.0,0.0,02:43:37,01:07:14,8,18,0.06472333333333333,0.580555,0.07833333333333334,0.0,0.0,0.0,NA,11,4,NA,0,0,2023-11-20 09:06:29.194000,2023-11-20 09:10:01.863000,NA,NA,NA,NA,Week 8,0.0,0.0,0,0,NA,NA,0.0,0,0,2023-11-20 09:06:34.414000,NA,0.0,13,0,NA,NA,NA,0.0,NA,0,1.0,NA,2023-11-21 11:43:00.738000,0.034444999999999996,NA,2,0.0,2023-11-21 11:53:43.576000,NA,0.76389,NA,3,4.0,2023-11-20 22:14:58.523000,2023-11-20 09:07:07.278000,1.0777766666666666,0.056666666666666664,0.0,0.055001666666666664,5.0,2023-11-20 22:15:40.537000,NA,NA,NA,NA,NA,NA,9817,4034
NA,NA,NA,NA,56.0,60.0,68.0,48.0,58,1989,92_datatwo,20/11/23 - 26/11/23,0.0,0.2175,0.0,0.0,0.0,0.0,0.0,00:13:03,01:07:14,3,3,0.21583333333333332,0.0011116666666666666,0.0,0.0,0.0,0.0,NA,1,0,NA,0,0,2023-11-21 11:31:57.755000,2023-11-21 11:44:54.725000,NA,NA,NA,NA,Week 8,0.0,0.0,0,0,NA,NA,0.0,0,0,NA,NA,0.0,1,0,NA,NA,NA,0.0,NA,0,0.0,NA,NA,0.0,NA,0,0.0,NA,NA,0.0,NA,1,0.0,2023-11-21 11:44:59.126000,NA,0.0,0.0,0.0,0.0,0.0,NA,NA,NA,NA,NA,NA,NA,783,4034
NA,NA,NA,NA,68.0,60.0,52.0,52.0,58,1994,94_datatwo,20/11/23 - 26/11/23,0.0,0.0,0.0,0.0,0.0,0.0,0.0,00:00:00,01:07:14,0,0,0.0,0.0,0.0,0.0,0.0,0.0,NA,0,0,NA,0,0,NA,NA,NA,NA,NA,NA,Week 8,0.0,0.0,0,0,NA,NA,0.0,0,0,NA,NA,0.0,0,0,NA,NA,NA,0.0,NA,0,0.0,NA,NA,0.0,NA,0,0.0,NA,NA,0.0,NA,0,0.0,NA,NA,0.0,0.0,0.0,0.0,0.0,NA,NA,NA,NA,NA,NA,NA,0,4034
0.56,0.6,0.36,NA,80.0,76.0,68.0,80.0,76,2000,95_datatwo,20/11/23 - 26/11/23,0.1902783333333333,0.3688883333333334,0.0,0.0,0.0,0.0,0.0,00:33:33,01:07:14,2,4,0.27888999999999997,0.23694333333333334,0.0,0.0,0.0,0.0,NA,3,0,NA,0,0,2023-11-20 22:28:00.861000,2023-11-20 22:28:07.395000,NA,NA,NA,NA,Week 8,0.0,0.0,0,0,NA,NA,0.0,0,0,NA,NA,0.0,5,0,NA,NA,NA,0.0,NA,0,0.0,NA,NA,0.0,NA,0,0.0,NA,NA,0.0,NA,0,0.0,NA,NA,0.0,0.0,0.0,0.0,0.0,NA,NA,NA,NA,NA,NA,NA,2013,4034
0.52,0.56,0.68,0.52,64.0,68.0,72.0,76.0,70,1987,96_datatwo,20/11/23 - 26/11/23,0.0,1.9063883333333331,0.0,0.0,0.0,0.0,0.08861166666666667,01:59:42,01:07:14,8,12,0.013333333333333334,0.0125,1.4277783333333334,0.35583333333333333,0.0,0.0,NA,4,2,NA,0,0,2023-11-21 10:59:58.686000,2023-11-21 10:59:24.506000,NA,2023-11-21 12:22:23.154000,NA,NA,Week 8,0.0,0.0,0,0,NA,NA,0.0,1,0,2023-11-21 11:00:03.808000,NA,0.0,5,0,NA,NA,NA,0.0,NA,0,1.0,NA,2023-11-21 20:49:41.848000,0.0,NA,0,1.0,NA,2023-11-21 20:51:34.906000,0.08277666666666667,NA,3,1.0,2023-11-21 10:59:35.188000,2023-11-21 20:53:00.951000,0.0,0.029721666666666667,0.02222166666666667,0.028333333333333332,0.0,NA,NA,NA,NA,NA,NA,NA,7182,4034
NA,NA,NA,NA,64.0,58.0,55.0,71.0,62,1992,97_datatwo,20/11/23 - 26/11/23,0.0,0.0,0.07305500000000001,0.0,0.0,0.343055,0.0,00:24:58,01:07:14,6,7,0.012221666666666665,0.26916666666666667,0.0022216666666666665,0.0063883333333333335,0.015000000000000001,0.0013883333333333332,NA,2,1,NA,3,1,2023-11-25 18:17:17.628000,2023-11-25 12:47:06.949000,NA,2023-11-25 18:16:54.768000,2023-11-25 18:17:22.252000,2023-11-25 18:17:31.969000,Week 8,0.0,0.0,0,0,NA,NA,0.0,1,0,2023-11-25 18:18:08.876000,NA,0.0,3,0,NA,NA,NA,0.0,NA,0,0.0,NA,NA,0.0,NA,0,0.0,NA,NA,0.0,NA,0,0.0,NA,NA,0.0,0.0,0.0,0.0,0.0,NA,NA,NA,NA,NA,NA,NA,1498,4034
NA,NA,NA,NA,76.0,60.0,76.0,76.0,72,1984,98_datatwo,20/11/23 - 26/11/23,0.0,2.8497216666666665,0.0,0.0,0.9122216666666667,0.0,0.0,03:45:43,01:07:14,16,19,0.7291666666666666,0.08222333333333334,0.125,0.09222166666666666,0.07416666666666667,0.1361116666666667,NA,18,1,NA,3,1,2023-11-21 11:31:38.196000,2023-11-21 12:15:22.830000,NA,2023-11-24 12:15:47.112000,2023-11-24 12:29:33.406000,2023-11-24 12:35:05.341000,Week 8,0.15472166666666667,0.058054999999999995,2,2,2023-11-24 12:43:29.359000,2023-11-24 12:53:14.415000,0.031111666666666666,2,1,2023-11-24 12:21:57.892000,2023-11-24 12:55:51.716000,0.013055,2,1,NA,NA,2023-11-24 12:58:58.412000,0.013611666666666668,NA,1,7.0,2023-11-24 12:59:50.152000,2023-11-24 12:15:26.012000,0.014166666666666666,NA,1,0.0,2023-11-24 13:00:45.263000,NA,2.04,NA,3,0.0,2023-11-21 12:15:29.520000,NA,0.06083333333333333,0.02,0.0,0.0,1.0,2023-11-24 13:02:57.520000,NA,NA,NA,NA,NA,NA,13543,4034
NA,0.4,0.48,0.4,64.0,64.0,60.0,52.0,60,1979,99_datatwo,20/11/23 - 26/11/23,0.265,3.38611,0.6308333333333334,0.0,2.024723333333333,0.0,0.2072216666666667,06:30:50,01:07:14,15,36,0.051388333333333334,0.31555666666666665,0.09277833333333334,0.0036116666666666667,1.793888333333333,0.19777833333333333,NA,28,5,NA,5,5,2023-11-20 07:31:50.909000,2023-11-21 11:21:08.930000,NA,2023-11-24 09:56:30.615000,2023-11-24 09:56:24.834000,2023-11-24 16:26:26.158000,Week 8,0.0,0.0,0,0,NA,NA,0.04,1,3,2023-11-20 18:12:57.942000,2023-11-24 09:52:04.781000,0.0016666666666666668,10,1,NA,NA,2023-11-21 11:49:37.222000,0.06361166666666666,NA,6,2.0,2023-11-24 09:49:43.411000,2023-11-20 07:32:11.740000,0.005278333333333333,NA,1,2.0,2023-11-22 09:54:00.224000,2023-11-20 18:02:22.010000,3.6766666666666667,NA,10,2.0,2023-11-21 11:21:11.806000,2023-11-20 18:03:42.063000,0.04666666666666666,0.011666666666666665,0.031111666666666666,0.13972166666666666,1.0,2023-11-21 12:13:41.118000,NA,NA,NA,NA,NA,NA,23450,4034
0.64,0.68,0.64,0.8,68.0,68.0,68.0,80.0,71,1991,100_datatwo,20/11/23 - 26/11/23,0.0,3.012778333333334,0.0,0.0,0.0,0.0,0.0,03:00:46,01:07:14,5,8,0.04944333333333333,0.007500000000000001,0.0,0.0,0.0,0.0,NA,5,0,NA,0,0,2023-11-21 20:27:50.002000,2023-11-21 12:41:25.143000,NA,NA,NA,NA,Week 8,0.0,0.0,0,0,NA,NA,0.0,0,0,NA,NA,0.0,2,0,NA,NA,NA,0.0,NA,0,0.0,NA,NA,0.0,NA,1,0.0,2023-11-21 21:19:46.488000,NA,2.498055,NA,4,0.0,2023-11-21 12:41:30.604000,NA,0.029445,0.0,0.0,0.0,1.0,2023-11-21 18:38:02.425000,NA,NA,NA,NA,NA,NA,10846,4034
NA,NA,NA,NA,68.0,60.0,64.0,64.0,64,1990,101_datatwo,20/11/23 - 26/11/23,0.0,0.10083333333333333,0.0,0.0,0.0,0.0,0.069445,00:10:13,01:07:14,1,1,0.057221666666666664,0.0,0.0,0.0,0.0,0.0,NA,0,0,NA,0,0,2023-11-26 19:05:42.839000,NA,NA,NA,NA,NA,Week 8,0.0,0.0,0,0,NA,NA,0.0,0,0,NA,NA,0.0,2,0,NA,NA,NA,0.0,NA,0,0.0,NA,NA,0.0,NA,0,0.0,NA,NA,0.0,NA,0,0.0,NA,NA,0.0,0.0,0.0,0.0,0.0,NA,NA,NA,NA,NA,NA,NA,613,4034
0.6,0.68,0.48,0.72,68.0,76.0,64.0,76.0,71,2001,102_datatwo,20/11/23 - 26/11/23,0.15333333333333332,0.49583333333333335,0.0,0.0,0.0,0.0,0.13333333333333333,00:46:57,01:07:14,5,11,0.12722166666666668,0.13416666666666668,0.0,0.0,0.0,0.0,NA,3,0,NA,0,0,2023-11-20 16:34:54.586000,2023-11-20 16:34:57.714000,NA,NA,NA,NA,Week 8,0.0,0.0,0,0,NA,NA,0.0,0,0,NA,NA,0.0,8,0,NA,NA,NA,0.0,NA,0,2.0,NA,2023-11-20 16:35:35.694000,0.0,NA,0,1.0,NA,2023-11-20 16:35:50.712000,0.0,NA,0,2.0,NA,2023-11-20 22:35:38.371000,0.0,0.001945,0.0,0.03138833333333333,0.0,NA,NA,NA,NA,NA,NA,NA,2817,4034
NA,NA,NA,NA,68.0,60.0,56.0,56.0,60,2001,103_datatwo,20/11/23 - 26/11/23,0.0,0.0,0.0,0.0,0.0,0.0,0.0,00:00:00,01:07:14,0,0,0.0,0.0,0.0,0.0,0.0,0.0,NA,0,0,NA,0,0,NA,NA,NA,NA,NA,NA,Week 8,0.0,0.0,0,0,NA,NA,0.0,0,0,NA,NA,0.0,0,0,NA,NA,NA,0.0,NA,0,0.0,NA,NA,0.0,NA,0,0.0,NA,NA,0.0,NA,0,0.0,NA,NA,0.0,0.0,0.0,0.0,0.0,NA,NA,NA,NA,NA,NA,NA,0,4034
NA,NA,NA,NA,64.0,58.0,66.0,72.0,65,1996,104_datatwo,20/11/23 - 26/11/23,0.0,0.0,0.0,0.0,0.03166666666666666,0.0,0.0,00:01:54,01:07:14,2,2,0.020555,0.011111666666666667,0.0,0.0,0.0,0.0,NA,2,0,NA,0,0,2023-11-24 07:26:51.402000,2023-11-24 07:26:47.916000,NA,NA,NA,NA,Week 8,0.0,0.0,0,0,NA,NA,0.0,0,0,NA,NA,0.0,2,0,NA,NA,NA,0.0,NA,0,0.0,NA,NA,0.0,NA,0,0.0,NA,NA,0.0,NA,0,0.0,NA,NA,0.0,0.0,0.0,0.0,0.0,NA,NA,NA,NA,NA,NA,NA,114,4034
0.48,0.28,NA,NA,60.0,56.0,56.0,68.0,60,1998,105_datatwo,20/11/23 - 26/11/23,0.0,0.0,0.0,0.0,0.0,0.0,0.0,00:00:00,01:07:14,0,0,0.0,0.0,0.0,0.0,0.0,0.0,NA,0,0,NA,0,0,NA,NA,NA,NA,NA,NA,Week 8,0.0,0.0,0,0,NA,NA,0.0,0,0,NA,NA,0.0,0,0,NA,NA,NA,0.0,NA,0,0.0,NA,NA,0.0,NA,0,0.0,NA,NA,0.0,NA,0,0.0,NA,NA,0.0,0.0,0.0,0.0,0.0,NA,NA,NA,NA,NA,NA,NA,0,4034
NA,NA,NA,NA,48.0,54.0,56.0,42.0,50,1995,106_datatwo,20/11/23 - 26/11/23,0.0,0.0,0.0,0.0,0.0,0.0,0.0,00:00:00,01:07:14,0,0,0.0,0.0,0.0,0.0,0.0,0.0,NA,0,0,NA,0,0,NA,NA,NA,NA,NA,NA,Week 8,0.0,0.0,0,0,NA,NA,0.0,0,0,NA,NA,0.0,0,0,NA,NA,NA,0.0,NA,0,0.0,NA,NA,0.0,NA,0,0.0,NA,NA,0.0,NA,0,0.0,NA,NA,0.0,0.0,0.0,0.0,0.0,NA,NA,NA,NA,NA,NA,NA,0,4034
NA,NA,NA,NA,60.0,60.0,56.0,56.0,58,1999,107_datatwo,20/11/23 - 26/11/23,0.0,0.0,0.0,0.0,0.0,0.0,0.0,00:00:00,01:07:14,0,0,0.0,0.0,0.0,0.0,0.0,0.0,NA,0,0,NA,0,0,NA,NA,NA,NA,NA,NA,Week 8,0.0,0.0,0,0,NA,NA,0.0,0,0,NA,NA,0.0,0,0,NA,NA,NA,0.0,NA,0,0.0,NA,NA,0.0,NA,0,0.0,NA,NA,0.0,NA,0,0.0,NA,NA,0.0,0.0,0.0,0.0,0.0,NA,NA,NA,NA,NA,NA,NA,0,4034
NA,0.6,0.6,NA,62.0,66.0,68.0,84.0,70,1911,108_datatwo,20/11/23 - 26/11/23,0.01944333333333333,2.716388333333333,0.0,0.0,0.0,0.0,0.0,02:44:08,01:07:14,6,11,0.055555,0.008611666666666665,0.005278333333333333,0.00027833333333333334,0.0,0.0,NA,1,2,NA,0,0,2023-11-20 19:38:03.403000,2023-11-21 16:35:54.840000,NA,2023-11-20 19:38:23.655000,NA,NA,Week 8,0.0,0.0,0,0,NA,NA,0.0,1,0,2023-11-20 19:38:06.603000,NA,0.0,5,0,NA,NA,NA,0.0,NA,0,0.0,NA,NA,0.0,NA,0,0.0,NA,NA,0.021111666666666664,NA,1,3.0,2023-11-21 16:36:25.710000,2023-11-20 19:38:28.014000,0.0,0.0,0.0,2.6286116666666666,0.0,NA,NA,NA,NA,NA,NA,NA,9848,4034
0.56,0.64,0.52,0.6,68.0,72.0,64.0,76.0,70,1999,109_datatwo,20/11/23 - 26/11/23,0.0,1.395,0.0,0.0,0.0,0.0,0.0,01:23:42,01:07:14,12,16,0.017778333333333333,0.18888833333333335,0.001945,0.0013883333333333332,0.0016666666666666668,0.0,NA,8,2,NA,1,0,2023-11-21 12:06:49.285000,2023-11-21 12:18:20.056000,NA,2023-11-21 16:58:01.920000,2023-11-21 17:35:47.341000,NA,Week 8,0.0,0.0,0,0,NA,NA,0.17777833333333332,3,4,2023-11-21 16:57:58.731000,2023-11-21 12:06:54.931000,0.0008333333333333334,8,1,NA,NA,2023-11-21 17:35:34.945000,0.0008333333333333334,NA,1,0.0,2023-11-21 17:35:31.179000,NA,0.003888333333333333,NA,1,0.0,2023-11-21 12:18:24.955000,NA,0.13333333333333333,NA,3,3.0,2023-11-21 17:25:37.455000,2023-11-21 12:07:06.524000,0.008611666666666665,0.0,0.0,0.7766666666666667,1.0,2023-11-21 12:18:42.106000,NA,NA,NA,NA,NA,NA,5022,4034
NA,NA,NA,NA,64.0,64.0,60.0,64.0,63,1997,110_datatwo,20/11/23 - 26/11/23,0.003055,0.5422216666666667,0.0175,0.0,1.6555549999999999,0.0,0.0,02:13:05,01:07:14,11,23,0.08138833333333334,0.039445,0.055555,0.007776666666666666,0.0,0.0,NA,17,8,NA,0,0,2023-11-24 09:32:48.721000,2023-11-20 12:29:26.222000,NA,2023-11-20 12:29:24.404000,NA,NA,Week 8,0.0,0.0,0,0,NA,NA,1.7711116666666666,7,3,2023-11-21 16:49:04.645000,2023-11-21 16:49:08.722000,0.0175,3,4,NA,NA,2023-11-20 12:29:30.239000,0.01,NA,2,1.0,2023-11-21 17:06:54.444000,2023-11-24 10:33:06.503000,0.006666666666666667,NA,1,0.0,2023-11-21 17:07:37.268000,NA,0.001945,NA,2,0.0,2023-11-21 17:09:11.589000,NA,0.005,0.0011116666666666666,0.0,0.0,1.0,2023-11-24 10:31:04.613000,NA,NA,NA,NA,NA,NA,7985,4034
0.64,0.68,0.72,0.8,69.0,75.0,80.0,80.0,76,1994,111_datatwo,20/11/23 - 26/11/23,0.5263883333333333,0.3152783333333333,0.0,0.007221666666666667,5.823888333333333,0.005555000000000001,0.27027833333333334,06:56:55,01:07:14,11,31,0.06083333333333333,0.03861166666666667,0.0011116666666666666,0.00111,0.0,0.0,NA,21,2,NA,0,0,2023-11-20 20:33:46.309000,2023-11-20 20:42:51.312000,NA,2023-11-20 20:43:01.059000,NA,NA,Week 8,0.0,0.0,0,0,NA,NA,0.0,3,0,2023-11-20 20:42:59.289000,NA,0.8611116666666666,13,6,NA,NA,2023-11-20 20:33:50.670000,0.5197216666666666,NA,4,1.0,2023-11-21 11:51:22.306000,2023-11-21 11:43:35.855000,0.030000000000000002,NA,1,0.0,2023-11-21 11:47:17.113000,NA,1.8741666666666668,NA,5,2.0,2023-11-21 11:42:36.428000,2023-11-20 21:21:41.505000,0.005833333333333333,0.008611666666666665,0.0,0.005278333333333333,2.0,2023-11-21 11:46:57.162000,NA,NA,NA,NA,NA,NA,25015,4034
NA,NA,NA,NA,72.0,72.0,80.0,76.0,75,1998,112_datatwo,20/11/23 - 26/11/23,0.0,0.0,0.0,0.0,0.0,0.0,0.0,00:00:00,01:07:14,0,0,0.0,0.0,0.0,0.0,0.0,0.0,NA,0,0,NA,0,0,NA,NA,NA,NA,NA,NA,Week 8,0.0,0.0,0,0,NA,NA,0.0,0,0,NA,NA,0.0,0,0,NA,NA,NA,0.0,NA,0,0.0,NA,NA,0.0,NA,0,0.0,NA,NA,0.0,NA,0,0.0,NA,NA,0.0,0.0,0.0,0.0,0.0,NA,NA,NA,NA,NA,NA,NA,0,4034
0.48,NA,NA,NA,68.0,64.0,68.0,56.0,64,2000,113_datatwo,20/11/23 - 26/11/23,0.0,0.0,0.012221666666666665,0.0,0.0,0.0,0.0,00:00:44,01:07:14,1,1,0.012221666666666665,0.0,0.0,0.0,0.0,0.0,NA,0,0,NA,0,0,2023-11-22 18:41:57.488000,NA,NA,NA,NA,NA,Week 8,0.0,0.0,0,0,NA,NA,0.0,0,0,NA,NA,0.0,1,0,NA,NA,NA,0.0,NA,0,0.0,NA,NA,0.0,NA,0,0.0,NA,NA,0.0,NA,0,0.0,NA,NA,0.0,0.0,0.0,0.0,0.0,NA,NA,NA,NA,NA,NA,NA,44,4034
0.6,0.72,0.64,NA,66.0,71.0,69.0,62.0,67,2001,114_datatwo,20/11/23 - 26/11/23,0.11,0.780555,0.0,0.0,0.0,0.0,0.0,00:53:26,01:07:14,5,16,0.022778333333333334,0.00611,0.0,0.0,0.0,0.0,NA,4,0,NA,0,0,2023-11-20 08:43:10.413000,2023-11-20 22:46:26.187000,NA,NA,NA,NA,Week 8,0.0,0.0,0,0,NA,NA,0.0,0,0,NA,NA,0.0,7,0,NA,NA,NA,0.0,NA,0,0.0,NA,NA,0.07111166666666667,NA,1,0.0,2023-11-21 12:12:17.927000,NA,0.6111116666666666,NA,2,0.0,2023-11-21 11:07:58.872000,NA,0.10222166666666667,0.0,0.0,0.0,5.0,2023-11-20 08:43:14.696000,NA,NA,NA,NA,NA,NA,3206,4034
NA,0.32,NA,0.52,64.0,72.0,60.0,68.0,66,1995,115_datatwo,20/11/23 - 26/11/23,3.3230549999999996,0.0,0.0,0.5355566666666667,4.674166666666666,0.0,0.09000000000000001,08:37:22,01:07:14,10,33,0.030555000000000002,0.5922233333333333,0.3405566666666667,0.0008333333333333334,0.0,0.0,NA,27,4,NA,0,0,2023-11-23 15:52:28.716000,2023-11-20 00:44:06.491000,NA,2023-11-20 12:23:52.240000,NA,NA,Week 8,0.0,6.205556666666667,0,17,NA,2023-11-20 00:44:10.305000,0.0,1,0,2023-11-23 15:52:53.050000,NA,0.0,9,0,NA,NA,NA,0.007500000000000001,NA,1,0.0,2023-11-26 23:03:03.831000,NA,0.028611666666666664,NA,1,5.0,2023-11-26 23:03:39.291000,2023-11-23 15:54:23.213000,0.008055,NA,1,0.0,2023-11-26 23:05:37.452000,NA,0.0,0.0,0.045276666666666666,0.0,1.0,2023-11-26 23:06:46.223000,NA,NA,NA,NA,NA,NA,31042,4034
0.6,0.68,0.52,NA,72.0,72.0,60.0,68.0,68,2002,116_datatwo,20/11/23 - 26/11/23,0.8016666666666666,0.6869449999999999,0.0,0.0,0.0,0.0,0.0,01:29:19,01:07:14,7,15,1.1216666666666666,0.003055,0.0,0.00027833333333333334,0.0,0.0,NA,6,1,NA,0,0,2023-11-20 01:40:00.292000,2023-11-20 19:13:05.557000,NA,2023-11-20 18:25:20.317000,NA,NA,Week 8,0.0,0.0,0,0,NA,NA,0.0,1,0,2023-11-21 11:44:03.510000,NA,0.0,9,0,NA,NA,NA,0.0,NA,0,0.0,NA,NA,0.0,NA,0,0.0,NA,NA,0.0,NA,2,3.0,2023-11-20 19:13:13.877000,2023-11-20 01:40:09.873000,0.019723333333333332,0.0,0.0,0.013333333333333334,4.0,2023-11-20 01:40:02.705000,NA,NA,NA,NA,NA,NA,5359,4034
NA,NA,NA,NA,68.0,58.0,56.0,50.0,58,1996,117_datatwo,20/11/23 - 26/11/23,0.0,0.0,0.08111166666666667,1.3008333333333333,0.0,0.0,0.0,01:22:55,01:07:14,4,7,1.21,0.0008333333333333334,0.004166666666666667,0.0013883333333333332,0.0,0.0,NA,1,2,NA,0,0,2023-11-22 18:02:46.572000,2023-11-23 23:37:43.897000,NA,2023-11-23 23:37:40.926000,NA,NA,Week 8,0.0,0.0,0,0,NA,NA,0.0,2,0,2023-11-22 21:06:23.818000,NA,0.0,5,0,NA,NA,NA,0.0,NA,0,0.0,NA,NA,0.0,NA,0,0.0,NA,NA,0.0,NA,0,0.0,NA,NA,0.0,0.0,0.0,0.0,0.0,NA,NA,NA,NA,NA,NA,NA,4975,4034
60,68,NA,NA,68.0,72.0,56.0,56.0,63,1990,118_datatwo,18/03/24 - 24/03/24,0.0,2.912223333333334,0.0,0.0,0.0,0.0,0.0,02:54:44,01:50:57,6,7,0.0,0.005278333333333333,0.0011116666666666666,0.0,0.0,0.0,NA,3,2,NA,0,0,NA,2024-03-19 04:51:15.195000,NA,NA,NA,NA,Week 8,0.0,0.0,0,0,NA,NA,0.0,0,0,2024-03-19 04:51:12.296000,NA,0.0,0,0,NA,NA,NA,0.0,NA,1,0.0,2024-03-19 04:53:42.229000,NA,0.0,NA,0,0.0,NA,NA,0.0,NA,0,0.0,NA,NA,0.0,0.0,0.0,0.0,0.0,NA,NA,NA,NA,NA,NA,NA,10484,6657
NA,68,NA,NA,72.0,68.0,72.0,52.0,66,1987,119_datatwo,18/03/24 - 24/03/24,0.003888333333333333,0.3641666666666667,0.028611666666666664,0.0,0.0,0.0,0.0,00:23:48,01:50:57,5,7,0.0,0.004166666666666667,0.0,0.0,0.0,0.0,NA,2,0,NA,0,0,NA,2024-03-18 17:59:34.753000,NA,NA,NA,NA,Week 8,0.0,0.0,0,0,NA,NA,0.0,0,0,NA,NA,0.0,0,0,NA,NA,NA,0.0,NA,0,0.0,NA,NA,0.0,NA,0,0.0,NA,NA,0.0,NA,0,0.0,NA,NA,0.105555,0.0,0.0,0.0,2.0,2024-03-18 17:59:41.797000,NA,NA,NA,NA,NA,NA,1428,6657
52,72,72,NA,64.0,72.0,76.0,72.0,71,1995,120_datatwo,18/03/24 - 24/03/24,0.6113883333333334,7.1886116666666675,1.1161116666666666,0.0,0.7138883333333333,0.7494449999999999,5.958888333333333,16:20:18,01:50:57,21,46,2.7469466666666666,3.031665,0.009166666666666667,0.03777833333333334,0.000555,0.0,NA,45,5,NA,1,0,2024-03-18 21:40:01.576000,2024-03-18 21:39:55.210000,NA,2024-03-22 23:55:33.289000,2024-03-24 21:42:39.693000,NA,Week 8,0.0,0.0,0,0,NA,NA,0.0,4,0,2024-03-18 21:39:53.118000,NA,4.465,19,6,NA,NA,2024-03-19 11:47:56.415000,4.371666666666667,NA,21,1.0,2024-03-18 22:08:40.521000,2024-03-22 23:21:18.595000,0.12639,NA,3,1.0,2024-03-18 22:07:10.278000,2024-03-22 23:21:27.678000,0.7647216666666666,NA,4,0.0,2024-03-19 10:31:58.851000,NA,0.005,0.0016666666666666668,0.0011116666666666666,0.0,2.0,2024-03-19 11:17:54.207000,NA,NA,NA,NA,NA,NA,58818,6657
56,60,72,NA,72.0,68.0,80.0,60.0,70,1996,121_datatwo,18/03/24 - 24/03/24,2.971945,4.5225,1.5658333333333334,1.6247216666666666,0.0,0.0,0.0,10:41:06,01:50:57,10,19,3.015833333333333,1.239998333333333,0.0013883333333333332,0.26416666666666666,0.0,0.0,NA,12,1,NA,0,0,2024-03-18 18:09:46.306000,2024-03-18 12:20:24.164000,NA,2024-03-20 17:37:17.822000,NA,NA,Week 8,0.0,0.0,0,0,NA,NA,0.0,1,0,2024-03-18 19:54:19.496000,NA,1.0,8,4,NA,NA,2024-03-18 18:42:35.883000,4.488611666666667,NA,6,0.0,2024-03-18 18:10:23.818000,NA,0.0,NA,0,0.0,NA,NA,0.41916666666666663,NA,1,0.0,2024-03-18 18:17:16.546000,NA,0.0,0.0,0.0,0.0,0.0,NA,NA,NA,NA,NA,NA,NA,38466,6657
24,NA,NA,NA,64.0,64.0,72.0,72.0,68,1993,122_datatwo,18/03/24 - 24/03/24,0.0,0.0,0.0,0.0,0.0,0.0,0.0,00:00:00,01:50:57,0,0,0.0,0.0,0.0,0.0,0.0,0.0,NA,0,0,NA,0,0,NA,NA,NA,NA,NA,NA,Week 8,0.0,0.0,0,0,NA,NA,0.0,0,0,NA,NA,0.0,0,0,NA,NA,NA,0.0,NA,0,0.0,NA,NA,0.0,NA,0,0.0,NA,NA,0.0,NA,0,0.0,NA,NA,0.0,0.0,0.0,0.0,0.0,NA,NA,NA,NA,NA,NA,NA,0,6657
NA,NA,NA,NA,64.0,60.0,52.0,52.0,57,2001,123_datatwo,18/03/24 - 24/03/24,0.0,2.1727783333333335,0.0,0.0,0.0,0.000555,0.0,02:10:24,01:50:57,7,7,0.0,2.0388883333333334,0.0,0.0,0.0,0.0,NA,7,0,NA,0,0,2024-03-23 13:09:08.982000,2024-03-19 10:37:56.810000,NA,NA,NA,NA,Week 8,0.0,0.0,0,0,NA,NA,0.0,0,0,NA,NA,0.0,1,0,NA,NA,NA,0.11583333333333333,NA,3,0.0,2024-03-19 10:38:15.709000,NA,0.0013883333333333332,NA,1,0.0,2024-03-19 11:04:10.052000,NA,0.0033333333333333335,NA,1,0.0,2024-03-19 11:03:39.596000,NA,0.0016666666666666668,0.0,0.0,0.0,1.0,2024-03-19 11:03:56.136000,NA,NA,NA,NA,NA,NA,7824,6657
44,68,56,NA,72.0,72.0,60.0,52.0,64,1998,124_datatwo,18/03/24 - 24/03/24,1.599445,1.834445,0.0,0.0,0.0,0.0,0.0,03:26:02,01:50:57,14,16,0.08222333333333334,0.0030566666666666663,0.0,0.000555,0.0,0.0,NA,3,0,NA,0,0,2024-03-18 09:53:27.791000,2024-03-18 09:53:23.570000,NA,2024-03-19 04:47:28.862000,NA,NA,Week 8,0.0,0.0,0,0,NA,NA,0.0,1,0,NA,NA,0.24222166666666667,7,1,NA,NA,2024-03-19 04:27:56.553000,0.06805499999999999,NA,1,1.0,2024-03-19 04:47:35.918000,2024-03-18 09:53:32.718000,0.0,NA,0,1.0,NA,2024-03-18 11:29:17.482000,0.0,NA,0,0.0,NA,NA,0.0,1.5933333333333333,0.0,0.0,0.0,NA,NA,NA,NA,NA,NA,NA,12362,6657
NA,NA,NA,NA,72.0,72.0,68.0,76.0,72,1991,125_datatwo,18/03/24 - 24/03/24,0.0,0.011111666666666667,0.0,0.0,0.0,0.0,0.18888833333333335,00:12:00,01:50:57,5,6,0.13722166666666666,0.0011116666666666666,0.013333333333333334,0.0,0.0,0.0,NA,1,2,NA,0,0,2024-03-24 16:22:56.447000,2024-03-19 12:31:32.264000,NA,2024-03-24 16:31:15.833000,NA,NA,Week 8,0.0,0.0,0,0,NA,NA,0.0,1,0,2024-03-19 12:31:00.538000,NA,0.0,1,0,NA,NA,NA,0.0,NA,0,0.0,NA,NA,0.0,NA,0,0.0,NA,NA,0.0,NA,1,0.0,2024-03-19 12:31:35.915000,NA,0.0,0.0,0.0,0.0,0.0,NA,NA,NA,NA,NA,NA,NA,720,6657
NA,NA,NA,NA,75.0,67.0,67.0,59.0,67,1995,126_datatwo,18/03/24 - 24/03/24,0.0,0.0,0.0,0.0,0.0,0.0,0.0,00:00:00,01:50:57,0,0,0.0,0.0,0.0,0.0,0.0,0.0,NA,0,0,NA,0,0,NA,NA,NA,NA,NA,NA,Week 8,0.0,0.0,0,0,NA,NA,0.0,0,0,NA,NA,0.0,0,0,NA,NA,NA,0.0,NA,0,0.0,NA,NA,0.0,NA,0,0.0,NA,NA,0.0,NA,0,0.0,NA,NA,0.0,0.0,0.0,0.0,0.0,NA,NA,NA,NA,NA,NA,NA,0,6657
NA,NA,NA,NA,56.0,56.0,56.0,60.0,57,2000,127_datatwo,18/03/24 - 24/03/24,0.0,0.3283333333333333,0.0,0.030833333333333334,0.0,0.0,0.0,00:21:33,01:50:57,15,16,0.05472333333333333,0.018888333333333333,0.0,0.000555,0.0,0.078055,NA,14,0,NA,0,3,2024-03-19 12:11:02.211000,2024-03-19 11:34:32.392000,NA,2024-03-19 11:48:57.227000,NA,2024-03-19 11:35:45.215000,Week 8,0.025278333333333333,0.010555,2,1,2024-03-19 11:38:47.838000,2024-03-19 11:47:00.189000,0.012778333333333334,1,1,NA,2024-03-19 11:47:40.289000,0.008055,2,1,NA,NA,2024-03-19 11:48:28.422000,0.005555000000000001,NA,1,0.0,2024-03-19 11:49:02.524000,NA,0.0036116666666666667,NA,1,0.0,2024-03-19 11:49:25.312000,NA,0.0047216666666666665,NA,1,0.0,2024-03-19 11:49:40.316000,NA,0.004166666666666667,0.0,0.0,0.0,1.0,2024-03-19 11:50:00.069000,NA,NA,NA,NA,NA,NA,1293,6657
64,68,NA,NA,68.0,72.0,52.0,52.0,61,1999,128_datatwo,18/03/24 - 24/03/24,0.0,0.0,0.0,0.0,0.0,0.0,0.0,00:00:00,01:50:57,0,0,0.0,0.0,0.0,0.0,0.0,0.0,NA,0,0,NA,0,0,NA,NA,NA,NA,NA,NA,Week 8,0.0,0.0,0,0,NA,NA,0.0,0,0,NA,NA,0.0,0,0,NA,NA,NA,0.0,NA,0,0.0,NA,NA,0.0,NA,0,0.0,NA,NA,0.0,NA,0,0.0,NA,NA,0.0,0.0,0.0,0.0,0.0,NA,NA,NA,NA,NA,NA,NA,0,6657
NA,NA,72,NA,68.0,64.0,76.0,64.0,68,1998,129_datatwo,18/03/24 - 24/03/24,0.7813883333333334,0.022778333333333334,0.0,0.0175,0.03833333333333333,0.0,0.0,00:51:36,01:50:57,11,19,0.21305500000000002,0.0052766666666666665,0.0,0.000555,0.0,0.0,NA,4,0,NA,1,0,2024-03-18 22:43:10.633000,2024-03-18 13:24:14.512000,NA,2024-03-18 15:34:57.172000,2024-03-19 11:50:25.678000,NA,Week 8,0.0,0.0,0,0,NA,NA,0.0,1,0,NA,NA,0.0,9,1,NA,NA,2024-03-18 13:24:17.600000,0.0,NA,1,0.0,2024-03-18 15:35:01.282000,NA,0.0,NA,0,0.0,NA,NA,0.0,NA,0,0.0,NA,NA,0.0,0.0,0.0,0.0,1.0,2024-03-19 13:20:26.128000,NA,NA,NA,NA,NA,NA,3096,6657
64,68,56,NA,72.0,72.0,68.0,68.0,70,2000,130_datatwo,18/03/24 - 24/03/24,0.007500000000000001,0.06611166666666667,0.0,0.0,0.0,0.0,0.0,00:04:25,01:50:57,5,6,0.009721666666666665,0.007778333333333333,0.0,0.000555,0.0,0.0,NA,2,0,NA,0,0,2024-03-19 21:53:39.058000,2024-03-18 19:52:45.027000,NA,2024-03-19 21:55:11.281000,NA,NA,Week 8,0.0,0.0,0,0,NA,NA,0.0,1,0,NA,NA,0.0,5,0,NA,NA,NA,0.0,NA,0,0.0,NA,NA,0.0,NA,0,0.0,NA,NA,0.0,NA,0,0.0,NA,NA,0.0,0.0,0.0,0.0,0.0,NA,NA,NA,NA,NA,NA,NA,265,6657
NA,NA,NA,NA,52.0,52.0,52.0,72.0,57,1985,131_datatwo,18/03/24 - 24/03/24,0.0,0.0,0.0,0.0,0.0,0.0,0.0,00:00:00,01:50:57,0,0,0.0,0.0,0.0,0.0,0.0,0.0,NA,0,0,NA,0,0,NA,NA,NA,NA,NA,NA,Week 8,0.0,0.0,0,0,NA,NA,0.0,0,0,NA,NA,0.0,0,0,NA,NA,NA,0.0,NA,0,0.0,NA,NA,0.0,NA,0,0.0,NA,NA,0.0,NA,0,0.0,NA,NA,0.0,0.0,0.0,0.0,0.0,NA,NA,NA,NA,NA,NA,NA,0,6657
48,64,48,NA,68.0,72.0,60.0,60.0,65,1997,132_datatwo,18/03/24 - 24/03/24,0.0,2.0552783333333333,0.0027783333333333336,0.0,0.0,0.0,0.0,02:03:29,01:50:57,10,17,0.01583333333333333,0.39861166666666664,0.00027833333333333334,0.0013883333333333332,0.0,0.0,NA,9,1,NA,0,0,2024-03-19 05:01:20.754000,2024-03-19 00:50:20.852000,NA,2024-03-19 05:03:37.166000,NA,NA,Week 8,0.0,0.0,0,0,NA,NA,0.0,1,0,2024-03-19 05:03:32.501000,NA,0.03888833333333333,12,1,NA,NA,2024-03-19 04:35:27.066000,0.13944499999999999,NA,3,0.0,2024-03-19 00:50:38.928000,NA,0.24277833333333332,NA,2,0.0,2024-03-19 00:51:55.425000,NA,0.0,NA,0,0.0,NA,NA,0.0,0.0,0.0,0.0,0.0,NA,NA,NA,NA,NA,NA,NA,7409,6657
32,68,NA,60,52.0,72.0,52.0,68.0,61,1996,133_datatwo,18/03/24 - 24/03/24,4.833055,2.3336099999999997,0.0,0.0,0.0,0.0,0.0,07:09:59,01:50:57,9,13,0.6063883333333333,0.0033333333333333335,0.0,2.118333333333333,0.0,0.0,NA,3,0,NA,0,0,2024-03-18 20:48:21.893000,2024-03-18 20:48:11.294000,NA,2024-03-18 22:58:41.490000,NA,NA,Week 8,0.0,0.0,0,0,NA,NA,0.0,2,0,NA,NA,0.0,12,0,NA,NA,NA,0.009166666666666667,NA,3,3.0,2024-03-18 20:48:18.694000,2024-03-18 20:51:47.208000,0.0,NA,0,2.0,NA,2024-03-18 20:51:57.884000,0.0,NA,0,0.0,NA,NA,0.0,1.5377783333333332,0.5430550000000001,0.0,0.0,NA,NA,NA,NA,NA,NA,NA,25799,6657
NA,NA,NA,NA,64.0,56.0,60.0,52.0,58,1995,134_datatwo,18/03/24 - 24/03/24,0.0,0.028333333333333332,0.004166666666666667,0.0,0.0,0.0,0.0,00:01:57,01:50:57,1,1,0.007500000000000001,0.0,0.0,0.0,0.0,0.0,NA,0,0,NA,0,0,2024-03-19 17:18:36.240000,NA,NA,NA,NA,NA,Week 8,0.0,0.0,0,0,NA,NA,0.0,0,0,NA,NA,0.0,1,0,NA,NA,NA,0.0,NA,0,0.0,NA,NA,0.0,NA,0,0.0,NA,NA,0.0,NA,0,0.0,NA,NA,0.0,0.0,0.0,0.0,0.0,NA,NA,NA,NA,NA,NA,NA,117,6657
68,72,72,NA,72.0,80.0,68.0,64.0,70,2003,135_datatwo,18/03/24 - 24/03/24,3.0047216666666667,0.0008333333333333334,0.7427783333333333,0.3233333333333333,0.03833333333333333,0.0,0.0,04:06:36,01:50:57,11,22,0.00611,1.25639,0.00027833333333333334,0.013889999999999998,0.0,0.0,NA,8,1,NA,0,0,2024-03-21 04:09:41.138000,2024-03-18 15:57:58.349000,NA,2024-03-18 15:57:08.884000,NA,NA,Week 8,0.0,0.0,0,0,NA,NA,0.0,5,0,2024-03-22 22:05:06.022000,NA,1.0313883333333334,5,3,NA,NA,2024-03-18 15:58:04.482000,1.7361116666666667,NA,2,0.0,2024-03-18 15:58:10.214000,NA,0.0,NA,0,1.0,NA,2024-03-22 22:06:18.161000,0.0,NA,0,0.0,NA,NA,0.0,0.0,0.016666666666666666,0.0,0.0,NA,NA,NA,NA,NA,NA,NA,14796,6657
56,68,72,70,76.0,76.0,76.0,72.0,75,1999,136_datatwo,18/03/24 - 24/03/24,3.4991666666666665,2.859443333333333,0.0,0.0,0.0,0.0,0.0,06:21:31,01:50:57,9,12,2.0033333333333334,2.0033333333333334,0.0,2.0033333333333334,0.0,0.0,NA,3,0,NA,0,0,2024-03-18 23:58:00.326000,2024-03-18 12:10:10.516000,NA,2024-03-18 18:53:05.463000,NA,NA,Week 8,0.0,0.0,0,0,NA,NA,0.0,2,0,NA,NA,0.0,5,0,NA,NA,NA,0.0,NA,0,0.0,NA,NA,0.0,NA,0,1.0,NA,2024-03-19 01:12:55.441000,0.0,NA,0,0.0,NA,NA,0.0,0.0,0.030278333333333334,0.0,0.0,NA,NA,NA,NA,NA,NA,NA,22891,6657
0.48,0.48,0.52, ,0.56,0.56,0.56,0.56,56,1999,1_datatwo,28/11/22 - 04/12/22,0.0,1.0791666666666666,0.0,0.75,0.0,0.07861166666666668,0.0,01:54:28,01:54:24,11,18,0.0027766666666666664,0.009721666666666665,0.000555,0.000555,0.0,0.0,5,7,1,NA,0,0,2022-12-01 09:56:00.440000,2022-11-29 11:41:26.054000,NA,2022-12-01 10:03:35.176000,NA,NA,Week 9,0.0,0.0,0,0,NA,NA,0.0,2,0,2022-12-01 10:04:07.687000,NA,0.0,NA,0,NA,NA,NA,0.0,NA,0,NA,NA,NA,0.0,NA,0,NA,NA,NA,0.9052783333333333,NA,2,NA,2022-11-29 11:41:31.782000,NA,0.006666666666666667,NA,NA,NA,2,2022-11-29 12:45:46.125000,0.004445,NA,1.0,NA,2022-12-01 10:36:36.406000,NA,6868,6864
 , , , ,0.56,0.56,0.56,0.24,48,1992,2_datatwo,28/11/22 - 04/12/22,0.3858333333333333,0.0,1.5313883333333331,1.3847216666666666,2.269445,2.916945,0.0,08:29:18,01:54:24,10,18,0.063055,3.3163883333333333,0.0036116666666666667,0.000555,0.5397216666666667,0.11444499999999999,1,13,2,NA,2,2,2022-11-28 18:26:38.798000,2022-11-28 18:30:26.251000,NA,2022-12-01 18:12:58.279000,2022-11-28 18:30:33.456000,2022-11-30 14:51:18.796000,Week 9,0.0,1.8469450000000003,0,3,NA,2022-11-30 14:58:19.564000,0.7716666666666666,1,3,2022-12-02 22:43:15.128000,2022-12-01 17:27:28.945000,1.2491666666666668,NA,4,NA,NA,2022-12-01 18:44:46.269000,0.0,NA,0,NA,NA,NA,0.0,NA,0,NA,NA,NA,0.0,NA,0,NA,NA,NA,0.0,NA,NA,NA,0,NA,0.0,NA,0.0,NA,NA,NA,30558,6864
 , , , ,0.64,0.61,0.64,0.59,62,1987,3_datatwo,28/11/22 - 04/12/22,0.0,1.3099999999999998,0.0,0.0,0.0,0.0,0.0,01:18:36,01:54:24,2,2,0.0,0.001945,0.0,0.0,0.0,0.0,0,2,0,NA,0,0,NA,2022-11-29 17:22:06.476000,NA,NA,NA,NA,Week 9,0.0,0.0,0,0,NA,NA,0.0,0,0,NA,NA,0.0,NA,0,NA,NA,NA,0.0,NA,0,NA,NA,NA,0.0,NA,0,NA,NA,NA,0.0,NA,0,NA,NA,NA,0.0,NA,NA,NA,0,NA,0.0,NA,0.0,NA,NA,NA,4716,6864
0.28,0.44, , ,0.68,0.68,0.52,0.64,63,1993,4_datatwo,28/11/22 - 04/12/22,0.0,4.635833333333333,0.0,0.0,0.0,0.0,0.0,04:38:09,01:54:24,8,8,0.0008333333333333334,0.007500000000000001,0.0,0.0,0.0,0.005555000000000001,3,9,0,NA,0,1,2022-11-29 12:41:15.593000,2022-11-29 10:42:36.020000,NA,NA,NA,2022-11-29 15:20:14.776000,Week 9,0.0,0.0,0,1,NA,2022-11-29 15:20:37.822000,0.0,0,0,NA,NA,1.6566666666666667,NA,1,NA,NA,2022-11-29 10:42:41.841000,0.0,NA,0,NA,NA,NA,0.0,NA,0,NA,NA,NA,0.6027783333333333,NA,3,NA,2022-11-29 12:41:20.989000,NA,0.0,NA,NA,NA,0,NA,0.0,NA,0.0,NA,NA,NA,16689,6864
 , , , ,0.59,0.59,0.69,0.69,64,1996,5_datatwo,28/11/22 - 04/12/22,0.0,0.019444999999999997,0.0,0.0,0.0,0.0,0.0,00:01:10,01:54:24,8,10,0.0013883333333333332,0.0036100000000000004,0.0,0.003055,0.005,0.0,1,4,0,NA,1,2,2022-11-29 13:28:36.347000,2022-11-29 13:28:46.425000,NA,2022-11-29 13:28:41.445000,2022-11-29 13:28:50.925000,2022-11-29 13:29:29.702000,Week 9,0.0,0.0,0,0,NA,NA,0.0,2,0,NA,NA,0.0,NA,0,NA,NA,NA,0.0,NA,0,NA,NA,NA,0.0,NA,0,NA,NA,NA,0.0,NA,0,NA,NA,NA,0.0016666666666666668,NA,NA,NA,1,2022-11-29 16:44:26.579000,0.0,NA,0.0,NA,NA,NA,70,6864
 , , , ,0.56,0.6,0.6,0.52,57,1996,6_datatwo,28/11/22 - 04/12/22,0.0,1.4388883333333333,0.0,0.0,0.0,0.0,0.0,01:26:20,01:54:24,6,6,0.0,0.03722166666666667,0.0,0.0,0.0,0.5791666666666667,0,9,0,NA,0,1,NA,2022-11-29 16:42:58.778000,NA,NA,NA,2022-11-29 16:45:30.039000,Week 9,0.0022216666666666665,0.0,1,0,2022-11-29 18:08:45.982000,NA,0.0,0,0,NA,NA,0.0,NA,0,NA,NA,NA,0.0,NA,0,NA,NA,NA,0.0,NA,0,NA,NA,NA,0.0,NA,0,NA,NA,NA,0.042221666666666664,NA,NA,NA,5,2022-11-29 16:44:21.176000,0.0063883333333333335,NA,1.0,NA,2022-11-29 17:20:17.420000,NA,5180,6864
0.52,0.6,0.48, ,0.7,0.77,0.72,0.69,72,1993,7_datatwo,28/11/22 - 04/12/22,0.0,0.0,0.0,0.0047216666666666665,0.031944999999999994,0.021945,0.003888333333333333,00:03:45,01:54:24,4,9,0.0,0.04444333333333334,0.0,0.0,0.0,0.0,0,6,0,NA,0,0,NA,2022-12-01 12:18:13.405000,NA,NA,NA,NA,Week 9,0.0,0.0033333333333333335,0,1,NA,2022-12-03 08:37:18.443000,0.0,0,0,NA,NA,0.0,NA,0,NA,NA,NA,0.0,NA,0,NA,NA,NA,0.0016666666666666668,NA,1,NA,2022-12-02 12:37:33.569000,NA,0.0,NA,0,NA,NA,NA,0.0,NA,NA,NA,0,NA,0.0,NA,0.0,NA,NA,NA,225,6864
 , , , ,0.68,0.68,0.68,0.68,68,1992,8_datatwo,28/11/22 - 04/12/22,0.005278333333333333,0.38027833333333333,0.30111166666666667,0.17083333333333334,0.0,0.0,0.003888333333333333,00:51:41,01:54:24,7,11,0.28500000000000003,0.011666666666666665,0.0,0.0,0.0,0.0,5,3,0,NA,0,0,2022-11-28 13:00:48.935000,2022-12-01 19:50:58.691000,NA,NA,NA,NA,Week 9,0.0,0.0,0,0,NA,NA,0.0,0,0,NA,NA,0.0,NA,0,NA,NA,NA,0.0,NA,0,NA,NA,NA,0.0,NA,0,NA,NA,NA,0.0,NA,2,NA,2022-12-01 20:01:03.534000,NA,0.13222166666666665,NA,NA,NA,2,2022-12-01 19:51:11.809000,0.008611666666666665,NA,2.0,NA,2022-12-01 19:59:21.430000,NA,3101,6864
 , , , ,0.69,0.69,0.69,0.73,70,1992,9_datatwo,28/11/22 - 04/12/22,0.11666666666666667,1.7488883333333332,0.9922216666666668,1.9111116666666668,0.0,10.19,0.004166666666666667,14:57:47,01:54:24,13,30,4.731113333333334,0.07277666666666667,0.0,0.00027833333333333334,0.0,0.0,7,20,0,NA,0,0,2022-11-28 12:01:47.564000,2022-11-28 06:12:37.485000,NA,2022-11-30 09:18:04.776000,NA,NA,Week 9,0.0,1.7105549999999998,0,3,NA,2022-11-28 06:18:48.712000,0.059445,1,3,NA,2022-11-30 08:31:57.548000,1.7241666666666666,NA,2,NA,NA,2022-12-01 12:10:35.482000,2.8108333333333335,NA,2,NA,2022-11-28 06:12:42.057000,NA,2.8363883333333333,NA,1,NA,2022-12-03 11:25:10.947000,NA,0.8797216666666667,NA,4,NA,2022-12-03 14:15:31.129000,NA,0.076945,NA,NA,NA,1,2022-12-03 15:07:43.140000,0.0016666666666666668,NA,1.0,NA,2022-12-01 10:49:46.773000,NA,53867,6864
 , , , ,0.69,0.7,0.7,0.79,72,1994,10_datatwo,28/11/22 - 04/12/22,1.0291666666666666,4.139445,0.0,0.0,0.0,3.058333333333333,0.046945,08:16:26,01:54:24,8,24,0.0,0.5886116666666666,0.0,0.005833333333333333,0.0,0.0,0,19,0,NA,0,0,NA,2022-11-28 06:13:14.575000,NA,2022-11-28 06:24:23.917000,NA,NA,Week 9,0.0,0.0,0,0,NA,NA,0.0,3,0,NA,NA,0.6813883333333333,NA,1,NA,NA,2022-11-29 12:29:55.738000,3.853333333333333,NA,9,NA,2022-11-28 06:13:19.620000,NA,0.18833333333333335,NA,5,NA,2022-11-28 19:25:44.987000,NA,1.5911116666666667,NA,5,NA,2022-12-03 15:05:22.754000,NA,0.0,NA,NA,NA,0,NA,0.0,NA,0.0,NA,NA,NA,29786,6864
0.56,0.64,0.64,0.68,0.72,0.76,0.8,0.72,75,1991,11_datatwo,28/11/22 - 04/12/22,2.220833333333333,0.0,0.0,1.1108333333333333,0.0,0.005555000000000001,3.8311116666666667,07:10:06,01:54:24,10,22,1.2049999999999998,1.951945,0.0,0.03944333333333334,1.0702783333333334,0.0,8,9,0,NA,1,0,2022-11-28 14:49:01.545000,2022-11-28 14:51:06.305000,NA,2022-11-28 21:05:14.961000,2022-12-01 11:53:37.040000,NA,Week 9,0.0,0.0,0,0,NA,NA,0.0,2,0,NA,NA,0.0,NA,0,NA,NA,NA,0.0,NA,0,NA,NA,NA,0.0,NA,0,NA,NA,NA,0.016666666666666666,NA,1,NA,2022-11-28 14:51:10.063000,NA,0.005555000000000001,NA,NA,NA,1,2022-12-04 11:39:48.824000,0.019166666666666665,NA,1.0,NA,2022-12-04 11:35:49.576000,NA,25806,6864
 , , , ,0.52,0.59,0.56,0.53,55,1987,12_datatwo,28/11/22 - 04/12/22,0.005278333333333333,0.0,0.0,0.0,0.0,0.0,0.006666666666666667,00:00:43,01:54:24,4,4,0.0,0.001945,0.0,0.0,0.0022216666666666665,0.0,1,2,0,NA,1,1,2022-11-28 21:02:39.164000,2022-12-04 14:30:12.388000,NA,NA,2022-12-04 14:30:15.939000,2022-12-04 14:30:27.353000,Week 9,0.0,0.0,0,0,NA,NA,0.0,0,0,NA,NA,0.0,NA,0,NA,NA,NA,0.0,NA,0,NA,NA,NA,0.0,NA,0,NA,NA,NA,0.0,NA,0,NA,NA,NA,0.0,NA,NA,NA,0,NA,0.0,NA,0.0,NA,NA,NA,43,6864
 ,0.48, , ,0.56,0.64,0.56,0.64,60,1995,13_datatwo,28/11/22 - 04/12/22,0.0,1.0158333333333334,0.0,2.936111666666667,0.0,0.0,0.49222166666666667,04:26:39,01:54:24,10,13,0.0,0.017498333333333334,0.0,0.00027833333333333334,0.0,0.0,0,14,0,NA,0,0,NA,2022-11-29 13:11:44.498000,NA,2022-11-29 13:11:43.164000,NA,NA,Week 9,0.0,0.0,0,0,NA,NA,0.211945,1,2,NA,2022-12-01 18:06:02.019000,0.010555,NA,2,NA,NA,2022-12-01 15:22:54.585000,2.7019450000000003,NA,3,NA,2022-12-01 15:23:33.891000,NA,0.0,NA,1,NA,2022-11-29 14:12:38.061000,NA,0.7477783333333333,NA,2,NA,2022-11-29 13:11:50.748000,NA,0.003888333333333333,NA,NA,NA,2,2022-11-29 14:12:21.229000,0.005555000000000001,NA,1.0,NA,2022-12-04 21:27:48.633000,NA,15999,6864
 , ,0.56, ,0.68,0.72,0.68,0.64,68,1995,14_datatwo,28/11/22 - 04/12/22,0.378055,0.0036116666666666667,0.0175,0.0,0.0,0.0,0.0,00:23:57,01:54:24,6,9,0.0,0.011665,0.0,0.0,0.0,0.0,0,5,0,NA,0,0,NA,2022-11-28 21:08:18.740000,NA,NA,NA,NA,Week 9,0.0,0.0,0,0,NA,NA,0.0,0,0,NA,NA,0.0,NA,0,NA,NA,NA,0.0,NA,0,NA,NA,NA,0.004166666666666667,NA,1,NA,2022-11-28 21:08:32.977000,NA,0.3086116666666667,NA,1,NA,2022-11-28 21:12:24.178000,NA,0.055,NA,NA,NA,2,2022-11-28 21:08:53.212000,0.0,NA,0.0,NA,NA,NA,1437,6864
0.48,0.56,0.56, ,0.72,0.68,0.68,0.64,68,1996,15_datatwo,28/11/22 - 04/12/22,1.3811116666666667,0.35972166666666666,0.0,0.0027783333333333336,1.2925,0.0,0.0,03:02:10,01:54:24,6,12,1.525,0.05,0.0,0.0,0.0,0.0,2,8,0,NA,0,0,2022-11-29 11:18:21.562000,2022-11-28 19:32:45.595000,NA,NA,NA,NA,Week 9,0.0,0.0,0,1,2022-12-02 13:13:14.015000,NA,0.0,0,0,NA,NA,0.0,NA,0,NA,NA,NA,0.0,NA,0,NA,NA,NA,0.0,NA,0,NA,NA,NA,0.17805500000000002,NA,1,NA,2022-11-28 19:45:35.610000,NA,1.2763883333333332,NA,NA,NA,4,2022-11-28 19:32:52.379000,0.0,NA,0.0,NA,NA,NA,10930,6864
0.4,0.48, , ,0.52,0.6,0.36,0.52,50,1993,16_datatwo,28/11/22 - 04/12/22,0.0,1.5816666666666668,0.0,3.1058333333333334,0.0,0.028888333333333335,0.0,04:42:59,01:54:24,21,32,1.3433333333333333,0.02444333333333333,0.021945,0.08027833333333333,0.0047216666666666665,0.024166666666666666,2,9,1,NA,1,1,2022-12-01 18:23:41.109000,2022-11-29 11:57:11.784000,NA,2022-12-01 14:35:45.661000,2022-12-01 14:39:04.480000,2022-12-01 14:52:20.104000,Week 9,0.010278333333333334,0.07333333333333333,1,1,2022-12-01 14:53:54.126000,2022-12-01 14:54:30.941000,0.007500000000000001,2,2,2022-12-01 14:49:03.472000,2022-12-01 14:58:55.040000,0.0,NA,0,NA,NA,NA,0.013888333333333332,NA,1,NA,2022-12-01 14:59:27.240000,NA,0.009721666666666665,NA,1,NA,2022-12-01 15:00:17.059000,NA,0.18305500000000002,NA,2,NA,2022-11-29 19:06:04.682000,NA,0.06194500000000001,NA,NA,NA,2,2022-11-29 19:06:44.603000,0.0,NA,1.0,NA,2022-11-29 20:24:16.854000,NA,16979,6864
 ,0.4,0.56, ,0.68,0.6,0.64,0.68,65,1998,17_datatwo,28/11/22 - 04/12/22,0.0,1.5158333333333334,0.0,2.27,0.0,0.336945,0.0,04:07:22,01:54:24,6,16,0.033611666666666665,0.011943333333333334,0.0,0.0013883333333333332,0.0,0.0,4,12,0,NA,0,0,2022-11-29 11:24:12.724000,2022-11-29 11:26:06.396000,NA,2022-12-01 17:14:04.684000,NA,NA,Week 9,0.0,0.0,0,0,NA,NA,0.0,3,0,NA,NA,0.0,NA,0,NA,NA,NA,0.0,NA,0,NA,NA,NA,0.0,NA,0,NA,NA,NA,0.0,NA,0,NA,NA,NA,1.4616666666666667,NA,NA,NA,4,2022-11-29 11:26:09.333000,0.0,NA,0.0,NA,NA,NA,14842,6864
 , , , ,0.6,0.6,0.52,0.6,58,1993,18_datatwo,28/11/22 - 04/12/22,0.0,0.6675,0.0,0.0,0.0,0.0,0.0,00:40:03,01:54:24,4,5,0.0,0.003888333333333333,0.0,0.0,0.0,0.0,0,3,0,NA,0,0,NA,2022-11-29 16:27:34.639000,NA,NA,NA,NA,Week 9,0.0,0.0,0,0,NA,NA,0.0,0,0,NA,NA,0.0,NA,0,NA,NA,NA,0.0,NA,0,NA,NA,NA,0.0,NA,0,NA,NA,NA,0.0,NA,0,NA,NA,NA,0.641945,NA,NA,NA,1,2022-11-29 16:43:36.063000,0.0,NA,1.0,NA,2022-11-29 16:27:42.259000,NA,2403,6864
 , , , ,0.6,0.64,0.6,0.68,63,1997,19_datatwo,28/11/22 - 04/12/22,0.0,0.0,0.0,0.6549999999999999,0.0,0.0,0.0,00:39:18,01:54:24,5,5,0.0,0.013333333333333334,0.0008333333333333334,0.0,0.0,0.0,0,5,1,NA,0,0,NA,2022-12-01 15:27:43.786000,NA,NA,NA,NA,Week 9,0.0,0.5972216666666667,0,2,NA,2022-12-01 15:27:58.502000,0.006666666666666667,0,1,2022-12-01 15:27:41.180000,2022-12-01 16:05:39.664000,0.0,NA,1,NA,NA,2022-12-01 16:06:10.703000,0.0,NA,0,NA,NA,NA,0.0,NA,0,NA,NA,NA,0.0,NA,0,NA,NA,NA,0.0,NA,NA,NA,0,NA,0.0,NA,0.0,NA,NA,NA,2358,6864
0.56,0.4,0.52,0.24,0.72,0.64,0.6,0.6,64,1997,20_datatwo,28/11/22 - 04/12/22,0.018888333333333333,0.0,0.006944999999999999,0.009445000000000002,0.0,0.0,0.0022216666666666665,00:02:15,01:54:24,2,8,0.008611666666666665,0.0,0.0,0.0,0.0,0.0,5,0,0,NA,0,0,2022-11-28 20:26:19.888000,NA,NA,NA,NA,NA,Week 9,0.0,0.0,0,0,NA,NA,0.0,0,0,NA,NA,0.0,NA,0,NA,NA,NA,0.0,NA,0,NA,NA,NA,0.0,NA,0,NA,NA,NA,0.0,NA,0,NA,NA,NA,0.0,NA,NA,NA,0,NA,0.0,NA,0.0,NA,NA,NA,135,6864
0.48,0.52,0.56,0.24,0.52,0.52,0.56,0.48,52,1995,21_datatwo,28/11/22 - 04/12/22,0.06583333333333334,0.029445,0.024166666666666666,0.03888833333333333,0.19361166666666665,0.0,0.0,00:21:07,01:54:24,2,20,0.012223333333333333,0.0,0.0,0.0,0.0,0.0,12,0,0,NA,0,0,2022-11-28 17:55:14.470000,NA,NA,NA,NA,NA,Week 9,0.0,0.0,0,0,NA,NA,0.0,0,0,NA,NA,0.0,NA,0,NA,NA,NA,0.0,NA,0,NA,NA,NA,0.0,NA,0,NA,NA,NA,0.0,NA,0,NA,NA,NA,0.0,NA,NA,NA,0,NA,0.0,NA,0.0,NA,NA,NA,1267,6864
 , , , ,0.48,0.48,0.32,0.4,42,1996,22_datatwo,28/11/22 - 04/12/22,0.0,0.0,0.0,0.0,0.0,0.0,0.0,00:00:00,01:54:24,0,0,0.0,0.0,0.0,0.0,0.0,0.0,0,0,0,NA,0,0,NA,NA,NA,NA,NA,NA,Week 9,0.0,0.0,0,0,NA,NA,0.0,0,0,NA,NA,0.0,NA,0,NA,NA,NA,0.0,NA,0,NA,NA,NA,0.0,NA,0,NA,NA,NA,0.0,NA,0,NA,NA,NA,0.0,NA,NA,NA,0,NA,0.0,NA,0.0,NA,NA,NA,0,6864
0.36,0.32, , ,0.52,0.6,0.52,0.52,54,1987,23_datatwo,28/11/22 - 04/12/22,0.0,0.0,0.0,0.05583333333333333,0.0,0.0,0.0,00:03:21,01:54:24,2,2,0.0022216666666666665,0.0,0.0,0.0,0.0,0.0,2,0,0,NA,0,0,2022-12-01 12:29:01.070000,NA,NA,NA,NA,NA,Week 9,0.0,0.0,0,0,NA,NA,0.0,0,0,NA,NA,0.0,NA,0,NA,NA,NA,0.0,NA,0,NA,NA,NA,0.0,NA,0,NA,NA,NA,0.0,NA,0,NA,NA,NA,0.0,NA,NA,NA,0,NA,0.0,NA,0.0,NA,NA,NA,201,6864
 , , , ,0.52,0.4,0.4,0.52,46,2000,24_datatwo,28/11/22 - 04/12/22,0.0,0.0,0.0,0.004166666666666667,0.0,0.0,0.0,00:00:15,01:54:24,1,1,0.0,0.0,0.0,0.0,0.0,0.0,0,0,0,NA,0,0,NA,NA,NA,NA,NA,NA,Week 9,0.0,0.0,0,0,NA,NA,0.0,0,0,NA,NA,0.0,NA,0,NA,NA,NA,0.0,NA,0,NA,NA,NA,0.0,NA,0,NA,NA,NA,0.0,NA,0,NA,NA,NA,0.0,NA,NA,NA,0,NA,0.0,NA,0.0,NA,NA,NA,15,6864
 , , , ,0.68,0.68,0.6,0.6,64,1994,25_datatwo,28/11/22 - 04/12/22,0.0,0.9875,0.0,0.0,3.428611666666667,1.0141666666666667,2.6127783333333334,08:02:35,01:54:24,9,19,3.2224999999999997,0.020278333333333332,0.009445000000000002,0.000555,0.0,0.0,6,13,1,NA,0,0,2022-12-02 15:32:05.343000,2022-11-29 11:07:02.090000,NA,2022-12-02 16:27:59.528000,NA,NA,Week 9,0.0,3.2277783333333336,0,6,NA,2022-12-02 15:48:00.594000,0.5563883333333333,1,1,2022-12-02 15:31:22.806000,2022-12-04 10:31:00.609000,0.0,NA,1,NA,NA,2022-12-04 11:04:41.970000,0.0,NA,0,NA,NA,NA,0.0,NA,0,NA,NA,NA,0.0,NA,0,NA,NA,NA,0.9413883333333334,NA,NA,NA,2,2022-11-29 11:07:08.443000,0.0,NA,0.0,NA,NA,NA,28955,6864
 , , , ,0.64,0.6,0.52,0.52,57,1995,26_datatwo,28/11/22 - 04/12/22,0.0,0.0,0.0,0.0,0.0,0.0,0.0,00:00:00,01:54:24,0,0,0.0,0.0,0.0,0.0,0.0,0.0,0,0,0,NA,0,0,NA,NA,NA,NA,NA,NA,Week 9,0.0,0.0,0,0,NA,NA,0.0,0,0,NA,NA,0.0,NA,0,NA,NA,NA,0.0,NA,0,NA,NA,NA,0.0,NA,0,NA,NA,NA,0.0,NA,0,NA,NA,NA,0.0,NA,NA,NA,0,NA,0.0,NA,0.0,NA,NA,NA,0,6864
 , , , ,0.68,0.68,0.64,0.68,67,1995,27_datatwo,28/11/22 - 04/12/22,0.0,0.0,0.0,0.0,0.0,0.0,0.0,00:00:00,01:54:24,0,0,0.0,0.0,0.0,0.0,0.0,0.0,0,0,0,NA,0,0,NA,NA,NA,NA,NA,NA,Week 9,0.0,0.0,0,0,NA,NA,0.0,0,0,NA,NA,0.0,NA,0,NA,NA,NA,0.0,NA,0,NA,NA,NA,0.0,NA,0,NA,NA,NA,0.0,NA,0,NA,NA,NA,0.0,NA,NA,NA,0,NA,0.0,NA,0.0,NA,NA,NA,0,6864
 ,0.4,0.52,0.52,0.76,0.68,0.68,0.68,70,1991,28_datatwo,28/11/22 - 04/12/22,4.378333333333333,0.0,0.0,0.0,0.0,0.0,0.0,04:22:42,01:54:24,5,5,2.151388333333333,0.0025,0.0008333333333333334,0.0,0.0,0.0,4,1,1,NA,0,0,2022-11-28 10:45:25.585000,2022-11-28 12:55:15.783000,NA,NA,NA,NA,Week 9,0.0,0.0,0,0,NA,NA,0.0,0,0,2022-11-28 14:57:50.563000,NA,0.0,NA,0,NA,NA,NA,0.0,NA,0,NA,NA,NA,0.0,NA,0,NA,NA,NA,1.925,NA,1,NA,2022-11-28 12:55:24.599000,NA,0.0,NA,NA,NA,0,NA,0.0,NA,0.0,NA,NA,NA,15762,6864
 , , , ,0.68,0.68,0.76,0.68,70,1981,29_datatwo,28/11/22 - 04/12/22,0.0,0.0,0.0,0.0,0.0,0.0,0.018609999999999998,00:01:07,01:54:24,5,9,0.007500000000000001,0.0022216666666666665,0.006666666666666667,0.0,0.0,0.0,2,3,1,NA,0,0,2022-12-04 13:19:15.582000,2022-12-04 13:19:40.718000,NA,NA,NA,NA,Week 9,0.0,0.0,0,2,NA,2022-12-04 13:19:43.815000,0.0,0,0,2022-12-04 13:18:51.383000,NA,0.0,NA,0,NA,NA,NA,0.0,NA,0,NA,NA,NA,0.0,NA,0,NA,NA,NA,0.0,NA,0,NA,NA,NA,0.0,NA,NA,NA,1,2022-12-04 21:41:19.325000,0.0,NA,0.0,NA,NA,NA,67,6864
0.4, , , ,0.68,0.64,0.64,0.68,66,1981,30_datatwo,28/11/22 - 04/12/22,0.0,0.0,0.0,0.0,0.0,0.0,0.0,00:00:00,01:54:24,0,0,0.0,0.0,0.0,0.0,0.0,0.0,0,0,0,NA,0,0,NA,NA,NA,NA,NA,NA,Week 9,0.0,0.0,0,0,NA,NA,0.0,0,0,NA,NA,0.0,NA,0,NA,NA,NA,0.0,NA,0,NA,NA,NA,0.0,NA,0,NA,NA,NA,0.0,NA,0,NA,NA,NA,0.0,NA,NA,NA,0,NA,0.0,NA,0.0,NA,NA,NA,0,6864
0.56,0.44,0.48, ,0.6,0.6,0.56,0.52,57,1992,31_datatwo,28/11/22 - 04/12/22,0.0,0.019166666666666665,0.0,0.0,0.06638833333333333,0.005278333333333333,0.0,00:05:27,01:54:24,4,9,0.005,0.02,0.0,0.0,0.0,0.0,1,6,0,NA,0,0,2022-11-29 11:35:24.610000,2022-11-29 11:35:43.087000,NA,NA,NA,NA,Week 9,0.0,0.0,0,0,NA,NA,0.0,0,0,NA,NA,0.0,NA,0,NA,NA,NA,0.0,NA,0,NA,NA,NA,0.0,NA,0,NA,NA,NA,0.0,NA,2,NA,2022-11-29 11:35:52.906000,NA,0.0,NA,NA,NA,0,NA,0.0,NA,0.0,NA,NA,NA,327,6864
 , , , ,0.6,0.6,0.56,0.64,60,1994,32_datatwo,28/11/22 - 04/12/22,0.0,0.0,0.0,0.0,0.0,0.0,0.0,00:00:00,01:54:24,0,0,0.0,0.0,0.0,0.0,0.0,0.0,0,0,0,NA,0,0,NA,NA,NA,NA,NA,NA,Week 9,0.0,0.0,0,0,NA,NA,0.0,0,0,NA,NA,0.0,NA,0,NA,NA,NA,0.0,NA,0,NA,NA,NA,0.0,NA,0,NA,NA,NA,0.0,NA,0,NA,NA,NA,0.0,NA,NA,NA,0,NA,0.0,NA,0.0,NA,NA,NA,0,6864
 , , , ,0.42,0.52,0.56,0.54,51,1989,33_datatwo,28/11/22 - 04/12/22,0.0,0.0,0.0,0.0,0.0,0.0,0.0,00:00:00,01:54:24,0,0,0.0,0.0,0.0,0.0,0.0,0.0,0,0,0,NA,0,0,NA,NA,NA,NA,NA,NA,Week 9,0.0,0.0,0,0,NA,NA,0.0,0,0,NA,NA,0.0,NA,0,NA,NA,NA,0.0,NA,0,NA,NA,NA,0.0,NA,0,NA,NA,NA,0.0,NA,0,NA,NA,NA,0.0,NA,NA,NA,0,NA,0.0,NA,0.0,NA,NA,NA,0,6864
 , , , ,0.64,0.6,0.68,0.68,65,1991,34_datatwo,28/11/22 - 04/12/22,0.0,0.83111,0.024444999999999998,0.0,0.0,3.359166666666667,0.0,04:12:53,01:54:24,10,19,0.0,0.016111666666666666,0.00027833333333333334,0.0,0.0,0.0,0,14,1,NA,0,0,NA,2022-11-29 12:09:21.728000,NA,NA,NA,NA,Week 9,0.0,0.0,0,0,NA,NA,0.019444999999999997,0,1,2022-11-29 12:21:05.858000,2022-11-30 11:29:52.090000,2.8516666666666666,NA,2,NA,NA,2022-11-30 11:31:14.331000,0.503055,NA,3,NA,2022-11-30 11:31:04.706000,NA,0.0027783333333333336,NA,1,NA,2022-11-29 14:29:01.199000,NA,0.0,NA,0,NA,NA,NA,0.0,NA,NA,NA,1,2022-11-29 12:55:38.809000,0.004445,NA,1.0,NA,2022-11-29 12:54:57.824000,NA,15173,6864
0.36,0.28, , ,0.52,0.52,0.52,0.52,52,1981,35_datatwo,28/11/22 - 04/12/22,0.0,2.1333333333333333,0.022500000000000003,0.4388883333333334,0.0,0.010833333333333334,0.0,02:36:20,01:54:24,13,18,0.07416666666666667,0.09888833333333333,1.9638883333333332,0.014445000000000001,0.0,0.0,3,7,4,NA,0,0,2022-11-29 22:47:18.586000,2022-11-29 22:52:03.245000,NA,2022-11-29 22:52:32.538000,NA,NA,Week 9,0.0,0.0,0,0,NA,NA,0.0,2,0,2022-11-29 22:49:18.823000,NA,0.0,NA,0,NA,NA,NA,0.0,NA,1,NA,2022-12-03 20:27:39.702000,NA,0.0,NA,0,NA,NA,NA,0.01583333333333333,NA,1,NA,2022-11-30 01:09:14.050000,NA,0.0,NA,NA,NA,1,2022-11-30 01:10:22.565000,0.0,NA,0.0,NA,NA,NA,9380,6864
 , , , ,0.52,0.52,0.52,0.56,53,1994,36_datatwo,28/11/22 - 04/12/22,0.0,0.0,0.0,0.0,0.0,0.0,0.0,00:00:00,01:54:24,0,0,0.0,0.0,0.0,0.0,0.0,0.0,0,0,0,NA,0,0,NA,NA,NA,NA,NA,NA,Week 9,0.0,0.0,0,0,NA,NA,0.0,0,0,NA,NA,0.0,NA,0,NA,NA,NA,0.0,NA,0,NA,NA,NA,0.0,NA,0,NA,NA,NA,0.0,NA,0,NA,NA,NA,0.0,NA,NA,NA,0,NA,0.0,NA,0.0,NA,NA,NA,0,6864
0.48,0.64, , ,0.52,0.64,0.32,0.56,51,1986,37_datatwo,28/11/22 - 04/12/22,0.0,2.9833333333333334,0.0,0.0,0.0,0.0,0.0,02:59:00,01:54:24,7,14,0.11638833333333333,0.06722166666666667,0.0,0.0,0.0,0.0,8,10,0,NA,0,0,2022-11-29 11:10:01.632000,2022-11-29 09:55:20.380000,NA,NA,NA,NA,Week 9,0.0,0.0,0,0,NA,NA,0.011111666666666667,0,1,NA,2022-11-29 11:14:48.801000,0.0,NA,0,NA,NA,NA,2.3466666666666667,NA,2,NA,2022-11-29 11:15:31.389000,NA,0.0,NA,0,NA,NA,NA,0.0013883333333333332,NA,2,NA,2022-11-29 09:55:25.676000,NA,0.15638833333333332,NA,NA,NA,3,2022-11-29 11:09:31.050000,0.0,NA,0.0,NA,NA,NA,10740,6864
 , , , ,0.44,0.52,0.4,0.52,47,1992,38_datatwo,28/11/22 - 04/12/22,0.0,0.15722333333333335,0.0,0.003888333333333333,0.0,0.0,0.0,00:09:40,01:54:24,5,8,0.043054999999999996,0.06166666666666667,0.0,0.0,0.0,0.0,4,4,0,NA,0,0,2022-11-29 17:55:05.573000,2022-11-29 17:55:40.864000,NA,NA,NA,NA,Week 9,0.0,0.0,0,0,NA,NA,0.0033333333333333335,0,1,NA,2022-11-29 17:56:46.781000,0.0,NA,0,NA,NA,NA,0.0,NA,0,NA,NA,NA,0.0,NA,0,NA,NA,NA,0.0,NA,0,NA,NA,NA,0.0,NA,NA,NA,0,NA,0.0,NA,0.0,NA,NA,NA,580,6864
 , , , ,0.52,0.6,0.52,0.52,54,1992,39_datatwo,28/11/22 - 04/12/22,1.204445,0.05277833333333334,0.0,0.0,0.0,0.0,0.0,01:15:26,01:54:24,3,4,1.2341666666666666,0.0,0.0,0.0,0.0,0.0,2,0,1,NA,0,0,2022-11-28 09:54:45.670000,NA,NA,NA,NA,NA,Week 9,0.0,0.0,0,0,NA,NA,0.0,0,0,2022-11-28 11:06:21.951000,NA,0.0,NA,0,NA,NA,NA,0.0,NA,0,NA,NA,NA,0.0,NA,0,NA,NA,NA,0.0,NA,0,NA,NA,NA,0.0,NA,NA,NA,0,NA,0.0,NA,0.0,NA,NA,NA,4526,6864
0.52,0.52,0.48, ,0.56,0.56,0.6,0.56,57,1996,40_datatwo,28/11/22 - 04/12/22,0.0,2.273055,0.0,0.0,0.0,0.0,0.0,02:16:23,01:54:24,6,6,0.6441666666666667,0.003888333333333333,0.0,0.0,0.0,0.0,2,3,0,NA,0,0,2022-11-29 11:27:30.556000,2022-11-29 11:00:37.883000,NA,NA,NA,NA,Week 9,0.0,0.0,0,0,NA,NA,0.0,0,0,NA,NA,0.0,NA,0,NA,NA,NA,0.0,NA,0,NA,NA,NA,0.0,NA,0,NA,NA,NA,0.0,NA,1,NA,2022-11-29 13:09:50.279000,NA,0.445555,NA,NA,NA,1,2022-11-29 11:00:46.542000,0.0,NA,0.0,NA,NA,NA,8183,6864
 , , , ,0.56,0.52,0.4,0.6,52,1997,41_datatwo,28/11/22 - 04/12/22,0.0,0.0027783333333333336,0.0,0.0,0.0,0.0,0.0,00:00:10,01:54:24,2,2,0.0,0.001945,0.0,0.0,0.0,0.0,0,1,0,NA,0,0,NA,2022-11-29 10:58:34.541000,NA,NA,NA,NA,Week 9,0.0,0.0,0,0,NA,NA,0.0,0,0,NA,NA,0.0,NA,0,NA,NA,NA,0.0,NA,0,NA,NA,NA,0.0,NA,0,NA,NA,NA,0.0,NA,0,NA,NA,NA,0.0,NA,NA,NA,1,2022-11-29 10:58:41.973000,0.0,NA,0.0,NA,NA,NA,10,6864
0.28,0.4,0.4,0.36,0.52,0.56,0.52,0.56,54,1996,42_datatwo,28/11/22 - 04/12/22,0.018333333333333333,1.7661116666666667,1.7469450000000002,0.0,0.09333333333333332,0.0,0.8119433333333334,04:26:12,01:54:24,9,28,1.5938883333333331,0.12527833333333332,0.013055,0.0,0.0,0.0,6,12,2,NA,0,0,2022-11-29 09:58:30.821000,2022-11-28 22:40:28.130000,NA,NA,NA,NA,Week 9,0.0,0.0,0,0,NA,NA,0.0,0,0,2022-11-29 09:58:20.184000,NA,0.0,NA,0,NA,NA,NA,0.0,NA,0,NA,NA,NA,0.0,NA,0,NA,NA,NA,0.14416666666666667,NA,1,NA,2022-11-29 09:49:40.933000,NA,0.5041666666666667,NA,NA,NA,4,2022-11-28 22:40:34.835000,0.031109999999999995,NA,3.0,NA,2022-12-02 18:15:14.865000,NA,15972,6864
 ,0.44,0.44, ,0.52,0.56,0.52,0.6,55,1991,43_datatwo,28/11/22 - 04/12/22,0.0,6.498333333333333,2.324445,0.0775,0.043054999999999996,0.0,0.0,08:56:36,01:54:24,11,21,0.02333333333333333,1.3927766666666668,0.0,0.0,0.0,0.0,6,7,0,NA,0,0,2022-11-29 10:33:45.689000,2022-11-29 10:41:59.450000,NA,NA,NA,NA,Week 9,0.0,0.010555,0,2,NA,2022-12-01 12:33:11.979000,0.0,0,0,NA,NA,0.04722166666666667,NA,1,NA,NA,2022-11-29 10:42:06.329000,0.0,NA,0,NA,NA,NA,0.031111666666666666,NA,1,NA,2022-11-29 15:12:55.286000,NA,1.8116666666666668,NA,2,NA,2022-11-29 15:08:09.967000,NA,3.075555,NA,NA,NA,1,2022-11-29 12:03:32.538000,0.0,NA,0.0,NA,NA,NA,32196,6864
0.56,0.68,0.72,0.72,0.72,0.76,0.8,0.8,77,1986,44_datatwo,28/11/22 - 04/12/22,0.0,0.0,1.6325016666666667,0.0,0.0,0.010555,0.0,01:38:35,01:54:24,11,19,0.45,0.07472333333333334,0.0025,0.0,0.0,0.0,7,6,1,NA,0,0,2022-11-30 10:53:41.723000,2022-11-30 01:21:23.270000,NA,NA,NA,NA,Week 9,0.0,0.0,0,0,NA,NA,0.0,0,0,2022-11-30 19:41:17.420000,NA,0.0,NA,0,NA,NA,NA,0.0,NA,0,NA,NA,NA,0.0,NA,0,NA,NA,NA,0.0,NA,0,NA,NA,NA,0.0,NA,NA,NA,1,2022-12-03 13:26:45.908000,0.76,NA,4.0,NA,2022-11-30 01:21:27.192000,NA,5915,6864
0.44,0.56,0.48, ,0.56,0.64,0.68,0.6,62,1989,45_datatwo,28/11/22 - 04/12/22,0.0,1.5152783333333335,0.0,1.5675,0.0,0.0,0.0,03:04:58,01:54:24,6,10,0.015000000000000001,0.005278333333333333,0.0,0.0,0.0,0.0,7,6,0,NA,0,0,2022-11-29 12:09:53.318000,2022-11-29 11:33:11.523000,NA,NA,NA,NA,Week 9,0.0,0.0,0,0,NA,NA,0.0,0,0,NA,NA,0.0,NA,0,NA,NA,NA,0.0,NA,0,NA,NA,NA,0.0,NA,0,NA,NA,NA,0.0,NA,0,NA,NA,NA,0.5991666666666667,NA,NA,NA,1,2022-11-29 11:33:56.285000,0.01,NA,1.0,NA,2022-11-29 11:33:15.900000,NA,11098,6864
0.36,0.4,NA,0.68,0.8,0.72,0.72,0.68,73,1992,46_datatwo,27/03/23 - 02/04/23,0.25527833333333333,1.17861,0.165555,0.23305500000000004,0.0,0.0,0.096945,01:55:46,01:42:01,9,23,0.2927766666666667,0.05222166666666666,0.0,0.0,0.0,0.0,5,12,0,NA,0,0,2023-04-03 16:29:53.699000,2023-04-04 04:37:24.903000,NA,NA,NA,NA,Week 9,0.0,0.0027783333333333336,0,1,NA,2023-04-05 18:02:09.682000,0.013611666666666668,0,2,NA,2023-04-04 20:48:06.312000,0.38861,NA,6,NA,NA,2023-04-04 04:37:39.869000,0.8186116666666667,0.0,3,0.0,2023-04-04 04:59:04.592000,NA,0.0,0.0,0,0.0,NA,NA,0.04638833333333333,0.0,1,0.0,2023-04-05 18:06:48.481000,NA,0.0,NA,NA,NA,0,NA,0.0,0.059445,0.0,1.0,NA,2023-04-06 09:21:55.919000,6946,6121
0.52,0.6,0.52,0.72,0.64,0.68,0.68,0.8,70,1999,47_datatwo,27/03/23 - 02/04/23,2.88861,8.297223333333333,0.0,0.0,0.0,0.0,0.0,11:11:09,01:42:01,13,22,2.5791666666666666,1.87,0.0,0.0,0.0013883333333333332,0.0,12,10,0,NA,1,0,2023-04-03 14:27:18.020000,2023-04-03 16:31:30.807000,NA,NA,2023-04-03 19:54:20.626000,NA,Week 9,0.008055,0.0,1,0,2023-04-03 19:53:46.220000,NA,0.040555,0,2,NA,2023-04-04 02:57:15.196000,0.0,NA,0,NA,NA,NA,0.0,0.0,0,0.0,NA,NA,0.0,0.06972166666666667,0,2.0,NA,2023-04-04 02:51:46.488000,0.6794433333333334,2.538055,2,1.0,2023-04-03 16:31:33.883000,2023-04-04 15:11:35.214000,0.025833333333333333,NA,NA,NA,3,2023-04-03 16:32:05.061000,0.0,0.008611666666666665,0.0,2.0,NA,2023-04-04 06:13:31.911000,40269,6121
0.48,0.6,0.48,0.52,0.64,0.64,0.56,0.56,60,1989,48_datatwo,27/03/23 - 02/04/23,6.5575,2.8883333333333336,0.0,0.0,0.0,1.1180549999999998,0.008333333333333333,10:34:20,01:42:01,10,19,4.191943333333333,0.5466666666666666,0.004166666666666667,0.870555,0.0,0.0,11,12,4,NA,0,0,2023-04-03 11:27:22.751000,2023-04-03 19:36:50.569000,NA,2023-04-03 14:34:24.236000,NA,NA,Week 9,0.0,0.0,0,0,NA,NA,0.0,3,0,2023-04-03 19:45:47.926000,NA,0.0,NA,0,NA,NA,NA,0.0,0.0,0,0.0,NA,NA,0.0,0.0,0,0.0,NA,NA,0.10166666666666666,0.0,1,0.0,2023-04-03 19:39:39.294000,NA,1.0527783333333334,NA,NA,NA,1,2023-04-04 11:43:57.293000,0.0047216666666666665,1.1133333333333333,1.0,3.0,2023-02-14 12:10:43.433000,2023-04-04 14:34:26.226000,38060,6121
NA,NA,NA,NA,0.56,0.64,0.56,0.64,60,1995,49_datatwo,27/03/23 - 02/04/23,0.0,0.0,0.0063883333333333335,0.0,0.0,0.0,0.0,00:00:23,01:42:01,2,2,0.0,0.0027783333333333336,0.0,0.0,0.0,0.0,1,1,0,NA,0,0,2023-04-05 16:01:08.994000,2023-04-05 16:00:59.267000,NA,NA,NA,NA,Week 9,0.0,0.0,0,0,NA,NA,0.0,0,0,NA,NA,0.0,NA,0,NA,NA,NA,0.0,0.0,0,0.0,NA,NA,0.0,0.0,0,0.0,NA,NA,0.0,0.0,0,0.0,NA,NA,0.0,NA,NA,NA,0,NA,0.0,0.0,0.0,0.0,NA,NA,23,6121
0.48,0.4,NA,0.4,0.72,0.76,0.68,0.72,72,1988,50_datatwo,27/03/23 - 02/04/23,0.0,0.054445,0.0,0.0,0.0,0.0,0.0016666666666666668,00:03:22,01:42:01,3,3,0.006666666666666667,0.0,0.0,0.0,0.0,0.0,3,0,0,NA,0,0,2023-04-04 23:02:31.297000,NA,NA,NA,NA,NA,Week 9,0.0,0.0,0,0,NA,NA,0.0,0,0,NA,NA,0.0,NA,0,NA,NA,NA,0.0,0.0,0,0.0,NA,NA,0.0,0.0,0,0.0,NA,NA,0.0,0.0,0,0.0,NA,NA,0.0,NA,NA,NA,0,NA,0.0,0.0011116666666666666,0.0,1.0,NA,2023-04-04 23:02:41.466000,202,6121
0.56,0.68,0.72,0.76,0.72,0.76,0.72,0.8,75,1994,51_datatwo,27/03/23 - 02/04/23,0.12583333333333332,0.007778333333333333,0.015554999999999998,0.15083333333333335,4.2075,0.005833333333333333,0.003888333333333333,04:31:02,01:42:01,12,31,1.55361,0.015001666666666667,0.0022233333333333332,0.00027833333333333334,0.0,0.0,10,10,5,NA,0,0,2023-04-04 10:50:15.749000,2023-04-03 16:01:43.217000,NA,2023-04-03 16:09:10.876000,NA,NA,Week 9,0.0,2.60889,0,3,NA,2023-04-06 18:37:09.648000,0.0,1,1,2023-04-04 10:50:38.127000,2023-04-05 21:31:20.479000,0.0,NA,0,NA,NA,NA,0.0,0.0,0,0.0,NA,NA,0.0,0.0,0,0.0,NA,NA,0.0,0.0,1,0.0,2023-04-07 13:41:20.799000,NA,0.10388833333333333,NA,NA,NA,2,2023-04-03 16:08:58.932000,0.0,0.0008333333333333334,0.0,3.0,NA,2023-04-08 02:06:16.817000,16262,6121
0.44,0.4,NA,NA,0.64,0.52,0.56,0.64,60,1997,52_datatwo,27/03/23 - 02/04/23,0.0,0.0,0.0,0.0,0.0,0.0,0.0,00:00:00,01:42:01,0,0,0.0,0.0,0.0,0.0,0.0,0.0,0,0,0,NA,0,0,NA,NA,NA,NA,NA,NA,Week 9,0.0,0.0,0,0,NA,NA,0.0,0,0,NA,NA,0.0,NA,0,NA,NA,NA,0.0,0.0,0,0.0,NA,NA,0.0,0.0,0,0.0,NA,NA,0.0,0.0,0,0.0,NA,NA,0.0,NA,NA,NA,0,NA,0.0,0.0,0.0,0.0,NA,NA,0,6121
0.36,NA,NA,0.76,0.68,0.68,0.68,0.76,70,1991,53_datatwo,27/03/23 - 02/04/23,0.0,1.009445,2.654166666666667,0.0,1.080555,0.0,0.0,04:44:39,01:42:01,9,18,0.026945,0.031111666666666666,0.0,0.0,0.0,0.0,5,12,0,NA,0,0,2023-04-04 13:25:16.933000,2023-04-04 08:29:16.198000,NA,NA,NA,NA,Week 9,0.0,0.0,0,0,NA,NA,0.0,0,1,NA,2023-04-07 12:12:39.094000,0.8491666666666667,NA,1,NA,NA,2023-04-07 16:07:44.624000,0.003888333333333333,0.0,1,0.0,2023-04-07 16:58:51.861000,NA,0.0,0.0,0,0.0,NA,NA,0.8647233333333334,0.0,3,0.0,2023-04-04 12:35:06.287000,NA,0.29750000000000004,NA,NA,NA,4,2023-04-04 08:29:22.345000,0.0,0.0,0.0,0.0,NA,NA,17079,6121
0.52,NA,0.52,0.52,0.6,0.68,0.56,0.56,60,1992,54_datatwo,27/03/23 - 02/04/23,0.0,0.29972166666666666,0.5716666666666667,0.33666666666666667,0.0,0.0,0.0,01:12:29,01:42:01,5,13,0.05694333333333334,0.13888833333333334,0.0,0.0,0.0,0.0,11,3,0,NA,0,0,2023-04-04 01:21:32.285000,2023-04-04 01:43:51.789000,NA,NA,NA,NA,Week 9,0.0,0.0,0,0,NA,NA,0.0,0,0,NA,NA,0.0,NA,0,NA,NA,NA,0.0,0.19972333333333334,0,3.0,NA,2023-04-04 01:21:41.604000,0.0,0.0,0,0.0,NA,NA,0.0,0.0,0,1.0,NA,2023-04-06 14:11:56.031000,0.0,NA,NA,NA,0,NA,0.0,0.014445000000000001,0.0,4.0,NA,2023-04-04 01:33:23.791000,4349,6121
NA,NA,NA,NA,0.48,0.56,0.56,0.6,55,1992,55_datatwo,27/03/23 - 02/04/23,0.0,0.0,0.0,0.0,0.0,0.008888333333333333,0.0,00:00:32,01:42:01,0,0,0.0,0.0,0.0,0.0,0.0,0.0,0,0,0,NA,0,0,NA,NA,NA,NA,NA,NA,Week 9,0.0,0.0,0,0,NA,NA,0.0,0,0,NA,NA,0.0,NA,0,NA,NA,NA,0.0,0.0,0,0.0,NA,NA,0.0,0.0,0,0.0,NA,NA,0.0,0.0,0,0.0,NA,NA,0.0,NA,NA,NA,0,NA,0.0,0.0,0.0,0.0,NA,NA,32,6121
0.56,NA,NA,NA,0.64,0.76,0.76,0.76,73,1985,56_datatwo,27/03/23 - 02/04/23,0.0,0.0,0.2902783333333333,0.0047216666666666665,0.0,0.0,0.0,00:17:42,01:42:01,5,10,0.0,0.006943333333333333,0.0,0.0,0.0,0.0,0,6,0,NA,0,0,NA,2023-04-05 18:26:49.453000,NA,NA,NA,NA,Week 9,0.0,0.0,0,0,NA,NA,0.0,0,0,NA,NA,0.0,NA,0,NA,NA,NA,0.0,0.0,0,0.0,NA,NA,0.0,0.0,2,0.0,2023-04-05 18:33:59.870000,NA,0.16416666666666666,0.0,1,0.0,2023-04-05 22:46:49.926000,NA,0.11638833333333333,NA,NA,NA,2,2023-04-05 18:26:57.343000,0.0,0.0,0.0,0.0,NA,NA,1062,6121
NA,NA,0.6,NA,0.68,0.68,0.72,0.8,72,1987,57_datatwo,27/03/23 - 02/04/23,0.36722166666666667,0.5622216666666666,0.0,0.0,0.0,0.0,0.0,00:55:46,01:42:01,6,11,0.0,0.06222333333333333,0.0,0.0,0.0,0.0,0,11,0,NA,0,0,NA,2023-04-03 15:03:17.281000,NA,NA,NA,NA,Week 9,0.0,0.0,0,0,NA,NA,0.0,0,0,NA,NA,0.0,NA,0,NA,NA,NA,0.006944999999999999,0.0,1,0.0,2023-04-04 21:03:55.297000,NA,0.019723333333333332,0.0,2,0.0,2023-04-03 15:21:55.594000,NA,0.25639,0.0,2,0.0,2023-04-03 15:04:27.217000,NA,0.06583333333333334,NA,NA,NA,3,2023-04-03 15:03:35.898000,0.0,0.0,0.0,0.0,NA,NA,3346,6121
NA,NA,NA,NA,0.4,0.48,0.4,0.52,45,1998,58_datatwo,27/03/23 - 02/04/23,0.0,0.0,0.0,0.0,0.0,0.0,0.0,00:00:00,01:42:01,0,0,0.0,0.0,0.0,0.0,0.0,0.0,0,0,0,NA,0,0,NA,NA,NA,NA,NA,NA,Week 9,0.0,0.0,0,0,NA,NA,0.0,0,0,NA,NA,0.0,NA,0,NA,NA,NA,0.0,0.0,0,0.0,NA,NA,0.0,0.0,0,0.0,NA,NA,0.0,0.0,0,0.0,NA,NA,0.0,NA,NA,NA,0,NA,0.0,0.0,0.0,0.0,NA,NA,0,6121
0.68,0.72,0.48,0.72,0.68,0.72,0.76,0.76,73,1994,59_datatwo,27/03/23 - 02/04/23,1.3047216666666666,5.803888333333333,0.0,0.0,0.0,0.0,0.0,07:06:31,01:42:01,15,23,0.011666666666666665,0.060555,3.843888333333333,0.0025,0.0,0.0,5,10,5,NA,0,0,2023-04-03 02:56:23.105000,2023-04-03 02:31:05.492000,NA,2023-04-03 03:02:36.454000,NA,NA,Week 9,0.0,0.0,0,0,NA,NA,0.0,2,0,2023-04-03 02:30:34.372000,NA,0.0,NA,0,NA,NA,NA,0.021388333333333336,0.0,3,0.0,2023-04-03 03:02:18.496000,NA,0.134445,0.0,4,0.0,2023-04-03 03:00:03.573000,NA,0.5313883333333334,0.0,4,0.0,2023-04-03 03:09:58.994000,NA,0.016944999999999998,NA,NA,NA,1,2023-04-04 04:18:38.026000,0.0,0.0036116666666666667,0.0,2.0,NA,2023-04-04 16:37:00.719000,25591,6121
0.56,0.7,NA,NA,0.68,0.76,0.8,0.8,76,1998,60_datatwo,27/03/23 - 02/04/23,0.0,0.0,0.0,0.0,0.9466666666666667,0.0,0.0,00:56:48,01:42:01,4,16,0.0,0.0011116666666666666,0.0,0.0,0.0,0.0,0,1,0,NA,0,0,NA,2023-04-07 10:17:36.504000,NA,NA,NA,NA,Week 9,0.0,0.0,0,0,NA,NA,0.0,0,0,NA,NA,0.0,NA,0,NA,NA,NA,0.0,0.0,0,0.0,NA,NA,0.0,0.0,0,0.0,NA,NA,0.9211116666666667,0.0,11,0.0,2023-04-03 08:43:54.913000,NA,0.0,NA,NA,NA,4,2023-04-07 10:19:08.610000,0.008055,0.0,1.0,0.0,2023-02-14 09:18:50.865000,NA,3408,6121
0.6,0.4,NA,0.72,0.8,0.76,0.72,0.8,77,1994,61_datatwo,27/03/23 - 02/04/23,0.0,4.968333333333334,0.006944999999999999,0.0,0.0,0.0047216666666666665,0.0,04:58:48,01:42:01,7,13,2.4316666666666666,0.0016666666666666668,0.0,0.0,0.0,0.0,13,2,0,NA,0,0,2023-04-04 19:38:39.911000,2023-04-04 20:23:26.965000,NA,NA,NA,NA,Week 9,0.0,0.0,0,0,NA,NA,0.0,0,0,NA,NA,0.0,NA,0,NA,NA,NA,0.0,0.0,0,0.0,NA,NA,0.0,0.0033333333333333335,0,1.0,NA,2023-04-04 19:39:07.858000,2.4963883333333334,0.0,1,0.0,2023-04-04 20:23:59.986000,NA,0.007500000000000001,NA,NA,NA,1,2023-04-04 20:23:30.167000,0.0,0.005833333333333333,0.0,6.0,NA,2023-04-04 22:53:52.128000,17928,6121
NA,NA,NA,NA,0.68,0.64,0.56,0.52,60,2001,62_datatwo,27/03/23 - 02/04/23,0.0,0.8313883333333333,6.344721666666667,0.0,0.0,0.0,0.0,07:10:34,01:42:01,17,26,0.6277783333333333,0.6186116666666667,0.0019433333333333336,0.00027833333333333334,0.0013883333333333332,0.065,12,28,2,NA,1,2,2023-04-04 11:52:42.690000,2023-04-04 12:57:25.728000,NA,2023-04-05 08:59:57.431000,2023-04-04 12:59:51.168000,2023-04-04 13:06:23.246000,Week 9,0.018333333333333333,1.9308333333333332,1,3,2023-04-04 13:10:20.903000,2023-04-04 13:11:28.987000,0.19555500000000003,1,1,2023-04-04 13:06:15.245000,2023-04-05 13:27:42.542000,0.4775,NA,4,NA,NA,2023-04-05 13:59:13.151000,0.5144449999999999,0.0,4,0.0,2023-04-05 14:00:18.242000,NA,0.24083333333333332,0.0,4,0.0,2023-04-05 14:32:16.682000,NA,0.0,0.0,1,0.0,2023-04-05 15:59:13.034000,NA,0.0,NA,NA,NA,0,NA,0.0,0.0,0.0,0.0,NA,NA,25834,6121
0.56,0.6,0.6,0.64,0.64,0.68,0.68,0.68,67,1993,63_datatwo,27/03/23 - 02/04/23,0.0033333333333333335,0.09027833333333334,0.0,0.0,0.010555,0.0,0.0,00:06:15,01:42:01,4,7,0.016666666666666666,0.044721666666666667,0.0,0.0,0.0,0.0,6,1,0,NA,0,0,2023-04-03 16:58:34.360000,2023-04-04 14:26:38.062000,NA,NA,NA,NA,Week 9,0.0,0.0,0,0,NA,NA,0.0,0,0,NA,NA,0.0,NA,0,NA,NA,NA,0.0,0.0,0,0.0,NA,NA,0.0,0.0,0,0.0,NA,NA,0.0,0.0,0,1.0,NA,2023-04-03 16:58:42.466000,0.0,NA,NA,NA,0,NA,0.0008333333333333334,0.001945,1.0,2.0,2023-02-14 12:09:05.211000,2023-04-04 14:29:24.920000,375,6121
0.52,NA,NA,NA,0.52,0.52,0.56,0.72,58,1998,64_datatwo,27/03/23 - 02/04/23,0.0027783333333333336,0.0,0.0,0.009166666666666667,0.0,0.0,0.0,00:00:43,01:42:01,4,4,0.0013883333333333332,0.0016666666666666668,0.0047216666666666665,0.0,0.0,0.0,1,1,1,NA,0,0,2023-04-06 11:31:22.359000,2023-04-03 12:37:55.663000,NA,NA,NA,NA,Week 9,0.0,0.0,0,0,NA,NA,0.0,0,0,2023-04-06 11:31:27.198000,NA,0.0,NA,0,NA,NA,NA,0.0,0.0,1,0.0,2023-04-03 12:38:01.343000,NA,0.0,0.0,0,0.0,NA,NA,0.0,0.0,0,0.0,NA,NA,0.0,NA,NA,NA,0,NA,0.0,0.0,0.0,0.0,NA,NA,43,6121
0.44,NA,NA,0.24,0.72,0.68,0.58,0.54,63,1982,65_datatwo,27/03/23 - 02/04/23,0.02333333333333333,1.9497216666666666,3.056111666666667,0.005278333333333333,0.0,0.011111666666666667,0.009166666666666667,05:03:17,01:42:01,9,31,0.67861,0.06278,0.007500000000000001,0.5530550000000001,0.0,0.0,14,14,1,NA,0,0,2023-04-04 00:05:34.657000,2023-04-03 11:41:51.426000,NA,2023-04-04 00:18:38.453000,NA,NA,Week 9,0.0,0.0,0,0,NA,NA,0.0,7,0,2023-04-03 11:41:24.796000,NA,0.0,NA,0,NA,NA,NA,0.0,0.006666666666666667,3,2.0,2023-04-05 09:56:39.660000,2023-04-04 00:43:52.015000,0.0,0.0033333333333333335,0,2.0,NA,2023-04-04 00:54:28.653000,3.3872216666666666,0.005278333333333333,10,2.0,2023-04-03 11:42:16.572000,2023-04-04 00:59:49.197000,0.0,NA,NA,NA,0,NA,0.0,0.0,0.0,0.0,NA,NA,18197,6121
NA,NA,NA,NA,0.58,0.58,0.58,0.58,58,1980,66_datatwo,27/03/23 - 02/04/23,0.0,0.0,0.0,0.0,0.0,0.0,0.0,00:00:00,01:42:01,0,0,0.0,0.0,0.0,0.0,0.0,0.0,0,0,0,NA,0,0,NA,NA,NA,NA,NA,NA,Week 9,0.0,0.0,0,0,NA,NA,0.0,0,0,NA,NA,0.0,NA,0,NA,NA,NA,0.0,0.0,0,0.0,NA,NA,0.0,0.0,0,0.0,NA,NA,0.0,0.0,0,0.0,NA,NA,0.0,NA,NA,NA,0,NA,0.0,0.0,0.0,0.0,NA,NA,0,6121
NA,NA,NA,NA,0.58,0.66,0.58,0.58,60,1986,67_datatwo,27/03/23 - 02/04/23,0.0,0.0,0.0,0.0,0.0,0.0,0.0,00:00:00,01:42:01,0,0,0.0,0.0,0.0,0.0,0.0,0.0,0,0,0,NA,0,0,NA,NA,NA,NA,NA,NA,Week 9,0.0,0.0,0,0,NA,NA,0.0,0,0,NA,NA,0.0,NA,0,NA,NA,NA,0.0,0.0,0,0.0,NA,NA,0.0,0.0,0,0.0,NA,NA,0.0,0.0,0,0.0,NA,NA,0.0,NA,NA,NA,0,NA,0.0,0.0,0.0,0.0,NA,NA,0,6121
0.6,NA,NA,NA,0.6,0.64,0.56,0.64,61,1989,68_datatwo,27/03/23 - 02/04/23,0.0,0.0,0.0,0.004166666666666667,0.0,0.0,0.0,00:00:15,01:42:01,1,1,0.0,0.0025,0.0,0.0,0.0,0.0,0,1,0,NA,0,0,NA,2023-04-06 11:58:10.321000,NA,NA,NA,NA,Week 9,0.0,0.0,0,0,NA,NA,0.0,0,0,NA,NA,0.0,NA,0,NA,NA,NA,0.0,0.0,0,0.0,NA,NA,0.0,0.0,0,0.0,NA,NA,0.0,0.0,0,0.0,NA,NA,0.0,NA,NA,NA,0,NA,0.0,0.0,0.0,0.0,NA,NA,15,6121
0.68,0.6,0.6,0.48,0.68,0.6,0.64,0.72,66,1989,69_datatwo,27/03/23 - 02/04/23,5.263055,0.045000000000000005,0.12888833333333333,0.0,3.8563883333333333,0.0,0.02666666666666667,09:19:11,01:42:01,11,20,0.010278333333333334,0.006666666666666667,0.0022216666666666665,0.0,0.0,0.0,9,6,1,NA,0,0,2023-04-04 15:41:46.220000,2023-04-03 08:47:45.253000,NA,NA,NA,NA,Week 9,0.0,0.0,0,0,NA,NA,0.0,0,0,2023-04-04 15:44:17.174000,NA,0.0,NA,0,NA,NA,NA,0.0,2.228055,0,1.0,NA,2023-04-07 19:41:41.021000,0.0,0.010555,0,1.0,NA,2023-04-07 19:40:58.431000,5.148611666666667,0.02333333333333333,3,2.0,2023-04-03 08:47:56.589000,2023-04-07 19:39:40.006000,0.008055,NA,NA,NA,1,2023-04-03 10:36:33.049000,0.013333333333333334,0.015556666666666667,1.0,4.0,2023-02-14 11:09:40.919000,2023-04-04 15:41:50.462000,33551,6121
0.56,0.52,NA,0.52,0.68,0.76,0.72,0.72,72,1995,70_datatwo,27/03/23 - 02/04/23,0.011388333333333332,5.768888333333334,0.0,0.0,0.0,0.0,0.0,05:46:49,01:42:01,15,20,1.165555,0.12166666666666666,0.0,0.0,0.0,0.00027833333333333334,9,8,0,NA,0,1,2023-04-04 11:59:46.627000,2023-04-03 13:08:42.331000,NA,NA,NA,2023-04-04 17:24:53.633000,Week 9,0.0036116666666666667,0.000555,1,1,2023-04-04 17:24:54.841000,2023-04-04 17:25:08.024000,0.0063883333333333335,0,3,NA,2023-04-04 16:07:47.779000,0.00027833333333333334,NA,1,NA,NA,2023-04-04 17:25:11.326000,0.10888833333333332,1.4447216666666665,3,2.0,2023-04-04 16:08:34.010000,2023-04-04 11:59:48.862000,0.000555,2.7108333333333334,1,3.0,2023-04-04 17:25:16.671000,2023-04-04 16:08:06.074000,0.1675,0.0,2,0.0,2023-04-03 13:08:50.189000,NA,0.0,NA,NA,NA,1,2023-04-04 13:10:18.019000,0.0,0.0008333333333333334,0.0,1.0,NA,2023-04-04 21:50:31.571000,20809,6121
0.64,NA,NA,NA,0.64,0.76,0.6,0.56,64,1990,71_datatwo,27/03/23 - 02/04/23,0.0,0.0,0.0,0.0,0.0,0.0,0.0,00:00:00,01:42:01,0,0,0.0,0.0,0.0,0.0,0.0,0.0,0,0,0,NA,0,0,NA,NA,NA,NA,NA,NA,Week 9,0.0,0.0,0,0,NA,NA,0.0,0,0,NA,NA,0.0,NA,0,NA,NA,NA,0.0,0.0,0,0.0,NA,NA,0.0,0.0,0,0.0,NA,NA,0.0,0.0,0,0.0,NA,NA,0.0,NA,NA,NA,0,NA,0.0,0.0,0.0,0.0,NA,NA,0,6121
NA,NA,NA,NA,0.68,0.68,0.48,0.64,62,1998,72_datatwo,27/03/23 - 02/04/23,0.0,0.0,0.0,0.006944999999999999,0.0,0.0,0.0,00:00:25,01:42:01,1,1,0.0027783333333333336,0.0,0.0,0.0,0.0,0.0,2,0,0,NA,0,0,2023-04-06 12:50:54.194000,NA,NA,NA,NA,NA,Week 9,0.0,0.0,0,0,NA,NA,0.0,0,0,NA,NA,0.0,NA,0,NA,NA,NA,0.0,0.0,0,0.0,NA,NA,0.0,0.0,0,0.0,NA,NA,0.0,0.0,0,0.0,NA,NA,0.0,NA,NA,NA,0,NA,0.0,0.0,0.0,0.0,NA,NA,25,6121
NA,NA,NA,NA,0.56,0.6,0.56,0.48,55,1996,73_datatwo,27/03/23 - 02/04/23,0.0,0.0,0.0,0.0,0.0,0.0,0.0,00:00:00,01:42:01,0,0,0.0,0.0,0.0,0.0,0.0,0.0,0,0,0,NA,0,0,NA,NA,NA,NA,NA,NA,Week 9,0.0,0.0,0,0,NA,NA,0.0,0,0,NA,NA,0.0,NA,0,NA,NA,NA,0.0,0.0,0,0.0,NA,NA,0.0,0.0,0,0.0,NA,NA,0.0,0.0,0,0.0,NA,NA,0.0,NA,NA,NA,0,NA,0.0,0.0,0.0,0.0,NA,NA,0,6121
0.52,0.72,0.48,0.52,0.6,0.72,0.48,0.72,63,1998,74_datatwo,27/03/23 - 02/04/23,0.039445,0.0,0.0,0.0,0.0,0.0,0.0,00:02:22,01:42:01,3,3,0.0025,0.014445000000000001,0.0,0.0,0.0,0.0,3,2,0,NA,0,0,2023-04-03 20:08:02.506000,2023-04-03 20:09:06.910000,NA,NA,NA,NA,Week 9,0.0,0.0,0,0,NA,NA,0.0,0,0,NA,NA,0.0,NA,0,NA,NA,NA,0.0,0.0,0,0.0,NA,NA,0.0,0.0,0,0.0,NA,NA,0.0,0.0,0,0.0,NA,NA,0.0,NA,NA,NA,0,NA,0.0,0.003888333333333333,0.0,1.0,NA,2023-04-03 20:08:06.122000,142,6121
0.52,0.68,0.52,0.68,0.52,0.68,0.52,0.72,61,1992,75_datatwo,27/03/23 - 02/04/23,0.0,11.894445,0.0,0.0,0.0,0.0,0.0,11:53:40,01:42:01,14,14,1.1002783333333332,2.7975,0.126945,0.001945,0.0027783333333333336,0.14,8,10,2,NA,1,3,2023-04-04 18:33:02.797000,2023-04-04 12:05:40.313000,NA,2023-04-04 23:25:36.923000,2023-04-04 15:26:54.260000,2023-04-04 15:25:00.080000,Week 9,0.36583333333333334,0.6288883333333334,2,1,2023-04-04 12:05:44.850000,2023-04-04 18:34:22.993000,0.0,1,0,2023-04-04 23:51:28.878000,NA,0.0,NA,0,NA,NA,NA,0.003055,0.013333333333333334,1,1.0,2023-04-04 18:34:08.109000,2023-04-04 18:33:07.957000,0.0,2.656388333333333,0,1.0,NA,2023-04-04 19:57:30.887000,0.0,0.0,0,0.0,NA,NA,0.0027783333333333336,NA,NA,NA,1,2023-04-04 23:25:01.664000,0.0,0.0016666666666666668,0.0,2.0,NA,2023-04-04 22:38:36.592000,42820,6121
0.56,NA,NA,NA,0.6,0.52,0.56,0.64,58,1993,76_datatwo,27/03/23 - 02/04/23,0.0,0.0,0.0,0.0,0.0,0.0,1.3972216666666666,01:23:50,01:42:01,3,3,0.0,0.007221666666666667,0.0,0.0,0.0,0.0,0,3,0,NA,0,0,NA,2023-04-09 22:17:48.101000,NA,NA,NA,NA,Week 9,0.0,0.0,0,0,NA,NA,0.0,0,0,NA,NA,0.0,NA,1,NA,NA,2023-04-09 23:41:32.233000,0.0,0.0,0,0.0,NA,NA,0.0,0.0,0,0.0,NA,NA,0.0,0.0,0,0.0,NA,NA,1.3883333333333332,NA,NA,NA,2,2023-04-09 22:17:58.228000,0.0,0.0,0.0,0.0,NA,NA,5030,6121
NA,0.48,0.64,NA,0.68,0.56,0.68,0.68,65,2002,77_datatwo,27/03/23 - 02/04/23,0.003888333333333333,0.9619449999999999,0.0,0.0,0.0,0.0,0.0,00:57:57,01:42:01,1,1,0.0,0.0,0.0,0.0,0.0,0.0,1,0,0,NA,0,0,2023-04-03 18:14:48.115000,NA,NA,NA,NA,NA,Week 9,0.0,0.0,0,0,NA,NA,0.0,0,0,NA,NA,0.0,NA,0,NA,NA,NA,0.0,0.0,0,0.0,NA,NA,0.0,0.0,0,0.0,NA,NA,0.0,0.0,0,0.0,NA,NA,0.0,NA,NA,NA,0,NA,0.0,0.0,0.0,0.0,NA,NA,3477,6121
NA,NA,NA,NA,0.32,0.32,0.2,0.56,35,1989,78_datatwo,27/03/23 - 02/04/23,0.0,0.0,0.0,0.0,0.0,0.0,0.0,00:00:00,01:42:01,0,0,0.0,0.0,0.0,0.0,0.0,0.0,0,0,0,NA,0,0,NA,NA,NA,NA,NA,NA,Week 9,0.0,0.0,0,0,NA,NA,0.0,0,0,NA,NA,0.0,NA,0,NA,NA,NA,0.0,0.0,0,0.0,NA,NA,0.0,0.0,0,0.0,NA,NA,0.0,0.0,0,0.0,NA,NA,0.0,NA,NA,NA,0,NA,0.0,0.0,0.0,0.0,NA,NA,0,6121
0.4,NA,NA,0.48,0.58,0.66,0.58,0.58,60,1997,79_datatwo,27/03/23 - 02/04/23,0.013888333333333332,0.031944999999999994,0.0,0.090555,4.390833333333333,0.545555,0.0,05:04:22,01:42:01,8,29,1.8238883333333331,0.01638833333333333,0.089445,0.0,0.0,0.0,14,7,7,NA,0,0,2023-04-04 21:17:46.796000,2023-04-03 15:47:33.724000,NA,NA,NA,NA,Week 9,0.0,0.0,0,0,NA,NA,0.0,0,0,2023-04-04 21:17:52.263000,NA,0.0,NA,0,NA,NA,NA,1.1841666666666666,0.07388833333333333,0,1.0,2023-04-07 18:41:49.799000,2023-04-07 10:47:44.315000,0.4397216666666667,0.0,2,0.0,2023-04-03 15:48:08.289000,NA,0.004445,0.0,4,0.0,2023-04-03 15:47:41.198000,NA,0.0,NA,NA,NA,1,NA,0.0,1.0841683333333334,0.0,5.0,NA,2023-04-04 21:18:12.056000,18262,6121
NA,NA,NA,NA,55.0,66.0,50.0,49.0,55,1998,80_datatwo,27/11/23 - 03/12/23,0.0,0.10361166666666667,2.5102783333333334,5.038611666666667,0.0,0.0,0.0,07:39:09,01:11:53,6,13,0.09583333333333334,0.008333333333333333,0.0,0.0,0.035833333333333335,0.007221666666666667,3,9,0,NA,1,1,2023-11-28 05:02:59.032000,2023-11-28 05:08:47.898000,NA,NA,2023-11-30 08:45:36.840000,2023-11-30 08:47:49.058000,Week 9,5.015833333333333,1.1575,4,2,2023-11-28 05:08:51.968000,2023-11-30 08:48:20.577000,0.0,0,0,NA,NA,0.0,NA,0,NA,NA,NA,0.0,0.0,0,0.0,NA,NA,0.0,0.0,0,0.0,NA,NA,0.0,0.0,0,0.0,NA,NA,0.0,NA,NA,NA,0,NA,0.0,0.0,0.0,0.0,NA,NA,27549,4313
NA,NA,NA,NA,52.0,68.0,52.0,40.0,53,1989,81_datatwo,27/11/23 - 03/12/23,0.0,0.0,0.0,0.0,0.0,0.0,0.0,00:00:00,01:11:53,0,0,0.0,0.0,0.0,0.0,0.0,0.0,0,0,0,NA,0,0,NA,NA,NA,NA,NA,NA,Week 9,0.0,0.0,0,0,NA,NA,0.0,0,0,NA,NA,0.0,NA,0,NA,NA,NA,0.0,0.0,0,0.0,NA,NA,0.0,0.0,0,0.0,NA,NA,0.0,0.0,0,0.0,NA,NA,0.0,NA,NA,NA,0,NA,0.0,0.0,0.0,0.0,NA,NA,0,4313
0.48,0.36,NA,NA,56.0,56.0,56.0,64.0,58,1998,82_datatwo,27/11/23 - 03/12/23,0.0,1.1663883333333334,0.0,0.0,0.0,0.0,0.003888333333333333,01:10:13,01:11:53,10,10,0.0,1.0827783333333334,0.0,0.0,0.0,0.0,1,7,0,NA,0,0,2023-12-03 15:49:26.720000,2023-11-28 11:07:32.970000,NA,NA,NA,NA,Week 9,0.0,0.005278333333333333,0,1,NA,2023-11-28 12:12:07.216000,0.0022216666666666665,0,1,NA,2023-11-28 12:16:39.275000,0.0022216666666666665,NA,1,NA,NA,2023-11-28 12:16:51.486000,0.0033333333333333335,0.0,1,0.0,2023-11-28 12:17:03.709000,NA,0.06583333333333334,0.0,1,0.0,2023-11-28 12:12:31.751000,NA,0.0,0.0,1,0.0,2023-11-28 12:17:20.574000,NA,0.001945,NA,NA,NA,1,2023-11-28 12:03:20.574000,0.003888333333333333,0.0,1.0,0.0,2023-12-03 15:49:12.542000,NA,4213,4313
0.48,0.32,NA,NA,66.0,53.0,60.0,65.0,61,1997,83_datatwo,27/11/23 - 03/12/23,0.0,0.7133333333333333,0.0,0.0,0.005,0.0,0.0,00:43:06,01:11:53,5,5,0.0,0.0036116666666666667,0.0,0.000555,0.0,0.0,0,2,0,NA,0,0,NA,2023-11-28 12:18:02.023000,NA,2023-11-28 12:17:59.827000,NA,NA,Week 9,0.0,0.0,0,0,NA,NA,0.0,1,0,NA,NA,0.0,NA,0,NA,NA,NA,0.0,0.0,0,0.0,NA,NA,0.22194499999999998,0.0,1,0.0,2023-11-28 12:18:39.410000,NA,0.0,0.0,1,0.0,2023-11-28 12:31:58.441000,NA,0.006666666666666667,NA,NA,NA,1,2023-11-28 12:18:07.966000,0.0,0.0,0.0,0.0,NA,NA,2586,4313
NA,0.2,NA,NA,57.0,57.0,56.0,58.0,57,1991,84_datatwo,27/11/23 - 03/12/23,0.0,0.0,0.0,0.0,0.0,0.0,0.0,00:00:00,01:11:53,0,0,0.0,0.0,0.0,0.0,0.0,0.0,0,0,0,NA,0,0,NA,NA,NA,NA,NA,NA,Week 9,0.0,0.0,0,0,NA,NA,0.0,0,0,NA,NA,0.0,NA,0,NA,NA,NA,0.0,0.0,0,0.0,NA,NA,0.0,0.0,0,0.0,NA,NA,0.0,0.0,0,0.0,NA,NA,0.0,NA,NA,NA,0,NA,0.0,0.0,0.0,0.0,NA,NA,0,4313
0.4,0.52,0.72,0.74,60.0,65.0,72.0,75.0,68,1984,85_datatwo,27/11/23 - 03/12/23,0.9872233333333332,0.8641666666666666,0.0,0.03888833333333333,3.0766666666666667,0.0,0.09361166666666666,05:03:38,01:11:53,5,18,0.0,0.12694333333333332,0.0,0.001945,0.0,0.0,0,12,0,NA,0,0,NA,2023-11-27 14:34:07.464000,NA,2023-11-27 20:41:40.707000,NA,NA,Week 9,0.0,0.0,0,0,NA,NA,0.0,1,0,NA,NA,0.0,NA,0,NA,NA,NA,0.0,0.0,0,0.0,NA,NA,1.1397216666666665,0.0,5,0.0,2023-11-27 11:05:46.420000,NA,1.1719433333333336,0.0,8,0.0,2023-11-27 14:34:12.056000,NA,0.8608333333333333,NA,NA,NA,1,2023-11-28 10:07:36.561000,0.0,0.0,0.0,0.0,NA,NA,18218,4313
0.52,0.68,0.64,NA,60.0,68.0,72.0,72.0,68,1995,86_datatwo,27/11/23 - 03/12/23,0.0,0.11222166666666666,0.0,0.0,0.0,0.0,0.0,00:06:44,01:11:53,4,4,0.0016666666666666668,0.0011116666666666666,0.0,0.0,0.0,0.0,1,1,0,NA,0,0,2023-11-28 12:39:59.311000,2023-11-28 12:33:24.508000,NA,NA,NA,NA,Week 9,0.0,0.0,0,0,NA,NA,0.0,0,0,NA,NA,0.0,NA,0,NA,NA,NA,0.0,0.0,0,0.0,NA,NA,0.0,0.0,0,0.0,NA,NA,0.10833333333333334,0.0,1,1.0,2023-11-28 12:33:28.339000,2023-11-28 12:40:04.995000,0.0,NA,NA,NA,0,NA,0.0,0.0,0.0,0.0,NA,NA,404,4313
NA,NA,NA,NA,70.0,62.0,72.0,76.0,70,1996,87_datatwo,27/11/23 - 03/12/23,2.3711116666666667,0.026111666666666665,1.586945,0.4827783333333333,0.0,0.0,0.0063883333333333335,04:28:24,01:11:53,9,14,0.028333333333333332,0.007500000000000001,0.0,0.00027833333333333334,0.0,0.0,3,6,0,NA,0,0,2023-11-28 14:15:58.102000,2023-11-27 10:50:02.237000,NA,2023-11-28 12:17:51.094000,NA,NA,Week 9,0.0,0.0,0,0,NA,NA,0.0,1,0,NA,NA,2.3597216666666663,NA,1,NA,NA,2023-11-27 10:50:12.925000,2.067223333333333,0.0,6,0.0,2023-11-27 13:11:53.009000,NA,0.0008333333333333334,0.0,1,0.0,2023-11-27 13:12:14.540000,NA,0.0,0.000555,1,1.0,2023-11-28 12:17:54.401000,2023-11-30 15:31:34.381000,0.0063883333333333335,NA,NA,NA,1,2023-12-03 20:53:23.515000,0.0,0.0,0.0,0.0,NA,NA,16104,4313
0.56,0.68,0.6,0.64,64.0,68.0,64.0,76.0,68,1986,88_datatwo,27/11/23 - 03/12/23,0.0,0.15472166666666667,0.0,0.0,0.0,0.0,0.0,00:09:17,01:11:53,3,4,0.0,0.0036100000000000004,0.0,0.0,0.0,0.0,0,2,0,NA,0,0,NA,2023-11-28 01:43:20.815000,NA,NA,NA,NA,Week 9,0.0,0.0,0,0,NA,NA,0.0,0,0,NA,NA,0.0,NA,0,NA,NA,NA,0.0,0.0,0,0.0,NA,NA,0.0,0.0,0,0.0,NA,NA,0.0,0.0,1,0.0,2023-11-28 11:43:29.657000,NA,0.0,NA,NA,NA,0,NA,0.14361166666666667,0.0,1.0,0.0,2023-11-28 01:43:29.069000,NA,557,4313
NA,NA,NA,NA,52.0,56.0,52.0,72.0,58,1996,89_datatwo,27/11/23 - 03/12/23,0.0,0.0,0.0,0.0,0.0,0.0,0.0,00:00:00,01:11:53,0,0,0.0,0.0,0.0,0.0,0.0,0.0,0,0,0,NA,0,0,NA,NA,NA,NA,NA,NA,Week 9,0.0,0.0,0,0,NA,NA,0.0,0,0,NA,NA,0.0,NA,0,NA,NA,NA,0.0,0.0,0,0.0,NA,NA,0.0,0.0,0,0.0,NA,NA,0.0,0.0,0,0.0,NA,NA,0.0,NA,NA,NA,0,NA,0.0,0.0,0.0,0.0,NA,NA,0,4313
NA,NA,NA,NA,52.0,52.0,52.0,56.0,53,1998,90_datatwo,27/11/23 - 03/12/23,0.0,0.0,0.0,0.0,0.0,0.0,0.013055,00:00:47,01:11:53,0,0,0.0,0.0,0.0,0.0,0.0,0.0,0,0,0,NA,0,0,NA,NA,NA,NA,NA,NA,Week 9,0.0,0.0,0,0,NA,NA,0.0,0,0,NA,NA,0.0,NA,0,NA,NA,NA,0.0,0.0,0,0.0,NA,NA,0.0,0.0,0,0.0,NA,NA,0.0,0.0,0,0.0,NA,NA,0.0,NA,NA,NA,0,NA,0.0,0.0,0.0,0.0,NA,NA,47,4313
0.36,0.28,NA,NA,32.0,52.0,56.0,64.0,51,1992,91_datatwo,27/11/23 - 03/12/23,0.0,0.0027783333333333336,0.0,0.0,0.0,0.0,0.0,00:00:10,01:11:53,2,2,0.0,0.0016666666666666668,0.0,0.0,0.0,0.0,0,1,0,NA,0,0,NA,2023-11-28 12:17:27.327000,NA,NA,NA,NA,Week 9,0.0,0.0,0,0,NA,NA,0.0,0,0,NA,NA,0.0,NA,0,NA,NA,NA,0.0,0.0,0,0.0,NA,NA,0.0,0.0,0,0.0,NA,NA,0.0,0.0,1,0.0,2023-11-28 12:17:33.536000,NA,0.0,NA,NA,NA,0,NA,0.0,0.0,0.0,0.0,NA,NA,10,4313
0.6,0.68,0.72,0.68,70.0,77.0,81.0,80.0,77,1996,92_datatwo,27/11/23 - 03/12/23,0.0,0.8494449999999999,0.0,0.0,0.0,0.0025,0.0,00:51:07,01:11:53,5,6,0.0027783333333333336,0.008055,0.0,0.0,0.0,0.0,3,1,1,NA,0,0,2023-11-28 12:06:13.101000,2023-11-28 11:15:37.735000,NA,NA,NA,NA,Week 9,0.0,0.0,0,0,NA,NA,0.0,0,0,2023-11-28 12:06:28.698000,NA,0.0,NA,0,NA,NA,NA,0.0,0.0,0,0.0,NA,NA,0.0,0.0,0,0.0,NA,NA,0.8352783333333333,0.0013883333333333332,1,1.0,2023-11-28 11:16:06.417000,2023-11-28 12:06:19.978000,0.0,NA,NA,NA,0,NA,0.0,0.0,0.0,0.0,NA,NA,3067,4313
NA,NA,NA,NA,56.0,60.0,68.0,48.0,58,1989,92_datatwo,27/11/23 - 03/12/23,0.421945,0.0,0.042499999999999996,0.0,0.005,0.07888833333333332,0.009166666666666667,00:33:27,01:11:53,9,17,0.374445,0.01,0.005,0.003888333333333333,0.0,0.0013883333333333332,6,7,3,NA,0,1,2023-11-27 13:36:33.201000,2023-11-27 13:32:07.547000,NA,2023-11-27 13:32:43.801000,NA,2023-12-01 08:33:36.032000,Week 9,0.0,0.0,0,0,NA,NA,0.0,1,0,2023-11-27 13:31:55.074000,NA,0.0,NA,0,NA,NA,NA,0.0,0.0,0,0.0,NA,NA,0.014721666666666666,0.0,2,0.0,2023-11-27 13:32:15.671000,NA,0.018888333333333333,0.0,2,0.0,2023-11-27 13:34:38.094000,NA,0.040555,NA,NA,NA,2,2023-12-02 17:36:30.905000,0.009166666666666667,0.0,1.0,0.0,2023-12-03 20:14:25.111000,NA,2007,4313
NA,NA,NA,NA,68.0,60.0,52.0,52.0,58,1994,94_datatwo,27/11/23 - 03/12/23,0.0,0.0,0.0,0.0,0.0,0.0,0.0,00:00:00,01:11:53,0,0,0.0,0.0,0.0,0.0,0.0,0.0,0,0,0,NA,0,0,NA,NA,NA,NA,NA,NA,Week 9,0.0,0.0,0,0,NA,NA,0.0,0,0,NA,NA,0.0,NA,0,NA,NA,NA,0.0,0.0,0,0.0,NA,NA,0.0,0.0,0,0.0,NA,NA,0.0,0.0,0,0.0,NA,NA,0.0,NA,NA,NA,0,NA,0.0,0.0,0.0,0.0,NA,NA,0,4313
0.56,0.6,0.36,NA,80.0,76.0,68.0,80.0,76,2000,95_datatwo,27/11/23 - 03/12/23,0.0,0.014445000000000001,0.0,0.0,0.0,0.0,0.0,00:00:52,01:11:53,5,5,0.0,0.0036116666666666667,0.0,0.00027833333333333334,0.0,0.0,0,3,0,NA,0,0,NA,2023-11-28 17:49:32.254000,NA,2023-11-28 17:49:31.107000,NA,NA,Week 9,0.0,0.0,0,0,NA,NA,0.0,1,0,NA,NA,0.0,NA,0,NA,NA,NA,0.0,0.0,0,0.0,NA,NA,0.0,0.0,0,0.0,NA,NA,0.0,0.0,1,0.0,2023-11-28 17:50:16.402000,NA,0.008888333333333333,NA,NA,NA,2,2023-11-28 17:49:39.923000,0.000555,0.0,1.0,0.0,2023-11-28 17:49:28.967000,NA,52,4313
0.52,0.56,0.68,0.52,64.0,68.0,72.0,76.0,70,1987,96_datatwo,27/11/23 - 03/12/23,0.13416666666666668,1.4327783333333335,1.88,2.838888333333333,1.7347233333333334,0.25833333333333336,0.0,08:16:44,01:11:53,5,26,6.4975016666666665,0.06333,0.0,0.0,0.0,0.0,5,20,0,NA,0,0,2023-11-28 11:09:24.535000,2023-11-27 06:06:03.621000,NA,NA,NA,NA,Week 9,0.0,0.0,0,0,NA,NA,0.0,0,0,NA,NA,0.0,NA,0,NA,NA,NA,0.2052783333333333,0.0,1,0.0,2023-12-01 19:01:11.543000,NA,0.26,0.0,1,0.0,2023-11-28 12:02:40.523000,NA,1.2069433333333335,0.0,12,0.0,2023-11-27 06:06:13.751000,NA,0.0,NA,NA,NA,0,NA,0.0,0.0,0.0,0.0,NA,NA,29804,4313
NA,NA,NA,NA,64.0,58.0,55.0,71.0,62,1992,97_datatwo,27/11/23 - 03/12/23,0.054445,0.005278333333333333,0.15527833333333332,0.0,0.0,0.0,0.0,00:12:54,01:11:53,9,12,0.008333333333333333,0.030835,0.008055,0.0011116666666666666,0.0047216666666666665,0.0011116666666666666,1,8,1,NA,1,1,2023-11-27 17:20:43.322000,2023-11-27 17:21:27.426000,NA,2023-11-27 17:21:57.914000,2023-11-27 17:21:40.668000,2023-11-27 17:22:50.638000,Week 9,0.13972166666666666,0.0,3,1,2023-11-27 17:22:15.741000,2023-11-29 15:19:36.999000,0.0,1,0,2023-11-27 17:20:14.028000,NA,0.0,NA,0,NA,NA,NA,0.0,0.0,0,0.0,NA,NA,0.0,0.0,1,0.0,2023-11-28 16:33:51.757000,NA,0.0,0.0,0,0.0,NA,NA,0.0,NA,NA,NA,0,NA,0.0,0.0,0.0,0.0,NA,NA,774,4313
NA,NA,NA,NA,76.0,60.0,76.0,76.0,72,1984,98_datatwo,27/11/23 - 03/12/23,0.0,0.0,0.0,0.0,0.0,0.0,0.030555000000000002,00:01:50,01:11:53,1,1,0.01861166666666667,0.0,0.0,0.0,0.0,0.0,1,0,0,NA,0,0,2023-12-03 16:42:20.192000,NA,NA,NA,NA,NA,Week 9,0.0,0.0,0,0,NA,NA,0.0,0,0,NA,NA,0.0,NA,0,NA,NA,NA,0.0,0.0,0,0.0,NA,NA,0.0,0.0,0,0.0,NA,NA,0.0,0.0,0,0.0,NA,NA,0.0,NA,NA,NA,0,NA,0.0,0.0,0.0,0.0,NA,NA,110,4313
NA,0.4,0.48,0.4,64.0,64.0,60.0,52.0,60,1979,99_datatwo,27/11/23 - 03/12/23,0.0,0.011666666666666665,0.0,1.1272216666666668,5.368055,0.005,1.1927783333333335,07:42:17,01:11:53,15,27,0.0125,0.04361333333333333,0.0,0.0008333333333333334,0.0016666666666666668,0.04,5,26,0,NA,1,1,2023-12-01 22:47:05.434000,2023-11-28 12:32:47.658000,NA,2023-12-03 14:37:10.714000,2023-12-01 23:48:46.095000,2023-12-01 23:48:55.455000,Week 9,4.283055,0.0,7,3,2023-12-01 23:51:22.405000,2023-12-02 04:08:56.961000,0.9102783333333334,1,3,NA,2023-12-03 14:37:16.601000,0.056945,NA,2,NA,NA,2023-12-03 15:22:36.603000,0.168055,0.0011116666666666666,1,1.0,2023-12-03 15:25:30.820000,2023-12-01 22:47:12.227000,0.529445,0.025278333333333333,1,2.0,2023-11-30 16:49:00.254000,2023-12-01 22:47:21.324000,0.5902783333333333,0.9922216666666668,6,1.0,2023-11-28 12:32:52.482000,2023-12-01 22:49:06.158000,0.0,NA,NA,NA,0,NA,0.0,0.0,0.0,0.0,NA,NA,27737,4313
0.64,0.68,0.64,0.8,68.0,68.0,68.0,80.0,71,1991,100_datatwo,27/11/23 - 03/12/23,0.0,0.0,0.0,0.028333333333333332,0.0,0.0,0.0,00:01:42,01:11:53,3,3,0.0,0.004166666666666667,0.0,0.0,0.0,0.0,0,2,0,NA,0,0,NA,2023-11-30 15:54:01.341000,NA,NA,NA,NA,Week 9,0.0,0.020833333333333332,0,1,NA,2023-11-30 15:54:08.560000,0.0,0,0,NA,NA,0.0,NA,0,NA,NA,NA,0.0,0.0,0,0.0,NA,NA,0.0,0.0,0,0.0,NA,NA,0.0,0.0,1,0.0,2023-11-30 15:55:31.911000,NA,0.0,NA,NA,NA,0,NA,0.0,0.0,0.0,0.0,NA,NA,102,4313
NA,NA,NA,NA,68.0,60.0,64.0,64.0,64,1990,101_datatwo,27/11/23 - 03/12/23,0.0,0.0,0.0,0.013333333333333334,0.0027783333333333336,0.0,0.0,00:00:58,01:11:53,4,4,0.0,0.003055,0.0,0.0,0.0,0.0,1,4,0,NA,0,0,2023-12-01 10:13:17.027000,2023-11-30 17:53:18.882000,NA,NA,NA,NA,Week 9,0.0,0.005555000000000001,0,1,NA,2023-11-30 17:53:39.402000,0.0011116666666666666,0,2,NA,2023-11-30 17:53:33.047000,0.0,NA,0,NA,NA,NA,0.0,0.0,0,0.0,NA,NA,0.0,0.0,0,0.0,NA,NA,0.0,0.0,0,0.0,NA,NA,0.0,NA,NA,NA,0,NA,0.0,0.0,0.0,0.0,NA,NA,58,4313
0.6,0.68,0.48,0.72,68.0,76.0,64.0,76.0,71,2001,102_datatwo,27/11/23 - 03/12/23,0.0,0.0,0.0,0.0,0.0,0.0,0.07055499999999999,00:04:14,01:11:53,7,9,0.008333333333333333,0.017221666666666666,0.00027833333333333334,0.02666666666666667,0.0,0.0,5,2,1,NA,0,0,2023-12-03 13:08:25.176000,2023-12-03 18:57:16.766000,NA,2023-12-03 18:58:19.495000,NA,NA,Week 9,0.0,0.0027783333333333336,0,2,NA,2023-12-03 13:08:28.327000,0.000555,1,1,2023-12-03 18:57:17.709000,2023-12-03 19:00:16.960000,0.0,NA,0,NA,NA,NA,0.0,0.0,0,0.0,NA,NA,0.0,0.0,0,0.0,NA,NA,0.0,0.0,0,0.0,NA,NA,0.0,NA,NA,NA,0,NA,0.003055,0.0,1.0,0.0,2023-12-03 18:56:34.356000,NA,254,4313
NA,NA,NA,NA,68.0,60.0,56.0,56.0,60,2001,103_datatwo,27/11/23 - 03/12/23,0.0,0.0,0.0,0.0,0.0,0.0,0.0,00:00:00,01:11:53,0,0,0.0,0.0,0.0,0.0,0.0,0.0,0,0,0,NA,0,0,NA,NA,NA,NA,NA,NA,Week 9,0.0,0.0,0,0,NA,NA,0.0,0,0,NA,NA,0.0,NA,0,NA,NA,NA,0.0,0.0,0,0.0,NA,NA,0.0,0.0,0,0.0,NA,NA,0.0,0.0,0,0.0,NA,NA,0.0,NA,NA,NA,0,NA,0.0,0.0,0.0,0.0,NA,NA,0,4313
NA,NA,NA,NA,64.0,58.0,66.0,72.0,65,1996,104_datatwo,27/11/23 - 03/12/23,0.0,0.0,0.004166666666666667,0.0,0.0,0.0,0.0,00:00:15,01:11:53,0,0,0.0,0.0,0.0,0.0,0.0,0.0,0,0,0,NA,0,0,NA,NA,NA,NA,NA,NA,Week 9,0.0,0.0,0,0,NA,NA,0.0,0,0,NA,NA,0.0,NA,0,NA,NA,NA,0.0,0.0,0,0.0,NA,NA,0.0,0.0,0,0.0,NA,NA,0.0,0.0,0,0.0,NA,NA,0.0,NA,NA,NA,0,NA,0.0,0.0,0.0,0.0,NA,NA,15,4313
0.48,0.28,NA,NA,60.0,56.0,56.0,68.0,60,1998,105_datatwo,27/11/23 - 03/12/23,0.0,0.6869449999999999,0.0,0.0,0.0,0.0,0.0,00:41:13,01:11:53,2,2,0.0,0.001945,0.0,0.0,0.0,0.0,0,1,0,NA,0,0,NA,2023-11-28 12:17:27.430000,NA,NA,NA,NA,Week 9,0.0,0.0,0,0,NA,NA,0.0,0,0,NA,NA,0.0,NA,0,NA,NA,NA,0.0,0.0,0,0.0,NA,NA,0.6827783333333333,0.0,1,0.0,2023-11-28 12:17:34.916000,NA,0.0,0.0,0,0.0,NA,NA,0.0,NA,NA,NA,0,NA,0.0,0.0,0.0,0.0,NA,NA,2473,4313
NA,NA,NA,NA,48.0,54.0,56.0,42.0,50,1995,106_datatwo,27/11/23 - 03/12/23,0.0,0.0,0.0,0.0,0.0,0.0,0.0,00:00:00,01:11:53,0,0,0.0,0.0,0.0,0.0,0.0,0.0,0,0,0,NA,0,0,NA,NA,NA,NA,NA,NA,Week 9,0.0,0.0,0,0,NA,NA,0.0,0,0,NA,NA,0.0,NA,0,NA,NA,NA,0.0,0.0,0,0.0,NA,NA,0.0,0.0,0,0.0,NA,NA,0.0,0.0,0,0.0,NA,NA,0.0,NA,NA,NA,0,NA,0.0,0.0,0.0,0.0,NA,NA,0,4313
NA,NA,NA,NA,60.0,60.0,56.0,56.0,58,1999,107_datatwo,27/11/23 - 03/12/23,0.0,0.0,0.0,0.0,0.0,0.0,0.0,00:00:00,01:11:53,0,0,0.0,0.0,0.0,0.0,0.0,0.0,0,0,0,NA,0,0,NA,NA,NA,NA,NA,NA,Week 9,0.0,0.0,0,0,NA,NA,0.0,0,0,NA,NA,0.0,NA,0,NA,NA,NA,0.0,0.0,0,0.0,NA,NA,0.0,0.0,0,0.0,NA,NA,0.0,0.0,0,0.0,NA,NA,0.0,NA,NA,NA,0,NA,0.0,0.0,0.0,0.0,NA,NA,0,4313
NA,0.6,0.6,NA,62.0,66.0,68.0,84.0,70,1911,108_datatwo,27/11/23 - 03/12/23,0.0,0.9113883333333334,0.003055,0.0,0.0,0.5027783333333333,1.9866666666666668,03:24:14,01:11:53,6,13,0.0,0.06777833333333333,0.0,0.0,0.0,0.0,0,10,0,NA,0,0,NA,2023-11-28 19:45:25.509000,NA,NA,NA,NA,Week 9,0.0,0.0,0,0,NA,NA,0.0,0,0,NA,NA,0.0,NA,0,NA,NA,NA,0.0013883333333333332,0.0,1,0.0,2023-12-03 14:17:06.707000,NA,1.0455566666666667,0.0,4,0.0,2023-11-28 19:48:31.574000,NA,1.966945,0.0,6,0.0,2023-11-28 20:37:13.438000,NA,0.0008333333333333334,NA,NA,NA,2,2023-12-02 18:39:54.064000,0.0011116666666666666,0.0,1.0,0.0,2023-12-03 12:18:30.702000,NA,12254,4313
0.56,0.64,0.52,0.6,68.0,72.0,64.0,76.0,70,1999,109_datatwo,27/11/23 - 03/12/23,0.0,0.003888333333333333,0.0,0.0,0.0,0.0,0.0,00:00:14,01:11:53,3,3,0.0,0.001945,0.0,0.00027833333333333334,0.0,0.0,0,1,0,NA,0,0,NA,2023-11-28 17:49:42.990000,NA,2023-11-28 17:49:42.289000,NA,NA,Week 9,0.0,0.0,0,0,NA,NA,0.0,1,0,NA,NA,0.0,NA,0,NA,NA,NA,0.0,0.0,0,0.0,NA,NA,0.0,0.0,0,0.0,NA,NA,0.0,0.0,1,0.0,2023-11-28 17:49:50.319000,NA,0.0,NA,NA,NA,0,NA,0.0,0.0,0.0,0.0,NA,NA,14,4313
NA,NA,NA,NA,64.0,64.0,60.0,64.0,63,1997,110_datatwo,27/11/23 - 03/12/23,0.0,0.058611666666666666,0.5527783333333333,0.0016666666666666668,0.0,0.0,0.09027833333333334,00:42:12,01:11:53,6,13,0.04861166666666667,0.042499999999999996,0.0,0.0027766666666666664,0.0,0.0,1,12,0,NA,0,0,2023-12-03 12:02:18.454000,2023-11-28 16:33:00.850000,NA,2023-11-29 15:24:26.338000,NA,NA,Week 9,0.0,0.0,0,2,NA,2023-12-03 12:07:23.498000,0.0,3,0,NA,NA,0.0,NA,0,NA,NA,NA,0.5416666666666666,0.0,5,0.0,2023-11-29 15:11:43.299000,NA,0.05,0.0,3,0.0,2023-11-28 16:33:04.061000,NA,0.0,0.0,0,0.0,NA,NA,0.0,NA,NA,NA,0,NA,0.0,0.0,0.0,0.0,NA,NA,0,4313
0.64,0.68,0.72,0.8,69.0,75.0,80.0,80.0,76,1994,111_datatwo,27/11/23 - 03/12/23,2.5775,1.1052783333333334,0.0,0.0047216666666666665,0.63,5.3705549999999995,0.012778333333333334,09:42:03,01:11:53,9,19,5.751943333333333,0.16944499999999998,0.0022216666666666665,0.004166666666666667,0.0,0.0,13,10,1,NA,0,0,2023-11-28 12:06:18.139000,2023-11-27 12:39:28.678000,NA,2023-12-03 19:22:24.982000,NA,NA,Week 9,0.0,0.0,0,0,NA,NA,0.004166666666666667,1,1,2023-12-02 17:38:03.231000,2023-12-03 19:21:54.080000,0.0022216666666666665,NA,2,NA,NA,2023-11-28 11:10:00.352000,0.0,0.0,0,0.0,NA,NA,0.0,0.0,0,0.0,NA,NA,0.9655566666666666,0.0,2,0.0,2023-11-27 12:39:36.998000,NA,0.74389,NA,NA,NA,3,2023-11-27 12:41:40.635000,0.0036116666666666667,0.0,1.0,0.0,2023-11-28 11:09:38.088000,NA,34923,4313
NA,NA,NA,NA,72.0,72.0,80.0,76.0,75,1998,112_datatwo,27/11/23 - 03/12/23,0.0,0.0,0.0275,0.0,0.0,0.0,0.0,00:01:39,01:11:53,2,2,0.0,0.024721666666666666,0.0,0.0016666666666666668,0.0,0.0,0,1,0,NA,0,0,NA,2023-11-29 13:05:44.819000,NA,2023-11-29 13:05:38.557000,NA,NA,Week 9,0.0,0.0,0,0,NA,NA,0.0,1,0,NA,NA,0.0,NA,0,NA,NA,NA,0.0,0.0,0,0.0,NA,NA,0.0,0.0,0,0.0,NA,NA,0.0,0.0,0,0.0,NA,NA,0.0,NA,NA,NA,0,NA,0.0,0.0,0.0,0.0,NA,NA,99,4313
0.48,NA,NA,NA,68.0,64.0,68.0,56.0,64,2000,113_datatwo,27/11/23 - 03/12/23,0.0,0.0,0.0,0.0,0.0,0.0,0.0,00:00:00,01:11:53,0,0,0.0,0.0,0.0,0.0,0.0,0.0,0,0,0,NA,0,0,NA,NA,NA,NA,NA,NA,Week 9,0.0,0.0,0,0,NA,NA,0.0,0,0,NA,NA,0.0,NA,0,NA,NA,NA,0.0,0.0,0,0.0,NA,NA,0.0,0.0,0,0.0,NA,NA,0.0,0.0,0,0.0,NA,NA,0.0,NA,NA,NA,0,NA,0.0,0.0,0.0,0.0,NA,NA,0,4313
0.6,0.72,0.64,NA,66.0,71.0,69.0,62.0,67,2001,114_datatwo,27/11/23 - 03/12/23,0.0,0.6644433333333333,0.0,0.0,0.0,0.0,0.06916666666666667,00:44:01,01:11:53,8,14,0.003888333333333333,0.0375,0.0,0.0,0.0,0.0,2,12,1,NA,0,0,2023-11-28 11:39:37.563000,2023-11-28 10:54:46.348000,NA,NA,NA,NA,Week 9,0.0,0.0,0,0,NA,NA,0.0,0,0,2023-11-28 11:39:43.608000,NA,0.0,NA,0,NA,NA,NA,0.009445000000000002,0.0,1,0.0,2023-12-03 16:01:34.824000,NA,0.5333333333333333,0.0,7,0.0,2023-11-28 10:55:11.969000,NA,0.008611666666666665,0.0,4,1.0,2023-12-03 16:04:14.645000,2023-12-03 16:21:37.329000,0.118055,NA,NA,NA,3,2023-11-28 10:54:50.898000,0.0,0.0,0.0,0.0,NA,NA,2641,4313
NA,0.32,NA,0.52,64.0,72.0,60.0,68.0,66,1995,115_datatwo,27/11/23 - 03/12/23,0.0,0.029721666666666667,0.7202783333333332,0.03639,3.9688900000000005,1.291945,4.677778333333333,10:43:30,01:11:53,15,59,0.343335,0.10222333333333333,0.0016666666666666668,0.0125,0.0,0.0,10,46,1,NA,0,0,2023-11-29 00:10:18.413000,2023-11-28 11:16:00.687000,NA,2023-12-01 10:29:55.568000,NA,NA,Week 9,0.0,0.021945,1,1,2023-11-30 16:03:42.459000,2023-12-01 19:35:10.398000,0.03805666666666666,1,4,2023-12-01 19:19:36.139000,2023-11-29 23:28:53.960000,3.9702783333333334,NA,15,NA,NA,2023-11-28 22:51:29.878000,5.5686100000000005,0.020556666666666668,14,4.0,2023-11-28 13:15:33.156000,2023-11-29 00:16:40.182000,0.028333333333333332,0.0063883333333333335,3,1.0,2023-12-02 13:13:00.481000,2023-11-29 00:33:31.254000,0.05333333333333334,0.0,4,0.0,2023-11-28 11:16:18.605000,NA,0.09027833333333334,NA,NA,NA,2,2023-11-29 00:10:24.669000,0.007500000000000001,0.0,2.0,0.0,2023-12-03 13:56:08.919000,NA,38610,4313
0.6,0.68,0.52,NA,72.0,72.0,60.0,68.0,68,2002,116_datatwo,27/11/23 - 03/12/23,0.07388833333333333,1.255,0.0,0.0,0.0,0.0,0.044445,01:22:24,01:11:53,10,15,0.029721666666666667,0.012221666666666665,0.0008333333333333334,0.0005566666666666667,0.0,0.0,3,11,2,NA,0,0,2023-12-03 13:03:54.235000,2023-11-27 20:20:23.825000,NA,2023-11-27 20:20:19.075000,NA,NA,Week 9,0.0,0.0,0,0,NA,NA,0.0,2,0,2023-11-27 20:20:20.287000,NA,0.0,NA,0,NA,NA,NA,0.000555,0.0,1,0.0,2023-11-27 20:20:37.265000,NA,0.34638833333333335,0.0,1,0.0,2023-11-28 12:03:03.083000,NA,0.0011116666666666666,0.009721666666666665,2,1.0,2023-11-27 20:22:54.292000,2023-12-03 13:05:45.170000,0.05777833333333334,NA,NA,NA,4,2023-11-27 20:20:31.426000,0.0013883333333333332,0.0,2.0,0.0,2023-11-27 20:22:49.017000,NA,4944,4313
NA,NA,NA,NA,68.0,58.0,56.0,50.0,58,1996,117_datatwo,27/11/23 - 03/12/23,0.11305499999999999,0.0025,0.0,0.0,0.0,2.7863883333333335,3.256665,06:09:30,01:11:53,11,27,3.1125,0.0016666666666666668,0.0013899999999999997,0.0013883333333333332,0.0,0.0,25,2,2,NA,0,0,2023-11-27 14:27:41.715000,2023-11-27 14:27:27.773000,NA,2023-11-27 14:27:24.915000,NA,NA,Week 9,0.0,0.0,0,0,NA,NA,0.0,2,0,2023-11-27 14:27:31.019000,NA,0.0,NA,0,NA,NA,NA,0.0,1.6069433333333334,0,9.0,NA,2023-12-03 14:31:26.231000,0.0063883333333333335,0.029443333333333332,3,4.0,2023-12-03 17:32:21.868000,2023-12-03 17:05:25.691000,0.024444999999999998,0.000555,1,1.0,2023-12-03 17:30:11.835000,2023-12-03 17:33:10.235000,0.0,NA,NA,NA,1,2023-11-28 20:02:51.633000,0.0036116666666666667,0.0,1.0,0.0,2023-12-03 15:47:27.131000,NA,22170,4313
60,68,NA,NA,68.0,72.0,56.0,56.0,63,1990,118_datatwo,25/03/24 - 31/03/24,0.0,1.6136116666666669,0.0,0.0,0.0,0.0,0.0,01:36:49,00:47:26,6,6,0.0,0.013611666666666668,0.0011116666666666666,0.000555,0.0,0.0,0,6,1,NA,0,0,NA,2024-03-26 11:03:10.842000,NA,2024-03-26 11:03:40.234000,NA,NA,Week 9,0.0,0.0,0,0,NA,NA,0.0,1,0,2024-03-26 11:03:36.233000,NA,0.0,NA,0,NA,NA,NA,0.0,0.0,0,0.0,NA,NA,0.0,0.0,0,0.0,NA,NA,0.816945,0.0,2,0.0,2024-03-26 11:13:16.171000,NA,0.36444499999999996,NA,NA,NA,2,2024-03-26 12:18:33.983000,0.0,0.0,0.0,0.0,NA,NA,5809,2846
NA,68,NA,NA,72.0,68.0,72.0,52.0,66,1987,119_datatwo,25/03/24 - 31/03/24,0.0,0.02,0.20083333333333334,0.0,0.0,0.0,0.0,00:13:15,00:47:26,1,1,0.0,0.0,0.0,0.0,0.0,0.0,0,0,0,NA,0,0,NA,NA,NA,NA,NA,NA,Week 9,0.0,0.0,0,0,NA,NA,0.0,0,0,NA,NA,0.0,NA,0,NA,NA,NA,0.0,0.0,0,0.0,NA,NA,0.0,0.0,0,0.0,NA,NA,0.0,0.0,0,0.0,NA,NA,0.0,NA,NA,NA,0,NA,0.20083333333333334,0.0,1.0,0.0,2024-03-27 11:37:29.848000,NA,795,2846
52,72,72,NA,64.0,72.0,76.0,72.0,71,1995,120_datatwo,25/03/24 - 31/03/24,0.14055499999999999,3.8625,0.0,0.0,0.0,0.0,1.2163883333333334,05:13:10,00:47:26,13,17,1.1844450000000002,2.765,0.0,0.0,0.0,0.0,7,13,0,NA,0,0,2024-03-25 22:16:26.591000,2024-03-25 22:17:00.031000,NA,NA,NA,NA,Week 9,0.0,0.0,0,0,NA,NA,0.0,0,0,NA,NA,0.0,NA,0,NA,NA,NA,0.0,0.013888333333333332,0,1.0,NA,2024-03-31 23:25:24.138000,0.028055,0.005555000000000001,1,1.0,2024-03-26 11:09:10.437000,2024-03-31 23:25:01.011000,0.605,0.0,3,0.0,2024-03-25 22:22:18.823000,NA,0.135555,NA,NA,NA,1,2024-03-26 12:20:02.077000,0.049721666666666664,0.0,1.0,0.0,2024-03-26 11:03:41.572000,NA,18790,2846
56,60,72,NA,72.0,68.0,80.0,60.0,70,1996,121_datatwo,25/03/24 - 31/03/24,0.0,2.2886116666666667,0.0,0.0,0.0,0.0,0.0,02:17:19,00:47:26,6,6,0.0,0.007221666666666667,0.0,0.0,0.0,0.0,0,4,0,NA,0,0,NA,2024-03-26 11:49:02.358000,NA,NA,NA,NA,Week 9,0.0,0.0,0,0,NA,NA,0.0,0,0,NA,NA,0.0,NA,0,NA,NA,NA,0.0,0.0,0,0.0,NA,NA,0.0,0.0,0,0.0,NA,NA,0.15361166666666665,0.0,1,0.0,2024-03-26 11:49:06.082000,NA,0.0,NA,NA,NA,0,NA,0.0036116666666666667,0.0,1.0,0.0,2024-03-26 11:58:29.656000,NA,8239,2846
24,NA,NA,NA,64.0,64.0,72.0,72.0,68,1993,122_datatwo,25/03/24 - 31/03/24,0.0,0.004445,0.0,0.0,0.0,0.0,0.0,00:00:16,00:47:26,3,3,0.0008333333333333334,0.0011116666666666666,0.0,0.0,0.0,0.0,1,1,0,NA,0,0,2024-03-26 11:13:15.699000,2024-03-26 11:13:18.658000,NA,NA,NA,NA,Week 9,0.0,0.0,0,0,NA,NA,0.0,0,0,NA,NA,0.0,NA,0,NA,NA,NA,0.0,0.0,0,0.0,NA,NA,0.0,0.0,0,0.0,NA,NA,0.0,0.0,1,0.0,2024-03-26 11:13:22.963000,NA,0.0,NA,NA,NA,0,NA,0.0,0.0,0.0,0.0,NA,NA,16,2846
NA,NA,NA,NA,64.0,60.0,52.0,52.0,57,2001,123_datatwo,25/03/24 - 31/03/24,0.0,1.0438883333333333,0.0,0.0,0.0,0.0,0.0,01:02:38,00:47:26,5,5,0.0,0.10472166666666666,0.0,0.0,0.0,0.0,0,5,0,NA,0,0,NA,2024-03-26 10:27:34.852000,NA,NA,NA,NA,Week 9,0.0,0.0,0,0,NA,NA,0.0,0,0,NA,NA,0.0,NA,0,NA,NA,NA,0.0,0.0,0,0.0,NA,NA,0.0,0.0,0,0.0,NA,NA,0.32861166666666664,0.0,1,0.0,2024-03-26 11:40:08.082000,NA,0.4461116666666667,NA,NA,NA,3,2024-03-26 10:33:42.311000,0.0,0.0,1.0,0.0,2024-03-26 12:24:02.286000,NA,3758,2846
44,68,56,NA,72.0,72.0,60.0,52.0,64,1998,124_datatwo,25/03/24 - 31/03/24,0.0,0.0,0.0047216666666666665,0.0,0.0,0.0,0.0,00:00:17,00:47:26,0,0,0.0,0.0,0.0,0.0,0.0,0.0,0,0,0,NA,0,0,NA,NA,NA,NA,NA,NA,Week 9,0.0,0.0,0,0,NA,NA,0.0,0,0,NA,NA,0.0,NA,0,NA,NA,NA,0.0,0.0,0,0.0,NA,NA,0.0,0.0,0,0.0,NA,NA,0.0,0.0,0,0.0,NA,NA,0.0,NA,NA,NA,0,NA,0.0,0.0,0.0,0.0,NA,NA,17,2846
NA,NA,NA,NA,72.0,72.0,68.0,76.0,72,1991,125_datatwo,25/03/24 - 31/03/24,0.11361166666666667,0.8252783333333333,0.0,0.19222166666666668,0.0,0.0,0.0,01:07:52,00:47:26,11,20,0.08027666666666665,0.02333333333333333,0.010833333333333334,0.079445,0.0,0.0,6,7,4,NA,0,0,2024-03-25 15:22:06.174000,2024-03-25 15:22:31.527000,NA,2024-03-28 15:30:50.455000,NA,NA,Week 9,0.0,0.0,0,0,NA,NA,0.0,2,0,2024-03-25 15:22:24.187000,NA,0.0,NA,0,NA,NA,NA,0.0,0.0,0,0.0,NA,NA,0.0,0.0,0,0.0,NA,NA,0.3541666666666667,0.0,4,0.0,2024-03-25 15:22:38.819000,NA,0.011111666666666667,NA,NA,NA,2,2024-03-26 12:01:10.324000,0.013611666666666668,0.0,1.0,0.0,2024-03-26 13:45:45.869000,NA,4072,2846
NA,NA,NA,NA,75.0,67.0,67.0,59.0,67,1995,126_datatwo,25/03/24 - 31/03/24,0.0,0.0,0.0,0.0,0.0,0.0,0.0,00:00:00,00:47:26,0,0,0.0,0.0,0.0,0.0,0.0,0.0,0,0,0,NA,0,0,NA,NA,NA,NA,NA,NA,Week 9,0.0,0.0,0,0,NA,NA,0.0,0,0,NA,NA,0.0,NA,0,NA,NA,NA,0.0,0.0,0,0.0,NA,NA,0.0,0.0,0,0.0,NA,NA,0.0,0.0,0,0.0,NA,NA,0.0,NA,NA,NA,0,NA,0.0,0.0,0.0,0.0,NA,NA,0,2846
NA,NA,NA,NA,56.0,56.0,56.0,60.0,57,2000,127_datatwo,25/03/24 - 31/03/24,0.0,1.2808333333333333,0.0,0.0,0.0,0.0,0.0,01:16:51,00:47:26,4,4,0.011388333333333332,0.10638833333333333,0.0,0.0,0.0,0.0,1,4,0,NA,0,0,2024-03-26 14:50:35.331000,2024-03-26 11:14:39.035000,NA,NA,NA,NA,Week 9,0.0,0.0,0,0,NA,NA,0.0,0,0,NA,NA,0.0,NA,0,NA,NA,NA,0.0,0.0,0,0.0,NA,NA,0.0,0.0,0,0.0,NA,NA,0.8477783333333334,0.0,2,0.0,2024-03-26 11:19:04.705000,NA,0.0,NA,NA,NA,0,NA,0.0,0.0,0.0,0.0,NA,NA,4611,2846
64,68,NA,NA,68.0,72.0,52.0,52.0,61,1999,128_datatwo,25/03/24 - 31/03/24,0.0,2.6083333333333334,0.0,0.0,0.0,0.0,0.0,02:36:30,00:47:26,7,7,0.00027833333333333334,0.004166666666666667,0.0008333333333333334,0.000555,0.0,0.0,1,4,3,NA,0,0,2024-03-26 11:13:43.373000,2024-03-26 11:13:40.483000,NA,2024-03-26 11:13:41.734000,NA,NA,Week 9,0.0,0.0,0,0,NA,NA,0.0,1,0,2024-03-26 11:13:39.103000,NA,0.0,NA,0,NA,NA,NA,0.0,0.0,0,0.0,NA,NA,0.0,0.0,0,0.0,NA,NA,0.2252783333333333,0.0,1,0.0,2024-03-26 11:46:11.459000,NA,1.8327783333333334,NA,NA,NA,2,2024-03-26 11:59:49.459000,0.0,0.0,0.0,0.0,NA,NA,9390,2846
NA,NA,72,NA,68.0,64.0,76.0,64.0,68,1998,129_datatwo,25/03/24 - 31/03/24,0.0,1.9233333333333333,0.0,0.0,0.0,0.0,0.0,01:55:24,00:47:26,8,8,0.042221666666666664,0.2033333333333333,0.0,0.0022216666666666665,0.0,0.0,3,4,0,NA,0,0,2024-03-26 11:03:29.497000,2024-03-26 11:13:10.911000,NA,2024-03-26 11:13:05.277000,NA,NA,Week 9,0.0,0.0,0,0,NA,NA,0.0,2,0,NA,NA,0.0,NA,0,NA,NA,NA,0.0,0.0,0,0.0,NA,NA,0.0,0.0,0,0.0,NA,NA,0.5238883333333333,0.0,2,0.0,2024-03-26 11:13:14.762000,NA,1.0408333333333333,NA,NA,NA,1,2024-03-26 12:00:40.864000,0.0,0.0,0.0,0.0,NA,NA,6924,2846
64,68,56,NA,72.0,72.0,68.0,68.0,70,2000,130_datatwo,25/03/24 - 31/03/24,0.0,0.2869433333333334,0.0,0.0,0.0,0.0,0.0,00:17:13,00:47:26,7,11,0.0036116666666666667,0.006944999999999999,0.009721666666666665,0.0025,0.0,0.0,2,3,2,NA,0,0,2024-03-26 11:05:22.436000,2024-03-26 11:23:01.226000,NA,2024-03-26 11:22:58.089000,NA,NA,Week 9,0.0,0.0,0,0,NA,NA,0.0,2,0,2024-03-26 11:43:03.986000,NA,0.0,NA,0,NA,NA,NA,0.0,0.0,0,0.0,NA,NA,0.0,0.0,0,0.0,NA,NA,0.22388833333333336,0.0,2,0.0,2024-03-26 11:23:07.408000,NA,0.0,NA,NA,NA,0,NA,0.006111666666666666,0.0,1.0,0.0,2024-03-26 11:04:46.258000,NA,1033,2846
NA,NA,NA,NA,52.0,52.0,52.0,72.0,57,1985,131_datatwo,25/03/24 - 31/03/24,0.0,0.0,0.0,0.0,0.012778333333333334,0.0,0.0,00:00:46,00:47:26,1,1,0.0,0.0,0.0,0.0,0.0,0.0,1,0,0,NA,0,0,2024-03-29 09:18:54.945000,NA,NA,NA,NA,NA,Week 9,0.0,0.0,0,0,NA,NA,0.0,0,0,NA,NA,0.0,NA,0,NA,NA,NA,0.0,0.0,0,0.0,NA,NA,0.0,0.0,0,0.0,NA,NA,0.0,0.0,0,0.0,NA,NA,0.0,NA,NA,NA,0,NA,0.0,0.0,0.0,0.0,NA,NA,46,2846
48,64,48,NA,68.0,72.0,60.0,60.0,65,1997,132_datatwo,25/03/24 - 31/03/24,0.0,0.0,0.0,0.006944999999999999,0.0,0.0,0.0,00:00:25,00:47:26,1,1,0.0036116666666666667,0.0,0.0,0.0,0.0,0.0,1,0,0,NA,0,0,2024-03-28 10:35:23.577000,NA,NA,NA,NA,NA,Week 9,0.0,0.0,0,0,NA,NA,0.0,0,0,NA,NA,0.0,NA,0,NA,NA,NA,0.0,0.0,0,0.0,NA,NA,0.0,0.0,0,0.0,NA,NA,0.0,0.0,0,0.0,NA,NA,0.0,NA,NA,NA,0,NA,0.0,0.0,0.0,0.0,NA,NA,25,2846
32,68,NA,60,52.0,72.0,52.0,68.0,61,1996,133_datatwo,25/03/24 - 31/03/24,0.04111166666666667,1.1619433333333333,0.0,0.0,0.0,0.0,0.0,01:12:11,00:47:26,10,12,0.014166666666666666,0.006666666666666667,0.012778333333333334,0.000555,0.0,0.0,5,5,1,NA,0,0,2024-03-25 22:17:39.155000,2024-03-26 11:33:22.489000,NA,2024-03-26 11:33:20.510000,NA,NA,Week 9,0.023611666666666663,0.0,1,0,2024-03-26 12:41:14.715000,NA,0.0,1,0,2024-03-25 22:18:04.424000,NA,0.0,NA,0,NA,NA,NA,0.0,0.0,0,0.0,NA,NA,0.0,0.0027783333333333336,0,1.0,NA,2024-03-25 22:19:29.442000,1.1261116666666666,0.0,3,0.0,2024-03-26 11:33:28.427000,NA,0.0,NA,NA,NA,1,2024-03-26 12:42:45.154000,0.006666666666666667,0.0,1.0,0.0,2024-03-25 22:17:15.685000,NA,4331,2846
NA,NA,NA,NA,64.0,56.0,60.0,52.0,58,1995,134_datatwo,25/03/24 - 31/03/24,0.0,0.005278333333333333,0.0,0.0,0.0,0.001945,0.0,00:00:26,00:47:26,1,1,0.0,0.0,0.0,0.0,0.0,0.0,0,0,0,NA,0,0,NA,NA,NA,NA,NA,NA,Week 9,0.0,0.0,0,0,NA,NA,0.0,0,0,NA,NA,0.0,NA,0,NA,NA,NA,0.0,0.0,0,0.0,NA,NA,0.0,0.0,0,0.0,NA,NA,0.0,0.0,0,0.0,NA,NA,0.0,NA,NA,NA,0,NA,0.005278333333333333,0.0,1.0,0.0,2024-03-26 15:23:49.710000,NA,26,2846
68,72,72,NA,72.0,80.0,68.0,64.0,70,2003,135_datatwo,25/03/24 - 31/03/24,0.0,0.0,0.0,0.0,0.0,0.0,0.0,00:00:00,00:47:26,0,0,0.0,0.0,0.0,0.0,0.0,0.0,0,0,0,NA,0,0,NA,NA,NA,NA,NA,NA,Week 9,0.0,0.0,0,0,NA,NA,0.0,0,0,NA,NA,0.0,NA,0,NA,NA,NA,0.0,0.0,0,0.0,NA,NA,0.0,0.0,0,0.0,NA,NA,0.0,0.0,0,0.0,NA,NA,0.0,NA,NA,NA,0,NA,0.0,0.0,0.0,0.0,NA,NA,0,2846
56,68,72,70,76.0,76.0,76.0,72.0,75,1999,136_datatwo,25/03/24 - 31/03/24,0.31805500000000003,3.0769450000000003,0.0,0.0,0.0,0.0,0.0,03:23:42,00:47:26,5,6,0.0,0.005,0.0,0.0,0.0,0.0,0,4,0,NA,0,0,NA,2024-03-25 22:23:58.240000,NA,NA,NA,NA,Week 9,0.0,0.0,0,0,NA,NA,0.0,0,0,NA,NA,0.0,NA,0,NA,NA,NA,0.0,0.0,0,0.0,NA,NA,0.0,0.0,0,0.0,NA,NA,0.083055,0.0,1,0.0,2024-03-26 11:56:04.122000,NA,2.435,NA,NA,NA,2,2024-03-26 11:36:11.894000,0.3175,0.0,1.0,0.0,2024-03-25 22:04:55.048000,NA,12222,2846
0.48,0.48,0.52, ,0.56,0.56,0.56,0.56,56,1999,1_datatwo,05/12/22 - 11/12/22,0.8852783333333334,2.1661116666666667,0.0,0.0,0.0,0.0,0.0,03:03:05,03:26:34,7,13,0.28639,0.0025,0.0,0.0008333333333333334,0.0,0.0,7,4,0,NA,0,0,2022-12-05 09:57:20.551000,2022-12-05 09:57:18.446000,NA,2022-12-05 09:57:17.015000,NA,NA,Week 10,0.0,0.0,0,0,NA,NA,0.0,4,0,NA,NA,0.0,NA,0,NA,NA,NA,0.0,NA,0,NA,NA,NA,0.0,NA,0,NA,NA,NA,0.0,NA,0,NA,NA,NA,0.018055,NA,NA,NA,1,2022-12-05 09:57:27.409000,0.0,NA,0,NA,NA,NA,10985,12394
 , , , ,0.56,0.56,0.56,0.24,48,1992,2_datatwo,05/12/22 - 11/12/22,7.679721666666667,1.6391666666666667,0.0,0.004445,0.028056666666666667,0.0,1.8952783333333334,11:14:48,03:26:34,17,38,0.024444999999999998,0.04083666666666667,2.4602766666666662,0.0025,0.0,0.0,4,22,2,NA,0,0,2022-12-06 00:08:23.315000,2022-12-05 12:13:58.701000,NA,2022-12-09 22:54:50.578000,NA,NA,Week 10,0.0,0.0,0,1,NA,2022-12-09 13:40:07.979000,2.7238883333333335,2,3,2022-12-05 09:46:26.894000,2022-12-05 12:14:04.800000,1.0216666666666667,NA,4,NA,NA,2022-12-05 18:15:25.297000,1.5622216666666666,NA,3,NA,2022-12-05 23:14:35.005000,NA,0.11111166666666668,NA,2,NA,2022-12-05 21:43:43.784000,NA,0.0,NA,0,NA,NA,NA,0.0,NA,NA,NA,1,2022-12-06 16:53:44.197000,0.0025,NA,1,NA,2022-12-06 16:53:30.669000,NA,40488,12394
 , , , ,0.64,0.61,0.64,0.59,62,1987,3_datatwo,05/12/22 - 11/12/22,0.0,0.03277833333333333,0.0,0.0,0.0,0.0,0.0,00:01:58,03:26:34,2,2,0.0,0.021666666666666667,0.0,0.0,0.0,0.0,0,2,0,NA,0,0,NA,2022-12-06 17:08:48.379000,NA,NA,NA,NA,Week 10,0.0,0.0,0,0,NA,NA,0.0,0,0,NA,NA,0.0,NA,0,NA,NA,NA,0.0,NA,0,NA,NA,NA,0.0,NA,0,NA,NA,NA,0.0,NA,0,NA,NA,NA,0.0,NA,NA,NA,0,NA,0.0,NA,0,NA,NA,NA,118,12394
0.28,0.44, , ,0.68,0.68,0.52,0.64,63,1993,4_datatwo,05/12/22 - 11/12/22,0.0,0.1697216666666667,0.0,0.0,2.177223333333333,0.049445,0.0,02:23:47,03:26:34,9,13,0.19388833333333333,0.404445,0.0,0.0,0.0,0.0,2,8,0,NA,0,0,2022-12-09 11:33:45.339000,2022-12-06 11:21:37.703000,NA,NA,NA,NA,Week 10,0.0,0.0,0,0,NA,NA,1.4680549999999999,0,2,NA,2022-12-09 09:38:53.445000,0.04777833333333334,NA,1,NA,NA,2022-12-09 11:30:34.468000,0.0,NA,0,NA,NA,NA,0.0,NA,0,NA,NA,NA,0.010555,NA,2,NA,2022-12-10 00:02:34.535000,NA,0.015278333333333335,NA,NA,NA,1,2022-12-10 00:01:25.252000,0.0022216666666666665,NA,1,NA,2022-12-10 00:02:23.306000,NA,8627,12394
 , , , ,0.59,0.59,0.69,0.69,64,1996,5_datatwo,05/12/22 - 11/12/22,0.10111166666666667,0.7655550000000001,0.0,0.0,0.0,0.0,0.0,00:52:00,03:26:34,14,15,0.06388833333333334,0.083055,0.0,0.0013883333333333332,0.0011116666666666666,0.0008333333333333334,3,11,1,NA,1,1,2022-12-05 01:05:00.204000,2022-12-05 01:05:09.795000,NA,2022-12-05 01:05:05.127000,2022-12-05 01:05:11.552000,2022-12-05 01:05:16.874000,Week 10,0.00027833333333333334,0.001945,1,1,2022-12-05 01:05:21.826000,2022-12-05 01:05:26.429000,0.0,1,0,2022-12-05 01:10:54.342000,NA,0.0033333333333333335,NA,2,NA,NA,2022-12-05 01:05:35.467000,0.0008333333333333334,NA,1,NA,2022-12-05 01:05:52.830000,NA,0.001945,NA,2,NA,2022-12-05 01:09:49.308000,NA,0.0,NA,0,NA,NA,NA,0.0,NA,NA,NA,0,NA,0.0008333333333333334,NA,1,NA,2022-12-05 01:10:01.685000,NA,3120,12394
 , , , ,0.56,0.6,0.6,0.52,57,1996,6_datatwo,05/12/22 - 11/12/22,0.0,0.0,0.0,0.0,0.0,0.19583333333333333,0.0,00:11:45,03:26:34,3,4,0.03833333333333333,0.0,0.0,0.0,0.0,0.0,5,0,0,NA,0,0,2022-12-10 21:23:56.273000,NA,NA,NA,NA,NA,Week 10,0.0,0.0,0,0,NA,NA,0.0,0,0,NA,NA,0.0,NA,0,NA,NA,NA,0.0,NA,0,NA,NA,NA,0.0,NA,0,NA,NA,NA,0.0,NA,0,NA,NA,NA,0.0,NA,NA,NA,0,NA,0.0,NA,0,NA,NA,NA,705,12394
0.52,0.6,0.48, ,0.7,0.77,0.72,0.69,72,1993,7_datatwo,05/12/22 - 11/12/22,0.0011116666666666666,0.3702783333333333,0.0,1.3052783333333335,0.0,0.0,0.021111666666666664,01:41:52,03:26:34,4,6,1.3075,0.0027783333333333336,0.0,0.0,0.0,0.0,5,1,0,NA,0,0,2022-12-05 18:12:01.784000,2022-12-06 17:07:28.420000,NA,NA,NA,NA,Week 10,0.0,0.0,0,0,NA,NA,0.0,0,0,NA,NA,0.0,NA,0,NA,NA,NA,0.0,NA,0,NA,NA,NA,0.0,NA,0,NA,NA,NA,0.0,NA,0,NA,NA,NA,0.0,NA,NA,NA,1,2022-12-06 17:07:38.158000,0.0,NA,0,NA,NA,NA,6112,12394
 , , , ,0.68,0.68,0.68,0.68,68,1992,8_datatwo,05/12/22 - 11/12/22,0.009166666666666667,0.020555,0.028888333333333335,2.798611666666667,0.035833333333333335,0.22916666666666666,1.4694450000000001,04:35:30,03:26:34,10,21,1.6677783333333336,0.7608349999999999,0.0,0.0,0.0,0.0,9,10,0,NA,0,0,2022-12-07 00:17:46.974000,2022-12-05 13:28:45.800000,NA,NA,2022-12-11 12:48:01.449000,NA,Week 10,0.0,0.0,0,0,NA,NA,0.0,0,0,NA,NA,0.0,NA,0,NA,NA,NA,0.0,NA,0,NA,NA,NA,0.0,NA,0,NA,NA,NA,0.0,NA,2,NA,2022-12-05 13:29:05.268000,NA,0.004166666666666667,NA,NA,NA,1,2022-12-08 20:18:06.755000,2.0216666666666665,NA,8,NA,2022-12-07 18:26:35.149000,NA,16530,12394
 , , , ,0.69,0.69,0.69,0.73,70,1992,9_datatwo,05/12/22 - 11/12/22,0.0,0.0,0.0,0.0,0.0,0.0,0.18583333333333335,00:11:09,03:26:34,3,4,0.009721666666666665,0.0033333333333333335,0.0,0.0,0.0,0.0,2,2,0,NA,0,0,2022-12-11 06:13:06.634000,2022-12-11 15:17:19.690000,NA,NA,NA,NA,Week 10,0.0,0.0,0,0,NA,NA,0.0,0,0,NA,NA,0.0,NA,0,NA,NA,NA,0.0,NA,0,NA,NA,NA,0.0,NA,0,NA,NA,NA,0.0,NA,0,NA,NA,NA,0.0,NA,NA,NA,0,NA,0.0,NA,0,NA,NA,NA,669,12394
 , , , ,0.69,0.7,0.7,0.79,72,1994,10_datatwo,05/12/22 - 11/12/22,4.823333333333333,8.200555,0.0,4.961945,0.034166666666666665,1.9827783333333333,0.7463883333333334,20:44:57,03:26:35,19,44,5.0008333333333335,0.10110999999999999,0.035833333333333335,0.001945,0.0,0.0,16,35,11,NA,0,0,2022-12-05 16:51:54.216000,2022-12-05 05:54:27.937000,NA,2022-12-05 21:38:30.015000,NA,NA,Week 10,0.0,1.1347216666666666,0,2,NA,2022-12-05 18:48:51.524000,0.6125,1,6,2022-12-05 16:51:24.517000,2022-12-05 21:08:04.473000,0.7638883333333334,NA,3,NA,NA,2022-12-06 08:26:59.093000,0.006944999999999999,NA,2,NA,2022-12-06 09:57:44.249000,NA,0.6372216666666667,NA,2,NA,2022-12-11 12:27:39.793000,NA,1.9366666666666668,NA,6,NA,2022-12-05 05:54:43.544000,NA,4.049165,NA,NA,NA,8,2022-12-08 18:54:04.222000,0.0,NA,0,NA,NA,NA,74697,12395
0.56,0.64,0.64,0.68,0.72,0.76,0.8,0.72,75,1991,11_datatwo,05/12/22 - 11/12/22,3.9891666666666667,1.1363899999999998,0.39027833333333334,0.0,0.0,0.445555,0.0,05:57:41,03:26:35,5,14,2.76139,0.007776666666666666,0.0,0.0,0.0,0.0,14,3,0,NA,0,0,2022-12-05 20:05:59.956000,2022-12-06 18:45:07.617000,NA,NA,NA,NA,Week 10,0.0,0.0,0,0,NA,NA,0.0,0,0,NA,NA,0.0,NA,0,NA,NA,NA,0.0,NA,0,NA,NA,NA,0.0,NA,0,NA,NA,NA,0.0,NA,0,NA,NA,NA,1.0991666666666666,NA,NA,NA,3,2022-12-06 18:45:13.116000,0.0,NA,0,NA,NA,NA,21461,12395
 , , , ,0.52,0.59,0.56,0.53,55,1987,12_datatwo,05/12/22 - 11/12/22,0.056666666666666664,1.3863883333333331,0.0,0.004445,2.4405550000000003,0.6219433333333334,3.3808333333333334,07:53:26,03:26:35,13,39,2.355,0.058886666666666664,0.0,0.0011116666666666666,0.026388333333333337,0.5233333333333333,7,30,0,NA,3,5,2022-12-05 22:34:06.207000,2022-12-05 16:30:16.214000,NA,2022-12-10 21:38:51.069000,2022-12-05 16:30:20.954000,2022-12-05 16:30:30.167000,Week 10,0.07416666666666667,0.353055,2,4,2022-12-05 16:30:46.506000,2022-12-06 14:26:37.237000,0.42083333333333334,1,1,NA,2022-12-06 14:48:01.304000,0.5441666666666667,NA,3,NA,NA,2022-12-09 19:05:46.534000,0.08027833333333333,NA,6,NA,2022-12-10 21:21:57.119000,NA,3.153888333333333,NA,6,NA,2022-12-11 20:51:41.039000,NA,0.20166666666666666,NA,1,NA,2022-12-11 21:51:26.085000,NA,0.0,NA,NA,NA,0,NA,0.0,NA,0,NA,NA,NA,28406,12395
 ,0.48, , ,0.56,0.64,0.56,0.64,60,1995,13_datatwo,05/12/22 - 11/12/22,0.0,1.1952783333333334,0.5738883333333333,0.01972166666666667,3.446945,7.1675,0.004166666666666667,12:24:27,03:26:35,14,37,3.31,0.06111166666666667,0.0,0.0,0.0,0.0013883333333333332,14,26,0,NA,0,1,2022-12-07 15:05:40.668000,2022-12-06 11:19:48.895000,NA,NA,NA,2022-12-09 01:49:15.554000,Week 10,0.0016666666666666668,0.18805666666666668,1,6,2022-12-09 01:49:22.140000,2022-12-09 01:49:30.407000,2.837776666666666,0,2,NA,2022-12-09 15:13:29.483000,1.9936116666666668,NA,5,NA,NA,2022-12-09 15:50:01.112000,0.30055666666666664,NA,2,NA,2022-12-09 16:29:23.923000,NA,0.0,NA,0,NA,NA,NA,0.0,NA,0,NA,NA,NA,0.721945,NA,NA,NA,2,2022-12-06 11:21:26.853000,0.031111666666666666,NA,3,NA,2022-12-06 11:19:52.856000,NA,44667,12395
 , ,0.56, ,0.68,0.72,0.68,0.64,68,1995,14_datatwo,05/12/22 - 11/12/22,2.8805549999999998,6.276111666666667,0.7047216666666667,0.0047216666666666665,0.024721666666666666,0.04666666666666666,0.029721666666666667,09:58:01,03:26:35,8,25,0.0,0.569445,0.0,0.0,0.0,0.0,2,17,0,NA,0,0,2022-12-07 02:05:15.815000,2022-12-05 15:56:45.725000,NA,NA,NA,NA,Week 10,0.0,3.981666666666667,0,7,NA,2022-12-06 15:47:37.133000,0.0,0,4,NA,2022-12-08 22:31:50.960000,0.0,NA,0,NA,NA,NA,0.0,NA,0,NA,NA,NA,0.0,NA,0,NA,NA,NA,0.0,NA,1,NA,2022-12-05 15:57:41.681000,NA,2.8230549999999996,NA,NA,NA,2,2022-12-05 21:41:39.482000,0.0,NA,0,NA,NA,NA,35881,12395
0.48,0.56,0.56, ,0.72,0.68,0.68,0.64,68,1996,15_datatwo,05/12/22 - 11/12/22,0.0,1.0502783333333334,1.1597233333333332,0.006111666666666666,0.16138833333333336,0.04527833333333334,0.0,02:25:22,03:26:35,6,22,0.275,0.081945,0.0,0.0,0.0,0.0,15,5,0,NA,0,0,2022-12-06 09:55:09.684000,2022-12-06 12:14:00.301000,NA,NA,NA,NA,Week 10,0.0,0.0,0,0,NA,NA,0.0,0,0,NA,NA,0.0,NA,0,NA,NA,NA,0.0,NA,0,NA,NA,NA,0.0,NA,0,NA,NA,NA,0.0,NA,0,NA,NA,NA,0.0,NA,NA,NA,0,NA,0.16944499999999998,NA,5,NA,2022-12-06 12:14:06.645000,NA,8722,12395
0.4,0.48, , ,0.52,0.6,0.36,0.52,50,1993,16_datatwo,05/12/22 - 11/12/22,0.30833333333333335,1.3652783333333334,0.0,0.0,0.0,0.9122216666666667,0.095555,02:40:53,03:26:35,9,16,0.3602783333333333,0.02222166666666667,0.0,0.0,0.0,0.0,3,7,0,NA,0,0,2022-12-05 23:24:01.686000,2022-12-06 11:37:50.727000,NA,NA,NA,NA,Week 10,0.0,0.0,0,0,NA,NA,0.0,0,0,NA,NA,0.0,NA,0,NA,NA,NA,0.211945,NA,1,NA,2022-12-06 12:07:28.291000,NA,0.0,NA,0,NA,NA,NA,0.0,NA,0,NA,NA,NA,0.6158333333333333,NA,NA,NA,3,2022-12-06 11:39:11.712000,0.020833333333333332,NA,4,NA,2022-12-06 11:38:16.122000,NA,9653,12395
 ,0.4,0.56, ,0.68,0.6,0.64,0.68,65,1998,17_datatwo,05/12/22 - 11/12/22,0.005833333333333333,0.846945,0.0,3.0208333333333335,0.0,1.7652783333333335,0.6847216666666667,06:19:25,03:26:35,8,25,0.985555,1.3952783333333334,0.005555000000000001,0.0,0.0,0.0,14,8,1,NA,0,0,2022-12-05 15:33:51.231000,2022-12-05 15:33:31.309000,NA,NA,NA,NA,Week 10,0.0,0.0,0,0,NA,NA,0.44638833333333333,0,1,2022-12-11 14:13:57.853000,2022-12-08 22:49:06.884000,0.0,NA,0,NA,NA,NA,0.0,NA,0,NA,NA,NA,0.0,NA,0,NA,NA,NA,0.0,NA,0,NA,NA,NA,0.0,NA,NA,NA,0,NA,0.12139000000000001,NA,2,NA,2022-12-05 15:33:35.769000,NA,22765,12395
 , , , ,0.6,0.6,0.52,0.6,58,1993,18_datatwo,05/12/22 - 11/12/22,0.0,0.7627783333333333,0.0,0.0,0.0,0.0,0.0775,00:50:25,03:26:35,10,11,0.5591666666666666,0.004445,0.016666666666666666,0.0,0.0,0.0,5,1,3,NA,0,0,2022-12-06 16:49:50.887000,2022-12-11 21:06:46.375000,NA,NA,NA,NA,Week 10,0.0,0.0,0,0,NA,NA,0.0,0,0,2022-12-06 16:52:27.297000,NA,0.0,NA,0,NA,NA,NA,0.0,NA,0,NA,NA,NA,0.0,NA,0,NA,NA,NA,0.0,NA,0,NA,NA,NA,0.0,NA,NA,NA,0,NA,0.0,NA,0,NA,NA,NA,3025,12395
 , , , ,0.6,0.64,0.6,0.68,63,1997,19_datatwo,05/12/22 - 11/12/22,0.0,0.024444999999999998,0.0,0.0,0.0,0.0,0.0,00:01:28,03:26:35,1,1,0.0,0.0,0.01,0.0,0.0,0.0,0,0,1,NA,0,0,NA,NA,NA,NA,NA,NA,Week 10,0.0,0.0,0,0,NA,NA,0.0,0,0,2022-12-06 13:08:23.435000,NA,0.0,NA,0,NA,NA,NA,0.0,NA,0,NA,NA,NA,0.0,NA,0,NA,NA,NA,0.0,NA,0,NA,NA,NA,0.0,NA,NA,NA,0,NA,0.0,NA,0,NA,NA,NA,88,12395
0.56,0.4,0.52,0.24,0.72,0.64,0.6,0.6,64,1997,20_datatwo,05/12/22 - 11/12/22,0.0,0.04583333333333333,2.0847216666666664,0.0,0.0,0.44277833333333333,0.36166666666666664,02:56:06,03:26:35,8,17,0.10027833333333333,0.016111666666666666,0.0,0.0,0.0,0.0,10,6,0,NA,0,0,2022-12-06 12:49:53.475000,2022-12-07 22:55:55.063000,NA,NA,NA,NA,Week 10,0.0,0.0,0,0,NA,NA,0.0,0,0,NA,NA,0.0,NA,0,NA,NA,NA,0.0,NA,0,NA,NA,NA,0.0,NA,0,NA,NA,NA,1.9983333333333335,NA,1,NA,2022-12-07 22:56:06.995000,NA,0.0,NA,NA,NA,0,NA,0.036388333333333335,NA,3,NA,2022-12-10 14:20:34.265000,NA,10566,12395
0.48,0.52,0.56,0.24,0.52,0.52,0.56,0.48,52,1995,21_datatwo,05/12/22 - 11/12/22,0.005555000000000001,0.0,0.0,0.0,0.0,0.0,0.0,00:00:20,03:26:35,2,2,0.0013883333333333332,0.0,0.0,0.0,0.0,0.0,1,0,0,NA,0,0,2022-12-05 17:50:39.235000,NA,NA,NA,NA,NA,Week 10,0.0,0.0,0,0,NA,NA,0.0,0,0,NA,NA,0.0,NA,0,NA,NA,NA,0.0,NA,0,NA,NA,NA,0.0,NA,0,NA,NA,NA,0.0,NA,0,NA,NA,NA,0.0,NA,NA,NA,0,NA,0.0,NA,0,NA,NA,NA,20,12395
 , , , ,0.48,0.48,0.32,0.4,42,1996,22_datatwo,05/12/22 - 11/12/22,0.08833333333333333,0.0,0.011945,0.0,0.0,0.28944499999999995,0.0,00:23:23,03:26:35,3,4,0.0,0.0,0.006944999999999999,0.0,0.0,0.0,1,0,2,NA,0,0,2022-12-07 11:00:37.896000,NA,NA,NA,NA,NA,Week 10,0.0,0.0,0,0,NA,NA,0.0,0,0,2022-12-05 18:20:15.173000,NA,0.0,NA,0,NA,NA,NA,0.0,NA,0,NA,NA,NA,0.0,NA,0,NA,NA,NA,0.0,NA,0,NA,NA,NA,0.0,NA,NA,NA,0,NA,0.0,NA,0,NA,NA,NA,1403,12395
0.36,0.32, , ,0.52,0.6,0.52,0.52,54,1987,23_datatwo,05/12/22 - 11/12/22,0.010278333333333334,0.0,2.031111666666667,0.8316666666666667,9.926388333333334,0.24472166666666667,0.0,13:02:39,03:26:35,18,30,0.14222166666666666,0.17666666666666667,0.0,0.12916666666666668,0.0,0.0,9,19,0,NA,0,0,2022-12-05 13:40:42.149000,2022-12-07 15:29:59.321000,NA,2022-12-08 16:40:14.120000,NA,NA,Week 10,0.0,1.4516666666666667,0,1,NA,2022-12-09 13:21:23.738000,0.0,3,0,NA,NA,0.5888883333333333,NA,3,NA,NA,2022-12-09 14:48:39.021000,1.9055549999999999,NA,4,NA,2022-12-09 14:59:58.831000,NA,0.006666666666666667,NA,1,NA,2022-12-09 21:47:41.668000,NA,1.4597216666666666,NA,4,NA,2022-12-08 16:40:22.918000,NA,0.016944999999999998,NA,NA,NA,1,2022-12-09 16:11:43.713000,2.4397216666666663,NA,2,NA,2022-12-09 16:12:51.405000,NA,46959,12395
 , , , ,0.52,0.4,0.4,0.52,46,2000,24_datatwo,05/12/22 - 11/12/22,0.011945,0.056945,0.006944999999999999,0.0,0.0063883333333333335,0.36916666666666664,0.3650016666666667,00:48:59,03:26:35,8,29,0.3822216666666666,0.011388333333333332,0.024166666666666666,0.006944999999999999,0.0,0.0,6,6,7,NA,0,0,2022-12-05 15:35:08.379000,2022-12-06 20:50:52.743000,NA,2022-12-06 20:51:08.099000,NA,NA,Week 10,0.0,0.0,0,0,NA,NA,0.0,4,0,2022-12-06 20:50:30.816000,NA,0.0,NA,0,NA,NA,NA,0.0,NA,0,NA,NA,NA,0.0,NA,0,NA,NA,NA,0.0,NA,0,NA,NA,NA,0.0,NA,NA,NA,0,NA,0.0,NA,0,NA,NA,NA,2939,12395
 , , , ,0.68,0.68,0.6,0.6,64,1994,25_datatwo,05/12/22 - 11/12/22,4.206388333333333,3.645555,2.2133333333333334,0.0,0.0,4.983054999999999,0.0,15:02:53,03:26:37,10,19,2.293055,0.02444333333333333,0.0,0.0,0.0,0.0,1,13,0,NA,0,0,2022-12-10 13:17:52.875000,2022-12-05 12:01:27.746000,NA,NA,NA,NA,Week 10,0.0,0.0,0,0,NA,NA,0.0,0,0,NA,NA,1.7333333333333334,NA,1,NA,NA,2022-12-05 12:01:33.946000,3.0386116666666667,NA,3,NA,2022-12-05 13:45:42.440000,NA,0.006944999999999999,NA,1,NA,2022-12-10 10:56:51.257000,NA,0.3322233333333333,NA,2,NA,2022-12-05 15:26:26.752000,NA,2.3327766666666667,NA,NA,NA,3,2022-12-05 15:26:41.516000,2.433333333333333,NA,4,NA,2022-12-05 15:26:50.493000,NA,54173,12397
 , , , ,0.64,0.6,0.52,0.52,57,1995,26_datatwo,05/12/22 - 11/12/22,0.0,0.5077783333333333,0.0,0.0,0.0,0.0,0.0,00:30:28,03:26:37,7,7,0.203055,0.03166666666666666,0.0013883333333333332,0.0,0.0,0.0,2,4,2,NA,0,0,2022-12-06 11:46:37.723000,2022-12-06 11:29:10.237000,NA,NA,NA,NA,Week 10,0.0,0.0,0,0,NA,NA,0.0,0,0,2022-12-06 11:29:06.493000,NA,0.0,NA,0,NA,NA,NA,0.0,NA,0,NA,NA,NA,0.0,NA,0,NA,NA,NA,0.0,NA,0,NA,NA,NA,0.007221666666666667,NA,NA,NA,1,2022-12-06 11:30:58.112000,0.01,NA,1,NA,2022-12-06 11:31:31.026000,NA,1828,12397
 , , , ,0.68,0.68,0.64,0.68,67,1995,27_datatwo,05/12/22 - 11/12/22,0.0,0.0,0.0,0.0,0.0,0.0,0.0,00:00:00,03:26:34,0,0,0.0,0.0,0.0,0.0,0.0,0.0,0,0,0,NA,0,0,NA,NA,NA,NA,NA,NA,Week 10,0.0,0.0,0,0,NA,NA,0.0,0,0,NA,NA,0.0,NA,0,NA,NA,NA,0.0,NA,0,NA,NA,NA,0.0,NA,0,NA,NA,NA,0.0,NA,0,NA,NA,NA,0.0,NA,NA,NA,0,NA,0.0,NA,0,NA,NA,NA,0,12394
 ,0.4,0.52,0.52,0.76,0.68,0.68,0.68,70,1991,28_datatwo,05/12/22 - 11/12/22,1.26611,0.6533333333333334,2.509721666666666,4.109445,0.0,0.0,0.03388833333333333,08:34:20,03:26:37,9,42,0.6425016666666666,0.2538883333333334,0.0,0.0,0.0,0.0,22,14,0,NA,0,1,2022-12-05 10:45:07.564000,2022-12-05 11:13:42.314000,NA,NA,NA,2022-12-05 19:34:44.403000,Week 10,0.0,1.4897216666666666,0,2,NA,2022-12-07 17:54:22.884000,0.0,0,0,NA,NA,0.0,NA,0,NA,NA,NA,0.0,NA,0,NA,NA,NA,0.0,NA,0,NA,NA,NA,0.0,NA,2,NA,2022-12-05 11:47:18.484000,NA,0.7777766666666667,NA,NA,NA,5,2022-12-05 11:14:19.575000,0.0,NA,0,NA,NA,NA,30860,12397
 , , , ,0.68,0.68,0.76,0.68,70,1981,29_datatwo,05/12/22 - 11/12/22,0.0,0.4166666666666667,0.0,5.634164999999999,0.0,0.4777783333333333,5.75889,12:17:15,03:26:37,14,42,2.9222216666666663,0.22388833333333336,0.0,0.0011116666666666666,0.0,0.0,10,30,0,NA,0,0,2022-12-08 12:29:10.482000,2022-12-06 11:47:21.978000,NA,2022-12-08 14:07:21.137000,NA,NA,Week 10,0.0,3.001945,0,3,NA,2022-12-06 12:12:07.550000,1.5650000000000002,1,4,NA,2022-12-10 10:14:53.876000,0.08083333333333333,NA,1,NA,NA,2022-12-11 18:08:03.213000,0.6397216666666666,NA,4,NA,2022-12-11 14:16:29.186000,NA,0.030000000000000002,NA,2,NA,2022-12-11 17:34:15.478000,NA,3.0547216666666666,NA,7,NA,2022-12-09 00:05:21.827000,NA,0.41861166666666666,NA,NA,NA,3,2022-12-06 11:47:32.221000,0.0,NA,0,NA,NA,NA,44235,12397
0.4, , , ,0.68,0.64,0.64,0.68,66,1981,30_datatwo,05/12/22 - 11/12/22,0.0,0.0,0.028055,0.0,0.0,0.027778333333333332,0.7655550000000001,00:49:17,03:26:37,4,6,0.038889999999999994,0.008888333333333333,0.0,0.0,0.0,0.0,2,1,0,NA,0,0,2022-12-07 13:32:25.133000,2022-12-07 13:35:43.478000,NA,NA,NA,NA,Week 10,0.0,0.0,0,0,NA,NA,0.0,0,0,NA,NA,0.0,NA,0,NA,NA,NA,0.0,NA,0,NA,NA,NA,0.0,NA,0,NA,NA,NA,0.0,NA,0,NA,NA,NA,0.0,NA,NA,NA,0,NA,0.0,NA,0,NA,NA,NA,2957,12397
0.56,0.44,0.48, ,0.6,0.6,0.56,0.52,57,1992,31_datatwo,05/12/22 - 11/12/22,0.12055666666666667,0.38999999999999996,0.0,0.0047216666666666665,0.005278333333333333,0.2125,0.006944999999999999,00:44:24,03:26:37,9,19,0.1725,0.03388833333333333,0.0,0.0,0.0,0.0,9,6,1,NA,0,0,2022-12-05 15:18:39.991000,2022-12-05 09:24:07.621000,NA,NA,NA,NA,Week 10,0.0,0.0,0,0,NA,NA,0.0,0,0,2022-12-09 03:46:31.742000,NA,0.0,NA,1,NA,NA,2022-12-05 09:24:28.660000,0.0,NA,0,NA,NA,NA,0.0,NA,0,NA,NA,NA,0.07277833333333333,NA,2,NA,2022-12-05 15:13:32.703000,NA,0.006111666666666666,NA,NA,NA,1,2022-12-05 15:14:46.706000,0.0,NA,0,NA,NA,NA,2664,12397
 , , , ,0.6,0.6,0.56,0.64,60,1994,32_datatwo,05/12/22 - 11/12/22,0.0,0.0,0.0,0.0,0.0,0.0,0.006111666666666666,00:00:22,03:26:37,1,1,0.0,0.0,0.0,0.0,0.0,0.0,1,0,0,NA,0,0,2022-12-11 16:53:52.303000,NA,NA,NA,NA,NA,Week 10,0.0,0.0,0,0,NA,NA,0.0,0,0,NA,NA,0.0,NA,0,NA,NA,NA,0.0,NA,0,NA,NA,NA,0.0,NA,0,NA,NA,NA,0.0,NA,0,NA,NA,NA,0.0,NA,NA,NA,0,NA,0.0,NA,0,NA,NA,NA,22,12397
 , , , ,0.42,0.52,0.56,0.54,51,1989,33_datatwo,05/12/22 - 11/12/22,0.0,0.0,0.0,0.01,0.0063883333333333335,4.794721666666666,0.36055666666666664,05:10:18,03:26:37,5,15,0.005555000000000001,0.03388833333333333,0.0,0.0,0.0,0.0,2,16,0,NA,0,0,2022-12-08 19:10:48.270000,2022-12-08 19:11:07.911000,NA,NA,NA,NA,Week 10,0.0,0.5488883333333334,0,8,NA,2022-12-08 19:11:14.202000,4.195555,0,3,NA,2022-12-10 12:30:57.076000,0.0,NA,0,NA,NA,NA,0.0,NA,0,NA,NA,NA,0.0,NA,0,NA,NA,NA,0.0,NA,0,NA,NA,NA,0.0,NA,NA,NA,0,NA,0.0,NA,0,NA,NA,NA,18618,12397
 , , , ,0.64,0.6,0.68,0.68,65,1991,34_datatwo,05/12/22 - 11/12/22,0.0,1.445,0.0,0.0825,0.0,1.4438883333333332,1.2091666666666667,04:10:50,03:26:37,10,18,0.4083333333333333,0.013055,0.0016666666666666668,0.0011116666666666666,0.0,0.0,4,4,2,NA,0,0,2022-12-08 13:38:28.118000,2022-12-06 06:08:22.227000,NA,2022-12-10 15:05:40.144000,NA,NA,Week 10,0.0,0.0,0,0,NA,NA,0.0,2,0,2022-12-10 15:05:35.448000,NA,0.0,NA,0,NA,NA,NA,0.0,NA,0,NA,NA,NA,0.0,NA,0,NA,NA,NA,0.0,NA,0,NA,NA,NA,0.0,NA,NA,NA,0,NA,0.9397216666666667,NA,2,NA,2022-12-06 11:46:07.285000,NA,15050,12397
0.36,0.28, , ,0.52,0.52,0.52,0.52,52,1981,35_datatwo,05/12/22 - 11/12/22,0.0,2.116945,1.7869433333333333,2.3902783333333337,0.0,0.0,0.022500000000000003,06:19:00,03:26:37,7,26,0.0,0.386945,0.0,0.0,0.0,0.0,0,22,0,NA,0,0,NA,2022-12-06 13:48:07.260000,NA,NA,NA,NA,Week 10,0.0,0.0,0,1,NA,2022-12-07 03:48:52.136000,0.015000000000000001,0,2,NA,2022-12-06 15:12:00.595000,0.0,NA,0,NA,NA,NA,3.1191666666666666,NA,5,NA,2022-12-06 15:13:11.632000,NA,0.768055,NA,5,NA,2022-12-06 15:46:45.992000,NA,0.0,NA,3,NA,2022-12-07 17:06:38.263000,NA,0.0,NA,NA,NA,0,NA,0.0,NA,0,NA,NA,NA,22740,12397
 , , , ,0.52,0.52,0.52,0.56,53,1994,36_datatwo,05/12/22 - 11/12/22,0.0,1.4338883333333332,1.8772216666666666,0.0,0.029721666666666667,1.73,0.0,05:04:14,03:26:37,16,27,0.008055,0.021945,0.007221666666666667,0.0,0.0,0.005278333333333333,4,11,2,NA,0,1,2022-12-06 11:56:39.800000,2022-12-06 11:21:38.836000,NA,NA,NA,2022-12-07 14:29:29.936000,Week 10,0.0,0.8275,0,3,NA,2022-12-07 15:09:12.879000,0.018055,0,2,2022-12-07 14:29:49.317000,2022-12-09 10:31:47.020000,0.00027833333333333334,NA,1,NA,NA,2022-12-09 10:33:00.853000,0.00027833333333333334,NA,1,NA,2022-12-09 10:33:02.099000,NA,0.6452766666666666,NA,2,NA,2022-12-07 14:30:21.568000,NA,0.3752783333333333,NA,3,NA,2022-12-07 15:58:56.787000,NA,0.0033333333333333335,NA,NA,NA,2,2022-12-07 16:21:39.596000,1.1233333333333335,NA,3,NA,2022-12-06 11:21:46.462000,NA,18254,12397
0.48,0.64, , ,0.52,0.64,0.32,0.56,51,1986,37_datatwo,05/12/22 - 11/12/22,0.0,3.6280533333333334,0.7025,0.0,0.0,0.009721666666666665,1.3147216666666666,05:39:17,03:26:37,14,37,1.7597200000000002,0.3299983333333333,0.0,0.0,0.0,0.0,35,16,0,NA,0,0,2022-12-06 11:14:47.241000,2022-12-06 11:05:49.502000,NA,NA,NA,NA,Week 10,0.0,0.0,0,0,NA,NA,0.0025,0,1,NA,2022-12-06 19:44:01.724000,0.0,NA,0,NA,NA,NA,0.0,NA,0,NA,NA,NA,1.1338883333333334,NA,3,NA,2022-12-06 12:16:48.986000,NA,0.5433333333333333,NA,4,NA,2022-12-06 14:03:21.416000,NA,0.005833333333333333,NA,NA,NA,1,2022-12-06 19:44:17.200000,0.14777833333333332,NA,4,NA,2022-12-06 11:45:35.448000,NA,20357,12397
 , , , ,0.44,0.52,0.4,0.52,47,1992,38_datatwo,05/12/22 - 11/12/22,0.0,0.0475,0.061388333333333336,2.6866666666666665,0.0,0.0,0.0,02:47:44,03:26:37,10,15,0.009445000000000002,2.1883333333333335,0.0027783333333333336,0.0,0.0,0.0008333333333333334,3,13,1,NA,0,1,2022-12-06 16:35:41.288000,2022-12-06 16:32:58.723000,NA,NA,NA,2022-12-08 16:14:44.824000,Week 10,0.0,0.004445,0,1,NA,2022-12-08 16:14:50.052000,0.39666666666666667,0,5,2022-12-08 14:04:12.568000,2022-12-06 16:33:14.375000,0.0,NA,0,NA,NA,NA,0.0,NA,0,NA,NA,NA,0.0,NA,0,NA,NA,NA,0.0,NA,0,NA,NA,NA,0.0,NA,NA,NA,0,NA,0.0,NA,0,NA,NA,NA,10064,12397
 , , , ,0.52,0.6,0.52,0.52,54,1992,39_datatwo,05/12/22 - 11/12/22,2.983055,3.8699999999999997,0.9813883333333333,0.0,0.908055,0.22888833333333336,0.0,08:58:16,03:26:37,20,29,1.7158333333333333,0.19500166666666666,0.019166666666666665,0.17361166666666664,0.004445,0.06166666666666667,8,24,1,NA,1,1,2022-12-05 15:32:34.823000,2022-12-06 11:19:05.775000,NA,2022-12-06 18:45:30.668000,2022-12-06 18:45:14.594000,2022-12-06 18:56:06.522000,Week 10,0.1175,0.17611166666666664,1,1,2022-12-06 19:00:01.552000,2022-12-06 19:07:23.276000,2.5433333333333334,1,4,2022-12-05 15:31:26.318000,2022-12-06 16:54:41.650000,0.21111166666666664,NA,1,NA,NA,2022-12-09 15:47:21.768000,0.4066666666666666,NA,1,NA,2022-12-09 16:00:05.286000,NA,0.08666666666666667,NA,3,NA,2022-12-09 16:24:49.278000,NA,0.07277833333333333,NA,2,NA,2022-12-10 19:39:00.670000,NA,0.03333333333333333,NA,NA,NA,1,2022-12-10 19:44:03.847000,0.3725,NA,3,NA,2022-12-06 11:23:32.813000,NA,32296,12397
0.52,0.52,0.48, ,0.56,0.56,0.6,0.56,57,1996,40_datatwo,05/12/22 - 11/12/22,0.0,0.13416666666666668,0.019166666666666665,0.0,0.0,0.9827783333333333,0.0,01:08:10,03:26:37,4,8,0.5333333333333333,0.11555666666666668,0.0,0.0,0.0,0.0,6,2,0,NA,0,0,2022-12-06 12:41:22.561000,2022-12-06 12:42:14.498000,NA,NA,NA,NA,Week 10,0.0,0.0,0,0,NA,NA,0.0,0,0,NA,NA,0.0,NA,0,NA,NA,NA,0.0,NA,0,NA,NA,NA,0.0,NA,0,NA,NA,NA,0.0,NA,0,NA,NA,NA,0.0,NA,NA,NA,0,NA,0.0,NA,0,NA,NA,NA,4090,12397
 , , , ,0.56,0.52,0.4,0.6,52,1997,41_datatwo,05/12/22 - 11/12/22,0.0,0.10277833333333335,0.01,0.0,0.0,0.0,3.311945,03:25:29,03:26:37,6,13,0.0,0.013335000000000001,0.0,0.0,0.0,0.0,0,8,0,NA,0,0,NA,2022-12-06 11:17:27.019000,NA,NA,NA,NA,Week 10,0.0,0.0,0,0,NA,NA,1.5747216666666666,0,1,NA,2022-12-11 19:08:08.934000,0.0,NA,0,NA,NA,NA,0.0,NA,0,NA,NA,NA,0.003055,NA,2,NA,2022-12-06 12:21:47.953000,NA,1.728055,NA,2,NA,2022-12-07 19:53:21.661000,NA,0.0013883333333333332,NA,NA,NA,1,2022-12-07 19:53:13.345000,0.0,NA,2,NA,2022-12-06 11:17:30.902000,NA,12329,12397
0.28,0.4,0.4,0.36,0.52,0.56,0.52,0.56,54,1996,42_datatwo,05/12/22 - 11/12/22,0.22138833333333335,0.4033333333333333,2.895,0.0,1.2683333333333333,0.0,1.0958333333333334,05:53:02,03:26:37,15,39,0.041664999999999994,0.07944333333333332,0.0125,0.000555,0.0,0.0,23,17,4,NA,0,0,2022-12-05 13:03:59.120000,2022-12-05 13:03:00.592000,NA,2022-12-06 11:25:59.443000,NA,NA,Week 10,0.0,0.0,0,0,NA,NA,0.0,1,0,2022-12-05 13:02:42.621000,NA,0.0,NA,0,NA,NA,NA,0.0,NA,0,NA,NA,NA,1.8963883333333333,NA,1,NA,2022-12-07 11:50:13.447000,NA,0.8591666666666666,NA,4,NA,2022-12-07 11:49:56.309000,NA,1.4297216666666666,NA,NA,NA,6,2022-12-06 11:19:32.049000,0.034166666666666665,NA,1,NA,2022-12-06 11:17:27.571000,NA,21182,12397
 ,0.44,0.44, ,0.52,0.56,0.52,0.6,55,1991,43_datatwo,05/12/22 - 11/12/22,1.4538883333333332,0.35527833333333336,0.0,0.079445,2.9808333333333334,0.3088883333333333,1.5861116666666668,06:45:52,03:26:37,11,27,4.0686116666666665,0.01472,0.10944333333333332,0.009721666666666665,0.0,0.0,19,8,4,NA,0,0,2022-12-05 20:57:12.752000,2022-12-08 11:54:05.385000,NA,2022-12-09 13:11:36.224000,NA,NA,Week 10,0.0,0.0,0,0,NA,NA,0.024166666666666666,1,1,2022-12-08 11:54:00.594000,2022-12-09 12:51:46.656000,0.1877783333333333,NA,2,NA,NA,2022-12-09 12:53:26.795000,0.033056666666666665,NA,4,NA,2022-12-08 11:54:10.315000,NA,0.0,NA,0,NA,NA,NA,0.0,NA,0,NA,NA,NA,0.017778333333333333,NA,NA,NA,1,2022-12-09 13:04:48.602000,0.0,NA,0,NA,NA,NA,24352,12397
0.56,0.68,0.72,0.72,0.72,0.76,0.8,0.8,77,1986,44_datatwo,05/12/22 - 11/12/22,0.0,0.03972166666666666,2.764723333333334,0.0,1.2047216666666667,0.0,0.0,04:00:33,03:26:37,4,9,1.3741666666666668,0.005,0.0,0.0,0.0,0.0,14,2,0,NA,0,0,2022-12-06 16:28:37.818000,2022-12-06 23:52:51.526000,NA,NA,NA,NA,Week 10,0.0,0.0,0,0,NA,NA,0.0,0,0,NA,NA,0.0,NA,0,NA,NA,NA,0.0,NA,0,NA,NA,NA,0.0,NA,0,NA,NA,NA,0.0,NA,0,NA,NA,NA,0.0,NA,NA,NA,0,NA,0.0,NA,0,NA,NA,NA,14433,12397
0.44,0.56,0.48, ,0.56,0.64,0.68,0.6,62,1989,45_datatwo,05/12/22 - 11/12/22,0.0013883333333333332,0.0008333333333333334,0.0,0.0,0.0036116666666666667,0.07666666666666666,0.0,00:04:57,03:26:37,7,11,0.004166666666666667,0.02222166666666667,0.0,0.0,0.0,0.0,6,4,0,NA,0,0,2022-12-05 14:24:38.737000,2022-12-09 18:46:36.118000,NA,NA,NA,NA,Week 10,0.0,0.0,0,0,NA,NA,0.0,0,0,NA,NA,0.0,NA,0,NA,NA,NA,0.0,NA,1,NA,2022-12-09 18:46:41.853000,NA,0.0,NA,0,NA,NA,NA,0.0,NA,0,NA,NA,NA,0.0,NA,NA,NA,0,NA,0.033055,NA,1,NA,2022-12-10 12:53:39.383000,NA,297,12397
0.36,0.4,NA,0.68,0.8,0.72,0.72,0.68,73,1992,46_datatwo,17/04/23 - 23/04/23,0.0,1.138055,3.5933333333333333,0.013333333333333334,0.03138833333333333,0.0,3.0297233333333335,07:48:21,01:25:49,9,21,2.8877766666666664,0.024721666666666666,0.0033333333333333335,0.01638833333333333,0.0,0.0,12,4,1,NA,0,0,2023-04-18 12:37:17.703000,2023-04-18 12:37:26.680000,NA,2023-04-19 14:48:13.105000,NA,NA,Week 10,0.0,0.0,0,0,NA,NA,0.0,1,0,2023-04-19 14:49:33.562000,NA,0.0,NA,0,NA,NA,NA,0.0,0.0,0,0.0,NA,NA,0.0,0.0,0,0.0,NA,NA,0.0,0.0,0,0.0,NA,NA,1.4777783333333334,NA,NA,NA,1,2023-04-23 10:12:27.513000,1.113055,1.9672233333333333,2,5.0,2023-04-18 12:38:09.366000,2023-04-19 14:50:03.600000,28101,5149
0.52,0.6,0.52,0.72,0.64,0.68,0.68,0.8,70,1999,47_datatwo,17/04/23 - 23/04/23,0.011945,2.5002783333333336,0.020278333333333332,0.0,0.12611166666666668,2.8155550000000003,0.009721666666666665,05:29:02,01:25:49,8,25,0.770555,0.014166666666666666,0.0,0.0,0.0,0.0,11,5,0,NA,0,0,2023-04-17 13:10:24.451000,2023-04-18 12:18:47.206000,NA,NA,NA,NA,Week 10,0.0,0.0,0,0,NA,NA,0.0,0,0,NA,NA,0.0,NA,0,NA,NA,NA,0.0,0.0,0,0.0,NA,NA,0.0,0.0,0,0.0,NA,NA,1.0363883333333335,0.0,1,0.0,2023-04-18 22:05:20.424000,NA,0.0,NA,NA,NA,0,NA,0.6608333333333333,2.859166666666667,3,5.0,2023-04-18 12:19:04.223000,2023-04-17 13:10:31.964000,19742,5149
0.48,0.6,0.48,0.52,0.64,0.64,0.56,0.56,60,1989,48_datatwo,17/04/23 - 23/04/23,0.03861166666666667,4.06639,0.6686116666666667,0.018055,0.0,0.0,0.0,04:47:30,01:25:49,9,22,0.04,0.209445,0.006666666666666667,0.0,0.0,0.0,8,10,3,NA,0,0,2023-04-17 11:39:50.998000,2023-04-18 12:18:42.727000,NA,NA,NA,NA,Week 10,0.0,0.0,0,0,NA,NA,0.0,0,0,2023-04-17 11:39:55.163000,NA,0.0,NA,0,NA,NA,NA,0.0,0.0,0,0.0,NA,NA,0.0,0.0,0,0.0,NA,NA,2.3291666666666666,0.0,2,0.0,2023-04-18 18:22:38.808000,NA,0.0022216666666666665,NA,NA,NA,1,2023-04-18 18:22:28.692000,0.3777783333333333,0.0033333333333333335,1,3.0,2023-04-18 12:19:05.689000,2023-04-17 11:40:06.525000,17250,5149
NA,NA,NA,NA,0.56,0.64,0.56,0.64,60,1995,49_datatwo,17/04/23 - 23/04/23,0.0,0.3097233333333333,0.5194433333333334,0.0,0.0,0.007778333333333333,0.011388333333333332,00:50:54,01:25:49,15,26,0.0027783333333333336,0.024725,0.004443333333333333,0.0,0.0,0.0,1,9,2,NA,0,1,2023-04-22 18:14:50.940000,2023-04-18 10:27:12.146000,NA,2023-04-22 18:15:00.478000,NA,2023-04-19 21:43:03.715000,Week 10,0.0,0.0,0,0,NA,NA,0.0008333333333333334,1,1,2023-04-18 10:44:40.504000,2023-04-23 12:18:59.438000,0.0025,NA,1,NA,NA,2023-04-23 12:19:02.326000,0.0008333333333333334,0.0,1,0.0,2023-04-23 12:19:11.006000,NA,0.0016666666666666668,0.0,1,0.0,2023-04-23 12:19:14.427000,NA,0.0,0.0,1,0.0,2023-04-23 12:19:20.642000,NA,0.0,NA,NA,NA,2,2023-04-19 13:42:42.430000,0.008056666666666667,0.0,3,0.0,2023-04-18 10:27:24.530000,NA,3054,5149
0.48,0.4,NA,0.4,0.72,0.76,0.68,0.72,72,1988,50_datatwo,17/04/23 - 23/04/23,0.015554999999999998,0.015554999999999998,1.7894450000000002,0.0,0.0,0.0,0.027221666666666665,01:50:52,01:25:49,4,8,0.0125,0.0,0.0,0.0,0.0,0.0,8,0,0,NA,0,0,2023-04-17 13:14:16.131000,NA,NA,NA,NA,NA,Week 10,0.0,0.0,0,0,NA,NA,0.0,0,0,NA,NA,0.0,NA,0,NA,NA,NA,0.0,0.0,0,0.0,NA,NA,0.0,0.0036116666666666667,0,1.0,NA,2023-04-17 13:14:47.785000,0.0,0.0,0,0.0,NA,NA,0.0,NA,NA,NA,0,NA,0.0,1.4569450000000002,0,5.0,NA,2023-04-17 13:14:22.238000,6652,5149
0.56,0.68,0.72,0.76,0.72,0.76,0.72,0.8,75,1994,51_datatwo,17/04/23 - 23/04/23,0.2891666666666667,1.515835,0.9866666666666667,0.0,0.0,0.0,0.0,02:47:30,01:25:49,9,30,0.3833316666666667,0.004445,0.6875,0.24000000000000002,0.0,0.0,22,3,9,NA,0,0,2023-04-17 10:40:28.442000,2023-04-18 12:57:13.579000,NA,2023-04-19 14:02:31.019000,NA,NA,Week 10,0.0,0.0,0,0,NA,NA,0.0,5,0,2023-04-17 10:40:31.453000,NA,0.0,NA,0,NA,NA,NA,0.0,0.0,0,0.0,NA,NA,0.0,0.0,0,0.0,NA,NA,0.0,0.0,0,0.0,NA,NA,0.001945,NA,NA,NA,1,2023-04-19 13:31:45.001000,0.005278333333333333,1.39361,4,10.0,2023-04-18 12:57:16.994000,2023-04-17 10:40:38.634000,10050,5149
0.44,0.4,NA,NA,0.64,0.52,0.56,0.64,60,1997,52_datatwo,17/04/23 - 23/04/23,0.0033333333333333335,0.7130550000000001,0.0016666666666666668,0.07166666666666667,0.0,0.0027783333333333336,0.0,00:47:33,01:25:49,8,14,0.03527833333333333,0.08916666666666666,0.0,0.00027833333333333334,0.0,0.0,3,7,0,NA,0,0,2023-04-18 12:23:33.055000,2023-04-18 12:25:51.302000,NA,2023-04-18 12:25:50.606000,NA,NA,Week 10,0.0,0.0,0,0,NA,NA,0.0,2,0,NA,NA,0.0,NA,0,NA,NA,NA,0.0,0.0,0,0.0,NA,NA,0.0,0.001945,0,2.0,NA,2023-04-18 12:23:35.097000,0.42833333333333334,0.0,5,0.0,2023-04-18 12:26:02.366000,NA,0.001945,NA,NA,NA,1,2023-04-18 12:25:53.261000,0.0,0.0,0,0.0,NA,NA,2853,5149
0.36,NA,NA,0.76,0.68,0.68,0.68,0.76,70,1991,53_datatwo,17/04/23 - 23/04/23,0.022500000000000003,1.4477783333333334,0.0,0.0,0.0,0.0,0.0,01:28:13,01:25:49,6,9,0.003888333333333333,0.005833333333333333,0.16638999999999998,0.0,0.0,0.0,3,2,3,NA,0,0,2023-04-17 20:56:57.857000,2023-04-18 12:19:24.967000,NA,NA,NA,NA,Week 10,0.0,0.0,0,0,NA,NA,0.0,0,0,2023-04-17 14:50:28.360000,NA,0.0,NA,0,NA,NA,NA,0.0,0.0,0,0.0,NA,NA,0.0,0.0,0,0.0,NA,NA,0.0,0.0,0,0.0,NA,NA,0.0,NA,NA,NA,0,NA,0.22166666666666668,0.0,3,1.0,2023-04-18 12:19:34.260000,2023-04-18 13:45:53.972000,5293,5149
0.52,NA,0.52,0.52,0.6,0.68,0.56,0.56,60,1992,54_datatwo,17/04/23 - 23/04/23,0.024721666666666666,1.6291666666666667,0.0,0.0,0.04027833333333333,0.0,0.0,01:41:39,01:25:49,10,14,0.008333333333333333,0.010278333333333334,0.0022216666666666665,0.035,0.0,0.0,4,4,1,NA,0,0,2023-04-17 16:24:26.807000,2023-04-17 16:24:03.233000,NA,2023-04-17 16:25:09.023000,NA,NA,Week 10,0.0,0.000555,0,1,NA,2023-04-18 12:19:50.713000,0.0,2,0,2023-04-18 12:19:15.323000,NA,0.0,NA,0,NA,NA,NA,0.0,0.0,0,0.0,NA,NA,0.0,0.0,0,0.0,NA,NA,0.0,0.0,0,0.0,NA,NA,0.0,NA,NA,NA,0,NA,1.4408333333333334,0.0063883333333333335,1,2.0,2023-04-18 12:19:55.411000,2023-04-17 16:24:36.130000,6099,5149
NA,NA,NA,NA,0.48,0.56,0.56,0.6,55,1992,55_datatwo,17/04/23 - 23/04/23,0.0,0.0,0.0,0.0,0.003888333333333333,0.0,0.0,00:00:14,01:25:49,1,1,0.003888333333333333,0.0,0.0,0.0,0.0,0.0,1,0,0,NA,0,0,2023-04-21 09:12:00.205000,NA,NA,NA,NA,NA,Week 10,0.0,0.0,0,0,NA,NA,0.0,0,0,NA,NA,0.0,NA,0,NA,NA,NA,0.0,0.0,0,0.0,NA,NA,0.0,0.0,0,0.0,NA,NA,0.0,0.0,0,0.0,NA,NA,0.0,NA,NA,NA,0,NA,0.0,0.0,0,0.0,NA,NA,14,5149
0.56,NA,NA,NA,0.64,0.76,0.76,0.76,73,1985,56_datatwo,17/04/23 - 23/04/23,0.0,0.08916666666666666,0.0275,0.0,0.0,0.0,0.0,00:07:00,01:25:49,7,8,0.0,0.005,0.0,0.0,0.0,0.0,1,3,0,NA,0,0,2023-04-18 12:45:44.571000,2023-04-18 12:28:57.388000,NA,NA,NA,NA,Week 10,0.0,0.0,0,0,NA,NA,0.0,0,0,NA,NA,0.0,NA,0,NA,NA,NA,0.0,0.0,0,0.0,NA,NA,0.0,0.0,0,0.0,NA,NA,0.0,0.0,1,0.0,2023-04-19 00:08:30.297000,NA,0.020278333333333332,NA,NA,NA,1,2023-04-19 00:07:00.586000,0.07333333333333333,0.0,3,0.0,2023-04-18 12:29:00.603000,NA,420,5149
NA,NA,0.6,NA,0.68,0.68,0.72,0.8,72,1987,57_datatwo,17/04/23 - 23/04/23,0.0,0.0,0.0,0.003055,0.0,0.016111666666666666,0.0,00:01:09,01:25:49,1,2,0.015000000000000001,0.0,0.0,0.0,0.0,0.0,2,0,0,NA,0,0,2023-04-20 19:59:15.598000,NA,NA,NA,NA,NA,Week 10,0.0,0.0,0,0,NA,NA,0.0,0,0,NA,NA,0.0,NA,0,NA,NA,NA,0.0,0.0,0,0.0,NA,NA,0.0,0.0,0,0.0,NA,NA,0.0,0.0,0,0.0,NA,NA,0.0,NA,NA,NA,0,NA,0.0,0.0,0,0.0,NA,NA,69,5149
NA,NA,NA,NA,0.4,0.48,0.4,0.52,45,1998,58_datatwo,17/04/23 - 23/04/23,0.0,0.0,0.0,0.0,0.0,0.0,0.0,00:00:00,01:25:49,0,0,0.0,0.0,0.0,0.0,0.0,0.0,0,0,0,NA,0,0,NA,NA,NA,NA,NA,NA,Week 10,0.0,0.0,0,0,NA,NA,0.0,0,0,NA,NA,0.0,NA,0,NA,NA,NA,0.0,0.0,0,0.0,NA,NA,0.0,0.0,0,0.0,NA,NA,0.0,0.0,0,0.0,NA,NA,0.0,NA,NA,NA,0,NA,0.0,0.0,0,0.0,NA,NA,0,5149
0.68,0.72,0.48,0.72,0.68,0.72,0.76,0.76,73,1994,59_datatwo,17/04/23 - 23/04/23,0.006666666666666667,1.1747216666666667,0.08166666666666668,0.0,0.0,0.9863883333333334,0.0,02:14:58,01:25:49,8,10,0.6116666666666667,0.010278333333333334,1.2091666666666667,0.0008333333333333334,0.0,0.0,19,1,3,NA,0,0,2023-04-17 16:14:07.441000,2023-04-22 08:51:35.627000,NA,2023-04-22 08:51:31.189000,NA,NA,Week 10,0.0,0.0,0,0,NA,NA,0.0,1,0,2023-04-18 12:21:34.268000,NA,0.0,NA,0,NA,NA,NA,0.0,0.05416666666666667,0,3.0,NA,2023-04-22 08:52:17.473000,0.0,0.03138833333333333,0,5.0,NA,2023-04-22 08:54:49.108000,0.0,0.19305500000000003,0,4.0,NA,2023-04-22 08:55:24.729000,0.0,NA,NA,NA,0,NA,0.0,0.08972166666666667,0,3.0,NA,2023-04-22 08:55:33.894000,8098,5149
0.56,0.7,NA,NA,0.68,0.76,0.8,0.8,76,1998,60_datatwo,17/04/23 - 23/04/23,2.9166666666666665,1.4241666666666668,0.0,0.0,0.0,0.0,0.0,04:20:27,01:25:49,1,5,0.0,0.0,0.0,0.0,0.0,0.0,0,0,0,NA,0,0,NA,NA,NA,NA,NA,NA,Week 10,0.0,0.0,0,0,NA,NA,0.0,0,0,NA,NA,0.0,NA,0,NA,NA,NA,0.0,0.0,0,0.0,NA,NA,0.0,0.0,0,0.0,NA,NA,0.0,0.0,0,0.0,NA,NA,4.340833333333333,NA,NA,NA,6,2023-04-17 11:04:29.637000,0.0,0.0,0,0.0,NA,NA,15627,5149
0.6,0.4,NA,0.72,0.8,0.76,0.72,0.8,77,1994,61_datatwo,17/04/23 - 23/04/23,0.0,0.8008333333333333,1.7202783333333334,0.09527833333333334,5.368611666666666,2.7883333333333336,0.0,10:46:24,01:25:49,14,25,0.07111166666666667,0.0052766666666666665,0.0,0.007778333333333333,0.0,0.0,6,7,0,NA,0,0,2023-04-20 22:28:32.650000,2023-04-18 12:08:19.301000,NA,2023-04-18 12:08:16.543000,NA,NA,Week 10,0.0,0.0,0,0,NA,NA,0.0,4,0,NA,NA,0.047223333333333326,NA,2,NA,NA,2023-04-21 21:49:57.312000,2.7847216666666665,0.0,1,0.0,2023-04-22 14:01:42.091000,NA,0.0,0.0027783333333333336,0,1.0,NA,2023-04-20 22:32:53.359000,0.0,0.0,0,0.0,NA,NA,0.0,NA,NA,NA,0,NA,0.0,0.0175,0,1.0,NA,2023-04-20 22:27:26.052000,38784,5149
NA,NA,NA,NA,0.68,0.64,0.56,0.52,60,2001,62_datatwo,17/04/23 - 23/04/23,0.0,0.9466666666666667,0.0033333333333333335,0.0,0.0,0.0,0.0,00:57:00,01:25:49,13,14,0.029166666666666667,0.8061116666666667,0.0,0.0,0.0,0.0,2,19,0,NA,0,0,2023-04-18 12:46:18.024000,2023-04-18 12:05:11.968000,NA,NA,NA,NA,Week 10,0.0,0.0,0,0,NA,NA,0.003055,0,2,NA,2023-04-18 12:37:02.052000,0.005833333333333333,NA,2,NA,NA,2023-04-18 12:37:08.937000,0.0125,0.0,2,0.0,2023-04-18 12:37:21.301000,NA,0.003888333333333333,0.0,2,0.0,2023-04-18 12:37:30.433000,NA,0.0011116666666666666,0.0,1,0.0,2023-04-18 12:37:38.083000,NA,0.012221666666666665,NA,NA,NA,2,2023-04-18 12:16:12.758000,0.01638833333333333,0.0,4,0.0,2023-04-18 12:14:50.932000,NA,3420,5149
0.56,0.6,0.6,0.64,0.64,0.68,0.68,0.68,67,1993,63_datatwo,17/04/23 - 23/04/23,0.0,1.4902783333333334,0.0,0.081945,0.0,0.0,0.0,01:34:20,01:25:49,8,11,0.010556666666666666,0.023055,0.0,0.0,0.0,0.0,7,3,0,NA,0,0,2023-04-18 08:09:25.623000,2023-04-18 08:10:03.396000,NA,NA,NA,NA,Week 10,0.0,0.0,0,0,NA,NA,0.0,0,0,NA,NA,0.0,NA,0,NA,NA,NA,0.0,0.004445,0,1.0,NA,2023-04-20 23:25:15.680000,0.0,0.005278333333333333,0,1.0,NA,2023-04-20 23:25:40.246000,0.0,0.0,0,0.0,NA,NA,0.0,NA,NA,NA,0,NA,1.3058333333333332,0.06722166666666667,2,3.0,2023-04-18 12:19:15.039000,2023-04-18 08:09:31.548000,5660,5149
0.52,NA,NA,NA,0.52,0.52,0.56,0.72,58,1998,64_datatwo,17/04/23 - 23/04/23,0.0,0.0,0.0,0.011945,0.0,0.0,0.0,00:00:43,01:25:49,3,3,0.003888333333333333,0.0011116666666666666,0.0,0.0,0.0,0.0,2,1,0,NA,0,0,2023-04-20 02:49:36.144000,2023-04-20 02:49:58.378000,NA,NA,NA,NA,Week 10,0.0,0.0,0,0,NA,NA,0.0,0,0,NA,NA,0.0,NA,0,NA,NA,NA,0.0,0.0,0,0.0,NA,NA,0.0,0.0,0,0.0,NA,NA,0.0,0.0,0,0.0,NA,NA,0.0,NA,NA,NA,0,NA,0.0,0.0,0,0.0,NA,NA,43,5149
0.44,NA,NA,0.24,0.72,0.68,0.58,0.54,63,1982,65_datatwo,17/04/23 - 23/04/23,0.07527833333333334,1.4633333333333334,0.0,0.0,0.0,0.0,0.0,01:32:19,01:25:49,5,7,0.024721666666666666,0.00389,0.0,0.0,0.0,0.0,5,3,0,NA,0,0,2023-04-17 09:59:05.264000,2023-04-18 12:19:29.034000,NA,NA,NA,NA,Week 10,0.0,0.0,0,0,NA,NA,0.0,0,0,NA,NA,0.0,NA,0,NA,NA,NA,0.0,0.0033333333333333335,0,1.0,NA,2023-04-17 10:01:45.095000,0.0,0.0,0,0.0,NA,NA,0.0,0.0,0,0.0,NA,NA,0.0,NA,NA,NA,0,NA,1.4486116666666669,0.03666666666666667,1,2.0,2023-04-18 12:19:36.028000,2023-04-17 09:59:27.183000,5539,5149
NA,NA,NA,NA,0.58,0.58,0.58,0.58,58,1980,66_datatwo,17/04/23 - 23/04/23,0.0,0.0,0.0,0.0,0.0,0.0,0.0,00:00:00,01:25:49,0,0,0.0,0.0,0.0,0.0,0.0,0.0,0,0,0,NA,0,0,NA,NA,NA,NA,NA,NA,Week 10,0.0,0.0,0,0,NA,NA,0.0,0,0,NA,NA,0.0,NA,0,NA,NA,NA,0.0,0.0,0,0.0,NA,NA,0.0,0.0,0,0.0,NA,NA,0.0,0.0,0,0.0,NA,NA,0.0,NA,NA,NA,0,NA,0.0,0.0,0,0.0,NA,NA,0,5149
NA,NA,NA,NA,0.58,0.66,0.58,0.58,60,1986,67_datatwo,17/04/23 - 23/04/23,0.0,0.0,0.0,0.0,0.0,0.0,0.0,00:00:00,01:25:49,0,0,0.0,0.0,0.0,0.0,0.0,0.0,0,0,0,NA,0,0,NA,NA,NA,NA,NA,NA,Week 10,0.0,0.0,0,0,NA,NA,0.0,0,0,NA,NA,0.0,NA,0,NA,NA,NA,0.0,0.0,0,0.0,NA,NA,0.0,0.0,0,0.0,NA,NA,0.0,0.0,0,0.0,NA,NA,0.0,NA,NA,NA,0,NA,0.0,0.0,0,0.0,NA,NA,0,5149
0.6,NA,NA,NA,0.6,0.64,0.56,0.64,61,1989,68_datatwo,17/04/23 - 23/04/23,0.0,0.0,0.0,0.0,0.4447216666666666,0.0,0.009445000000000002,00:27:15,01:25:49,3,3,0.383055,0.0,0.0,0.0,0.0,0.0,2,0,0,NA,0,0,2023-04-21 08:56:22.931000,NA,NA,NA,NA,NA,Week 10,0.0,0.0,0,0,NA,NA,0.0,0,0,NA,NA,0.0,NA,0,NA,NA,NA,0.0,0.0,0,0.0,NA,NA,0.0,0.0,0,0.0,NA,NA,0.0,0.0,0,0.0,NA,NA,0.0,NA,NA,NA,0,NA,0.0,0.0,0,0.0,NA,NA,1635,5149
0.68,0.6,0.6,0.48,0.68,0.6,0.64,0.72,66,1989,69_datatwo,17/04/23 - 23/04/23,0.43083333333333335,1.4888883333333331,0.0027783333333333336,0.0,0.0036116666666666667,0.0,0.012778333333333334,01:56:20,01:25:49,13,21,0.015554999999999998,0.005833333333333333,0.0011116666666666666,0.0008333333333333334,0.0,0.0,11,5,1,NA,0,0,2023-04-17 00:11:42.567000,2023-04-17 00:11:34.068000,NA,2023-04-17 00:11:39.347000,NA,NA,Week 10,0.0,0.0,0,0,NA,NA,0.0,1,0,2023-04-23 20:50:43.566000,NA,0.0,NA,0,NA,NA,NA,0.0,0.004445,0,1.0,NA,2023-04-17 09:59:52.975000,0.0,0.013611666666666668,0,2.0,NA,2023-04-17 10:00:10.728000,0.005,0.30194499999999996,1,2.0,2023-04-17 00:11:15.705000,2023-04-17 09:59:34.996000,0.005,NA,NA,NA,1,2023-04-18 12:18:57.358000,0.35722166666666666,0.069445,1,3.0,2023-04-18 12:19:16.851000,2023-04-17 00:11:47.646000,6980,5149
0.56,0.52,NA,0.52,0.68,0.76,0.72,0.72,72,1995,70_datatwo,17/04/23 - 23/04/23,0.0,1.193055,0.004166666666666667,0.188055,1.3791666666666667,0.0,0.0,02:45:52,01:25:49,6,14,1.3677783333333335,0.014166666666666666,0.0,0.0,0.0,0.0,3,5,0,NA,0,0,2023-04-19 15:03:43.632000,2023-04-18 12:18:18.471000,NA,NA,NA,NA,Week 10,0.0,0.0,0,0,NA,NA,0.0,0,0,NA,NA,0.0,NA,0,NA,NA,NA,0.0,0.0,0,0.0,NA,NA,0.0,0.0,0,0.0,NA,NA,0.0,0.0,0,0.0,NA,NA,0.0,NA,NA,NA,0,NA,0.12333333333333334,0.027778333333333332,1,2.0,2023-04-18 12:18:25.767000,2023-04-19 15:03:50.174000,9952,5149
0.64,NA,NA,NA,0.64,0.76,0.6,0.56,64,1990,71_datatwo,17/04/23 - 23/04/23,0.0,0.0,0.0,0.0,0.0,0.0,0.0,00:00:00,01:25:49,0,0,0.0,0.0,0.0,0.0,0.0,0.0,0,0,0,NA,0,0,NA,NA,NA,NA,NA,NA,Week 10,0.0,0.0,0,0,NA,NA,0.0,0,0,NA,NA,0.0,NA,0,NA,NA,NA,0.0,0.0,0,0.0,NA,NA,0.0,0.0,0,0.0,NA,NA,0.0,0.0,0,0.0,NA,NA,0.0,NA,NA,NA,0,NA,0.0,0.0,0,0.0,NA,NA,0,5149
NA,NA,NA,NA,0.68,0.68,0.48,0.64,62,1998,72_datatwo,17/04/23 - 23/04/23,0.0,1.4727783333333335,0.0,0.0,0.20472166666666666,0.6886116666666666,0.0,02:21:58,01:25:49,13,15,0.036945000000000006,0.098055,0.04611,0.0013883333333333332,0.0,0.0,4,13,6,NA,0,0,2023-04-18 12:18:51,2023-04-18 12:18:55.489000,NA,2023-04-18 12:18:49.393000,NA,NA,Week 10,0.0,0.24083333333333332,0,3,NA,2023-04-18 12:26:19.471000,0.0011116666666666666,3,1,2023-04-18 12:18:44.232000,2023-04-18 12:21:50.490000,0.64,NA,1,NA,NA,2023-04-22 11:32:32.143000,0.0,0.0,0,0.0,NA,NA,0.0011116666666666666,0.0,1,0.0,2023-04-18 12:21:56.109000,NA,0.0,0.0,0,0.0,NA,NA,0.0,NA,NA,NA,0,NA,0.10888833333333332,0.0,3,0.0,2023-04-18 12:19:10.857000,NA,8518,5149
NA,NA,NA,NA,0.56,0.6,0.56,0.48,55,1996,73_datatwo,17/04/23 - 23/04/23,0.0,0.0,0.021945,0.0,0.0,0.0,0.0,00:01:19,01:25:49,1,1,0.0,0.0,0.0,0.0,0.0,0.0,1,0,0,NA,0,0,2023-04-19 19:30:15.408000,NA,NA,NA,NA,NA,Week 10,0.0,0.0,0,0,NA,NA,0.0,0,0,NA,NA,0.0,NA,0,NA,NA,NA,0.0,0.0,0,0.0,NA,NA,0.0,0.0,0,0.0,NA,NA,0.0,0.0,0,0.0,NA,NA,0.0,NA,NA,NA,0,NA,0.0,0.0,0,0.0,NA,NA,79,5149
0.52,0.72,0.48,0.52,0.6,0.72,0.48,0.72,63,1998,74_datatwo,17/04/23 - 23/04/23,0.0022216666666666665,0.17111166666666663,0.011388333333333332,0.0,0.0,0.0,0.0,00:11:05,01:25:49,3,8,0.005278333333333333,0.0,0.0,0.0,0.0,0.0,5,0,0,NA,0,0,2023-04-17 16:58:04.932000,NA,NA,NA,NA,NA,Week 10,0.0,0.0,0,0,NA,NA,0.0,0,0,NA,NA,0.0,NA,0,NA,NA,NA,0.0,0.0,0,0.0,NA,NA,0.0,0.0,0,0.0,NA,NA,0.0,0.0,0,0.0,NA,NA,0.0,NA,NA,NA,0,NA,0.0,0.0022216666666666665,0,3.0,NA,2023-04-17 16:58:08.467000,665,5149
0.52,0.68,0.52,0.68,0.52,0.68,0.52,0.72,61,1992,75_datatwo,17/04/23 - 23/04/23,0.0,0.133055,6.296388333333334,0.0,0.0,0.0,3.5786116666666667,10:00:29,01:25:49,14,26,0.9563883333333333,0.030000000000000002,0.0,0.0,0.0,0.0,25,25,0,NA,0,0,2023-04-18 13:52:46.216000,2023-04-19 12:58:18.114000,NA,NA,NA,NA,Week 10,0.0033333333333333335,0.0,1,0,2023-04-19 13:01:01.501000,NA,0.0,0,0,NA,NA,0.0027783333333333336,NA,1,NA,NA,2023-04-19 13:03:50.274000,0.007778333333333333,0.0008333333333333334,2,1.0,2023-04-19 13:04:02.717000,2023-04-19 15:02:28.004000,0.0,0.0,0,0.0,NA,NA,0.3336116666666667,0.001945,3,2.0,2023-04-19 12:59:07.034000,2023-04-19 14:24:30.813000,0.3738883333333333,NA,NA,NA,2,2023-04-19 13:01:17.463000,0.028055,0.15944499999999998,2,10.0,2023-04-19 21:13:21.612000,2023-04-19 13:01:59.398000,36029,5149
0.56,NA,NA,NA,0.6,0.52,0.56,0.64,58,1993,76_datatwo,17/04/23 - 23/04/23,0.0,0.0,0.0,0.0,0.0,0.0,0.0,00:00:00,01:25:49,0,0,0.0,0.0,0.0,0.0,0.0,0.0,0,0,0,NA,0,0,NA,NA,NA,NA,NA,NA,Week 10,0.0,0.0,0,0,NA,NA,0.0,0,0,NA,NA,0.0,NA,0,NA,NA,NA,0.0,0.0,0,0.0,NA,NA,0.0,0.0,0,0.0,NA,NA,0.0,0.0,0,0.0,NA,NA,0.0,NA,NA,NA,0,NA,0.0,0.0,0,0.0,NA,NA,0,5149
NA,0.48,0.64,NA,0.68,0.56,0.68,0.68,65,2002,77_datatwo,17/04/23 - 23/04/23,0.0,0.0,0.030000000000000002,0.0,0.0,0.0,0.0,00:01:48,01:25:49,2,2,0.0,0.0047216666666666665,0.0,0.0,0.0,0.0,0,2,0,NA,0,0,NA,2023-04-19 09:21:55.195000,NA,NA,NA,NA,Week 10,0.0,0.0,0,0,NA,NA,0.0,0,0,NA,NA,0.0,NA,0,NA,NA,NA,0.0,0.0,0,0.0,NA,NA,0.0,0.0,0,0.0,NA,NA,0.0,0.0,0,0.0,NA,NA,0.0,NA,NA,NA,0,NA,0.005833333333333333,0.0,1,0.0,2023-04-19 09:21:34.279000,NA,108,5149
NA,NA,NA,NA,0.32,0.32,0.2,0.56,35,1989,78_datatwo,17/04/23 - 23/04/23,0.0,0.0,0.0,0.0,0.06611166666666667,0.0,0.0,00:03:58,01:25:49,4,4,0.004166666666666667,0.014445000000000001,0.013055,0.0,0.0,0.0,1,1,1,NA,0,0,2023-04-21 12:08:39.757000,2023-04-21 12:27:04.972000,NA,NA,NA,NA,Week 10,0.0,0.0,0,0,NA,NA,0.0,0,0,2023-04-21 12:29:50.963000,NA,0.0,NA,0,NA,NA,NA,0.0,0.0,0,0.0,NA,NA,0.0,0.0,0,0.0,NA,NA,0.0,0.0,0,0.0,NA,NA,0.0,NA,NA,NA,0,NA,0.0,0.0,0,0.0,NA,NA,238,5149
0.4,NA,NA,0.48,0.58,0.66,0.58,0.58,60,1997,79_datatwo,17/04/23 - 23/04/23,0.0,3.341943333333333,0.0,0.0,0.0,0.0,0.0,03:20:31,01:25:49,7,7,0.0008333333333333334,0.14027833333333334,0.0,0.0,0.0,0.0,1,8,0,NA,0,0,2023-04-18 05:58:30.461000,2023-04-18 12:13:13.053000,NA,NA,NA,NA,Week 10,0.0,0.0,0,0,NA,NA,0.0,0,0,NA,NA,0.0,NA,0,NA,NA,NA,0.0,0.0,0,0.0,NA,NA,0.39916666666666667,0.0,3,0.0,2023-04-18 12:29:17.419000,NA,0.8508333333333333,0.0,1,0.0,2023-04-18 12:53:37.989000,NA,0.051388333333333334,NA,NA,NA,2,2023-04-18 13:44:52.669000,0.12611166666666668,0.0,1,0.0,2023-04-18 12:20:51.377000,NA,12031,5149
NA,NA,NA,NA,55.0,66.0,50.0,49.0,55,1998,80_datatwo,04/12/2023 - 10/12/23,0.2952783333333333,0.04083333333333334,0.030555000000000002,0.26611166666666664,0.0033333333333333335,0.0,0.0,00:38:10,02:49:39,7,19,0.06222333333333333,0.03833333333333333,0.1652783333333333,0.000555,0.0,0.0,5,14,9,NA,0,0,2023-12-04 17:40:33.981000,2023-12-04 17:42:11.413000,NA,2023-12-04 17:54:46.602000,NA,NA,Week 10,0.0,0.28722166666666665,0,5,NA,2023-12-04 17:51:24.662000,0.005555000000000001,1,2,2023-12-04 17:42:22.609000,2023-12-04 17:57:00.199000,0.0,NA,0,NA,NA,NA,0.013055,0.0,1,0.0,2023-12-04 17:57:22.492000,NA,0.0,0.0,0,0.0,NA,NA,0.0,0.0,0,0.0,NA,NA,0.0,NA,NA,NA,0,NA,0.0,0.0,0,0.0,NA,NA,2290,10179
NA,NA,NA,NA,52.0,68.0,52.0,40.0,53,1989,81_datatwo,04/12/2023 - 10/12/23,0.0,0.0,0.0,0.0,0.0,0.0,0.0,00:00:00,02:49:39,0,0,0.0,0.0,0.0,0.0,0.0,0.0,0,0,0,NA,0,0,NA,NA,NA,NA,NA,NA,Week 10,0.0,0.0,0,0,NA,NA,0.0,0,0,NA,NA,0.0,NA,0,NA,NA,NA,0.0,0.0,0,0.0,NA,NA,0.0,0.0,0,0.0,NA,NA,0.0,0.0,0,0.0,NA,NA,0.0,NA,NA,NA,0,NA,0.0,0.0,0,0.0,NA,NA,0,10179
0.48,0.36,NA,NA,56.0,56.0,56.0,64.0,58,1998,82_datatwo,04/12/2023 - 10/12/23,0.005278333333333333,0.005555000000000001,0.0,0.0,0.004166666666666667,0.0,0.0,00:00:54,02:49:39,3,4,0.0,0.005278333333333333,0.0,0.0,0.0,0.0,1,2,0,NA,0,0,2023-12-08 14:28:51.555000,2023-12-04 14:29:59.395000,NA,NA,NA,NA,Week 10,0.0,0.0,0,0,NA,NA,0.0,0,0,NA,NA,0.0,NA,0,NA,NA,NA,0.0,0.0,0,0.0,NA,NA,0.0,0.0,0,0.0,NA,NA,0.0,0.0,0,0.0,NA,NA,0.0,NA,NA,NA,0,NA,0.0,0.0,1,0.0,2023-12-04 14:30:18.478000,NA,54,10179
0.48,0.32,NA,NA,66.0,53.0,60.0,65.0,61,1997,83_datatwo,04/12/2023 - 10/12/23,0.11222166666666666,0.0,0.0,0.23861166666666664,3.215555,0.013055,0.06166666666666667,03:38:28,02:49:39,6,13,0.25861166666666663,0.013056666666666666,0.008333333333333333,0.0011116666666666666,0.0,0.0,4,6,1,NA,0,0,2023-12-04 13:15:39.266000,2023-12-08 12:54:55.196000,NA,2023-12-10 14:26:02.422000,NA,NA,Week 10,0.0,3.080556666666667,0,6,NA,2023-12-08 12:55:00.150000,0.0,1,1,2023-12-09 11:43:34.587000,2023-12-10 14:29:24.537000,0.0,NA,0,NA,NA,NA,0.0,0.0,0,0.0,NA,NA,0.0,0.0,0,0.0,NA,NA,0.0,0.0,0,0.0,NA,NA,0.0,NA,NA,NA,0,NA,0.0,0.0,0,0.0,NA,NA,13108,10179
NA,0.2,NA,NA,57.0,57.0,56.0,58.0,57,1991,84_datatwo,04/12/2023 - 10/12/23,0.0,0.0,0.0,0.0,0.0,0.0,0.0,00:00:00,02:49:39,0,0,0.0,0.0,0.0,0.0,0.0,0.0,0,0,0,NA,0,0,NA,NA,NA,NA,NA,NA,Week 10,0.0,0.0,0,0,NA,NA,0.0,0,0,NA,NA,0.0,NA,0,NA,NA,NA,0.0,0.0,0,0.0,NA,NA,0.0,0.0,0,0.0,NA,NA,0.0,0.0,0,0.0,NA,NA,0.0,NA,NA,NA,0,NA,0.0,0.0,0,0.0,NA,NA,0,10179
0.4,0.52,0.72,0.74,60.0,65.0,72.0,75.0,68,1984,85_datatwo,04/12/2023 - 10/12/23,0.471945,2.5433333333333334,1.7341666666666666,0.11472166666666667,5.891945000000001,0.004166666666666667,5.3983333333333325,16:09:31,02:49:39,10,29,7.080276666666666,1.7166666666666666,0.03249666666666667,0.0030566666666666663,0.0,0.0,17,1,16,NA,0,0,2023-12-04 02:19:17.060000,2023-12-06 10:42:16.271000,NA,2023-12-05 12:06:24.581000,NA,NA,Week 10,0.0,0.0,0,0,NA,NA,0.0,3,0,2023-12-05 11:24:55.963000,NA,0.0,NA,0,NA,NA,NA,0.063055,0.0,3,0.0,2023-12-10 23:55:22.280000,NA,0.6958333333333333,0.46277833333333335,4,1.0,2023-12-05 11:25:03,2023-12-04 02:19:23.811000,2.59111,0.005556666666666667,5,2.0,2023-12-05 12:06:32.548000,2023-12-07 15:37:25.266000,2.0322216666666666,NA,NA,NA,3,2023-12-06 12:25:21.757000,0.0,0.0,0,0.0,NA,NA,58171,10179
0.52,0.68,0.64,NA,60.0,68.0,72.0,72.0,68,1995,86_datatwo,04/12/2023 - 10/12/23,1.0266666666666666,1.2327783333333333,0.0,0.7488883333333334,0.0,0.0,0.0,03:00:30,02:49:39,7,11,0.0011116666666666666,0.015276666666666668,0.6327783333333332,0.0,0.0,0.0,1,7,1,NA,0,0,2023-12-07 09:41:32.422000,2023-12-04 22:37:17.533000,NA,NA,NA,NA,Week 10,0.0,0.0,0,0,NA,NA,0.0,0,0,2023-12-07 09:41:36.546000,NA,0.0,NA,0,NA,NA,NA,0.0,0.0,0,0.0,NA,NA,0.9791666666666666,0.0,2,0.0,2023-12-04 22:39:56.338000,NA,0.022500000000000003,0.0,2,0.0,2023-12-04 22:38:03.974000,NA,0.007500000000000001,NA,NA,NA,1,2023-12-04 22:37:32.315000,0.003055,0.0,1,0.0,2023-12-04 22:39:39.527000,NA,10830,10179
NA,NA,NA,NA,70.0,62.0,72.0,76.0,70,1996,87_datatwo,04/12/2023 - 10/12/23,0.0,0.019723333333333332,0.019166666666666665,0.0,0.0,0.0,1.1491666666666667,01:11:17,02:49:39,8,13,0.0016666666666666668,0.005556666666666667,0.0013883333333333332,0.022778333333333334,0.0,0.0,1,5,2,NA,0,0,2023-12-05 23:16:07.755000,2023-12-05 23:16:13.767000,NA,2023-12-05 23:15:54.952000,NA,NA,Week 10,0.0,0.0027783333333333336,0,1,NA,2023-12-10 15:05:15.459000,0.0013883333333333332,2,1,2023-12-10 13:57:20.300000,2023-12-10 13:57:14.287000,0.0022216666666666665,NA,2,NA,NA,2023-12-05 23:16:18.428000,1.1422233333333334,0.0,4,0.0,2023-12-05 12:17:41.041000,NA,0.0,0.0,0,0.0,NA,NA,0.0,0.0,0,0.0,NA,NA,0.0,NA,NA,NA,0,NA,0.0,0.0,0,0.0,NA,NA,4277,10179
0.56,0.68,0.6,0.64,64.0,68.0,64.0,76.0,68,1986,88_datatwo,04/12/2023 - 10/12/23,9.917778333333333,4.4350000000000005,0.0,1.8052783333333335,4.948055,10.188888333333333,11.348611666666667,42:38:37,02:49:39,12,40,5.714166666666667,0.09972333333333334,0.003888333333333333,0.0025,0.0,0.0,22,46,1,NA,0,0,2023-12-04 14:43:26.317000,2023-12-04 14:45:25.976000,NA,2023-12-04 14:44:24.450000,NA,NA,Week 10,0.0,0.8011116666666667,0,1,NA,2023-12-10 02:22:05.388000,0.0,3,0,2023-12-05 11:14:17.457000,NA,0.08222166666666667,NA,3,NA,NA,2023-12-10 23:27:16.868000,20.090003333333335,0.0,30,0.0,2023-12-04 19:30:04.340000,NA,0.009445000000000002,0.0,3,0.0,2023-12-04 19:29:45.676000,NA,5.3291683333333335,0.012778333333333334,14,5.0,2023-12-04 14:45:33.566000,2023-12-10 04:17:03.195000,0.015835000000000002,NA,NA,NA,6,2023-12-04 23:28:25.551000,0.004445,0.0,2,0.0,2023-12-05 02:11:06.275000,NA,153517,10179
NA,NA,NA,NA,52.0,56.0,52.0,72.0,58,1996,89_datatwo,04/12/2023 - 10/12/23,0.0,0.0,0.0,0.0,0.0,0.0,0.0,00:00:00,02:49:39,0,0,0.0,0.0,0.0,0.0,0.0,0.0,0,0,0,NA,0,0,NA,NA,NA,NA,NA,NA,Week 10,0.0,0.0,0,0,NA,NA,0.0,0,0,NA,NA,0.0,NA,0,NA,NA,NA,0.0,0.0,0,0.0,NA,NA,0.0,0.0,0,0.0,NA,NA,0.0,0.0,0,0.0,NA,NA,0.0,NA,NA,NA,0,NA,0.0,0.0,0,0.0,NA,NA,0,10179
NA,NA,NA,NA,52.0,52.0,52.0,56.0,53,1998,90_datatwo,04/12/2023 - 10/12/23,0.0,0.0,0.0,0.0,0.0,0.0,2.308333333333333,02:18:30,02:49:39,3,3,0.13583333333333333,0.6638883333333333,0.0,0.0,0.0,0.0,19,11,0,NA,0,0,2023-12-10 18:16:00.300000,2023-12-10 18:18:22.168000,NA,NA,NA,NA,Week 10,0.0,0.0,0,0,NA,NA,0.0,0,0,NA,NA,0.0,NA,0,NA,NA,NA,0.0,0.0,0,0.0,NA,NA,0.0,0.0,0,0.0,NA,NA,0.0,0.225,0,3.0,NA,2023-12-10 18:28:26.137000,0.0,NA,NA,NA,0,NA,0.0,0.0,0,0.0,NA,NA,8310,10179
0.36,0.28,NA,NA,32.0,52.0,56.0,64.0,51,1992,91_datatwo,04/12/2023 - 10/12/23,0.0,0.0,0.0,0.0,0.0,0.0,0.0,00:00:00,02:49:39,0,0,0.0,0.0,0.0,0.0,0.0,0.0,0,0,0,NA,0,0,NA,NA,NA,NA,NA,NA,Week 10,0.0,0.0,0,0,NA,NA,0.0,0,0,NA,NA,0.0,NA,0,NA,NA,NA,0.0,0.0,0,0.0,NA,NA,0.0,0.0,0,0.0,NA,NA,0.0,0.0,0,0.0,NA,NA,0.0,NA,NA,NA,0,NA,0.0,0.0,0,0.0,NA,NA,0,10179
0.6,0.68,0.72,0.68,70.0,77.0,81.0,80.0,77,1996,92_datatwo,04/12/2023 - 10/12/23,2.2041666666666666,0.11111166666666668,0.0,0.0,0.0,0.03777833333333334,0.05277833333333334,02:24:21,02:49:39,9,13,2.168055,0.018333333333333333,0.017778333333333333,0.0,0.0,0.0,3,1,4,NA,0,0,2023-12-04 12:01:08.054000,2023-12-05 00:05:54.837000,NA,NA,NA,NA,Week 10,0.0,0.0,0,0,NA,NA,0.0,0,0,2023-12-05 00:04:43.804000,NA,0.0,NA,0,NA,NA,NA,0.0,0.0,0,1.0,NA,2023-12-04 14:13:02.016000,0.016666666666666666,0.0013883333333333332,6,1.0,2023-12-04 12:00:58.747000,2023-12-11 00:00:26.917000,0.028333333333333332,0.0,1,0.0,2023-12-09 08:26:34.775000,NA,0.0,NA,NA,NA,1,2023-12-09 08:28:25.567000,0.079445,0.0,2,0.0,2023-12-05 00:05:11.040000,NA,8661,10179
NA,NA,NA,NA,56.0,60.0,68.0,48.0,58,1989,92_datatwo,04/12/2023 - 10/12/23,0.0027783333333333336,1.7158333333333333,0.21083333333333334,0.0,0.0,1.6586116666666666,0.7675,04:21:20,02:49:39,14,40,0.05111,0.13360833333333336,0.006111666666666666,0.021943333333333332,0.75111,0.01583333333333333,8,32,3,NA,6,2,2023-12-04 13:21:22.571000,2023-12-05 11:00:55.669000,NA,2023-12-05 11:10:05.029000,2023-12-05 11:05:20.043000,2023-12-05 11:19:15.536000,Week 10,1.1386116666666668,0.018333333333333333,2,3,2023-12-09 12:35:11.234000,2023-12-09 04:37:42.305000,0.006666666666666667,4,1,2023-12-09 05:16:10.842000,2023-12-09 04:38:04.247000,0.011666666666666665,NA,1,NA,NA,2023-12-09 04:59:54.838000,0.1408333333333333,0.0,1,0.0,2023-12-05 11:10:44.529000,NA,0.6950000000000001,0.0,1,0.0,2023-12-05 11:19:23.899000,NA,0.7899999999999999,0.0,6,0.0,2023-12-05 12:01:08.169000,NA,0.13972166666666666,NA,NA,NA,5,2023-12-05 11:10:11.445000,0.0,0.0,0,0.0,NA,NA,15680,10179
NA,NA,NA,NA,68.0,60.0,52.0,52.0,58,1994,94_datatwo,04/12/2023 - 10/12/23,0.0,0.0,0.0,0.0,0.0,0.0,0.0,00:00:00,02:49:39,0,0,0.0,0.0,0.0,0.0,0.0,0.0,0,0,0,NA,0,0,NA,NA,NA,NA,NA,NA,Week 10,0.0,0.0,0,0,NA,NA,0.0,0,0,NA,NA,0.0,NA,0,NA,NA,NA,0.0,0.0,0,0.0,NA,NA,0.0,0.0,0,0.0,NA,NA,0.0,0.0,0,0.0,NA,NA,0.0,NA,NA,NA,0,NA,0.0,0.0,0,0.0,NA,NA,0,10179
0.56,0.6,0.36,NA,80.0,76.0,68.0,80.0,76,2000,95_datatwo,04/12/2023 - 10/12/23,0.0,0.0,0.0,0.0,0.0,0.0,0.0,00:00:00,02:49:39,0,0,0.0,0.0,0.0,0.0,0.0,0.0,0,0,0,NA,0,0,NA,NA,NA,NA,NA,NA,Week 10,0.0,0.0,0,0,NA,NA,0.0,0,0,NA,NA,0.0,NA,0,NA,NA,NA,0.0,0.0,0,0.0,NA,NA,0.0,0.0,0,0.0,NA,NA,0.0,0.0,0,0.0,NA,NA,0.0,NA,NA,NA,0,NA,0.0,0.0,0,0.0,NA,NA,0,10179
0.52,0.56,0.68,0.52,64.0,68.0,72.0,76.0,70,1987,96_datatwo,04/12/2023 - 10/12/23,0.0,0.0,0.0,0.8261116666666666,6.573333333333333,0.670555,0.200555,08:16:14,02:49:39,11,17,0.14361166666666667,0.03639,0.03222166666666667,0.001945,0.0,0.0,4,10,1,NA,0,0,2023-12-08 18:57:51.220000,2023-12-07 19:39:05.538000,NA,2023-12-10 21:03:10.672000,NA,NA,Week 10,0.0,0.0,0,0,NA,NA,0.0,1,0,2023-12-10 21:00:57.549000,NA,0.005278333333333333,NA,1,NA,NA,2023-12-07 19:54:31.517000,1.600555,0.0,4,0.0,2023-12-07 19:39:17.590000,NA,0.291945,0.039445,1,1.0,2023-12-08 18:38:07.030000,2023-12-08 20:06:31.247000,4.8149999999999995,1.1400000000000001,5,1.0,2023-12-07 19:45:32.110000,2023-12-08 18:57:57.136000,0.0,NA,NA,NA,1,2023-12-09 22:25:20.249000,0.0,0.0,0,0.0,NA,NA,29774,10179
NA,NA,NA,NA,64.0,58.0,55.0,71.0,62,1992,97_datatwo,04/12/2023 - 10/12/23,0.03222166666666667,0.011388333333333332,0.0,0.0,0.0,0.0,0.0,00:02:37,02:49:39,1,1,0.0,0.0,0.0,0.0,0.0,0.0,0,0,0,NA,0,0,NA,NA,NA,NA,NA,NA,Week 10,0.0,0.0,0,0,NA,NA,0.0,0,0,NA,NA,0.0,NA,0,NA,NA,NA,0.0,0.0,0,0.0,NA,NA,0.0,0.0,0,0.0,NA,NA,0.0,0.0,0,0.0,NA,NA,0.0,NA,NA,NA,0,NA,0.0,0.0,1,0.0,2023-12-05 05:44:10.828000,NA,157,10179
NA,NA,NA,NA,76.0,60.0,76.0,76.0,72,1984,98_datatwo,04/12/2023 - 10/12/23,0.04416666666666667,0.0,0.0,0.0,0.0,0.0,0.0,00:02:39,02:49:39,1,1,0.024444999999999998,0.0,0.0,0.0,0.0,0.0,1,0,0,NA,0,0,2023-12-04 09:36:03.416000,NA,NA,NA,NA,NA,Week 10,0.0,0.0,0,0,NA,NA,0.0,0,0,NA,NA,0.0,NA,0,NA,NA,NA,0.0,0.0,0,0.0,NA,NA,0.0,0.0,0,0.0,NA,NA,0.0,0.0,0,0.0,NA,NA,0.0,NA,NA,NA,0,NA,0.0,0.0,0,0.0,NA,NA,0,10179
NA,0.4,0.48,0.4,64.0,64.0,60.0,52.0,60,1979,99_datatwo,04/12/2023 - 10/12/23,0.0,1.3863883333333331,0.0008333333333333334,0.8397216666666666,5.050278333333334,14.233888333333333,5.361945,26:52:23,02:49:39,21,55,0.9622216666666666,0.10750166666666666,0.005278333333333333,0.027778333333333332,0.042499999999999996,0.06111166666666667,23,61,3,NA,1,1,2023-12-07 03:42:45.406000,2023-12-05 11:42:28.274000,NA,2023-12-10 17:34:15.193000,2023-12-09 12:46:54.895000,2023-12-09 09:57:59.911000,Week 10,0.4358333333333333,0.019166666666666665,4,1,2023-12-08 13:25:09.843000,2023-12-09 12:45:42.600000,0.000555,3,2,2023-12-10 19:54:40.367000,2023-12-07 03:39:08.022000,0.5986116666666667,NA,3,NA,NA,2023-12-07 03:39:14.516000,3.3111099999999998,0.7566666666666666,5,3.0,2023-12-07 04:19:14.892000,2023-12-07 15:08:57.221000,7.421666666666667,0.095555,18,3.0,2023-12-05 11:42:32.908000,2023-12-07 03:42:53.944000,9.950001666666667,0.03222166666666667,20,1.0,2023-12-05 12:00:34.778000,2023-12-07 03:44:28.938000,0.057221666666666664,NA,NA,NA,2,2023-12-05 12:42:03.305000,2.1997216666666666,0.0,14,0.0,2023-12-10 17:47:42.146000,NA,96743,10179
0.64,0.68,0.64,0.8,68.0,68.0,68.0,80.0,71,1991,100_datatwo,04/12/2023 - 10/12/23,0.12388833333333334,0.003888333333333333,0.0,0.246945,0.0,0.0,0.200555,00:34:31,02:49:39,7,10,0.2175,0.006666666666666667,0.0,0.0,0.0,0.0,5,2,0,NA,0,0,2023-12-07 03:14:43.896000,2023-12-07 03:14:25.303000,NA,NA,NA,NA,Week 10,0.0,0.0,0,0,NA,NA,0.0,0,0,NA,NA,0.0,NA,0,NA,NA,NA,0.066945,0.0,1,0.0,2023-12-04 17:28:10.285000,NA,0.14166666666666666,0.0,3,0.0,2023-12-04 18:17:02.545000,NA,0.0,0.0,1,0.0,2023-12-07 03:29:04.181000,NA,0.035555,NA,NA,NA,2,2023-12-07 03:26:56.592000,0.031944999999999994,0.0,1,0.0,2023-12-04 17:59:20.662000,NA,2071,10179
NA,NA,NA,NA,68.0,60.0,64.0,64.0,64,1990,101_datatwo,04/12/2023 - 10/12/23,0.0,0.0,0.0,0.0,0.0,0.0,0.0,00:00:00,02:49:39,0,0,0.0,0.0,0.0,0.0,0.0,0.0,0,0,0,NA,0,0,NA,NA,NA,NA,NA,NA,Week 10,0.0,0.0,0,0,NA,NA,0.0,0,0,NA,NA,0.0,NA,0,NA,NA,NA,0.0,0.0,0,0.0,NA,NA,0.0,0.0,0,0.0,NA,NA,0.0,0.0,0,0.0,NA,NA,0.0,NA,NA,NA,0,NA,0.0,0.0,0,0.0,NA,NA,0,10179
0.6,0.68,0.48,0.72,68.0,76.0,64.0,76.0,71,2001,102_datatwo,04/12/2023 - 10/12/23,0.011111666666666667,3.21389,0.6088883333333334,0.0,0.0,0.0,0.011388333333333332,03:50:43,02:49:39,3,10,3.1552766666666665,0.021666666666666667,0.0,0.0,0.0,0.0,11,4,0,NA,0,0,2023-12-04 12:48:42.254000,2023-12-04 12:49:02.118000,NA,NA,NA,NA,Week 10,0.0,0.0,0,0,NA,NA,0.0,0,0,NA,NA,0.0,NA,0,NA,NA,NA,0.0,0.0,0,0.0,NA,NA,0.0,0.0,0,0.0,NA,NA,0.0,0.0,0,0.0,NA,NA,0.0,NA,NA,NA,0,NA,0.16277666666666668,0.0,2,0.0,2023-12-05 23:53:36.188000,NA,13843,10179
NA,NA,NA,NA,68.0,60.0,56.0,56.0,60,2001,103_datatwo,04/12/2023 - 10/12/23,0.0,0.0,0.0,0.0,0.0,0.0,0.0,00:00:00,02:49:39,0,0,0.0,0.0,0.0,0.0,0.0,0.0,0,0,0,NA,0,0,NA,NA,NA,NA,NA,NA,Week 10,0.0,0.0,0,0,NA,NA,0.0,0,0,NA,NA,0.0,NA,0,NA,NA,NA,0.0,0.0,0,0.0,NA,NA,0.0,0.0,0,0.0,NA,NA,0.0,0.0,0,0.0,NA,NA,0.0,NA,NA,NA,0,NA,0.0,0.0,0,0.0,NA,NA,0,10179
NA,NA,NA,NA,64.0,58.0,66.0,72.0,65,1996,104_datatwo,04/12/2023 - 10/12/23,0.005278333333333333,0.048054999999999994,0.0,0.007500000000000001,0.0,0.0,0.0,00:03:39,02:49:39,4,6,0.015000000000000001,0.007500000000000001,0.0,0.0,0.0,0.0,3,1,0,NA,0,0,2023-12-04 13:54:33.012000,2023-12-07 01:41:31.184000,NA,NA,NA,NA,Week 10,0.0,0.0,0,0,NA,NA,0.0,0,0,NA,NA,0.0,NA,0,NA,NA,NA,0.0,0.020278333333333332,0,1.0,NA,2023-12-05 17:19:04.068000,0.0,0.0,0,0.0,NA,NA,0.0,0.0,0,0.0,NA,NA,0.0,NA,NA,NA,0,NA,0.005278333333333333,0.0,1,0.0,2023-12-04 13:54:13.517000,NA,219,10179
0.48,0.28,NA,NA,60.0,56.0,56.0,68.0,60,1998,105_datatwo,04/12/2023 - 10/12/23,0.0,0.0,0.0,0.0,0.0,0.0,0.07833333333333334,00:04:42,02:49:39,1,1,0.0775,0.0,0.0,0.0,0.0,0.0,1,0,0,NA,0,0,2023-12-10 16:31:26.883000,NA,NA,NA,NA,NA,Week 10,0.0,0.0,0,0,NA,NA,0.0,0,0,NA,NA,0.0,NA,0,NA,NA,NA,0.0,0.0,0,0.0,NA,NA,0.0,0.0,0,0.0,NA,NA,0.0,0.0,0,0.0,NA,NA,0.0,NA,NA,NA,0,NA,0.0,0.0,0,0.0,NA,NA,282,10179
NA,NA,NA,NA,48.0,54.0,56.0,42.0,50,1995,106_datatwo,04/12/2023 - 10/12/23,0.0,0.06833333333333333,0.0,0.0,0.0,0.0,0.0,00:04:06,02:49:39,1,1,0.06583333333333334,0.0,0.0,0.0,0.0,0.0,1,0,0,NA,0,0,2023-12-05 10:12:29.550000,NA,NA,NA,NA,NA,Week 10,0.0,0.0,0,0,NA,NA,0.0,0,0,NA,NA,0.0,NA,0,NA,NA,NA,0.0,0.0,0,0.0,NA,NA,0.0,0.0,0,0.0,NA,NA,0.0,0.0,0,0.0,NA,NA,0.0,NA,NA,NA,0,NA,0.0,0.0,0,0.0,NA,NA,246,10179
NA,NA,NA,NA,60.0,60.0,56.0,56.0,58,1999,107_datatwo,04/12/2023 - 10/12/23,0.0,0.0,0.0,0.0,0.0,0.0,0.0,00:00:00,02:49:39,0,0,0.0,0.0,0.0,0.0,0.0,0.0,0,0,0,NA,0,0,NA,NA,NA,NA,NA,NA,Week 10,0.0,0.0,0,0,NA,NA,0.0,0,0,NA,NA,0.0,NA,0,NA,NA,NA,0.0,0.0,0,0.0,NA,NA,0.0,0.0,0,0.0,NA,NA,0.0,0.0,0,0.0,NA,NA,0.0,NA,NA,NA,0,NA,0.0,0.0,0,0.0,NA,NA,0,10179
NA,0.6,0.6,NA,62.0,66.0,68.0,84.0,70,1911,108_datatwo,04/12/2023 - 10/12/23,0.0,0.023611666666666663,0.058333333333333334,0.011111666666666667,0.0,0.0,0.0,00:05:35,02:49:39,5,7,0.010833333333333334,0.04666666666666666,0.0,0.0,0.004166666666666667,0.011388333333333332,3,3,0,NA,1,1,2023-12-06 14:59:22.110000,2023-12-06 15:00:00.473000,NA,NA,2023-12-07 11:50:36.815000,2023-12-05 09:48:23.161000,Week 10,0.0,0.0,0,0,NA,NA,0.0,0,0,NA,NA,0.0,NA,0,NA,NA,NA,0.0,0.0,0,0.0,NA,NA,0.0,0.0,0,0.0,NA,NA,0.0,0.0,0,0.0,NA,NA,0.0,NA,NA,NA,0,NA,0.006666666666666667,0.0,1,0.0,2023-12-05 09:49:04.294000,NA,335,10179
0.56,0.64,0.52,0.6,68.0,72.0,64.0,76.0,70,1999,109_datatwo,04/12/2023 - 10/12/23,0.0,0.030278333333333334,0.035833333333333335,0.0,0.0,0.0,0.0,00:03:58,02:49:39,3,4,0.003055,0.018888333333333333,0.0,0.0,0.0,0.0,3,1,0,NA,0,0,2023-12-05 19:34:29.949000,2023-12-06 07:11:56.967000,NA,NA,NA,NA,Week 10,0.0,0.0,0,0,NA,NA,0.0,0,0,NA,NA,0.0,NA,0,NA,NA,NA,0.0,0.0,0,0.0,NA,NA,0.0,0.0,0,0.0,NA,NA,0.0,0.0,0,0.0,NA,NA,0.0,NA,NA,NA,0,NA,0.004445,0.0,1,0.0,2023-12-06 07:13:13.139000,NA,238,10179
NA,NA,NA,NA,64.0,64.0,60.0,64.0,63,1997,110_datatwo,04/12/2023 - 10/12/23,0.0,0.35194499999999995,0.14527833333333331,0.0,0.6266666666666667,0.0,0.07861,01:12:09,02:49:39,7,17,0.13666666666666666,0.012498333333333334,0.0013883333333333332,0.0025,0.0,0.0,2,13,1,NA,0,0,2023-12-06 15:59:52.139000,2023-12-05 12:38:04.454000,NA,2023-12-08 19:56:03.143000,NA,NA,Week 10,0.0,0.9213883333333334,0,8,NA,2023-12-05 12:38:09.030000,0.10472166666666666,4,3,2023-12-08 19:55:58.604000,2023-12-08 19:56:08.916000,0.0,NA,0,NA,NA,NA,0.0,0.0,0,0.0,NA,NA,0.0,0.0,0,0.0,NA,NA,0.0,0.0,0,0.0,NA,NA,0.004445,NA,NA,NA,1,2023-12-06 15:59:35.929000,0.0,0.0,0,0.0,NA,NA,4329,10179
0.64,0.68,0.72,0.8,69.0,75.0,80.0,80.0,76,1994,111_datatwo,04/12/2023 - 10/12/23,0.3061116666666666,0.0,1.5908333333333333,0.0,0.0008333333333333334,0.7658333333333334,3.3233333333333333,05:59:13,02:49:39,6,14,4.8741666666666665,0.0016666666666666668,0.28500000000000003,0.0,0.0,0.0,16,1,1,NA,0,0,2023-12-04 13:56:27.217000,2023-12-04 13:57:16.584000,NA,NA,NA,NA,Week 10,0.0,0.0,0,0,NA,NA,0.0,0,0,2023-12-04 13:57:22.086000,NA,0.0,NA,0,NA,NA,NA,0.0,0.0,0,0.0,NA,NA,0.0,0.0,0,0.0,NA,NA,0.0,0.012223333333333333,0,4.0,NA,2023-12-04 13:56:37.986000,0.0016666666666666668,NA,NA,NA,1,2023-12-06 15:18:24.268000,0.09583333333333334,0.0,5,0.0,2023-12-06 15:18:36.881000,NA,21553,10179
NA,NA,NA,NA,72.0,72.0,80.0,76.0,75,1998,112_datatwo,04/12/2023 - 10/12/23,0.0,0.0,0.009721666666666665,0.0,0.0,0.0,0.0,00:00:35,02:49:39,2,3,0.0,0.0027783333333333336,0.0,0.0,0.0,0.0,0,1,0,NA,0,0,NA,2023-12-06 16:32:49.373000,NA,NA,NA,NA,Week 10,0.0,0.0,0,0,NA,NA,0.0,0,2,NA,2023-12-06 16:32:59.461000,0.0,NA,0,NA,NA,NA,0.0,0.0,0,0.0,NA,NA,0.0,0.0,0,0.0,NA,NA,0.0,0.0,0,0.0,NA,NA,0.0,NA,NA,NA,0,NA,0.0,0.0,0,0.0,NA,NA,35,10179
0.48,NA,NA,NA,68.0,64.0,68.0,56.0,64,2000,113_datatwo,04/12/2023 - 10/12/23,0.0,0.0,0.0,0.0,0.0,0.0,0.0,00:00:00,02:49:39,0,0,0.0,0.0,0.0,0.0,0.0,0.0,0,0,0,NA,0,0,NA,NA,NA,NA,NA,NA,Week 10,0.0,0.0,0,0,NA,NA,0.0,0,0,NA,NA,0.0,NA,0,NA,NA,NA,0.0,0.0,0,0.0,NA,NA,0.0,0.0,0,0.0,NA,NA,0.0,0.0,0,0.0,NA,NA,0.0,NA,NA,NA,0,NA,0.0,0.0,0,0.0,NA,NA,0,10179
0.6,0.72,0.64,NA,66.0,71.0,69.0,62.0,67,2001,114_datatwo,04/12/2023 - 10/12/23,0.012778333333333334,0.15638833333333332,0.0,0.0,0.0,0.0,0.0,00:10:09,02:49:39,5,5,0.000555,0.144445,0.0,0.0,0.0,0.0,1,2,0,NA,0,0,2023-12-05 11:18:32.492000,2023-12-05 11:09:13.453000,NA,NA,NA,NA,Week 10,0.0,0.0,0,0,NA,NA,0.0,0,0,NA,NA,0.012778333333333334,NA,1,NA,NA,2023-12-04 22:35:19.733000,0.0,0.0,1,0.0,2023-12-05 11:18:34.710000,NA,0.01,0.0,1,0.0,2023-12-05 11:09:26.846000,NA,0.0,0.0,0,0.0,NA,NA,0.0,NA,NA,NA,0,NA,0.0,0.0,0,0.0,NA,NA,609,10179
NA,0.32,NA,0.52,64.0,72.0,60.0,68.0,66,1995,115_datatwo,04/12/2023 - 10/12/23,0.0,0.3672233333333333,0.03972166666666666,2.6674983333333335,0.095555,8.458611666666666,0.3138883333333334,11:56:32,02:49:39,15,64,0.06972166666666667,0.09916666666666667,0.004166666666666667,0.0016666666666666668,0.0,0.0,13,42,1,NA,0,0,2023-12-05 12:44:49.662000,2023-12-05 12:07:40.125000,NA,2023-12-05 12:26:29.087000,NA,NA,Week 10,0.0,0.2783333333333333,0,3,NA,2023-12-10 21:25:49.316000,0.035,2,5,2023-12-09 05:58:00.522000,2023-12-05 12:10:56.568000,0.7252783333333334,NA,1,NA,NA,2023-12-07 06:46:46.570000,1.6861116666666667,0.03222166666666667,4,6.0,2023-12-07 07:30:23.034000,2023-12-05 12:44:58.460000,3.6166666666666667,0.014166666666666666,9,2.0,2023-12-05 18:12:47.119000,2023-12-06 14:16:53.011000,4.797498333333333,0.009445000000000002,18,1.0,2023-12-05 12:08:28.227000,2023-12-10 21:43:00.968000,0.014721666666666666,NA,NA,NA,3,2023-12-05 12:07:50.588000,0.009445000000000002,0.0,1,0.0,2023-12-05 18:00:32.048000,NA,42992,10179
0.6,0.68,0.52,NA,72.0,72.0,60.0,68.0,68,2002,116_datatwo,04/12/2023 - 10/12/23,0.0,1.705555,0.0,0.0,0.0,0.0,1.9380549999999999,03:38:37,02:49:39,17,22,0.295,0.14944333333333332,0.006390000000000001,0.0016666666666666668,1.4172216666666666,0.013055,17,12,3,NA,5,1,2023-12-05 11:04:34.524000,2023-12-05 11:09:41.244000,NA,2023-12-05 11:04:33.599000,2023-12-10 13:55:52.698000,2023-12-10 14:25:42.990000,Week 10,0.0008333333333333334,0.000555,1,1,2023-12-10 13:40:19.182000,2023-12-10 13:40:24.516000,0.00027833333333333334,5,1,2023-12-05 11:04:32.166000,2023-12-10 13:40:18.369000,0.0008333333333333334,NA,1,NA,NA,2023-12-10 13:40:21.783000,0.08694500000000001,0.0022216666666666665,3,1.0,2023-12-05 12:46:36.820000,2023-12-10 14:20:12.878000,0.8836116666666667,0.0,1,0.0,2023-12-05 11:10:13.004000,NA,0.500555,0.0022216666666666665,3,1.0,2023-12-05 11:10:05.095000,2023-12-10 14:20:23.306000,0.0875,NA,NA,NA,3,2023-12-05 11:09:44.331000,0.0011116666666666666,0.0,1,0.0,2023-12-10 13:38:17.278000,NA,13117,10179
NA,NA,NA,NA,68.0,58.0,56.0,50.0,58,1996,117_datatwo,04/12/2023 - 10/12/23,1.8955566666666668,0.15333333333333332,0.027221666666666665,0.01861166666666667,0.0,0.07916666666666666,0.0,02:10:26,02:49:39,7,24,0.11500166666666665,0.0025,0.0,0.0,0.0,0.0,17,2,0,NA,0,0,2023-12-04 10:04:06.809000,2023-12-06 18:10:05.224000,NA,NA,NA,NA,Week 10,0.0,0.0,0,0,NA,NA,0.0,0,0,NA,NA,0.0,NA,0,NA,NA,NA,0.0,1.366945,0,4.0,NA,2023-12-04 10:04:16.466000,0.235,0.0011116666666666666,1,1.0,2023-12-04 11:25:32.005000,2023-12-04 13:48:20.953000,0.10138833333333333,0.0,9,0.0,2023-12-04 11:43:36.595000,NA,0.0025,NA,NA,NA,1,2023-12-04 11:42:51.943000,0.0,0.0,0,0.0,NA,NA,7826,10179
60,68,NA,NA,68.0,72.0,56.0,56.0,63,1990,118_datatwo,01/04/24 - 07/04/24,0.008611666666666665,0.0,0.0,0.0,0.0,0.0,0.0,00:00:31,00:24:32,0,0,0.0,0.0,0.0,0.0,0.0,0.0,0,0,0,NA,0,0,NA,NA,NA,NA,NA,NA,Week 10,0.0,0.0,0,0,NA,NA,0.0,0,0,NA,NA,0.0,NA,0,NA,NA,NA,0.0,0.0,0,0.0,NA,NA,0.0,0.0,0,0.0,NA,NA,0.0,0.0,0,0.0,NA,NA,0.0,NA,NA,NA,0,NA,0.0,0.0,0,0.0,NA,NA,31,1472
NA,68,NA,NA,72.0,68.0,72.0,52.0,66,1987,119_datatwo,01/04/24 - 07/04/24,0.0,0.0,0.0,0.0,0.0,0.051388333333333334,2.7202783333333334,02:46:18,00:24:32,8,10,1.6111116666666667,0.014723333333333333,0.0008333333333333334,0.009721666666666665,0.0,0.0,2,4,1,NA,0,0,2024-04-07 10:44:09.983000,2024-04-06 22:15:01.725000,NA,2024-04-06 22:17:06.915000,NA,NA,Week 10,0.0,0.0,0,0,NA,NA,0.0,2,0,2024-04-06 22:14:58.593000,NA,0.0,NA,0,NA,NA,NA,0.0,0.0,0,0.0,NA,NA,0.0,0.0,0,0.0,NA,NA,1.0844449999999999,0.005,1,1.0,2024-04-07 10:45:31.253000,2024-04-07 10:44:34.338000,0.021388333333333336,NA,NA,NA,1,2024-04-06 22:15:47.807000,0.0,0.0,0,0.0,NA,NA,9978,1472
52,72,72,NA,64.0,72.0,76.0,72.0,71,1995,120_datatwo,01/04/24 - 07/04/24,0.0,0.0,0.0,0.08916666666666666,2.6436116666666667,0.0,0.0,02:43:58,00:24:32,8,8,0.10527833333333333,0.017778333333333333,0.0,0.00027833333333333334,0.0,0.0,4,5,0,NA,0,0,2024-04-05 21:34:44.669000,2024-04-05 21:36:07.223000,NA,2024-04-05 21:36:06.130000,NA,NA,Week 10,0.0,0.0,0,0,NA,NA,0.0,1,0,NA,NA,0.0,NA,0,NA,NA,NA,0.0,0.0,0,0.0,NA,NA,0.003055,0.0,1,0.0,2024-04-05 21:36:29.330000,NA,0.021666666666666667,0.0,2,0.0,2024-04-05 21:36:43.732000,NA,0.6088883333333334,NA,NA,NA,1,2024-04-05 21:44:40.793000,0.000555,0.0,1,0.0,2024-04-05 21:36:23.032000,NA,9838,1472
56,60,72,NA,72.0,68.0,80.0,60.0,70,1996,121_datatwo,01/04/24 - 07/04/24,0.0,0.0,0.0,0.0,1.7030549999999998,0.0,0.0,01:42:11,00:24:32,3,3,0.6825,0.0,0.0,0.0,0.0,0.0,4,0,0,NA,0,0,2024-04-05 15:28:32.468000,NA,NA,NA,NA,NA,Week 10,0.0,0.0,0,0,NA,NA,0.0,0,0,NA,NA,0.0,NA,0,NA,NA,NA,0.0,0.0,0,0.0,NA,NA,0.0,0.0,0,0.0,NA,NA,0.0,0.939445,0,2.0,NA,2024-04-05 15:29:32.624000,0.0,NA,NA,NA,0,NA,0.0,0.0,0,0.0,NA,NA,6131,1472
24,NA,NA,NA,64.0,64.0,72.0,72.0,68,1993,122_datatwo,01/04/24 - 07/04/24,0.0,0.0,0.0,0.0,0.0,0.0,0.0,00:00:00,00:24:32,0,0,0.0,0.0,0.0,0.0,0.0,0.0,0,0,0,NA,0,0,NA,NA,NA,NA,NA,NA,Week 10,0.0,0.0,0,0,NA,NA,0.0,0,0,NA,NA,0.0,NA,0,NA,NA,NA,0.0,0.0,0,0.0,NA,NA,0.0,0.0,0,0.0,NA,NA,0.0,0.0,0,0.0,NA,NA,0.0,NA,NA,NA,0,NA,0.0,0.0,0,0.0,NA,NA,0,1472
NA,NA,NA,NA,64.0,60.0,52.0,52.0,57,2001,123_datatwo,01/04/24 - 07/04/24,0.0,0.0,0.0,0.0,0.0,0.0,0.0,00:00:00,00:24:32,0,0,0.0,0.0,0.0,0.0,0.0,0.0,0,0,0,NA,0,0,NA,NA,NA,NA,NA,NA,Week 10,0.0,0.0,0,0,NA,NA,0.0,0,0,NA,NA,0.0,NA,0,NA,NA,NA,0.0,0.0,0,0.0,NA,NA,0.0,0.0,0,0.0,NA,NA,0.0,0.0,0,0.0,NA,NA,0.0,NA,NA,NA,0,NA,0.0,0.0,0,0.0,NA,NA,0,1472
44,68,56,NA,72.0,72.0,60.0,52.0,64,1998,124_datatwo,01/04/24 - 07/04/24,0.0,0.0,0.0,0.0,0.0,0.030278333333333334,0.0,00:01:49,00:24:32,2,2,0.01583333333333333,0.0016666666666666668,0.0,0.0,0.0,0.0,1,1,0,NA,0,0,2024-04-06 09:19:29.206000,2024-04-06 09:19:22.880000,NA,NA,NA,NA,Week 10,0.0,0.0,0,0,NA,NA,0.0,0,0,NA,NA,0.0,NA,0,NA,NA,NA,0.0,0.0,0,0.0,NA,NA,0.0,0.0,0,0.0,NA,NA,0.0,0.0,0,0.0,NA,NA,0.0,NA,NA,NA,0,NA,0.0,0.0,0,0.0,NA,NA,109,1472
NA,NA,NA,NA,72.0,72.0,68.0,76.0,72,1991,125_datatwo,01/04/24 - 07/04/24,0.0,0.0,0.0,0.0,0.0,0.0,0.0,00:00:00,00:24:32,0,0,0.0,0.0,0.0,0.0,0.0,0.0,0,0,0,NA,0,0,NA,NA,NA,NA,NA,NA,Week 10,0.0,0.0,0,0,NA,NA,0.0,0,0,NA,NA,0.0,NA,0,NA,NA,NA,0.0,0.0,0,0.0,NA,NA,0.0,0.0,0,0.0,NA,NA,0.0,0.0,0,0.0,NA,NA,0.0,NA,NA,NA,0,NA,0.0,0.0,0,0.0,NA,NA,0,1472
NA,NA,NA,NA,75.0,67.0,67.0,59.0,67,1995,126_datatwo,01/04/24 - 07/04/24,0.0,0.0,0.0,0.0,0.0,0.0,0.0,00:00:00,00:24:32,0,0,0.0,0.0,0.0,0.0,0.0,0.0,0,0,0,NA,0,0,NA,NA,NA,NA,NA,NA,Week 10,0.0,0.0,0,0,NA,NA,0.0,0,0,NA,NA,0.0,NA,0,NA,NA,NA,0.0,0.0,0,0.0,NA,NA,0.0,0.0,0,0.0,NA,NA,0.0,0.0,0,0.0,NA,NA,0.0,NA,NA,NA,0,NA,0.0,0.0,0,0.0,NA,NA,0,1472
NA,NA,NA,NA,56.0,56.0,56.0,60.0,57,2000,127_datatwo,01/04/24 - 07/04/24,0.0,0.0,0.0,0.0,0.0,0.0,0.0,00:00:00,00:24:32,0,0,0.0,0.0,0.0,0.0,0.0,0.0,0,0,0,NA,0,0,NA,NA,NA,NA,NA,NA,Week 10,0.0,0.0,0,0,NA,NA,0.0,0,0,NA,NA,0.0,NA,0,NA,NA,NA,0.0,0.0,0,0.0,NA,NA,0.0,0.0,0,0.0,NA,NA,0.0,0.0,0,0.0,NA,NA,0.0,NA,NA,NA,0,NA,0.0,0.0,0,0.0,NA,NA,0,1472
64,68,NA,NA,68.0,72.0,52.0,52.0,61,1999,128_datatwo,01/04/24 - 07/04/24,0.0,0.0,0.0,0.0,0.0,0.0,0.0,00:00:00,00:24:32,0,0,0.0,0.0,0.0,0.0,0.0,0.0,0,0,0,NA,0,0,NA,NA,NA,NA,NA,NA,Week 10,0.0,0.0,0,0,NA,NA,0.0,0,0,NA,NA,0.0,NA,0,NA,NA,NA,0.0,0.0,0,0.0,NA,NA,0.0,0.0,0,0.0,NA,NA,0.0,0.0,0,0.0,NA,NA,0.0,NA,NA,NA,0,NA,0.0,0.0,0,0.0,NA,NA,0,1472
NA,NA,72,NA,68.0,64.0,76.0,64.0,68,1998,129_datatwo,01/04/24 - 07/04/24,0.0,0.0,1.2541666666666667,0.175,0.0,0.0016666666666666668,0.0,01:25:51,00:24:32,10,14,0.023611666666666663,0.006944999999999999,0.0,0.000555,0.0,0.0,9,6,0,NA,0,0,2024-04-03 15:03:37.223000,2024-04-03 15:04:58.696000,NA,2024-04-03 16:18:41.508000,NA,NA,Week 10,0.0,0.0,0,0,NA,NA,0.0,1,0,NA,NA,0.0,NA,0,NA,NA,NA,0.0,0.0,0,0.0,NA,NA,0.0,0.0,0,0.0,NA,NA,0.0,0.007500000000000001,1,2.0,2024-04-03 16:18:47.267000,2024-04-03 15:04:01.990000,0.059721666666666666,NA,NA,NA,3,2024-04-03 15:05:06.246000,0.0013883333333333332,0.0,1,0.0,2024-04-03 15:05:33.112000,NA,5151,1472
64,68,56,NA,72.0,72.0,68.0,68.0,70,2000,130_datatwo,01/04/24 - 07/04/24,0.0,0.0,0.0,0.0,0.04527833333333334,0.0,0.0033333333333333335,00:02:55,00:24:32,4,5,0.007500000000000001,0.0,0.0,0.0011116666666666666,0.0,0.0,4,0,0,NA,0,0,2024-04-05 15:28:49.737000,NA,NA,2024-04-05 15:28:45.249000,NA,NA,Week 10,0.0,0.0,0,0,NA,NA,0.0,1,0,NA,NA,0.0,NA,0,NA,NA,NA,0.0,0.0,0,0.0,NA,NA,0.0,0.0,0,0.0,NA,NA,0.0,0.0,0,1.0,NA,2024-04-05 15:30:49.475000,0.0,NA,NA,NA,0,NA,0.0,0.0,0,0.0,NA,NA,175,1472
NA,NA,NA,NA,52.0,52.0,52.0,72.0,57,1985,131_datatwo,01/04/24 - 07/04/24,0.0,0.0,0.0,0.0,0.0,0.0,0.0,00:00:00,00:24:32,0,0,0.0,0.0,0.0,0.0,0.0,0.0,0,0,0,NA,0,0,NA,NA,NA,NA,NA,NA,Week 10,0.0,0.0,0,0,NA,NA,0.0,0,0,NA,NA,0.0,NA,0,NA,NA,NA,0.0,0.0,0,0.0,NA,NA,0.0,0.0,0,0.0,NA,NA,0.0,0.0,0,0.0,NA,NA,0.0,NA,NA,NA,0,NA,0.0,0.0,0,0.0,NA,NA,0,1472
48,64,48,NA,68.0,72.0,60.0,60.0,65,1997,132_datatwo,01/04/24 - 07/04/24,0.0,0.0,0.0,0.0,0.0,0.06277833333333334,0.0,00:03:46,00:24:32,3,3,0.011111666666666667,0.0,0.0,0.0,0.0,0.0,6,0,0,NA,0,0,2024-04-06 17:40:27.361000,NA,NA,NA,NA,NA,Week 10,0.0,0.0,0,0,NA,NA,0.0,0,0,NA,NA,0.0,NA,0,NA,NA,NA,0.0,0.0,0,0.0,NA,NA,0.0,0.0,0,0.0,NA,NA,0.0,0.0025,0,2.0,NA,2024-04-06 17:40:33.822000,0.0,NA,NA,NA,0,NA,0.0,0.0,0,0.0,NA,NA,226,1472
32,68,NA,60,52.0,72.0,52.0,68.0,61,1996,133_datatwo,01/04/24 - 07/04/24,0.0,0.0,0.0,0.0,0.0,0.0,0.0,00:00:00,00:24:32,0,0,0.0,0.0,0.0,0.0,0.0,0.0,0,0,0,NA,0,0,NA,NA,NA,NA,NA,NA,Week 10,0.0,0.0,0,0,NA,NA,0.0,0,0,NA,NA,0.0,NA,0,NA,NA,NA,0.0,0.0,0,0.0,NA,NA,0.0,0.0,0,0.0,NA,NA,0.0,0.0,0,0.0,NA,NA,0.0,NA,NA,NA,0,NA,0.0,0.0,0,0.0,NA,NA,0,1472
NA,NA,NA,NA,64.0,56.0,60.0,52.0,58,1995,134_datatwo,01/04/24 - 07/04/24,0.0,0.0,0.0,0.0,0.0,0.0,0.0,00:00:00,00:24:32,0,0,0.0,0.0,0.0,0.0,0.0,0.0,0,0,0,NA,0,0,NA,NA,NA,NA,NA,NA,Week 10,0.0,0.0,0,0,NA,NA,0.0,0,0,NA,NA,0.0,NA,0,NA,NA,NA,0.0,0.0,0,0.0,NA,NA,0.0,0.0,0,0.0,NA,NA,0.0,0.0,0,0.0,NA,NA,0.0,NA,NA,NA,0,NA,0.0,0.0,0,0.0,NA,NA,0,1472
68,72,72,NA,72.0,80.0,68.0,64.0,70,2003,135_datatwo,01/04/24 - 07/04/24,0.0,0.0,0.0,0.0,0.04,0.0,0.0,00:02:24,00:24:32,3,3,0.010555,0.0,0.0,0.0,0.0,0.0,2,0,0,NA,0,0,2024-04-05 21:48:07.955000,NA,NA,NA,NA,NA,Week 10,0.0,0.0,0,0,NA,NA,0.0,0,0,NA,NA,0.0,NA,0,NA,NA,NA,0.0,0.0,0,0.0,NA,NA,0.0,0.0,0,0.0,NA,NA,0.0,0.0,0,1.0,NA,2024-04-05 21:49:16.180000,0.0,NA,NA,NA,0,NA,0.0,0.0,0,0.0,NA,NA,144,1472
56,68,72,70,76.0,76.0,76.0,72.0,75,1999,136_datatwo,01/04/24 - 07/04/24,0.0,0.0,0.0,0.019444999999999997,0.0,0.04416666666666667,0.0,00:03:49,00:24:32,4,6,0.0,0.0475,0.0,0.0,0.0,0.0,0,4,0,NA,0,0,NA,2024-04-04 20:33:07.021000,NA,NA,NA,NA,Week 10,0.0,0.0,0,0,NA,NA,0.0,0,0,NA,NA,0.0,NA,0,NA,NA,NA,0.0,0.0,0,0.0,NA,NA,0.0022216666666666665,0.0,1,0.0,2024-04-04 20:33:18.155000,NA,0.006111666666666666,0.0,1,0.0,2024-04-04 20:33:29.785000,NA,0.0,NA,NA,NA,2,2024-04-04 20:33:54.736000,0.0,0.0,0,0.0,NA,NA,229,1472
0.48,0.48,0.52, ,0.56,0.56,0.56,0.56,56,1999,1_datatwo,05/12/22 - 11/12/22,0.0,0.0,0.0,0.0,0.0,0.0,0.0,00:00:00,00:00:00,0,0,0.0,0.0,0.0,0.0,0.0,0.0,0,0,0,NA,0,0,NA,NA,NA,NA,NA,NA,week 11,0.0,0.0,0,0,NA,NA,0.0,0,0,NA,NA,0.0,NA,0,NA,NA,NA,0.0,0.0,0,0,NA,NA,0.0,0.0,0,0,NA,NA,0.0,0.0,0,0,NA,NA,0.0,NA,NA,NA,0,NA,0.0,0.0,0,0,NA,NA,0,0
 , , , ,0.56,0.56,0.56,0.24,48,1992,2_datatwo,05/12/22 - 11/12/22,0.0,0.0,0.0,0.0,0.0,0.0,0.0,00:00:00,00:00:00,0,0,0.0,0.0,0.0,0.0,0.0,0.0,0,0,0,NA,0,0,NA,NA,NA,NA,NA,NA,week 11,0.0,0.0,0,0,NA,NA,0.0,0,0,NA,NA,0.0,NA,0,NA,NA,NA,0.0,0.0,0,0,NA,NA,0.0,0.0,0,0,NA,NA,0.0,0.0,0,0,NA,NA,0.0,NA,NA,NA,0,NA,0.0,0.0,0,0,NA,NA,0,0
 , , , ,0.64,0.61,0.64,0.59,62,1987,3_datatwo,05/12/22 - 11/12/22,0.0,0.0,0.0,0.0,0.0,0.0,0.0,00:00:00,00:00:00,0,0,0.0,0.0,0.0,0.0,0.0,0.0,0,0,0,NA,0,0,NA,NA,NA,NA,NA,NA,week 11,0.0,0.0,0,0,NA,NA,0.0,0,0,NA,NA,0.0,NA,0,NA,NA,NA,0.0,0.0,0,0,NA,NA,0.0,0.0,0,0,NA,NA,0.0,0.0,0,0,NA,NA,0.0,NA,NA,NA,0,NA,0.0,0.0,0,0,NA,NA,0,0
0.28,0.44, , ,0.68,0.68,0.52,0.64,63,1993,4_datatwo,05/12/22 - 11/12/22,0.0,0.0,0.0,0.0,0.0,0.0,0.0,00:00:00,00:00:00,0,0,0.0,0.0,0.0,0.0,0.0,0.0,0,0,0,NA,0,0,NA,NA,NA,NA,NA,NA,week 11,0.0,0.0,0,0,NA,NA,0.0,0,0,NA,NA,0.0,NA,0,NA,NA,NA,0.0,0.0,0,0,NA,NA,0.0,0.0,0,0,NA,NA,0.0,0.0,0,0,NA,NA,0.0,NA,NA,NA,0,NA,0.0,0.0,0,0,NA,NA,0,0
 , , , ,0.59,0.59,0.69,0.69,64,1996,5_datatwo,05/12/22 - 11/12/22,0.0,0.0,0.0,0.0,0.0,0.0,0.0,00:00:00,00:00:00,0,0,0.0,0.0,0.0,0.0,0.0,0.0,0,0,0,NA,0,0,NA,NA,NA,NA,NA,NA,week 11,0.0,0.0,0,0,NA,NA,0.0,0,0,NA,NA,0.0,NA,0,NA,NA,NA,0.0,0.0,0,0,NA,NA,0.0,0.0,0,0,NA,NA,0.0,0.0,0,0,NA,NA,0.0,NA,NA,NA,0,NA,0.0,0.0,0,0,NA,NA,0,0
 , , , ,0.56,0.6,0.6,0.52,57,1996,6_datatwo,05/12/22 - 11/12/22,0.0,0.0,0.0,0.0,0.0,0.0,0.0,00:00:00,00:00:00,0,0,0.0,0.0,0.0,0.0,0.0,0.0,0,0,0,NA,0,0,NA,NA,NA,NA,NA,NA,week 11,0.0,0.0,0,0,NA,NA,0.0,0,0,NA,NA,0.0,NA,0,NA,NA,NA,0.0,0.0,0,0,NA,NA,0.0,0.0,0,0,NA,NA,0.0,0.0,0,0,NA,NA,0.0,NA,NA,NA,0,NA,0.0,0.0,0,0,NA,NA,0,0
0.52,0.6,0.48, ,0.7,0.77,0.72,0.69,72,1993,7_datatwo,05/12/22 - 11/12/22,0.0,0.0,0.0,0.0,0.0,0.0,0.0,00:00:00,00:00:00,0,0,0.0,0.0,0.0,0.0,0.0,0.0,0,0,0,NA,0,0,NA,NA,NA,NA,NA,NA,week 11,0.0,0.0,0,0,NA,NA,0.0,0,0,NA,NA,0.0,NA,0,NA,NA,NA,0.0,0.0,0,0,NA,NA,0.0,0.0,0,0,NA,NA,0.0,0.0,0,0,NA,NA,0.0,NA,NA,NA,0,NA,0.0,0.0,0,0,NA,NA,0,0
 , , , ,0.68,0.68,0.68,0.68,68,1992,8_datatwo,05/12/22 - 11/12/22,0.0,0.0,0.0,0.0,0.0,0.0,0.0,00:00:00,00:00:00,0,0,0.0,0.0,0.0,0.0,0.0,0.0,0,0,0,NA,0,0,NA,NA,NA,NA,NA,NA,week 11,0.0,0.0,0,0,NA,NA,0.0,0,0,NA,NA,0.0,NA,0,NA,NA,NA,0.0,0.0,0,0,NA,NA,0.0,0.0,0,0,NA,NA,0.0,0.0,0,0,NA,NA,0.0,NA,NA,NA,0,NA,0.0,0.0,0,0,NA,NA,0,0
 , , , ,0.69,0.69,0.69,0.73,70,1992,9_datatwo,05/12/22 - 11/12/22,0.0,0.0,0.0,0.0,0.0,0.0,0.0,00:00:00,00:00:00,0,0,0.0,0.0,0.0,0.0,0.0,0.0,0,0,0,NA,0,0,NA,NA,NA,NA,NA,NA,week 11,0.0,0.0,0,0,NA,NA,0.0,0,0,NA,NA,0.0,NA,0,NA,NA,NA,0.0,0.0,0,0,NA,NA,0.0,0.0,0,0,NA,NA,0.0,0.0,0,0,NA,NA,0.0,NA,NA,NA,0,NA,0.0,0.0,0,0,NA,NA,0,0
 , , , ,0.69,0.7,0.7,0.79,72,1994,10_datatwo,05/12/22 - 11/12/22,0.0,0.0,0.0,0.0,0.0,0.0,0.0,00:00:00,00:00:00,0,0,0.0,0.0,0.0,0.0,0.0,0.0,0,0,0,NA,0,0,NA,NA,NA,NA,NA,NA,week 11,0.0,0.0,0,0,NA,NA,0.0,0,0,NA,NA,0.0,NA,0,NA,NA,NA,0.0,0.0,0,0,NA,NA,0.0,0.0,0,0,NA,NA,0.0,0.0,0,0,NA,NA,0.0,NA,NA,NA,0,NA,0.0,0.0,0,0,NA,NA,0,0
0.56,0.64,0.64,0.68,0.72,0.76,0.8,0.72,75,1991,11_datatwo,05/12/22 - 11/12/22,0.0,0.0,0.0,0.0,0.0,0.0,0.0,00:00:00,00:00:00,0,0,0.0,0.0,0.0,0.0,0.0,0.0,0,0,0,NA,0,0,NA,NA,NA,NA,NA,NA,week 11,0.0,0.0,0,0,NA,NA,0.0,0,0,NA,NA,0.0,NA,0,NA,NA,NA,0.0,0.0,0,0,NA,NA,0.0,0.0,0,0,NA,NA,0.0,0.0,0,0,NA,NA,0.0,NA,NA,NA,0,NA,0.0,0.0,0,0,NA,NA,0,0
 , , , ,0.52,0.59,0.56,0.53,55,1987,12_datatwo,05/12/22 - 11/12/22,0.0,0.0,0.0,0.0,0.0,0.0,0.0,00:00:00,00:00:00,0,0,0.0,0.0,0.0,0.0,0.0,0.0,0,0,0,NA,0,0,NA,NA,NA,NA,NA,NA,week 11,0.0,0.0,0,0,NA,NA,0.0,0,0,NA,NA,0.0,NA,0,NA,NA,NA,0.0,0.0,0,0,NA,NA,0.0,0.0,0,0,NA,NA,0.0,0.0,0,0,NA,NA,0.0,NA,NA,NA,0,NA,0.0,0.0,0,0,NA,NA,0,0
 ,0.48, , ,0.56,0.64,0.56,0.64,60,1995,13_datatwo,05/12/22 - 11/12/22,0.0,0.0,0.0,0.0,0.0,0.0,0.0,00:00:00,00:00:00,0,0,0.0,0.0,0.0,0.0,0.0,0.0,0,0,0,NA,0,0,NA,NA,NA,NA,NA,NA,week 11,0.0,0.0,0,0,NA,NA,0.0,0,0,NA,NA,0.0,NA,0,NA,NA,NA,0.0,0.0,0,0,NA,NA,0.0,0.0,0,0,NA,NA,0.0,0.0,0,0,NA,NA,0.0,NA,NA,NA,0,NA,0.0,0.0,0,0,NA,NA,0,0
 , ,0.56, ,0.68,0.72,0.68,0.64,68,1995,14_datatwo,05/12/22 - 11/12/22,0.0,0.0,0.0,0.0,0.0,0.0,0.0,00:00:00,00:00:00,0,0,0.0,0.0,0.0,0.0,0.0,0.0,0,0,0,NA,0,0,NA,NA,NA,NA,NA,NA,week 11,0.0,0.0,0,0,NA,NA,0.0,0,0,NA,NA,0.0,NA,0,NA,NA,NA,0.0,0.0,0,0,NA,NA,0.0,0.0,0,0,NA,NA,0.0,0.0,0,0,NA,NA,0.0,NA,NA,NA,0,NA,0.0,0.0,0,0,NA,NA,0,0
0.48,0.56,0.56, ,0.72,0.68,0.68,0.64,68,1996,15_datatwo,05/12/22 - 11/12/22,0.0,0.0,0.0,0.0,0.0,0.0,0.0,00:00:00,00:00:00,0,0,0.0,0.0,0.0,0.0,0.0,0.0,0,0,0,NA,0,0,NA,NA,NA,NA,NA,NA,week 11,0.0,0.0,0,0,NA,NA,0.0,0,0,NA,NA,0.0,NA,0,NA,NA,NA,0.0,0.0,0,0,NA,NA,0.0,0.0,0,0,NA,NA,0.0,0.0,0,0,NA,NA,0.0,NA,NA,NA,0,NA,0.0,0.0,0,0,NA,NA,0,0
0.4,0.48, , ,0.52,0.6,0.36,0.52,50,1993,16_datatwo,05/12/22 - 11/12/22,0.0,0.0,0.0,0.0,0.0,0.0,0.0,00:00:00,00:00:00,0,0,0.0,0.0,0.0,0.0,0.0,0.0,0,0,0,NA,0,0,NA,NA,NA,NA,NA,NA,week 11,0.0,0.0,0,0,NA,NA,0.0,0,0,NA,NA,0.0,NA,0,NA,NA,NA,0.0,0.0,0,0,NA,NA,0.0,0.0,0,0,NA,NA,0.0,0.0,0,0,NA,NA,0.0,NA,NA,NA,0,NA,0.0,0.0,0,0,NA,NA,0,0
 ,0.4,0.56, ,0.68,0.6,0.64,0.68,65,1998,17_datatwo,05/12/22 - 11/12/22,0.0,0.0,0.0,0.0,0.0,0.0,0.0,00:00:00,00:00:00,0,0,0.0,0.0,0.0,0.0,0.0,0.0,0,0,0,NA,0,0,NA,NA,NA,NA,NA,NA,week 11,0.0,0.0,0,0,NA,NA,0.0,0,0,NA,NA,0.0,NA,0,NA,NA,NA,0.0,0.0,0,0,NA,NA,0.0,0.0,0,0,NA,NA,0.0,0.0,0,0,NA,NA,0.0,NA,NA,NA,0,NA,0.0,0.0,0,0,NA,NA,0,0
 , , , ,0.6,0.6,0.52,0.6,58,1993,18_datatwo,05/12/22 - 11/12/22,0.0,0.0,0.0,0.0,0.0,0.0,0.0,00:00:00,00:00:00,0,0,0.0,0.0,0.0,0.0,0.0,0.0,0,0,0,NA,0,0,NA,NA,NA,NA,NA,NA,week 11,0.0,0.0,0,0,NA,NA,0.0,0,0,NA,NA,0.0,NA,0,NA,NA,NA,0.0,0.0,0,0,NA,NA,0.0,0.0,0,0,NA,NA,0.0,0.0,0,0,NA,NA,0.0,NA,NA,NA,0,NA,0.0,0.0,0,0,NA,NA,0,0
 , , , ,0.6,0.64,0.6,0.68,63,1997,19_datatwo,05/12/22 - 11/12/22,0.0,0.0,0.0,0.0,0.0,0.0,0.0,00:00:00,00:00:00,0,0,0.0,0.0,0.0,0.0,0.0,0.0,0,0,0,NA,0,0,NA,NA,NA,NA,NA,NA,week 11,0.0,0.0,0,0,NA,NA,0.0,0,0,NA,NA,0.0,NA,0,NA,NA,NA,0.0,0.0,0,0,NA,NA,0.0,0.0,0,0,NA,NA,0.0,0.0,0,0,NA,NA,0.0,NA,NA,NA,0,NA,0.0,0.0,0,0,NA,NA,0,0
0.56,0.4,0.52,0.24,0.72,0.64,0.6,0.6,64,1997,20_datatwo,05/12/22 - 11/12/22,0.0,0.0,0.0,0.0,0.0,0.0,0.0,00:00:00,00:00:00,0,0,0.0,0.0,0.0,0.0,0.0,0.0,0,0,0,NA,0,0,NA,NA,NA,NA,NA,NA,week 11,0.0,0.0,0,0,NA,NA,0.0,0,0,NA,NA,0.0,NA,0,NA,NA,NA,0.0,0.0,0,0,NA,NA,0.0,0.0,0,0,NA,NA,0.0,0.0,0,0,NA,NA,0.0,NA,NA,NA,0,NA,0.0,0.0,0,0,NA,NA,0,0
0.48,0.52,0.56,0.24,0.52,0.52,0.56,0.48,52,1995,21_datatwo,05/12/22 - 11/12/22,0.0,0.0,0.0,0.0,0.0,0.0,0.0,00:00:00,00:00:00,0,0,0.0,0.0,0.0,0.0,0.0,0.0,0,0,0,NA,0,0,NA,NA,NA,NA,NA,NA,week 11,0.0,0.0,0,0,NA,NA,0.0,0,0,NA,NA,0.0,NA,0,NA,NA,NA,0.0,0.0,0,0,NA,NA,0.0,0.0,0,0,NA,NA,0.0,0.0,0,0,NA,NA,0.0,NA,NA,NA,0,NA,0.0,0.0,0,0,NA,NA,0,0
 , , , ,0.48,0.48,0.32,0.4,42,1996,22_datatwo,05/12/22 - 11/12/22,0.0,0.0,0.0,0.0,0.0,0.0,0.0,00:00:00,00:00:00,0,0,0.0,0.0,0.0,0.0,0.0,0.0,0,0,0,NA,0,0,NA,NA,NA,NA,NA,NA,week 11,0.0,0.0,0,0,NA,NA,0.0,0,0,NA,NA,0.0,NA,0,NA,NA,NA,0.0,0.0,0,0,NA,NA,0.0,0.0,0,0,NA,NA,0.0,0.0,0,0,NA,NA,0.0,NA,NA,NA,0,NA,0.0,0.0,0,0,NA,NA,0,0
0.36,0.32, , ,0.52,0.6,0.52,0.52,54,1987,23_datatwo,05/12/22 - 11/12/22,0.0,0.0,0.0,0.0,0.0,0.0,0.0,00:00:00,00:00:00,0,0,0.0,0.0,0.0,0.0,0.0,0.0,0,0,0,NA,0,0,NA,NA,NA,NA,NA,NA,week 11,0.0,0.0,0,0,NA,NA,0.0,0,0,NA,NA,0.0,NA,0,NA,NA,NA,0.0,0.0,0,0,NA,NA,0.0,0.0,0,0,NA,NA,0.0,0.0,0,0,NA,NA,0.0,NA,NA,NA,0,NA,0.0,0.0,0,0,NA,NA,0,0
 , , , ,0.52,0.4,0.4,0.52,46,2000,24_datatwo,05/12/22 - 11/12/22,0.0,0.0,0.0,0.0,0.0,0.0,0.0,00:00:00,00:00:00,0,0,0.0,0.0,0.0,0.0,0.0,0.0,0,0,0,NA,0,0,NA,NA,NA,NA,NA,NA,week 11,0.0,0.0,0,0,NA,NA,0.0,0,0,NA,NA,0.0,NA,0,NA,NA,NA,0.0,0.0,0,0,NA,NA,0.0,0.0,0,0,NA,NA,0.0,0.0,0,0,NA,NA,0.0,NA,NA,NA,0,NA,0.0,0.0,0,0,NA,NA,0,0
 , , , ,0.68,0.68,0.6,0.6,64,1994,25_datatwo,05/12/22 - 11/12/22,0.0,0.0,0.0,0.0,0.0,0.0,0.0,00:00:00,00:00:00,0,0,0.0,0.0,0.0,0.0,0.0,0.0,0,0,0,NA,0,0,NA,NA,NA,NA,NA,NA,week 11,0.0,0.0,0,0,NA,NA,0.0,0,0,NA,NA,0.0,NA,0,NA,NA,NA,0.0,0.0,0,0,NA,NA,0.0,0.0,0,0,NA,NA,0.0,0.0,0,0,NA,NA,0.0,NA,NA,NA,0,NA,0.0,0.0,0,0,NA,NA,0,0
 , , , ,0.64,0.6,0.52,0.52,57,1995,26_datatwo,05/12/22 - 11/12/22,0.0,0.0,0.0,0.0,0.0,0.0,0.0,00:00:00,00:00:00,0,0,0.0,0.0,0.0,0.0,0.0,0.0,0,0,0,NA,0,0,NA,NA,NA,NA,NA,NA,week 11,0.0,0.0,0,0,NA,NA,0.0,0,0,NA,NA,0.0,NA,0,NA,NA,NA,0.0,0.0,0,0,NA,NA,0.0,0.0,0,0,NA,NA,0.0,0.0,0,0,NA,NA,0.0,NA,NA,NA,0,NA,0.0,0.0,0,0,NA,NA,0,0
 , , , ,0.68,0.68,0.64,0.68,67,1995,27_datatwo,05/12/22 - 11/12/22,0.0,0.0,0.0,0.0,0.0,0.0,0.0,00:00:00,00:00:00,0,0,0.0,0.0,0.0,0.0,0.0,0.0,0,0,0,NA,0,0,NA,NA,NA,NA,NA,NA,week 11,0.0,0.0,0,0,NA,NA,0.0,0,0,NA,NA,0.0,NA,0,NA,NA,NA,0.0,0.0,0,0,NA,NA,0.0,0.0,0,0,NA,NA,0.0,0.0,0,0,NA,NA,0.0,NA,NA,NA,0,NA,0.0,0.0,0,0,NA,NA,0,0
 ,0.4,0.52,0.52,0.76,0.68,0.68,0.68,70,1991,28_datatwo,05/12/22 - 11/12/22,0.0,0.0,0.0,0.0,0.0,0.0,0.0,00:00:00,00:00:00,0,0,0.0,0.0,0.0,0.0,0.0,0.0,0,0,0,NA,0,0,NA,NA,NA,NA,NA,NA,week 11,0.0,0.0,0,0,NA,NA,0.0,0,0,NA,NA,0.0,NA,0,NA,NA,NA,0.0,0.0,0,0,NA,NA,0.0,0.0,0,0,NA,NA,0.0,0.0,0,0,NA,NA,0.0,NA,NA,NA,0,NA,0.0,0.0,0,0,NA,NA,0,0
 , , , ,0.68,0.68,0.76,0.68,70,1981,29_datatwo,05/12/22 - 11/12/22,0.0,0.0,0.0,0.0,0.0,0.0,0.0,00:00:00,00:00:00,0,0,0.0,0.0,0.0,0.0,0.0,0.0,0,0,0,NA,0,0,NA,NA,NA,NA,NA,NA,week 11,0.0,0.0,0,0,NA,NA,0.0,0,0,NA,NA,0.0,NA,0,NA,NA,NA,0.0,0.0,0,0,NA,NA,0.0,0.0,0,0,NA,NA,0.0,0.0,0,0,NA,NA,0.0,NA,NA,NA,0,NA,0.0,0.0,0,0,NA,NA,0,0
0.4, , , ,0.68,0.64,0.64,0.68,66,1981,30_datatwo,05/12/22 - 11/12/22,0.0,0.0,0.0,0.0,0.0,0.0,0.0,00:00:00,00:00:00,0,0,0.0,0.0,0.0,0.0,0.0,0.0,0,0,0,NA,0,0,NA,NA,NA,NA,NA,NA,week 11,0.0,0.0,0,0,NA,NA,0.0,0,0,NA,NA,0.0,NA,0,NA,NA,NA,0.0,0.0,0,0,NA,NA,0.0,0.0,0,0,NA,NA,0.0,0.0,0,0,NA,NA,0.0,NA,NA,NA,0,NA,0.0,0.0,0,0,NA,NA,0,0
0.56,0.44,0.48, ,0.6,0.6,0.56,0.52,57,1992,31_datatwo,05/12/22 - 11/12/22,0.0,0.0,0.0,0.0,0.0,0.0,0.0,00:00:00,00:00:00,0,0,0.0,0.0,0.0,0.0,0.0,0.0,0,0,0,NA,0,0,NA,NA,NA,NA,NA,NA,week 11,0.0,0.0,0,0,NA,NA,0.0,0,0,NA,NA,0.0,NA,0,NA,NA,NA,0.0,0.0,0,0,NA,NA,0.0,0.0,0,0,NA,NA,0.0,0.0,0,0,NA,NA,0.0,NA,NA,NA,0,NA,0.0,0.0,0,0,NA,NA,0,0
 , , , ,0.6,0.6,0.56,0.64,60,1994,32_datatwo,05/12/22 - 11/12/22,0.0,0.0,0.0,0.0,0.0,0.0,0.0,00:00:00,00:00:00,0,0,0.0,0.0,0.0,0.0,0.0,0.0,0,0,0,NA,0,0,NA,NA,NA,NA,NA,NA,week 11,0.0,0.0,0,0,NA,NA,0.0,0,0,NA,NA,0.0,NA,0,NA,NA,NA,0.0,0.0,0,0,NA,NA,0.0,0.0,0,0,NA,NA,0.0,0.0,0,0,NA,NA,0.0,NA,NA,NA,0,NA,0.0,0.0,0,0,NA,NA,0,0
 , , , ,0.42,0.52,0.56,0.54,51,1989,33_datatwo,05/12/22 - 11/12/22,0.0,0.0,0.0,0.0,0.0,0.0,0.0,00:00:00,00:00:00,0,0,0.0,0.0,0.0,0.0,0.0,0.0,0,0,0,NA,0,0,NA,NA,NA,NA,NA,NA,week 11,0.0,0.0,0,0,NA,NA,0.0,0,0,NA,NA,0.0,NA,0,NA,NA,NA,0.0,0.0,0,0,NA,NA,0.0,0.0,0,0,NA,NA,0.0,0.0,0,0,NA,NA,0.0,NA,NA,NA,0,NA,0.0,0.0,0,0,NA,NA,0,0
 , , , ,0.64,0.6,0.68,0.68,65,1991,34_datatwo,05/12/22 - 11/12/22,0.0,0.0,0.0,0.0,0.0,0.0,0.0,00:00:00,00:00:00,0,0,0.0,0.0,0.0,0.0,0.0,0.0,0,0,0,NA,0,0,NA,NA,NA,NA,NA,NA,week 11,0.0,0.0,0,0,NA,NA,0.0,0,0,NA,NA,0.0,NA,0,NA,NA,NA,0.0,0.0,0,0,NA,NA,0.0,0.0,0,0,NA,NA,0.0,0.0,0,0,NA,NA,0.0,NA,NA,NA,0,NA,0.0,0.0,0,0,NA,NA,0,0
0.36,0.28, , ,0.52,0.52,0.52,0.52,52,1981,35_datatwo,05/12/22 - 11/12/22,0.0,0.0,0.0,0.0,0.0,0.0,0.0,00:00:00,00:00:00,0,0,0.0,0.0,0.0,0.0,0.0,0.0,0,0,0,NA,0,0,NA,NA,NA,NA,NA,NA,week 11,0.0,0.0,0,0,NA,NA,0.0,0,0,NA,NA,0.0,NA,0,NA,NA,NA,0.0,0.0,0,0,NA,NA,0.0,0.0,0,0,NA,NA,0.0,0.0,0,0,NA,NA,0.0,NA,NA,NA,0,NA,0.0,0.0,0,0,NA,NA,0,0
 , , , ,0.52,0.52,0.52,0.56,53,1994,36_datatwo,05/12/22 - 11/12/22,0.0,0.0,0.0,0.0,0.0,0.0,0.0,00:00:00,00:00:00,0,0,0.0,0.0,0.0,0.0,0.0,0.0,0,0,0,NA,0,0,NA,NA,NA,NA,NA,NA,week 11,0.0,0.0,0,0,NA,NA,0.0,0,0,NA,NA,0.0,NA,0,NA,NA,NA,0.0,0.0,0,0,NA,NA,0.0,0.0,0,0,NA,NA,0.0,0.0,0,0,NA,NA,0.0,NA,NA,NA,0,NA,0.0,0.0,0,0,NA,NA,0,0
0.48,0.64, , ,0.52,0.64,0.32,0.56,51,1986,37_datatwo,05/12/22 - 11/12/22,0.0,0.0,0.0,0.0,0.0,0.0,0.0,00:00:00,00:00:00,0,0,0.0,0.0,0.0,0.0,0.0,0.0,0,0,0,NA,0,0,NA,NA,NA,NA,NA,NA,week 11,0.0,0.0,0,0,NA,NA,0.0,0,0,NA,NA,0.0,NA,0,NA,NA,NA,0.0,0.0,0,0,NA,NA,0.0,0.0,0,0,NA,NA,0.0,0.0,0,0,NA,NA,0.0,NA,NA,NA,0,NA,0.0,0.0,0,0,NA,NA,0,0
 , , , ,0.44,0.52,0.4,0.52,47,1992,38_datatwo,05/12/22 - 11/12/22,0.0,0.0,0.0,0.0,0.0,0.0,0.0,00:00:00,00:00:00,0,0,0.0,0.0,0.0,0.0,0.0,0.0,0,0,0,NA,0,0,NA,NA,NA,NA,NA,NA,week 11,0.0,0.0,0,0,NA,NA,0.0,0,0,NA,NA,0.0,NA,0,NA,NA,NA,0.0,0.0,0,0,NA,NA,0.0,0.0,0,0,NA,NA,0.0,0.0,0,0,NA,NA,0.0,NA,NA,NA,0,NA,0.0,0.0,0,0,NA,NA,0,0
 , , , ,0.52,0.6,0.52,0.52,54,1992,39_datatwo,05/12/22 - 11/12/22,0.0,0.0,0.0,0.0,0.0,0.0,0.0,00:00:00,00:00:00,0,0,0.0,0.0,0.0,0.0,0.0,0.0,0,0,0,NA,0,0,NA,NA,NA,NA,NA,NA,week 11,0.0,0.0,0,0,NA,NA,0.0,0,0,NA,NA,0.0,NA,0,NA,NA,NA,0.0,0.0,0,0,NA,NA,0.0,0.0,0,0,NA,NA,0.0,0.0,0,0,NA,NA,0.0,NA,NA,NA,0,NA,0.0,0.0,0,0,NA,NA,0,0
0.52,0.52,0.48, ,0.56,0.56,0.6,0.56,57,1996,40_datatwo,05/12/22 - 11/12/22,0.0,0.0,0.0,0.0,0.0,0.0,0.0,00:00:00,00:00:00,0,0,0.0,0.0,0.0,0.0,0.0,0.0,0,0,0,NA,0,0,NA,NA,NA,NA,NA,NA,week 11,0.0,0.0,0,0,NA,NA,0.0,0,0,NA,NA,0.0,NA,0,NA,NA,NA,0.0,0.0,0,0,NA,NA,0.0,0.0,0,0,NA,NA,0.0,0.0,0,0,NA,NA,0.0,NA,NA,NA,0,NA,0.0,0.0,0,0,NA,NA,0,0
 , , , ,0.56,0.52,0.4,0.6,52,1997,41_datatwo,05/12/22 - 11/12/22,0.0,0.0,0.0,0.0,0.0,0.0,0.0,00:00:00,00:00:00,0,0,0.0,0.0,0.0,0.0,0.0,0.0,0,0,0,NA,0,0,NA,NA,NA,NA,NA,NA,week 11,0.0,0.0,0,0,NA,NA,0.0,0,0,NA,NA,0.0,NA,0,NA,NA,NA,0.0,0.0,0,0,NA,NA,0.0,0.0,0,0,NA,NA,0.0,0.0,0,0,NA,NA,0.0,NA,NA,NA,0,NA,0.0,0.0,0,0,NA,NA,0,0
0.28,0.4,0.4,0.36,0.52,0.56,0.52,0.56,54,1996,42_datatwo,05/12/22 - 11/12/22,0.0,0.0,0.0,0.0,0.0,0.0,0.0,00:00:00,00:00:00,0,0,0.0,0.0,0.0,0.0,0.0,0.0,0,0,0,NA,0,0,NA,NA,NA,NA,NA,NA,week 11,0.0,0.0,0,0,NA,NA,0.0,0,0,NA,NA,0.0,NA,0,NA,NA,NA,0.0,0.0,0,0,NA,NA,0.0,0.0,0,0,NA,NA,0.0,0.0,0,0,NA,NA,0.0,NA,NA,NA,0,NA,0.0,0.0,0,0,NA,NA,0,0
 ,0.44,0.44, ,0.52,0.56,0.52,0.6,55,1991,43_datatwo,05/12/22 - 11/12/22,0.0,0.0,0.0,0.0,0.0,0.0,0.0,00:00:00,00:00:00,0,0,0.0,0.0,0.0,0.0,0.0,0.0,0,0,0,NA,0,0,NA,NA,NA,NA,NA,NA,week 11,0.0,0.0,0,0,NA,NA,0.0,0,0,NA,NA,0.0,NA,0,NA,NA,NA,0.0,0.0,0,0,NA,NA,0.0,0.0,0,0,NA,NA,0.0,0.0,0,0,NA,NA,0.0,NA,NA,NA,0,NA,0.0,0.0,0,0,NA,NA,0,0
0.56,0.68,0.72,0.72,0.72,0.76,0.8,0.8,77,1986,44_datatwo,05/12/22 - 11/12/22,0.0,0.0,0.0,0.0,0.0,0.0,0.0,00:00:00,00:00:00,0,0,0.0,0.0,0.0,0.0,0.0,0.0,0,0,0,NA,0,0,NA,NA,NA,NA,NA,NA,week 11,0.0,0.0,0,0,NA,NA,0.0,0,0,NA,NA,0.0,NA,0,NA,NA,NA,0.0,0.0,0,0,NA,NA,0.0,0.0,0,0,NA,NA,0.0,0.0,0,0,NA,NA,0.0,NA,NA,NA,0,NA,0.0,0.0,0,0,NA,NA,0,0
0.44,0.56,0.48, ,0.56,0.64,0.68,0.6,62,1989,45_datatwo,05/12/22 - 11/12/22,0.0,0.0,0.0,0.0,0.0,0.0,0.0,00:00:00,00:00:00,0,0,0.0,0.0,0.0,0.0,0.0,0.0,0,0,0,NA,0,0,NA,NA,NA,NA,NA,NA,week 11,0.0,0.0,0,0,NA,NA,0.0,0,0,NA,NA,0.0,NA,0,NA,NA,NA,0.0,0.0,0,0,NA,NA,0.0,0.0,0,0,NA,NA,0.0,0.0,0,0,NA,NA,0.0,NA,NA,NA,0,NA,0.0,0.0,0,0,NA,NA,0,0
0.36,0.4,NA,0.68,0.8,0.72,0.72,0.68,73,1992,46_datatwo,17/04/23 - 23/04/23,0.0,0.0,0.0,0.0,0.0,0.0,0.0,00:00:00,00:00:00,0,0,0.0,0.0,0.0,0.0,0.0,0.0,0,0,0,NA,0,0,NA,NA,NA,NA,NA,NA,week 11,0.0,0.0,0,0,NA,NA,0.0,0,0,NA,NA,0.0,NA,0,NA,NA,NA,0.0,0.0,0,0,NA,NA,0.0,0.0,0,0,NA,NA,0.0,0.0,0,0,NA,NA,0.0,NA,NA,NA,0,NA,0.0,0.0,0,0,NA,NA,0,0
0.52,0.6,0.52,0.72,0.64,0.68,0.68,0.8,70,1999,47_datatwo,17/04/23 - 23/04/23,0.0,0.0,0.0,0.0,0.0,0.0,0.0,00:00:00,00:00:00,0,0,0.0,0.0,0.0,0.0,0.0,0.0,0,0,0,NA,0,0,NA,NA,NA,NA,NA,NA,week 11,0.0,0.0,0,0,NA,NA,0.0,0,0,NA,NA,0.0,NA,0,NA,NA,NA,0.0,0.0,0,0,NA,NA,0.0,0.0,0,0,NA,NA,0.0,0.0,0,0,NA,NA,0.0,NA,NA,NA,0,NA,0.0,0.0,0,0,NA,NA,0,0
0.48,0.6,0.48,0.52,0.64,0.64,0.56,0.56,60,1989,48_datatwo,17/04/23 - 23/04/23,0.0,0.0,0.0,0.0,0.0,0.0,0.0,00:00:00,00:00:00,0,0,0.0,0.0,0.0,0.0,0.0,0.0,0,0,0,NA,0,0,NA,NA,NA,NA,NA,NA,week 11,0.0,0.0,0,0,NA,NA,0.0,0,0,NA,NA,0.0,NA,0,NA,NA,NA,0.0,0.0,0,0,NA,NA,0.0,0.0,0,0,NA,NA,0.0,0.0,0,0,NA,NA,0.0,NA,NA,NA,0,NA,0.0,0.0,0,0,NA,NA,0,0
NA,NA,NA,NA,0.56,0.64,0.56,0.64,60,1995,49_datatwo,17/04/23 - 23/04/23,0.0,0.0,0.0,0.0,0.0,0.0,0.0,00:00:00,00:00:00,0,0,0.0,0.0,0.0,0.0,0.0,0.0,0,0,0,NA,0,0,NA,NA,NA,NA,NA,NA,week 11,0.0,0.0,0,0,NA,NA,0.0,0,0,NA,NA,0.0,NA,0,NA,NA,NA,0.0,0.0,0,0,NA,NA,0.0,0.0,0,0,NA,NA,0.0,0.0,0,0,NA,NA,0.0,NA,NA,NA,0,NA,0.0,0.0,0,0,NA,NA,0,0
0.48,0.4,NA,0.4,0.72,0.76,0.68,0.72,72,1988,50_datatwo,17/04/23 - 23/04/23,0.0,0.0,0.0,0.0,0.0,0.0,0.0,00:00:00,00:00:00,0,0,0.0,0.0,0.0,0.0,0.0,0.0,0,0,0,NA,0,0,NA,NA,NA,NA,NA,NA,week 11,0.0,0.0,0,0,NA,NA,0.0,0,0,NA,NA,0.0,NA,0,NA,NA,NA,0.0,0.0,0,0,NA,NA,0.0,0.0,0,0,NA,NA,0.0,0.0,0,0,NA,NA,0.0,NA,NA,NA,0,NA,0.0,0.0,0,0,NA,NA,0,0
0.56,0.68,0.72,0.76,0.72,0.76,0.72,0.8,75,1994,51_datatwo,17/04/23 - 23/04/23,0.0,0.0,0.0,0.0,0.0,0.0,0.0,00:00:00,00:00:00,0,0,0.0,0.0,0.0,0.0,0.0,0.0,0,0,0,NA,0,0,NA,NA,NA,NA,NA,NA,week 11,0.0,0.0,0,0,NA,NA,0.0,0,0,NA,NA,0.0,NA,0,NA,NA,NA,0.0,0.0,0,0,NA,NA,0.0,0.0,0,0,NA,NA,0.0,0.0,0,0,NA,NA,0.0,NA,NA,NA,0,NA,0.0,0.0,0,0,NA,NA,0,0
0.44,0.4,NA,NA,0.64,0.52,0.56,0.64,60,1997,52_datatwo,17/04/23 - 23/04/23,0.0,0.0,0.0,0.0,0.0,0.0,0.0,00:00:00,00:00:00,0,0,0.0,0.0,0.0,0.0,0.0,0.0,0,0,0,NA,0,0,NA,NA,NA,NA,NA,NA,week 11,0.0,0.0,0,0,NA,NA,0.0,0,0,NA,NA,0.0,NA,0,NA,NA,NA,0.0,0.0,0,0,NA,NA,0.0,0.0,0,0,NA,NA,0.0,0.0,0,0,NA,NA,0.0,NA,NA,NA,0,NA,0.0,0.0,0,0,NA,NA,0,0
0.36,NA,NA,0.76,0.68,0.68,0.68,0.76,70,1991,53_datatwo,17/04/23 - 23/04/23,0.0,0.0,0.0,0.0,0.0,0.0,0.0,00:00:00,00:00:00,0,0,0.0,0.0,0.0,0.0,0.0,0.0,0,0,0,NA,0,0,NA,NA,NA,NA,NA,NA,week 11,0.0,0.0,0,0,NA,NA,0.0,0,0,NA,NA,0.0,NA,0,NA,NA,NA,0.0,0.0,0,0,NA,NA,0.0,0.0,0,0,NA,NA,0.0,0.0,0,0,NA,NA,0.0,NA,NA,NA,0,NA,0.0,0.0,0,0,NA,NA,0,0
0.52,NA,0.52,0.52,0.6,0.68,0.56,0.56,60,1992,54_datatwo,17/04/23 - 23/04/23,0.0,0.0,0.0,0.0,0.0,0.0,0.0,00:00:00,00:00:00,0,0,0.0,0.0,0.0,0.0,0.0,0.0,0,0,0,NA,0,0,NA,NA,NA,NA,NA,NA,week 11,0.0,0.0,0,0,NA,NA,0.0,0,0,NA,NA,0.0,NA,0,NA,NA,NA,0.0,0.0,0,0,NA,NA,0.0,0.0,0,0,NA,NA,0.0,0.0,0,0,NA,NA,0.0,NA,NA,NA,0,NA,0.0,0.0,0,0,NA,NA,0,0
NA,NA,NA,NA,0.48,0.56,0.56,0.6,55,1992,55_datatwo,17/04/23 - 23/04/23,0.0,0.0,0.0,0.0,0.0,0.0,0.0,00:00:00,00:00:00,0,0,0.0,0.0,0.0,0.0,0.0,0.0,0,0,0,NA,0,0,NA,NA,NA,NA,NA,NA,week 11,0.0,0.0,0,0,NA,NA,0.0,0,0,NA,NA,0.0,NA,0,NA,NA,NA,0.0,0.0,0,0,NA,NA,0.0,0.0,0,0,NA,NA,0.0,0.0,0,0,NA,NA,0.0,NA,NA,NA,0,NA,0.0,0.0,0,0,NA,NA,0,0
0.56,NA,NA,NA,0.64,0.76,0.76,0.76,73,1985,56_datatwo,17/04/23 - 23/04/23,0.0,0.0,0.0,0.0,0.0,0.0,0.0,00:00:00,00:00:00,0,0,0.0,0.0,0.0,0.0,0.0,0.0,0,0,0,NA,0,0,NA,NA,NA,NA,NA,NA,week 11,0.0,0.0,0,0,NA,NA,0.0,0,0,NA,NA,0.0,NA,0,NA,NA,NA,0.0,0.0,0,0,NA,NA,0.0,0.0,0,0,NA,NA,0.0,0.0,0,0,NA,NA,0.0,NA,NA,NA,0,NA,0.0,0.0,0,0,NA,NA,0,0
NA,NA,0.6,NA,0.68,0.68,0.72,0.8,72,1987,57_datatwo,17/04/23 - 23/04/23,0.0,0.0,0.0,0.0,0.0,0.0,0.0,00:00:00,00:00:00,0,0,0.0,0.0,0.0,0.0,0.0,0.0,0,0,0,NA,0,0,NA,NA,NA,NA,NA,NA,week 11,0.0,0.0,0,0,NA,NA,0.0,0,0,NA,NA,0.0,NA,0,NA,NA,NA,0.0,0.0,0,0,NA,NA,0.0,0.0,0,0,NA,NA,0.0,0.0,0,0,NA,NA,0.0,NA,NA,NA,0,NA,0.0,0.0,0,0,NA,NA,0,0
NA,NA,NA,NA,0.4,0.48,0.4,0.52,45,1998,58_datatwo,17/04/23 - 23/04/23,0.0,0.0,0.0,0.0,0.0,0.0,0.0,00:00:00,00:00:00,0,0,0.0,0.0,0.0,0.0,0.0,0.0,0,0,0,NA,0,0,NA,NA,NA,NA,NA,NA,week 11,0.0,0.0,0,0,NA,NA,0.0,0,0,NA,NA,0.0,NA,0,NA,NA,NA,0.0,0.0,0,0,NA,NA,0.0,0.0,0,0,NA,NA,0.0,0.0,0,0,NA,NA,0.0,NA,NA,NA,0,NA,0.0,0.0,0,0,NA,NA,0,0
0.68,0.72,0.48,0.72,0.68,0.72,0.76,0.76,73,1994,59_datatwo,17/04/23 - 23/04/23,0.0,0.0,0.0,0.0,0.0,0.0,0.0,00:00:00,00:00:00,0,0,0.0,0.0,0.0,0.0,0.0,0.0,0,0,0,NA,0,0,NA,NA,NA,NA,NA,NA,week 11,0.0,0.0,0,0,NA,NA,0.0,0,0,NA,NA,0.0,NA,0,NA,NA,NA,0.0,0.0,0,0,NA,NA,0.0,0.0,0,0,NA,NA,0.0,0.0,0,0,NA,NA,0.0,NA,NA,NA,0,NA,0.0,0.0,0,0,NA,NA,0,0
0.56,0.7,NA,NA,0.68,0.76,0.8,0.8,76,1998,60_datatwo,17/04/23 - 23/04/23,0.0,0.0,0.0,0.0,0.0,0.0,0.0,00:00:00,00:00:00,0,0,0.0,0.0,0.0,0.0,0.0,0.0,0,0,0,NA,0,0,NA,NA,NA,NA,NA,NA,week 11,0.0,0.0,0,0,NA,NA,0.0,0,0,NA,NA,0.0,NA,0,NA,NA,NA,0.0,0.0,0,0,NA,NA,0.0,0.0,0,0,NA,NA,0.0,0.0,0,0,NA,NA,0.0,NA,NA,NA,0,NA,0.0,0.0,0,0,NA,NA,0,0
0.6,0.4,NA,0.72,0.8,0.76,0.72,0.8,77,1994,61_datatwo,17/04/23 - 23/04/23,0.0,0.0,0.0,0.0,0.0,0.0,0.0,00:00:00,00:00:00,0,0,0.0,0.0,0.0,0.0,0.0,0.0,0,0,0,NA,0,0,NA,NA,NA,NA,NA,NA,week 11,0.0,0.0,0,0,NA,NA,0.0,0,0,NA,NA,0.0,NA,0,NA,NA,NA,0.0,0.0,0,0,NA,NA,0.0,0.0,0,0,NA,NA,0.0,0.0,0,0,NA,NA,0.0,NA,NA,NA,0,NA,0.0,0.0,0,0,NA,NA,0,0
NA,NA,NA,NA,0.68,0.64,0.56,0.52,60,2001,62_datatwo,17/04/23 - 23/04/23,0.0,0.0,0.0,0.0,0.0,0.0,0.0,00:00:00,00:00:00,0,0,0.0,0.0,0.0,0.0,0.0,0.0,0,0,0,NA,0,0,NA,NA,NA,NA,NA,NA,week 11,0.0,0.0,0,0,NA,NA,0.0,0,0,NA,NA,0.0,NA,0,NA,NA,NA,0.0,0.0,0,0,NA,NA,0.0,0.0,0,0,NA,NA,0.0,0.0,0,0,NA,NA,0.0,NA,NA,NA,0,NA,0.0,0.0,0,0,NA,NA,0,0
0.56,0.6,0.6,0.64,0.64,0.68,0.68,0.68,67,1993,63_datatwo,17/04/23 - 23/04/23,0.0,0.0,0.0,0.0,0.0,0.0,0.0,00:00:00,00:00:00,0,0,0.0,0.0,0.0,0.0,0.0,0.0,0,0,0,NA,0,0,NA,NA,NA,NA,NA,NA,week 11,0.0,0.0,0,0,NA,NA,0.0,0,0,NA,NA,0.0,NA,0,NA,NA,NA,0.0,0.0,0,0,NA,NA,0.0,0.0,0,0,NA,NA,0.0,0.0,0,0,NA,NA,0.0,NA,NA,NA,0,NA,0.0,0.0,0,0,NA,NA,0,0
0.52,NA,NA,NA,0.52,0.52,0.56,0.72,58,1998,64_datatwo,17/04/23 - 23/04/23,0.0,0.0,0.0,0.0,0.0,0.0,0.0,00:00:00,00:00:00,0,0,0.0,0.0,0.0,0.0,0.0,0.0,0,0,0,NA,0,0,NA,NA,NA,NA,NA,NA,week 11,0.0,0.0,0,0,NA,NA,0.0,0,0,NA,NA,0.0,NA,0,NA,NA,NA,0.0,0.0,0,0,NA,NA,0.0,0.0,0,0,NA,NA,0.0,0.0,0,0,NA,NA,0.0,NA,NA,NA,0,NA,0.0,0.0,0,0,NA,NA,0,0
0.44,NA,NA,0.24,0.72,0.68,0.58,0.54,63,1982,65_datatwo,17/04/23 - 23/04/23,0.0,0.0,0.0,0.0,0.0,0.0,0.0,00:00:00,00:00:00,0,0,0.0,0.0,0.0,0.0,0.0,0.0,0,0,0,NA,0,0,NA,NA,NA,NA,NA,NA,week 11,0.0,0.0,0,0,NA,NA,0.0,0,0,NA,NA,0.0,NA,0,NA,NA,NA,0.0,0.0,0,0,NA,NA,0.0,0.0,0,0,NA,NA,0.0,0.0,0,0,NA,NA,0.0,NA,NA,NA,0,NA,0.0,0.0,0,0,NA,NA,0,0
NA,NA,NA,NA,0.58,0.58,0.58,0.58,58,1980,66_datatwo,17/04/23 - 23/04/23,0.0,0.0,0.0,0.0,0.0,0.0,0.0,00:00:00,00:00:00,0,0,0.0,0.0,0.0,0.0,0.0,0.0,0,0,0,NA,0,0,NA,NA,NA,NA,NA,NA,week 11,0.0,0.0,0,0,NA,NA,0.0,0,0,NA,NA,0.0,NA,0,NA,NA,NA,0.0,0.0,0,0,NA,NA,0.0,0.0,0,0,NA,NA,0.0,0.0,0,0,NA,NA,0.0,NA,NA,NA,0,NA,0.0,0.0,0,0,NA,NA,0,0
NA,NA,NA,NA,0.58,0.66,0.58,0.58,60,1986,67_datatwo,17/04/23 - 23/04/23,0.0,0.0,0.0,0.0,0.0,0.0,0.0,00:00:00,00:00:00,0,0,0.0,0.0,0.0,0.0,0.0,0.0,0,0,0,NA,0,0,NA,NA,NA,NA,NA,NA,week 11,0.0,0.0,0,0,NA,NA,0.0,0,0,NA,NA,0.0,NA,0,NA,NA,NA,0.0,0.0,0,0,NA,NA,0.0,0.0,0,0,NA,NA,0.0,0.0,0,0,NA,NA,0.0,NA,NA,NA,0,NA,0.0,0.0,0,0,NA,NA,0,0
0.6,NA,NA,NA,0.6,0.64,0.56,0.64,61,1989,68_datatwo,17/04/23 - 23/04/23,0.0,0.0,0.0,0.0,0.0,0.0,0.0,00:00:00,00:00:00,0,0,0.0,0.0,0.0,0.0,0.0,0.0,0,0,0,NA,0,0,NA,NA,NA,NA,NA,NA,week 11,0.0,0.0,0,0,NA,NA,0.0,0,0,NA,NA,0.0,NA,0,NA,NA,NA,0.0,0.0,0,0,NA,NA,0.0,0.0,0,0,NA,NA,0.0,0.0,0,0,NA,NA,0.0,NA,NA,NA,0,NA,0.0,0.0,0,0,NA,NA,0,0
0.68,0.6,0.6,0.48,0.68,0.6,0.64,0.72,66,1989,69_datatwo,17/04/23 - 23/04/23,0.0,0.0,0.0,0.0,0.0,0.0,0.0,00:00:00,00:00:00,0,0,0.0,0.0,0.0,0.0,0.0,0.0,0,0,0,NA,0,0,NA,NA,NA,NA,NA,NA,week 11,0.0,0.0,0,0,NA,NA,0.0,0,0,NA,NA,0.0,NA,0,NA,NA,NA,0.0,0.0,0,0,NA,NA,0.0,0.0,0,0,NA,NA,0.0,0.0,0,0,NA,NA,0.0,NA,NA,NA,0,NA,0.0,0.0,0,0,NA,NA,0,0
0.56,0.52,NA,0.52,0.68,0.76,0.72,0.72,72,1995,70_datatwo,17/04/23 - 23/04/23,0.0,0.0,0.0,0.0,0.0,0.0,0.0,00:00:00,00:00:00,0,0,0.0,0.0,0.0,0.0,0.0,0.0,0,0,0,NA,0,0,NA,NA,NA,NA,NA,NA,week 11,0.0,0.0,0,0,NA,NA,0.0,0,0,NA,NA,0.0,NA,0,NA,NA,NA,0.0,0.0,0,0,NA,NA,0.0,0.0,0,0,NA,NA,0.0,0.0,0,0,NA,NA,0.0,NA,NA,NA,0,NA,0.0,0.0,0,0,NA,NA,0,0
0.64,NA,NA,NA,0.64,0.76,0.6,0.56,64,1990,71_datatwo,17/04/23 - 23/04/23,0.0,0.0,0.0,0.0,0.0,0.0,0.0,00:00:00,00:00:00,0,0,0.0,0.0,0.0,0.0,0.0,0.0,0,0,0,NA,0,0,NA,NA,NA,NA,NA,NA,week 11,0.0,0.0,0,0,NA,NA,0.0,0,0,NA,NA,0.0,NA,0,NA,NA,NA,0.0,0.0,0,0,NA,NA,0.0,0.0,0,0,NA,NA,0.0,0.0,0,0,NA,NA,0.0,NA,NA,NA,0,NA,0.0,0.0,0,0,NA,NA,0,0
NA,NA,NA,NA,0.68,0.68,0.48,0.64,62,1998,72_datatwo,17/04/23 - 23/04/23,0.0,0.0,0.0,0.0,0.0,0.0,0.0,00:00:00,00:00:00,0,0,0.0,0.0,0.0,0.0,0.0,0.0,0,0,0,NA,0,0,NA,NA,NA,NA,NA,NA,week 11,0.0,0.0,0,0,NA,NA,0.0,0,0,NA,NA,0.0,NA,0,NA,NA,NA,0.0,0.0,0,0,NA,NA,0.0,0.0,0,0,NA,NA,0.0,0.0,0,0,NA,NA,0.0,NA,NA,NA,0,NA,0.0,0.0,0,0,NA,NA,0,0
NA,NA,NA,NA,0.56,0.6,0.56,0.48,55,1996,73_datatwo,17/04/23 - 23/04/23,0.0,0.0,0.0,0.0,0.0,0.0,0.0,00:00:00,00:00:00,0,0,0.0,0.0,0.0,0.0,0.0,0.0,0,0,0,NA,0,0,NA,NA,NA,NA,NA,NA,week 11,0.0,0.0,0,0,NA,NA,0.0,0,0,NA,NA,0.0,NA,0,NA,NA,NA,0.0,0.0,0,0,NA,NA,0.0,0.0,0,0,NA,NA,0.0,0.0,0,0,NA,NA,0.0,NA,NA,NA,0,NA,0.0,0.0,0,0,NA,NA,0,0
0.52,0.72,0.48,0.52,0.6,0.72,0.48,0.72,63,1998,74_datatwo,17/04/23 - 23/04/23,0.0,0.0,0.0,0.0,0.0,0.0,0.0,00:00:00,00:00:00,0,0,0.0,0.0,0.0,0.0,0.0,0.0,0,0,0,NA,0,0,NA,NA,NA,NA,NA,NA,week 11,0.0,0.0,0,0,NA,NA,0.0,0,0,NA,NA,0.0,NA,0,NA,NA,NA,0.0,0.0,0,0,NA,NA,0.0,0.0,0,0,NA,NA,0.0,0.0,0,0,NA,NA,0.0,NA,NA,NA,0,NA,0.0,0.0,0,0,NA,NA,0,0
0.52,0.68,0.52,0.68,0.52,0.68,0.52,0.72,61,1992,75_datatwo,17/04/23 - 23/04/23,0.0,0.0,0.0,0.0,0.0,0.0,0.0,00:00:00,00:00:00,0,0,0.0,0.0,0.0,0.0,0.0,0.0,0,0,0,NA,0,0,NA,NA,NA,NA,NA,NA,week 11,0.0,0.0,0,0,NA,NA,0.0,0,0,NA,NA,0.0,NA,0,NA,NA,NA,0.0,0.0,0,0,NA,NA,0.0,0.0,0,0,NA,NA,0.0,0.0,0,0,NA,NA,0.0,NA,NA,NA,0,NA,0.0,0.0,0,0,NA,NA,0,0
0.56,NA,NA,NA,0.6,0.52,0.56,0.64,58,1993,76_datatwo,17/04/23 - 23/04/23,0.0,0.0,0.0,0.0,0.0,0.0,0.0,00:00:00,00:00:00,0,0,0.0,0.0,0.0,0.0,0.0,0.0,0,0,0,NA,0,0,NA,NA,NA,NA,NA,NA,week 11,0.0,0.0,0,0,NA,NA,0.0,0,0,NA,NA,0.0,NA,0,NA,NA,NA,0.0,0.0,0,0,NA,NA,0.0,0.0,0,0,NA,NA,0.0,0.0,0,0,NA,NA,0.0,NA,NA,NA,0,NA,0.0,0.0,0,0,NA,NA,0,0
NA,0.48,0.64,NA,0.68,0.56,0.68,0.68,65,2002,77_datatwo,17/04/23 - 23/04/23,0.0,0.0,0.0,0.0,0.0,0.0,0.0,00:00:00,00:00:00,0,0,0.0,0.0,0.0,0.0,0.0,0.0,0,0,0,NA,0,0,NA,NA,NA,NA,NA,NA,week 11,0.0,0.0,0,0,NA,NA,0.0,0,0,NA,NA,0.0,NA,0,NA,NA,NA,0.0,0.0,0,0,NA,NA,0.0,0.0,0,0,NA,NA,0.0,0.0,0,0,NA,NA,0.0,NA,NA,NA,0,NA,0.0,0.0,0,0,NA,NA,0,0
NA,NA,NA,NA,0.32,0.32,0.2,0.56,35,1989,78_datatwo,17/04/23 - 23/04/23,0.0,0.0,0.0,0.0,0.0,0.0,0.0,00:00:00,00:00:00,0,0,0.0,0.0,0.0,0.0,0.0,0.0,0,0,0,NA,0,0,NA,NA,NA,NA,NA,NA,week 11,0.0,0.0,0,0,NA,NA,0.0,0,0,NA,NA,0.0,NA,0,NA,NA,NA,0.0,0.0,0,0,NA,NA,0.0,0.0,0,0,NA,NA,0.0,0.0,0,0,NA,NA,0.0,NA,NA,NA,0,NA,0.0,0.0,0,0,NA,NA,0,0
0.4,NA,NA,0.48,0.58,0.66,0.58,0.58,60,1997,79_datatwo,17/04/23 - 23/04/23,0.0,0.0,0.0,0.0,0.0,0.0,0.0,00:00:00,00:00:00,0,0,0.0,0.0,0.0,0.0,0.0,0.0,0,0,0,NA,0,0,NA,NA,NA,NA,NA,NA,week 11,0.0,0.0,0,0,NA,NA,0.0,0,0,NA,NA,0.0,NA,0,NA,NA,NA,0.0,0.0,0,0,NA,NA,0.0,0.0,0,0,NA,NA,0.0,0.0,0,0,NA,NA,0.0,NA,NA,NA,0,NA,0.0,0.0,0,0,NA,NA,0,0
NA,NA,NA,NA,55.0,66.0,50.0,49.0,55,1998,80_datatwo,11/12/2023 - 17/12/23,0.0,0.04611166666666667,0.0063883333333333335,0.0,0.0,0.0,0.0,00:03:09,00:44:10,3,7,0.006111666666666666,0.030278333333333334,0.0,0.0,0.0,0.0,4,3,0,NA,0,0,2023-12-12 20:20:18.493000,2023-12-12 20:20:21.131000,NA,NA,NA,NA,week 11,0.0,0.0,0,0,NA,NA,0.0,0,1,NA,2023-12-12 20:22:22.880000,0.0,NA,0,NA,NA,NA,0.0,0.0,0,0,NA,NA,0.0,0.0,0,0,NA,NA,0.0,0.0,0,0,NA,NA,0.0,NA,NA,NA,0,NA,0.0,0.0,0,0,NA,NA,189,2650
NA,NA,NA,NA,52.0,68.0,52.0,40.0,53,1989,81_datatwo,11/12/2023 - 17/12/23,0.0,0.0,0.0,0.0,0.0,0.0,0.0,00:00:00,00:44:10,0,0,0.0,0.0,0.0,0.0,0.0,0.0,0,0,0,NA,0,0,NA,NA,NA,NA,NA,NA,week 11,0.0,0.0,0,0,NA,NA,0.0,0,0,NA,NA,0.0,NA,0,NA,NA,NA,0.0,0.0,0,0,NA,NA,0.0,0.0,0,0,NA,NA,0.0,0.0,0,0,NA,NA,0.0,NA,NA,NA,0,NA,0.0,0.0,0,0,NA,NA,0,2650
0.48,0.36,NA,NA,56.0,56.0,56.0,64.0,58,1998,82_datatwo,11/12/2023 - 17/12/23,0.0,0.0,0.0,0.0,0.0,0.041666666666666664,0.0,00:02:30,00:44:10,0,0,0.0,0.0,0.0,0.0,0.0,0.0,0,0,0,NA,0,0,NA,NA,NA,NA,NA,NA,week 11,0.0,0.0,0,0,NA,NA,0.0,0,0,NA,NA,0.0,NA,0,NA,NA,NA,0.0,0.0,0,0,NA,NA,0.0,0.0,0,0,NA,NA,0.0,0.0,0,0,NA,NA,0.0,NA,NA,NA,0,NA,0.0,0.0,0,0,NA,NA,150,2650
0.48,0.32,NA,NA,66.0,53.0,60.0,65.0,61,1997,83_datatwo,11/12/2023 - 17/12/23,0.0,1.6411116666666667,3.109445,0.0,0.0,0.0,0.0,04:45:02,00:44:10,6,9,0.0,0.13277666666666665,2.8627783333333334,0.0,0.0,0.0,1,6,3,NA,0,0,2023-12-13 16:27:39.551000,2023-12-12 10:53:15.601000,NA,NA,NA,NA,week 11,0.055,0.011666666666666665,1,1,2023-12-13 16:24:21.719000,2023-12-13 16:20:45.073000,1.6858333333333335,0,4,2023-12-12 10:53:05.399000,2023-12-12 10:53:20.509000,0.0,NA,0,NA,NA,NA,0.0,0.0,0,0,NA,NA,0.0,0.0,0,0,NA,NA,0.0,0.0,0,0,NA,NA,0.0,NA,NA,NA,0,NA,0.0,0.0,0,0,NA,NA,17102,2650
NA,0.2,NA,NA,57.0,57.0,56.0,58.0,57,1991,84_datatwo,11/12/2023 - 17/12/23,0.0,0.0,0.0,0.10250000000000001,0.0,0.0,0.0,00:06:09,00:44:10,1,1,0.0047216666666666665,0.0,0.0,0.0,0.0,0.0,1,0,0,NA,0,0,2023-12-14 12:03:34.514000,NA,NA,NA,NA,NA,week 11,0.0,0.0,0,0,NA,NA,0.0,0,0,NA,NA,0.0,NA,0,NA,NA,NA,0.0,0.0,0,0,NA,NA,0.0,0.0,0,0,NA,NA,0.0,0.0,0,0,NA,NA,0.0,NA,NA,NA,0,NA,0.0,0.0,0,0,NA,NA,369,2650
0.4,0.52,0.72,0.74,60.0,65.0,72.0,75.0,68,1984,85_datatwo,11/12/2023 - 17/12/23,0.09472166666666666,2.3366666666666664,0.0033333333333333335,0.0,0.0,0.0,0.0,02:26:05,00:44:10,5,8,0.007778333333333333,0.042221666666666664,0.0016666666666666668,0.018888333333333333,0.0,0.0,4,3,2,NA,0,0,2023-12-11 14:26:18.854000,2023-12-11 14:25:10.471000,NA,2023-12-11 14:26:25.239000,NA,NA,week 11,0.0,0.0,0,0,NA,NA,0.0,2,0,2023-12-11 14:25:24.029000,NA,0.0,NA,0,NA,NA,NA,0.0,0.0,0,0,NA,NA,0.0,0.0,0,0,NA,NA,0.0,0.0,0,0,NA,NA,0.0,NA,NA,NA,0,NA,0.0,2.2252783333333337,0,2,NA,2023-12-11 14:29:47.219000,8765,2650
0.52,0.68,0.64,NA,60.0,68.0,72.0,72.0,68,1995,86_datatwo,11/12/2023 - 17/12/23,0.0,0.0,0.0,0.0,0.0,0.0,0.0,00:00:00,00:44:10,0,0,0.0,0.0,0.0,0.0,0.0,0.0,0,0,0,NA,0,0,NA,NA,NA,NA,NA,NA,week 11,0.0,0.0,0,0,NA,NA,0.0,0,0,NA,NA,0.0,NA,0,NA,NA,NA,0.0,0.0,0,0,NA,NA,0.0,0.0,0,0,NA,NA,0.0,0.0,0,0,NA,NA,0.0,NA,NA,NA,0,NA,0.0,0.0,0,0,NA,NA,0,2650
NA,NA,NA,NA,70.0,62.0,72.0,76.0,70,1996,87_datatwo,11/12/2023 - 17/12/23,1.6472216666666666,0.0,0.1225,0.000555,1.1208333333333333,0.0,0.0,02:53:28,00:44:10,9,19,0.16388833333333336,0.01722333333333333,0.000555,0.0008333333333333334,0.0,0.0,5,11,1,NA,0,0,2023-12-11 12:58:28.665000,2023-12-11 13:07:08.138000,NA,2023-12-13 19:38:35.922000,NA,NA,week 11,0.0,0.92,0,1,NA,2023-12-11 13:07:11.492000,0.00027833333333333334,1,1,2023-12-14 23:24:35.305000,2023-12-13 19:40:55.200000,0.6241666666666668,NA,3,NA,NA,2023-12-11 14:37:17.368000,1.15889,0.0,7,0,2023-12-11 14:03:25.008000,NA,0.0013883333333333332,0.0,1,0,2023-12-11 14:36:52.842000,NA,0.0,0.0,0,0,NA,NA,0.0,NA,NA,NA,0,NA,0.0,0.0,0,0,NA,NA,10408,2650
0.56,0.68,0.6,0.64,64.0,68.0,64.0,76.0,68,1986,88_datatwo,11/12/2023 - 17/12/23,0.7016666666666667,0.550555,0.0,0.0,0.0,0.0,0.0,01:15:08,00:44:10,4,6,0.015000000000000001,0.2622216666666667,0.0,0.0,0.0,0.0,4,1,0,NA,0,0,2023-12-11 15:32:11.960000,2023-12-12 11:22:44.572000,NA,NA,NA,NA,week 11,0.0,0.0,0,0,NA,NA,0.0,0,0,NA,NA,0.0,NA,0,NA,NA,NA,0.0,0.0,0,0,NA,NA,0.0,0.0,0,0,NA,NA,0.0,0.0,0,0,NA,NA,0.0,NA,NA,NA,0,NA,0.023888333333333334,0.24000000000000002,2,2,2023-12-12 11:06:03.100000,2023-12-11 15:32:20.382000,4508,2650
NA,NA,NA,NA,52.0,56.0,52.0,72.0,58,1996,89_datatwo,11/12/2023 - 17/12/23,0.0,0.0,0.0,0.0,0.0,0.0,0.0,00:00:00,00:44:10,0,0,0.0,0.0,0.0,0.0,0.0,0.0,0,0,0,NA,0,0,NA,NA,NA,NA,NA,NA,week 11,0.0,0.0,0,0,NA,NA,0.0,0,0,NA,NA,0.0,NA,0,NA,NA,NA,0.0,0.0,0,0,NA,NA,0.0,0.0,0,0,NA,NA,0.0,0.0,0,0,NA,NA,0.0,NA,NA,NA,0,NA,0.0,0.0,0,0,NA,NA,0,2650
NA,NA,NA,NA,52.0,52.0,52.0,56.0,53,1998,90_datatwo,11/12/2023 - 17/12/23,0.0,0.0775,0.0,0.0,0.0,0.0,0.012221666666666665,00:05:23,00:44:10,2,2,0.0022216666666666665,0.0,0.0,0.0,0.0,0.0,1,0,0,NA,0,0,2023-12-12 13:24:34.047000,NA,NA,NA,NA,NA,week 11,0.0,0.0,0,0,NA,NA,0.0,0,0,NA,NA,0.0,NA,0,NA,NA,NA,0.0,0.0,0,0,NA,NA,0.0,0.0,0,0,NA,NA,0.0,0.0,0,0,NA,NA,0.0,NA,NA,NA,0,NA,0.0,0.025555,0,1,NA,2023-12-12 13:24:42.199000,323,2650
0.36,0.28,NA,NA,32.0,52.0,56.0,64.0,51,1992,91_datatwo,11/12/2023 - 17/12/23,0.0,0.0011116666666666666,0.0,0.0,0.0,0.0,0.0,00:00:04,00:44:10,1,1,0.0,0.0,0.0,0.0,0.0,0.0,1,0,0,NA,0,0,2023-12-12 12:58:33.158000,NA,NA,NA,NA,NA,week 11,0.0,0.0,0,0,NA,NA,0.0,0,0,NA,NA,0.0,NA,0,NA,NA,NA,0.0,0.0,0,0,NA,NA,0.0,0.0,0,0,NA,NA,0.0,0.0,0,0,NA,NA,0.0,NA,NA,NA,0,NA,0.0,0.0,0,0,NA,NA,4,2650
0.6,0.68,0.72,0.68,70.0,77.0,81.0,80.0,77,1996,92_datatwo,11/12/2023 - 17/12/23,0.02305666666666667,0.8130550000000001,0.0,0.0,0.0,0.0,0.0,00:50:10,00:44:10,6,10,0.013333333333333334,0.0275,0.0,0.0,0.0,0.0,4,2,1,NA,0,0,2023-12-11 00:10:09.007000,2023-12-12 11:37:11.865000,NA,NA,NA,NA,week 11,0.0,0.0,0,0,NA,NA,0.0,0,0,2023-12-11 00:10:59.148000,NA,0.0,NA,0,NA,NA,NA,0.0,0.0,0,0,NA,NA,0.0,0.0,0,0,NA,NA,0.0,0.0,0,0,NA,NA,0.08388833333333333,NA,NA,NA,2,2023-12-11 00:10:50.280000,0.0,0.0033333333333333335,1,2,2023-12-12 12:21:49.926000,2023-12-11 00:10:33.400000,3010,2650
NA,NA,NA,NA,56.0,60.0,68.0,48.0,58,1989,92_datatwo,11/12/2023 - 17/12/23,0.07611166666666666,4.089166666666666,0.0,0.006944999999999999,0.0,0.9375016666666666,0.19972333333333334,05:18:34,00:44:10,17,46,2.4697233333333335,0.07638833333333332,0.0011116666666666666,0.07472166666666666,0.000555,0.11472166666666667,18,41,1,NA,2,2,2023-12-11 16:34:34.569000,2023-12-11 16:34:32.298000,NA,2023-12-11 09:19:39.150000,2023-12-16 08:35:02.476000,2023-12-16 07:46:44.866000,week 11,0.026111666666666665,1.9627783333333333,1,5,2023-12-16 07:58:55.935000,2023-12-11 16:42:56.801000,0.0525,4,2,2023-12-16 08:35:21.024000,2023-12-12 12:25:09.265000,0.17861,NA,2,NA,NA,2023-12-12 12:28:01.127000,0.018888333333333333,0.0,2,0,2023-12-16 07:10:02.273000,NA,0.005833333333333333,0.0,1,0,2023-12-16 07:11:12.372000,NA,0.009721666666666665,0.0,2,0,2023-12-16 07:09:35.542000,NA,0.16861166666666666,NA,NA,NA,1,2023-12-16 08:23:30.861000,0.03166666666666666,0.008611666666666665,1,1,2023-12-16 07:11:38.482000,2023-12-12 18:55:33.166000,19114,2650
NA,NA,NA,NA,68.0,60.0,52.0,52.0,58,1994,94_datatwo,11/12/2023 - 17/12/23,0.0,0.0,0.0,0.0,0.0,0.0,0.0,00:00:00,00:44:10,0,0,0.0,0.0,0.0,0.0,0.0,0.0,0,0,0,NA,0,0,NA,NA,NA,NA,NA,NA,week 11,0.0,0.0,0,0,NA,NA,0.0,0,0,NA,NA,0.0,NA,0,NA,NA,NA,0.0,0.0,0,0,NA,NA,0.0,0.0,0,0,NA,NA,0.0,0.0,0,0,NA,NA,0.0,NA,NA,NA,0,NA,0.0,0.0,0,0,NA,NA,0,2650
0.56,0.6,0.36,NA,80.0,76.0,68.0,80.0,76,2000,95_datatwo,11/12/2023 - 17/12/23,0.0,0.0025,0.0,0.0,0.0,0.0,0.0,00:00:09,00:44:10,0,0,0.0,0.0,0.0,0.0,0.0,0.0,0,0,0,NA,0,0,NA,NA,NA,NA,NA,NA,week 11,0.0,0.0,0,0,NA,NA,0.0,0,0,NA,NA,0.0,NA,0,NA,NA,NA,0.0,0.0,0,0,NA,NA,0.0,0.0,0,0,NA,NA,0.0,0.0,0,0,NA,NA,0.0,NA,NA,NA,0,NA,0.0,0.0,0,0,NA,NA,9,2650
0.52,0.56,0.68,0.52,64.0,68.0,72.0,76.0,70,1987,96_datatwo,11/12/2023 - 17/12/23,0.17888833333333337,0.5397233333333333,0.0,0.0,0.0,0.0,0.0,00:43:07,00:44:10,6,9,0.06666666666666667,0.0033333333333333335,0.0,0.0,0.0,0.0,11,3,0,NA,0,0,2023-12-12 11:05:50.135000,2023-12-12 11:48:55.559000,NA,NA,NA,NA,week 11,0.0,0.0,0,0,NA,NA,0.0,0,0,NA,NA,0.0,NA,0,NA,NA,NA,0.0,0.0,0,0,NA,NA,0.0,0.0,0,0,NA,NA,0.13305666666666668,0.0,7,0,2023-12-12 11:07:29.377000,NA,0.003888333333333333,NA,NA,NA,1,2023-12-12 11:49:02.187000,0.012221666666666665,0.314445,1,3,2023-12-12 11:49:17.963000,2023-12-12 11:05:57.460000,2587,2650
NA,NA,NA,NA,64.0,58.0,55.0,71.0,62,1992,97_datatwo,11/12/2023 - 17/12/23,0.0,0.0,0.0,0.0,0.33083333333333337,0.0,0.5194449999999999,00:51:01,00:44:10,15,25,0.09111166666666667,0.013888333333333332,0.0022216666666666665,0.023055,0.14611166666666664,0.029445,30,1,1,NA,2,3,2023-12-15 13:28:06.102000,2023-12-15 17:30:15.816000,NA,2023-12-17 06:19:58.327000,2023-12-15 17:21:07.314000,2023-12-15 17:35:48.681000,week 11,0.026111666666666665,0.19444499999999998,1,4,2023-12-17 06:35:30.277000,2023-12-17 06:19:30.337000,0.016944999999999998,1,2,2023-12-17 06:22:05.155000,2023-12-17 06:37:05.594000,0.006666666666666667,NA,1,NA,NA,2023-12-17 06:37:40.821000,0.013611666666666668,0.0,3,0,2023-12-17 06:38:07.191000,NA,0.008333333333333333,0.0,3,0,2023-12-17 06:38:27.035000,NA,0.05777833333333334,0.0,2,0,2023-12-17 06:38:52.357000,NA,0.004166666666666667,NA,NA,NA,1,2023-12-17 06:39:16.163000,0.1408333333333333,0.0,5,0,2023-12-15 13:28:20.813000,NA,3061,2650
NA,NA,NA,NA,76.0,60.0,76.0,76.0,72,1984,98_datatwo,11/12/2023 - 17/12/23,0.0,0.0,0.0,0.0,0.0,0.0,0.0,00:00:00,00:44:10,0,0,0.0,0.0,0.0,0.0,0.0,0.0,0,0,0,NA,0,0,NA,NA,NA,NA,NA,NA,week 11,0.0,0.0,0,0,NA,NA,0.0,0,0,NA,NA,0.0,NA,0,NA,NA,NA,0.0,0.0,0,0,NA,NA,0.0,0.0,0,0,NA,NA,0.0,0.0,0,0,NA,NA,0.0,NA,NA,NA,0,NA,0.0,0.0,0,0,NA,NA,0,2650
NA,0.4,0.48,0.4,64.0,64.0,60.0,52.0,60,1979,99_datatwo,11/12/2023 - 17/12/23,0.0,1.0672216666666665,0.4586116666666667,0.0,0.0,0.0,0.0,01:31:33,00:44:10,6,18,0.7402766666666667,0.021390000000000003,0.0,0.0,0.0,0.0,25,6,0,NA,0,0,2023-12-12 11:25:10.122000,2023-12-12 11:27:32.903000,NA,NA,NA,NA,week 11,0.0,0.0,0,0,NA,NA,0.0,0,0,NA,NA,0.0,NA,0,NA,NA,NA,0.0,0.0625,0,6,NA,2023-12-12 11:27:59.543000,0.0,0.018888333333333333,0,3,NA,2023-12-12 13:13:41.068000,0.0,0.4522216666666667,0,4,NA,2023-12-12 16:03:47.948000,0.0,NA,NA,NA,0,NA,0.0,0.15361166666666665,0,5,NA,2023-12-12 11:25:16.544000,5493,2650
0.64,0.68,0.64,0.8,68.0,68.0,68.0,80.0,71,1991,100_datatwo,11/12/2023 - 17/12/23,0.16222166666666668,0.0,0.0,0.0,0.0,0.0,0.0,00:09:44,00:44:10,0,0,0.0,0.0,0.0,0.0,0.0,0.0,0,0,0,NA,0,0,NA,NA,NA,NA,NA,NA,week 11,0.0,0.0,0,0,NA,NA,0.0,0,0,NA,NA,0.0,NA,0,NA,NA,NA,0.0,0.0,0,0,NA,NA,0.0,0.0,0,0,NA,NA,0.0,0.0,0,0,NA,NA,0.0,NA,NA,NA,0,NA,0.0,0.0,0,0,NA,NA,584,2650
NA,NA,NA,NA,68.0,60.0,64.0,64.0,64,1990,101_datatwo,11/12/2023 - 17/12/23,0.0,0.0,0.0,0.0,1.0211116666666666,0.0,0.0,01:01:16,00:44:10,6,6,0.001945,0.007221666666666667,0.005555000000000001,0.015554999999999998,0.0,0.0,1,3,1,NA,0,0,2023-12-15 14:41:16.201000,2023-12-15 14:42:18.692000,NA,2023-12-15 14:41:23.040000,NA,NA,week 11,0.0,0.9802783333333333,0,2,NA,2023-12-15 14:42:27.225000,0.0,1,1,2023-12-15 14:42:38.873000,2023-12-15 15:42:03.447000,0.0,NA,0,NA,NA,NA,0.0,0.0,0,0,NA,NA,0.0,0.0,0,0,NA,NA,0.0,0.0,0,0,NA,NA,0.0,NA,NA,NA,0,NA,0.0,0.0,0,0,NA,NA,3676,2650
0.6,0.68,0.48,0.72,68.0,76.0,64.0,76.0,71,2001,102_datatwo,11/12/2023 - 17/12/23,0.04416666666666667,0.9411116666666666,0.004166666666666667,0.0,0.0,0.0,0.0,00:59:22,00:44:10,4,13,0.2277783333333333,0.000555,0.0,0.0,0.0,0.0,10,1,0,NA,0,0,2023-12-11 16:34:10.151000,2023-12-12 11:57:14.909000,NA,NA,NA,NA,week 11,0.0,0.0,0,0,NA,NA,0.0,0,0,NA,NA,0.0,NA,0,NA,NA,NA,0.0,0.0,0,0,NA,NA,0.0,0.0,0,0,NA,NA,0.0,0.0,0,0,NA,NA,0.0,NA,NA,NA,0,NA,0.23388833333333334,0.4869433333333334,5,4,2023-12-11 18:20:24.896000,2023-12-11 16:34:15.038000,3562,2650
NA,NA,NA,NA,68.0,60.0,56.0,56.0,60,2001,103_datatwo,11/12/2023 - 17/12/23,0.0,0.266945,0.0,0.0,0.0,0.0,0.0,00:16:01,00:44:10,6,6,0.12166666666666666,0.0033333333333333335,0.004166666666666667,0.0013883333333333332,0.0,0.0,1,2,2,NA,0,0,2023-12-12 15:41:00.780000,2023-12-12 15:34:47.242000,NA,2023-12-12 15:48:22.620000,NA,NA,week 11,0.0,0.004166666666666667,0,1,NA,2023-12-12 15:40:35.370000,0.09444500000000002,1,2,2023-12-12 15:40:49.979000,2023-12-12 15:34:54.946000,0.0,NA,0,NA,NA,NA,0.0,0.0,0,0,NA,NA,0.0,0.0,0,0,NA,NA,0.0,0.0,0,0,NA,NA,0.0,NA,NA,NA,0,NA,0.0,0.0,0,0,NA,NA,961,2650
NA,NA,NA,NA,64.0,58.0,66.0,72.0,65,1996,104_datatwo,11/12/2023 - 17/12/23,0.0,0.0,0.0,0.0,0.0,0.0,0.0,00:00:00,00:44:10,0,0,0.0,0.0,0.0,0.0,0.0,0.0,0,0,0,NA,0,0,NA,NA,NA,NA,NA,NA,week 11,0.0,0.0,0,0,NA,NA,0.0,0,0,NA,NA,0.0,NA,0,NA,NA,NA,0.0,0.0,0,0,NA,NA,0.0,0.0,0,0,NA,NA,0.0,0.0,0,0,NA,NA,0.0,NA,NA,NA,0,NA,0.0,0.0,0,0,NA,NA,0,2650
0.48,0.28,NA,NA,60.0,56.0,56.0,68.0,60,1998,105_datatwo,11/12/2023 - 17/12/23,0.0,0.0,0.0,0.0,0.0,0.0,0.0,00:00:00,00:44:10,0,0,0.0,0.0,0.0,0.0,0.0,0.0,0,0,0,NA,0,0,NA,NA,NA,NA,NA,NA,week 11,0.0,0.0,0,0,NA,NA,0.0,0,0,NA,NA,0.0,NA,0,NA,NA,NA,0.0,0.0,0,0,NA,NA,0.0,0.0,0,0,NA,NA,0.0,0.0,0,0,NA,NA,0.0,NA,NA,NA,0,NA,0.0,0.0,0,0,NA,NA,0,2650
NA,NA,NA,NA,48.0,54.0,56.0,42.0,50,1995,106_datatwo,11/12/2023 - 17/12/23,0.0,0.0,0.0,0.0,0.0,0.0,0.0,00:00:00,00:44:10,0,0,0.0,0.0,0.0,0.0,0.0,0.0,0,0,0,NA,0,0,NA,NA,NA,NA,NA,NA,week 11,0.0,0.0,0,0,NA,NA,0.0,0,0,NA,NA,0.0,NA,0,NA,NA,NA,0.0,0.0,0,0,NA,NA,0.0,0.0,0,0,NA,NA,0.0,0.0,0,0,NA,NA,0.0,NA,NA,NA,0,NA,0.0,0.0,0,0,NA,NA,0,2650
NA,NA,NA,NA,60.0,60.0,56.0,56.0,58,1999,107_datatwo,11/12/2023 - 17/12/23,0.0,0.0,0.020555,0.0,0.0,0.0,0.0,00:01:14,00:44:10,4,4,0.0,0.008888333333333333,0.0,0.0,0.0,0.0,0,3,0,NA,0,0,NA,2023-12-13 15:57:34.544000,NA,NA,NA,NA,week 11,0.0,0.0,0,0,NA,NA,0.0,0,0,NA,NA,0.0,NA,1,NA,NA,2023-12-13 15:58:30.627000,0.0033333333333333335,0.0,1,0,2023-12-13 15:58:15.102000,NA,0.003055,0.0,1,0,2023-12-13 15:57:54.353000,NA,0.0,0.0,0,0,NA,NA,0.0,NA,NA,NA,0,NA,0.0,0.0,0,0,NA,NA,0,2650
NA,0.6,0.6,NA,62.0,66.0,68.0,84.0,70,1911,108_datatwo,11/12/2023 - 17/12/23,0.0,0.026388333333333337,0.0,0.0,0.0,0.0,0.0,00:01:35,00:44:10,2,2,0.0,0.0013883333333333332,0.0,0.0,0.0,0.0,0,1,0,NA,0,0,NA,2023-12-12 22:07:32.958000,NA,NA,NA,NA,week 11,0.0,0.0,0,1,NA,2023-12-12 22:07:38.345000,0.0,0,0,NA,NA,0.0,NA,0,NA,NA,NA,0.0,0.0,0,0,NA,NA,0.0,0.0,0,0,NA,NA,0.0,0.0,0,0,NA,NA,0.0,NA,NA,NA,0,NA,0.0,0.0,0,0,NA,NA,95,2650
0.56,0.64,0.52,0.6,68.0,72.0,64.0,76.0,70,1999,109_datatwo,11/12/2023 - 17/12/23,0.0,0.031111666666666666,0.0,0.0,0.0,0.0,0.0,00:01:52,00:44:10,3,3,0.0027783333333333336,0.007221666666666667,0.0,0.0,0.0,0.0,1,0,0,NA,0,0,2023-12-12 12:54:01.994000,2023-12-12 12:54:05.752000,NA,NA,NA,NA,week 11,0.0,0.0,0,0,NA,NA,0.0,0,0,NA,NA,0.0,NA,0,NA,NA,NA,0.0,0.0,0,0,NA,NA,0.0,0.0,0,0,NA,NA,0.0,0.0,0,0,NA,NA,0.0,NA,NA,NA,0,NA,0.0,2.0,0,1,NA,2023-12-12 12:54:37.267000,112,2650
NA,NA,NA,NA,64.0,64.0,60.0,64.0,63,1997,110_datatwo,11/12/2023 - 17/12/23,0.0,0.0,0.0,0.0,0.09861166666666668,0.0,0.0,00:05:55,00:44:10,6,6,0.03722166666666667,0.0475,0.0,0.00027833333333333334,0.0,0.0,1,4,0,NA,0,0,2023-12-15 16:47:31.694000,2023-12-15 16:47:17.732000,NA,2023-12-15 16:49:46.021000,NA,NA,week 11,0.0,0.0,0,0,NA,NA,0.0016666666666666668,1,1,NA,2023-12-15 16:47:22.164000,0.0,NA,0,NA,NA,NA,0.0,0.0,0,0,NA,NA,0.0,0.0,0,0,NA,NA,0.0,0.0,0,0,NA,NA,0.0,NA,NA,NA,1,2023-12-15 16:53:05.186000,0.01,0.0,1,0,2023-12-15 16:50:08.475000,NA,355,2650
0.64,0.68,0.72,0.8,69.0,75.0,80.0,80.0,76,1994,111_datatwo,11/12/2023 - 17/12/23,0.5175,0.0,0.0,0.0,0.0,0.0,0.0,00:31:03,00:44:10,0,0,0.0,0.0,0.0,0.0,0.0,0.0,0,0,0,NA,0,0,NA,NA,NA,NA,NA,NA,week 11,0.0,0.0,0,0,NA,NA,0.0,0,0,NA,NA,0.0,NA,0,NA,NA,NA,0.0,0.0,0,0,NA,NA,0.0,0.0,0,0,NA,NA,0.0,0.0,0,0,NA,NA,0.0,NA,NA,NA,0,NA,0.0,0.0,0,0,NA,NA,1863,2650
NA,NA,NA,NA,72.0,72.0,80.0,76.0,75,1998,112_datatwo,11/12/2023 - 17/12/23,0.0,0.10916666666666666,0.20888833333333334,0.0,0.0,0.0,0.0,00:19:05,00:44:10,5,7,0.0,0.012221666666666665,0.0013883333333333332,0.0025,0.0,0.0,1,2,1,NA,0,0,2023-12-12 15:44:53.112000,2023-12-12 15:39:51.765000,NA,2023-12-13 23:58:44.653000,NA,NA,week 11,0.0,0.0,0,0,NA,NA,0.2733333333333333,1,4,2023-12-13 23:47:12.418000,2023-12-12 15:39:59.681000,0.0,NA,0,NA,NA,NA,0.0,0.0,0,0,NA,NA,0.0,0.0,0,0,NA,NA,0.0,0.0,0,0,NA,NA,0.0,NA,NA,NA,0,NA,0.0,0.0,0,0,NA,NA,1145,2650
0.48,NA,NA,NA,68.0,64.0,68.0,56.0,64,2000,113_datatwo,11/12/2023 - 17/12/23,0.0,0.0,0.0,0.0,0.0,0.0,0.0,00:00:00,00:44:10,0,0,0.0,0.0,0.0,0.0,0.0,0.0,0,0,0,NA,0,0,NA,NA,NA,NA,NA,NA,week 11,0.0,0.0,0,0,NA,NA,0.0,0,0,NA,NA,0.0,NA,0,NA,NA,NA,0.0,0.0,0,0,NA,NA,0.0,0.0,0,0,NA,NA,0.0,0.0,0,0,NA,NA,0.0,NA,NA,NA,0,NA,0.0,0.0,0,0,NA,NA,0,2650
0.6,0.72,0.64,NA,66.0,71.0,69.0,62.0,67,2001,114_datatwo,11/12/2023 - 17/12/23,0.0,0.0,0.691945,0.0,0.0,0.0,0.0,00:41:31,00:44:10,6,6,0.01861166666666667,0.590555,0.0,0.0,0.0,0.0,3,4,0,NA,0,0,2023-12-13 15:05:35.143000,2023-12-13 15:08:13.347000,NA,NA,NA,NA,week 11,0.0,0.033611666666666665,0,1,NA,2023-12-13 15:08:25.087000,0.018055,0,3,NA,2023-12-13 15:05:37.901000,0.0,NA,0,NA,NA,NA,0.0016666666666666668,0.0,1,0,2023-12-13 15:11:20.039000,NA,0.000555,0.0,1,0,2023-12-13 15:11:16.792000,NA,0.0,0.0,0,0,NA,NA,0.0,NA,NA,NA,0,NA,0.0,0.0,0,0,NA,NA,2491,2650
NA,0.32,NA,0.52,64.0,72.0,60.0,68.0,66,1995,115_datatwo,11/12/2023 - 17/12/23,0.5338883333333334,1.0908333333333333,0.0047216666666666665,1.0516666666666667,0.0,0.0,0.0,02:40:52,00:44:10,14,27,0.08111166666666667,0.04249833333333333,0.003055,0.00027833333333333334,0.02666666666666667,0.3908333333333333,11,14,1,NA,1,1,2023-12-12 11:29:04.197000,2023-12-11 15:01:23.181000,NA,2023-12-11 15:05:13.282000,2023-12-11 15:07:50.529000,2023-12-11 15:09:31.929000,week 11,0.0,0.09416666666666668,1,4,2023-12-11 15:33:17.985000,2023-12-11 15:01:51.054000,1.0425,1,1,2023-12-11 15:07:35.119000,2023-12-14 12:43:19.716000,0.098055,NA,2,NA,NA,2023-12-12 12:00:51.939000,0.0,0.0008333333333333334,0,2,NA,2023-12-12 11:31:55.208000,0.0,0.0011116666666666666,0,1,NA,2023-12-12 11:31:49.176000,0.0,0.0,1,0,2023-12-13 21:51:01.770000,NA,0.0,NA,NA,NA,0,NA,0.0,0.8816666666666666,0,3,NA,2023-12-12 11:29:53.383000,0,2650
0.6,0.68,0.52,NA,72.0,72.0,60.0,68.0,68,2002,116_datatwo,11/12/2023 - 17/12/23,0.076945,0.6627783333333334,0.0,0.0,0.0,0.0,0.0,00:44:23,00:44:10,8,11,0.03916666666666667,0.024166666666666666,0.0036116666666666667,0.0,0.0,0.0,9,8,6,NA,0,0,2023-12-11 13:43:13.487000,2023-12-11 13:41:00.839000,NA,2023-12-12 11:35:33.892000,NA,NA,week 11,0.0,0.0,0,0,NA,NA,0.0,1,0,2023-12-12 11:02:09.728000,NA,0.0,NA,0,NA,NA,NA,0.0,0.0,0,0,NA,2023-12-12 11:07:59.095000,0.0,0.0,0,0,NA,2023-12-12 11:11:24.551000,0.32166666666666666,0.0047216666666666665,5,1,2023-12-11 13:43:16.168000,2023-12-12 11:35:47.229000,0.0013883333333333332,NA,NA,NA,1,2023-12-11 14:12:53.449000,0.022778333333333334,0.0,2,0,2023-12-11 13:41:26.319000,NA,2663,2650
NA,NA,NA,NA,68.0,58.0,56.0,50.0,58,1996,117_datatwo,11/12/2023 - 17/12/23,0.0,1.4888883333333331,0.08722166666666667,0.0,0.0,0.0047216666666666665,0.0,01:34:50,00:44:10,5,5,0.38333333333333336,0.9122216666666667,0.0,0.000555,0.0,0.0,8,3,0,NA,0,0,2023-12-12 11:07:53.413000,2023-12-12 11:07:38.805000,NA,2023-12-12 11:29:39.346000,NA,NA,week 11,0.0,0.0,0,0,NA,NA,0.0,1,0,NA,NA,0.0,NA,0,NA,NA,NA,0.0,0.0175,0,3,NA,NA,0.0,0.12111166666666667,0,1,NA,NA,0.0,0.0,0,0,NA,NA,0.0,NA,NA,NA,0,NA,0.0,0.0,0,0,NA,NA,5690,2650
60,68,NA,NA,68.0,72.0,56.0,56.0,63,1990,118_datatwo,22/04/24 - 28/04/24,0.0,0.0,0.005278333333333333,0.0,0.0,0.0,0.0,00:00:19,00:38:35,2,2,0.0,0.0036116666666666667,0.0,0.0,0.0,0.0,0,1,0,NA,0,0,NA,2024-04-24 18:33:34.426000,NA,NA,NA,NA,week 11,0.0,0.0,0,0,NA,NA,0.0,0,0,NA,NA,0.0,NA,0,NA,NA,NA,0.0,0.0,0,0,NA,NA,0.0,0.0,0,0,NA,NA,0.0,0.0,0,0,NA,NA,0.0,NA,NA,NA,1,2024-04-24 18:33:47.302000,0.0,0.0,0,0,NA,NA,19,2315
NA,68,NA,NA,72.0,68.0,72.0,52.0,66,1987,119_datatwo,22/04/24 - 28/04/24,0.0,0.0,0.0,0.0,0.0,0.0,2.984166666666667,02:59:03,00:38:35,1,1,0.0,0.0,2.6238883333333334,0.0,0.0,0.0,0,0,1,NA,0,0,NA,NA,NA,NA,NA,NA,week 11,0.0,0.0,0,0,NA,NA,0.0,0,0,2024-04-28 16:43:46.287000,NA,0.0,NA,0,NA,NA,NA,0.0,0.0,0,0,NA,NA,0.0,0.0,0,0,NA,NA,0.0,0.0,0,0,NA,NA,0.0,NA,NA,NA,0,NA,0.0,0.0,0,0,NA,NA,10743,2315
52,72,72,NA,64.0,72.0,76.0,72.0,71,1995,120_datatwo,22/04/24 - 28/04/24,1.7730549999999998,1.9763883333333332,0.0,0.0,0.0,0.0,0.0,03:44:58,00:38:35,10,11,0.20916666666666667,0.005556666666666667,0.0,0.000555,0.0,0.0,4,4,0,NA,0,0,2024-04-23 11:45:31.801000,2024-04-22 15:55:33.685000,NA,2024-04-22 15:55:31.315000,NA,NA,week 11,0.0,0.0,0,0,NA,NA,0.0,1,0,NA,NA,0.0,NA,0,NA,NA,NA,0.0,0.008611666666666665,0,1,NA,2024-04-23 11:45:38.614000,0.0,0.004445,0,1,NA,2024-04-23 11:46:11.852000,0.022778333333333334,0.021945,1,1,2024-04-22 17:41:01.418000,2024-04-23 11:46:30.242000,0.0,NA,NA,NA,0,NA,0.0,0.0,1,0,2024-04-23 12:00:38.363000,NA,13498,2315
56,60,72,NA,72.0,68.0,80.0,60.0,70,1996,121_datatwo,22/04/24 - 28/04/24,0.0,0.0,0.0,0.0,0.0,0.0,0.0,00:00:00,00:38:35,0,0,0.0,0.0,0.0,0.0,0.0,0.0,0,0,0,NA,0,0,NA,NA,NA,NA,NA,NA,week 11,0.0,0.0,0,0,NA,NA,0.0,0,0,NA,NA,0.0,NA,0,NA,NA,NA,0.0,0.0,0,0,NA,NA,0.0,0.0,0,0,NA,NA,0.0,0.0,0,0,NA,NA,0.0,NA,NA,NA,0,NA,0.0,0.0,0,0,NA,NA,0,2315
24,NA,NA,NA,64.0,64.0,72.0,72.0,68,1993,122_datatwo,22/04/24 - 28/04/24,0.0,0.0,0.0,0.0,0.0,0.0,0.0,00:00:00,00:38:35,0,0,0.0,0.0,0.0,0.0,0.0,0.0,0,0,0,NA,0,0,NA,NA,NA,NA,NA,NA,week 11,0.0,0.0,0,0,NA,NA,0.0,0,0,NA,NA,0.0,NA,0,NA,NA,NA,0.0,0.0,0,0,NA,NA,0.0,0.0,0,0,NA,NA,0.0,0.0,0,0,NA,NA,0.0,NA,NA,NA,0,NA,0.0,0.0,0,0,NA,NA,0,2315
NA,NA,NA,NA,64.0,60.0,52.0,52.0,57,2001,123_datatwo,22/04/24 - 28/04/24,0.0,0.0,0.0,0.0,0.0,0.0,0.0,00:00:00,00:38:35,0,0,0.0,0.0,0.0,0.0,0.0,0.0,0,0,0,NA,0,0,NA,NA,NA,NA,NA,NA,week 11,0.0,0.0,0,0,NA,NA,0.0,0,0,NA,NA,0.0,NA,0,NA,NA,NA,0.0,0.0,0,0,NA,NA,0.0,0.0,0,0,NA,NA,0.0,0.0,0,0,NA,NA,0.0,NA,NA,NA,0,NA,0.0,0.0,0,0,NA,NA,0,2315
44,68,56,NA,72.0,72.0,60.0,52.0,64,1998,124_datatwo,22/04/24 - 28/04/24,0.0,0.017778333333333333,0.0,0.0,0.0,0.0,0.0,00:01:04,00:38:35,6,6,0.0033333333333333335,0.000555,0.0,0.00027833333333333334,0.0,0.0,4,1,0,NA,0,0,2024-04-23 11:45:28.099000,2024-04-23 11:45:24.551000,NA,2024-04-23 11:45:26.604000,NA,NA,week 11,0.0,0.0,0,0,NA,NA,0.0,1,0,NA,NA,0.0,NA,0,NA,NA,NA,0.0,0.006944999999999999,0,2,NA,2024-04-23 11:45:33.443000,0.0,0.003055,0,1,NA,2024-04-23 11:46:00.023000,0.0,0.0022216666666666665,0,1,NA,2024-04-23 11:46:14.346000,0.0,NA,NA,NA,0,NA,0.0,0.0,0,0,NA,NA,64,2315
NA,NA,NA,NA,72.0,72.0,68.0,76.0,72,1991,125_datatwo,22/04/24 - 28/04/24,0.0,0.02,2.4975,0.0,0.0,2.6505549999999998,0.005833333333333333,05:10:26,00:38:35,8,12,0.0,0.010278333333333334,0.0063883333333333335,0.0,0.0,0.0,1,8,1,NA,0,0,2024-04-28 17:57:01.071000,2024-04-23 12:13:34.210000,NA,NA,NA,NA,week 11,0.0,0.0,0,0,NA,NA,0.0,0,0,2024-04-23 12:13:10.773000,NA,0.0,NA,0,NA,NA,NA,0.0,0.0,0,0,NA,NA,0.0,0.0,0,0,NA,NA,1.0088883333333334,0.0,2,0,2024-04-27 22:23:55.880000,NA,0.441945,NA,NA,NA,3,2024-04-23 12:13:45.571000,0.0011116666666666666,0.0,1,0,2024-04-23 12:13:38.485000,NA,18626,2315
NA,NA,NA,NA,75.0,67.0,67.0,59.0,67,1995,126_datatwo,22/04/24 - 28/04/24,0.0,0.0,0.0,0.0,0.0,0.0,0.0,00:00:00,00:38:35,0,0,0.0,0.0,0.0,0.0,0.0,0.0,0,0,0,NA,0,0,NA,NA,NA,NA,NA,NA,week 11,0.0,0.0,0,0,NA,NA,0.0,0,0,NA,NA,0.0,NA,0,NA,NA,NA,0.0,0.0,0,0,NA,NA,0.0,0.0,0,0,NA,NA,0.0,0.0,0,0,NA,NA,0.0,NA,NA,NA,0,NA,0.0,0.0,0,0,NA,NA,0,2315
NA,NA,NA,NA,56.0,56.0,56.0,60.0,57,2000,127_datatwo,22/04/24 - 28/04/24,0.0,0.0,0.0,0.0,0.0,0.0,0.013333333333333334,00:00:48,00:38:35,1,1,0.0,0.0,0.0,0.0,0.0,0.0,1,0,0,NA,0,0,2024-04-28 16:20:08.757000,NA,NA,NA,NA,NA,week 11,0.0,0.0,0,0,NA,NA,0.0,0,0,NA,NA,0.0,NA,0,NA,NA,NA,0.0,0.0,0,0,NA,NA,0.0,0.0,0,0,NA,NA,0.0,0.0,0,0,NA,NA,0.0,NA,NA,NA,0,NA,0.0,0.0,0,0,NA,NA,48,2315
64,68,NA,NA,68.0,72.0,52.0,52.0,61,1999,128_datatwo,22/04/24 - 28/04/24,0.0,1.1844450000000002,0.0,0.0,0.0,0.0027783333333333336,0.0,01:11:14,00:38:35,3,5,0.0,1.1775,0.0,0.0,0.0,0.0,0,3,0,NA,0,0,NA,2024-04-23 11:52:46.493000,NA,NA,NA,NA,week 11,0.0,0.0,0,0,NA,NA,0.0,0,0,NA,NA,0.0,NA,0,NA,NA,NA,0.0,0.0,0,0,NA,NA,0.0,0.0,0,0,NA,NA,0.0,0.0,0,0,NA,NA,0.0,NA,NA,NA,0,NA,0.006666666666666667,0.0,2,0,2024-04-23 11:56:49.356000,NA,4274,2315
NA,NA,72,NA,68.0,64.0,76.0,64.0,68,1998,129_datatwo,22/04/24 - 28/04/24,0.7636116666666666,2.068611666666667,0.0,0.7661116666666666,0.0,0.0,0.0,03:35:54,00:38:35,3,3,0.0,0.006111666666666666,0.0,0.0,0.0,0.0,0,2,0,NA,0,0,NA,2024-04-25 10:40:42.655000,NA,NA,NA,NA,week 11,0.0,0.0,0,0,NA,NA,0.0,0,0,NA,NA,0.0,NA,0,NA,NA,NA,0.0,0.0,0,0,NA,NA,0.0,0.0,0,0,NA,NA,0.0,0.0,0,0,NA,NA,0.7497216666666666,NA,NA,NA,2,2024-04-25 10:40:49.197000,0.005555000000000001,0.0,1,0,2024-04-25 10:42:33.354000,NA,12954,2315
64,68,56,NA,72.0,72.0,68.0,68.0,70,2000,130_datatwo,22/04/24 - 28/04/24,0.0027783333333333336,0.010278333333333334,0.0,0.0,0.0,0.0,0.0,00:00:47,00:38:35,0,0,0.0,0.0,0.0,0.0,0.0,0.0,0,0,0,NA,0,0,NA,NA,NA,NA,NA,NA,week 11,0.0,0.0,0,0,NA,NA,0.0,0,0,NA,NA,0.0,NA,0,NA,NA,NA,0.0,0.0,0,0,NA,NA,0.0,0.0,0,0,NA,NA,0.0,0.0,0,0,NA,NA,0.0,NA,NA,NA,0,NA,0.0,0.0,0,0,NA,NA,47,2315
NA,NA,NA,NA,52.0,52.0,52.0,72.0,57,1985,131_datatwo,22/04/24 - 28/04/24,0.0,0.0,0.0,0.0,0.0,0.0,0.0,00:00:47,00:38:35,0,0,0.0,0.0,0.0,0.0,0.0,0.0,0,0,0,NA,0,0,NA,NA,NA,NA,NA,NA,week 11,0.0,0.0,0,0,NA,NA,0.0,0,0,NA,NA,0.0,NA,0,NA,NA,NA,0.0,0.0,0,0,NA,NA,0.0,0.0,0,0,NA,NA,0.0,0.0,0,0,NA,NA,0.0,NA,NA,NA,0,NA,0.0,0.0,0,0,NA,NA,47,2315
48,64,48,NA,68.0,72.0,60.0,60.0,65,1997,132_datatwo,22/04/24 - 28/04/24,0.0,0.0,0.0,0.0,0.0,0.0,0.0,00:00:47,00:48:09,0,0,0.0,0.0,0.0,0.0,0.0,0.0,0,0,0,NA,0,0,NA,NA,NA,NA,NA,NA,week 11,0.0,0.0,0,0,NA,NA,0.0,0,0,NA,NA,0.0,NA,0,NA,NA,NA,0.0,0.0,0,0,NA,NA,0.0,0.0,0,0,NA,NA,0.0,0.0,0,0,NA,NA,0.0,NA,NA,NA,0,NA,0.0,0.0,0,0,NA,NA,47,2889
32,68,NA,60,52.0,72.0,52.0,68.0,61,1996,133_datatwo,22/04/24 - 28/04/24,0.025,0.0,0.0,0.0,0.0,0.0,0.0,00:01:30,00:38:35,2,2,0.003888333333333333,0.0,0.0,0.0,0.0,0.0,2,0,0,NA,0,0,2024-04-22 12:50:56.076000,NA,NA,NA,NA,NA,week 11,0.0,0.0,0,0,NA,NA,0.0,0,0,NA,NA,0.0,NA,0,NA,NA,NA,0.0,0.0,0,0,NA,NA,0.0,0.0,0,0,NA,NA,0.0,0.0,0,0,NA,NA,0.0,NA,NA,NA,0,NA,0.0,0.010833333333333334,0,1,NA,2024-04-22 12:51:10.417000,90,2315
NA,NA,NA,NA,64.0,56.0,60.0,52.0,58,1995,134_datatwo,22/04/24 - 28/04/24,0.0,0.004166666666666667,0.0,0.0,0.0,0.0,0.151945,00:09:22,00:38:35,3,3,0.124445,0.0,0.0,0.0,0.0,0.0,1,1,0,NA,0,0,2024-04-28 00:09:22.334000,2024-04-28 00:17:18.596000,NA,NA,NA,NA,week 11,0.0,0.0,0,0,NA,NA,0.0,0,0,NA,NA,0.0,NA,0,NA,NA,NA,0.0,0.008055,0,1,NA,2024-04-28 00:16:49.834000,0.0,0.0,0,0,NA,NA,0.0,0.0,0,0,NA,NA,0.0,NA,NA,NA,0,NA,0.0,0.0,0,0,NA,NA,562,2315
68,72,72,NA,72.0,80.0,68.0,64.0,70,2003,135_datatwo,22/04/24 - 28/04/24,0.0,0.0,0.0,0.0,0.0,0.0,0.0,00:00:00,00:38:35,0,0,0.0,0.0,0.0,0.0,0.0,0.0,0,0,0,NA,0,0,NA,NA,NA,NA,NA,NA,week 11,0.0,0.0,0,0,NA,NA,0.0,0,0,NA,NA,0.0,NA,0,NA,NA,NA,0.0,0.0,0,0,NA,NA,0.0,0.0,0,0,NA,NA,0.0,0.0,0,0,NA,NA,0.0,NA,NA,NA,0,NA,0.0,0.0,0,0,NA,NA,0,2315
56,68,72,70,76.0,76.0,76.0,72.0,75,1999,136_datatwo,22/04/24 - 28/04/24,0.0,0.12916666666666668,0.0,0.012221666666666665,0.0,0.0,2.944166666666667,03:05:08,00:38:35,3,3,0.04083333333333334,0.0,0.0,0.0,0.0,0.0,1,0,0,NA,0,0,2024-04-23 13:54:37.988000,NA,NA,NA,NA,NA,week 11,0.0,0.0,0,0,NA,NA,0.0,0,0,NA,NA,0.0,NA,0,NA,NA,NA,0.0,0.0,0,0,NA,NA,0.0,0.0,0,0,NA,NA,0.0,0.0,0,0,NA,NA,0.0,NA,NA,NA,0,NA,0.0,0.08,0,1,NA,2024-04-23 13:57:14.345000,11108,2315
