total_marks,list_of_countries,what_is_your_year_of_birth_just_the_year,how_do_you_describe_yourself___selected_choice,what_is_your_first_degree_subject_area,student_id,date_range,monday,tuesday,wednesday,thursday,friday,saturday,sunday,student_time_in_course,avg_time_per_user,total_items,total_logins,std_act_assignments,std_act_learning_materials,std_act_module_information_handbook,std_act_reading_list,std_act_week1,std_act_week2,no_of_times_accessed_assignments,no_of_times_accessed_learning_materials,no_of_times_accessed_module_information_handbook,no_of_times_accessed_reading_list,no_of_times_week1,no_of_times_week2,initial_access_assignments,initial_access_learning_materials,initial_access_information_handbook,initial_access_reading_list,initial_access_week1,initial_access_week2,main_week,std_act_week3,no_of_times_week3,initial_access_week3,std_act_df5,no_of_times_week4,initial_access_week4,std_act_week4,std_act_week5,std_act_week6,std_act_week7,no_of_times_week5,no_of_times_week6,no_of_times_week7,initial_access_week5,initial_access_week6,initial_access_week7,std_act_week8,no_of_times_week8,initial_access_week8,std_act_week9,no_of_times_week9,initial_access_week9,std_act_week10,no_of_times_week10,initial_access_week10,std_act_week_11_feedback,no_of_times_week11_feedback,initial_access_week11_feedback
60.0,Nigeria,1996,Male,"CAH13-01	Architecture, building and planning",1,03/10/22 - 09/10/22,0.0,0.005278333333333333,0.014721666666666666,0.0,0.0,0.0,0.023611666666666663,00:02:37,01:19:38,2,4,0.0,0.007221666666666667,0.0,0.0,0.01638833333333333,0.0,0,3,0,0,2,0,NA,2022-10-04 15:45:00.718000,NA,NA,2022-10-04 15:45:03.544000,NA,week_one,NA,NA,NA,NA,NA,NA,NA,NA,NA,NA,NA,NA,NA,NA,NA,NA,NA,NA,NA,NA,NA,NA,NA,NA,NA,NA,NA,NA
70.0,Nigeria,1996,Male,CAH07-02	Chemistry,2,03/10/22 - 09/10/22,0.0,3.1175,0.0,0.0,0.0,0.0,0.0,03:07:03,01:19:38,3,3,0.0,0.004166666666666667,1.7733333333333334,0.0,1.330555,0.0,0,3,2,0,2,0,NA,2022-10-04 15:48:30.421000,2022-10-04 14:02:11.582000,NA,2022-10-04 15:48:38.726000,NA,week_one,NA,NA,NA,NA,NA,NA,NA,NA,NA,NA,NA,NA,NA,NA,NA,NA,NA,NA,NA,NA,NA,NA,NA,NA,NA,NA,NA,NA
65.0,Nigeria,1990,Female,CAH15-02	Economics,3,03/10/22 - 09/10/22,0.01972166666666667,1.7108333333333334,0.0,0.0,0.0,0.0,0.0,01:43:50,01:19:38,6,9,0.0,0.007778333333333333,0.000555,0.033055,1.6280549999999998,0.0,0,5,2,2,4,0,NA,2022-10-04 14:05:35.288000,2022-10-03 21:49:58.608000,2022-10-04 14:01:58.086000,2022-10-04 14:05:37.424000,NA,week_one,NA,NA,NA,NA,NA,NA,NA,NA,NA,NA,NA,NA,NA,NA,NA,NA,NA,NA,NA,NA,NA,NA,NA,NA,NA,NA,NA,NA
55.0,Nigeria,1991,Male,CAH15-02	Economics,4,03/10/22 - 09/10/22,0.0016666666666666668,0.018055,0.0,0.0,0.0,0.0,0.0,00:01:11,01:19:38,2,4,0.0,0.0019433333333333336,0.0,0.0,0.0,0.0,0,2,0,0,2,0,NA,2022-10-03 11:15:47.910000,NA,NA,2022-10-03 11:15:50.346000,NA,week_one,NA,NA,NA,NA,NA,NA,NA,NA,NA,NA,NA,NA,NA,NA,NA,NA,NA,NA,NA,NA,NA,NA,NA,NA,NA,NA,NA,NA
65.0,Pakistan,1998,Male,CAH17-01	Business and management,5,03/10/22 - 09/10/22,0.0,2.2322216666666668,0.05277833333333334,0.0,0.0,0.0,0.0,02:17:06,01:19:38,3,5,0.0,0.0022233333333333332,0.0016666666666666668,0.0,2.2416666666666667,0.0,0,2,2,0,2,0,NA,2022-10-04 15:49:31.924000,2022-10-05 17:49:47.691000,NA,2022-10-04 15:49:38.697000,NA,week_one,NA,NA,NA,NA,NA,NA,NA,NA,NA,NA,NA,NA,NA,NA,NA,NA,NA,NA,NA,NA,NA,NA,NA,NA,NA,NA,NA,NA
62.0,Nigeria,1985,Male,CAH10-01	Engineering,6,03/10/22 - 09/10/22,0.0,5.439445,0.0,0.0,0.0,0.0,0.0,05:26:22,01:19:38,4,4,0.0,0.001945,0.0008333333333333334,0.0,4.526666666666667,0.0,2,1,0,0,2,2,NA,2022-10-04 12:27:00.446000,2022-10-04 11:39:42.832000,NA,2022-10-04 12:27:03.171000,NA,week_one,NA,NA,NA,NA,NA,NA,NA,NA,NA,NA,NA,NA,NA,NA,NA,NA,NA,NA,NA,NA,NA,NA,NA,NA,NA,NA,NA,NA
61.0,Nigeria,1985,Male,CAH11-01	Computing,7,03/10/22 - 09/10/22,0.0,1.5497216666666667,0.011666666666666665,0.0,0.0,0.0,0.0,01:33:41,01:19:38,4,6,0.0,0.0036116666666666667,0.004166666666666667,0.0,0.5002783333333334,0.0,0,2,1,0,2,0,NA,2022-10-04 15:05:07.261000,2022-10-04 15:32:40.566000,NA,2022-10-04 15:05:10.582000,NA,week_one,NA,NA,NA,NA,NA,NA,NA,NA,NA,NA,NA,NA,NA,NA,NA,NA,NA,NA,NA,NA,NA,NA,NA,NA,NA,NA,NA,NA
77.0,United Kingdom of Great Britain and Northern Ireland,2001,Female,"CAH07-04	General, applied and forensic sciences",8,03/10/22 - 09/10/22,0.08833333333333333,2.0413883333333334,0.1875,0.0,0.0,0.0,0.0,02:19:02,01:19:38,4,10,0.0,0.003055,0.0,0.006111666666666666,0.87,0.0,0,6,0,1,5,0,NA,2022-10-04 09:45:51.107000,NA,2022-10-04 11:21:55.518000,2022-10-04 09:45:52.993000,NA,week_one,NA,NA,NA,NA,NA,NA,NA,NA,NA,NA,NA,NA,NA,NA,NA,NA,NA,NA,NA,NA,NA,NA,NA,NA,NA,NA,NA,NA
61.0,Nigeria,1976,Male,CAH03-01	Biosciences,9,03/10/22 - 09/10/22,0.0,0.0036116666666666667,0.0,0.0,0.0,0.0,0.0,00:00:13,01:19:38,2,2,0.0,0.0016666666666666668,0.0,0.0,0.0,0.0,0,1,0,0,1,0,NA,2022-10-04 15:57:44.779000,NA,NA,2022-10-04 15:57:50.387000,NA,week_one,NA,NA,NA,NA,NA,NA,NA,NA,NA,NA,NA,NA,NA,NA,NA,NA,NA,NA,NA,NA,NA,NA,NA,NA,NA,NA,NA,NA
63.0,India,1998,Female,CAH11-01	Computing,10,03/10/22 - 09/10/22,2.2272233333333333,0.001945,0.0,0.0,0.0,0.0,0.0,02:13:45,01:19:38,4,6,0.0,0.0008333333333333334,0.0,2.1897216666666663,0.0,0.0,0,1,0,4,1,0,NA,2022-10-04 15:53:32.716000,NA,2022-10-03 13:42:42.702000,2022-10-04 15:53:35.542000,NA,week_one,NA,NA,NA,NA,NA,NA,NA,NA,NA,NA,NA,NA,NA,NA,NA,NA,NA,NA,NA,NA,NA,NA,NA,NA,NA,NA,NA,NA
67.0,Nigeria,1996,Female,CAH07-02	Chemistry,11,03/10/22 - 09/10/22,0.0,2.1083333333333334,0.0,0.0,0.0,0.0,0.0,02:06:30,01:19:38,3,3,0.0,0.005833333333333333,0.0,0.0,1.9091666666666667,0.0,0,3,0,0,1,0,NA,2022-10-04 15:11:39.609000,NA,NA,2022-10-04 15:11:44.216000,NA,week_one,NA,NA,NA,NA,NA,NA,NA,NA,NA,NA,NA,NA,NA,NA,NA,NA,NA,NA,NA,NA,NA,NA,NA,NA,NA,NA,NA,NA
66.0,Nigeria,1986,Female,"CAH06-01	Agriculture, food and related studies",12,03/10/22 - 09/10/22,0.189445,6.689166666666667,0.0,0.007778333333333333,0.049721666666666664,0.0,0.0,06:56:10,01:19:38,5,13,0.0,0.006666666666666667,0.009445000000000002,1.5966666666666667,3.15889,0.0,0,6,1,6,6,0,NA,2022-10-03 12:18:20.720000,2022-10-04 14:33:38.001000,2022-10-03 12:18:52.334000,2022-10-03 12:18:24.798000,NA,week_one,NA,NA,NA,NA,NA,NA,NA,NA,NA,NA,NA,NA,NA,NA,NA,NA,NA,NA,NA,NA,NA,NA,NA,NA,NA,NA,NA,NA
76.0,United Kingdom of Great Britain and Northern Ireland,1995,Male,CAH11-01	Computing,13,03/10/22 - 09/10/22,0.0,4.679166666666666,0.04416666666666667,0.0,0.0,0.008888333333333333,0.0,04:43:56,01:19:38,3,5,0.0,0.0022216666666666665,1.4852783333333335,0.0,3.145,0.0,0,3,3,0,3,0,NA,2022-10-04 11:04:32.766000,2022-10-04 14:14:27.735000,NA,2022-10-04 11:04:37.310000,NA,week_one,NA,NA,NA,NA,NA,NA,NA,NA,NA,NA,NA,NA,NA,NA,NA,NA,NA,NA,NA,NA,NA,NA,NA,NA,NA,NA,NA,NA
57.0,Bangladesh,1997,Female,CAH10-01	Engineering,14,03/10/22 - 09/10/22,0.0,3.305,0.0,0.0,0.0,0.0,0.0,03:18:18,01:19:38,8,8,0.0,0.008888333333333333,1.7569450000000002,0.058611666666666666,1.1366666666666667,0.0,0,4,3,2,3,0,NA,2022-10-04 12:49:11.031000,2022-10-04 12:40:49.049000,2022-10-04 12:43:55.031000,2022-10-04 12:49:18.623000,NA,week_one,NA,NA,NA,NA,NA,NA,NA,NA,NA,NA,NA,NA,NA,NA,NA,NA,NA,NA,NA,NA,NA,NA,NA,NA,NA,NA,NA,NA
64.0,Italy,2000,Female,CAH16-01	Law,15,03/10/22 - 09/10/22,0.27666666666666667,0.6108333333333333,0.0,0.0725,0.0,0.0,0.0016666666666666668,00:57:42,01:19:38,3,10,0.0,0.005555000000000001,0.0013883333333333332,0.0,0.18333333333333332,0.0,0,6,1,0,5,0,NA,2022-10-03 15:11:50.041000,2022-10-03 15:12:22.128000,NA,2022-10-03 15:11:53.473000,NA,week_one,NA,NA,NA,NA,NA,NA,NA,NA,NA,NA,NA,NA,NA,NA,NA,NA,NA,NA,NA,NA,NA,NA,NA,NA,NA,NA,NA,NA
64.0,Sri Lanka,1993,Female,CAH17-01	Business and management,16,03/10/22 - 09/10/22,0.0,0.0,0.0,0.0,0.0,0.0,0.0,00:00:00,01:19:38,0,0,0.0,0.0,0.0,0.0,0.0,0.0,0,0,0,0,0,0,NA,NA,NA,NA,NA,NA,week_one,NA,NA,NA,NA,NA,NA,NA,NA,NA,NA,NA,NA,NA,NA,NA,NA,NA,NA,NA,NA,NA,NA,NA,NA,NA,NA,NA,NA
78.0,Viet Nam,1999,Male,CAH11-01	Computing,17,03/10/22 - 09/10/22,0.0,3.7741666666666664,0.021666666666666667,0.0,0.0008333333333333334,0.0,1.6908333333333334,05:29:15,01:19:38,9,19,0.0,0.3027783333333333,0.004445,1.8636116666666669,0.719445,0.0,0,12,4,4,6,0,NA,2022-10-04 10:45:34.183000,2022-10-04 10:45:16.351000,2022-10-04 10:45:27.593000,2022-10-04 10:45:35.702000,NA,week_one,NA,NA,NA,NA,NA,NA,NA,NA,NA,NA,NA,NA,NA,NA,NA,NA,NA,NA,NA,NA,NA,NA,NA,NA,NA,NA,NA,NA
63.0,Viet Nam,1996,Female,CAH17-01	Business and management,18,03/10/22 - 09/10/22,0.07722166666666667,2.310555,0.0,0.0,0.0,0.0,0.0,02:23:16,01:19:38,5,18,0.0,0.0033333333333333335,0.0027783333333333336,0.00389,1.0230566666666667,0.0,0,8,2,8,7,0,NA,2022-10-03 14:10:57.311000,2022-10-03 14:10:54.609000,2022-10-03 14:10:53.314000,2022-10-03 14:10:59.208000,NA,week_one,NA,NA,NA,NA,NA,NA,NA,NA,NA,NA,NA,NA,NA,NA,NA,NA,NA,NA,NA,NA,NA,NA,NA,NA,NA,NA,NA,NA
62.0,United Kingdom of Great Britain and Northern Ireland,2001,Male,CAH15-02	Economics,19,03/10/22 - 09/10/22,0.0,0.0,0.0,0.0,0.0,0.0,0.016111666666666666,00:00:58,01:19:38,1,1,0.0,0.00027833333333333334,0.0,0.0,0.0,0.0,0,1,0,0,0,0,NA,2022-10-09 23:17:24.116000,NA,NA,NA,NA,week_one,NA,NA,NA,NA,NA,NA,NA,NA,NA,NA,NA,NA,NA,NA,NA,NA,NA,NA,NA,NA,NA,NA,NA,NA,NA,NA,NA,NA
62.0,Sri Lanka,1989,Female,CAH17-01	Business and management,20,03/10/22 - 09/10/22,0.0,0.315,0.0,0.0,0.0,0.0,0.0,00:18:54,01:19:54,4,4,0.0,0.000555,0.0008333333333333334,0.0,0.29638833333333336,0.0,0,1,1,0,1,0,NA,2022-10-04 23:03:12.885000,2022-10-04 23:03:09.998000,NA,2022-10-04 23:03:15.047000,NA,week_one,NA,NA,NA,NA,NA,NA,NA,NA,NA,NA,NA,NA,NA,NA,NA,NA,NA,NA,NA,NA,NA,NA,NA,NA,NA,NA,NA,NA
66.0,Sri Lanka,1997,Male,CAH17-01	Business and management,21,03/10/22 - 09/10/22,0.0,2.9116666666666666,0.0,0.0,0.0,0.0,0.0,02:54:42,01:19:38,6,6,0.0,0.0016666666666666668,0.095555,0.3736116666666666,0.08472166666666665,0.0,0,3,2,3,3,0,NA,2022-10-04 09:36:29.167000,2022-10-04 09:30:52.828000,2022-10-04 13:18:32.036000,2022-10-04 09:36:31.499000,NA,week_one,NA,NA,NA,NA,NA,NA,NA,NA,NA,NA,NA,NA,NA,NA,NA,NA,NA,NA,NA,NA,NA,NA,NA,NA,NA,NA,NA,NA
59.0,Nigeria,1990,Male,"CAH07-04	General, applied and forensic sciences",22,03/10/22 - 09/10/22,0.0,1.3133333333333332,0.004445,0.0,0.0,0.0,0.0,01:19:04,01:19:38,5,6,0.0,0.001945,0.007221666666666667,0.0027783333333333336,1.2788883333333334,0.0,0,2,2,2,1,0,NA,2022-10-04 15:53:51.445000,2022-10-04 17:08:24.301000,2022-10-04 17:08:45.901000,2022-10-04 15:53:54.713000,NA,week_one,NA,NA,NA,NA,NA,NA,NA,NA,NA,NA,NA,NA,NA,NA,NA,NA,NA,NA,NA,NA,NA,NA,NA,NA,NA,NA,NA,NA
67.0,Nigeria,1993,Female,CAH09-01	Mathematical sciences,23,03/10/22 - 09/10/22,0.0,0.010278333333333334,0.0,0.0,0.0,0.0,0.0,00:00:37,01:19:38,0,0,0.0,0.0,0.0,0.0,0.0,0.0,0,0,0,0,0,0,NA,NA,NA,NA,NA,NA,week_one,NA,NA,NA,NA,NA,NA,NA,NA,NA,NA,NA,NA,NA,NA,NA,NA,NA,NA,NA,NA,NA,NA,NA,NA,NA,NA,NA,NA
75.0,United Kingdom of Great Britain and Northern Ireland,1988,Male,CAH03-01	Biosciences,24,03/10/22 - 09/10/22,0.0,2.9775,0.0,1.1400000000000001,0.0,0.12361166666666668,0.0,04:14:28,01:19:38,3,3,0.0,0.0008333333333333334,0.6950000000000001,0.0,2.026945,0.0,0,1,1,0,1,0,NA,2022-10-04 14:58:42.539000,2022-10-04 14:02:35.904000,NA,2022-10-04 14:58:45.063000,NA,week_one,NA,NA,NA,NA,NA,NA,NA,NA,NA,NA,NA,NA,NA,NA,NA,NA,NA,NA,NA,NA,NA,NA,NA,NA,NA,NA,NA,NA
66.0,United Kingdom of Great Britain and Northern Ireland,2000,Male,CAH17-01	Business and management,25,03/10/22 - 09/10/22,0.0,0.016666666666666666,0.0,0.0,0.0,0.0,0.0,00:01:00,01:19:38,4,4,0.0,0.00027833333333333334,0.0,0.000555,0.0,0.0,0,1,0,2,1,0,NA,2022-10-04 15:37:42.258000,NA,2022-10-04 09:06:45.752000,2022-10-04 15:37:43.518000,NA,week_one,NA,NA,NA,NA,NA,NA,NA,NA,NA,NA,NA,NA,NA,NA,NA,NA,NA,NA,NA,NA,NA,NA,NA,NA,NA,NA,NA,NA
83.0,United Kingdom of Great Britain and Northern Ireland,1998,Male,CAH15-02	Economics,26,03/10/22 - 09/10/22,0.0,2.481943333333333,0.0,0.0,0.0,0.0,0.0,02:28:55,01:19:38,3,3,0.0,0.0022216666666666665,0.000555,0.0,0.149445,0.0,0,2,1,0,2,0,NA,2022-10-04 15:44:39.470000,2022-10-04 13:25:50.746000,NA,2022-10-04 15:44:43.449000,NA,week_one,NA,NA,NA,NA,NA,NA,NA,NA,NA,NA,NA,NA,NA,NA,NA,NA,NA,NA,NA,NA,NA,NA,NA,NA,NA,NA,NA,NA
71.0,Switzerland,1996,Female,CAH17-01	Business and management,27,03/10/22 - 09/10/22,0.148055,1.5969450000000003,0.006111666666666666,0.0,0.0,0.003055,0.0,01:45:15,01:19:38,3,6,0.0,0.0033316666666666664,0.46888833333333335,0.0,1.1022216666666667,0.0,0,3,2,0,2,0,NA,2022-10-04 14:58:47.604000,2022-10-04 14:11:00.414000,NA,2022-10-04 14:58:49.725000,NA,week_one,NA,NA,NA,NA,NA,NA,NA,NA,NA,NA,NA,NA,NA,NA,NA,NA,NA,NA,NA,NA,NA,NA,NA,NA,NA,NA,NA,NA
82.0,United Kingdom of Great Britain and Northern Ireland,1995,Non-binary / third gender,"CAH15-01	Sociology, social policy and anthropology",28,03/10/22 - 09/10/22,0.0,0.0,0.0,0.0,0.0008333333333333334,0.0,0.0,00:00:03,01:19:38,0,0,0.0,0.0,0.0,0.0,0.0,0.0,0,0,0,0,0,0,NA,NA,NA,NA,NA,NA,week_one,NA,NA,NA,NA,NA,NA,NA,NA,NA,NA,NA,NA,NA,NA,NA,NA,NA,NA,NA,NA,NA,NA,NA,NA,NA,NA,NA,NA
81.0,United Kingdom of Great Britain and Northern Ireland,1998,Male,CAH11-01	Computing,29,03/10/22 - 09/10/22,0.0,0.006944999999999999,0.015554999999999998,0.0,0.009445000000000002,0.005,0.0,00:02:13,01:19:38,4,5,0.0,0.005556666666666667,0.0,0.0,0.005,0.0,0,6,0,0,2,0,NA,2022-10-04 13:10:48.064000,NA,NA,2022-10-25 09:58:19.976000,NA,week_one,NA,NA,NA,NA,NA,NA,NA,NA,NA,NA,NA,NA,NA,NA,NA,NA,NA,NA,NA,NA,NA,NA,NA,NA,NA,NA,NA,NA
71.0,Spain,1983,Male,CAH10-01	Engineering,30,03/10/22 - 09/10/22,0.5458333333333333,0.8922216666666667,0.010555,0.0,0.0,0.0,0.007221666666666667,01:27:20,01:19:38,6,17,0.0,0.005555000000000001,0.001945,0.09639,0.9113883333333334,0.0,0,8,2,7,6,0,NA,2022-10-03 12:04:21.780000,2022-10-03 13:15:59.334000,2022-10-03 12:05:34.017000,2022-10-03 12:04:23.181000,NA,week_one,NA,NA,NA,NA,NA,NA,NA,NA,NA,NA,NA,NA,NA,NA,NA,NA,NA,NA,NA,NA,NA,NA,NA,NA,NA,NA,NA,NA
63.0,India,1998,Male,CAH11-01	Computing,31,03/10/22 - 09/10/22,0.0,1.3280549999999998,0.006111666666666666,0.0,0.0,0.0,0.0,01:20:03,01:19:38,2,2,0.0,0.0011116666666666666,0.0,0.0,1.3016666666666665,0.0,0,2,0,0,2,0,NA,2022-10-04 14:31:56.093000,NA,NA,2022-10-04 14:31:58.234000,NA,week_one,NA,NA,NA,NA,NA,NA,NA,NA,NA,NA,NA,NA,NA,NA,NA,NA,NA,NA,NA,NA,NA,NA,NA,NA,NA,NA,NA,NA
54.0,Nigeria,1979,Female,CAH17-01	Business and management,32,03/10/22 - 09/10/22,0.0,0.0,0.0,0.0,0.0,0.0,0.0,00:00:00,01:19:38,0,0,0.0,0.0,0.0,0.0,0.0,0.0,0,0,0,0,0,0,NA,NA,NA,NA,NA,NA,week_one,NA,NA,NA,NA,NA,NA,NA,NA,NA,NA,NA,NA,NA,NA,NA,NA,NA,NA,NA,NA,NA,NA,NA,NA,NA,NA,NA,NA
62.0,Nigeria,1970,Prefer to self-describe,CAH17-01	Business and management,33,03/10/22 - 09/10/22,0.0,0.0011116666666666666,0.0,0.0,0.0,0.0,0.0,00:00:04,01:19:38,2,2,0.0,0.000555,0.0,0.0,0.0,0.0,0,1,0,0,1,0,NA,2022-10-04 15:47:52.819000,NA,NA,2022-10-04 15:47:55.162000,NA,week_one,NA,NA,NA,NA,NA,NA,NA,NA,NA,NA,NA,NA,NA,NA,NA,NA,NA,NA,NA,NA,NA,NA,NA,NA,NA,NA,NA,NA
60.0,Sri Lanka,1992,Female,CAH17-01	Business and management,34,03/10/22 - 09/10/22,0.0,0.6180566666666666,0.0,0.0,0.0,0.0,0.0,00:37:05,01:19:38,2,2,0.0,0.00027833333333333334,0.0,0.0,0.355555,0.0,0,2,0,0,1,0,NA,2022-10-04 15:39:03.985000,NA,NA,2022-10-04 15:39:05.475000,NA,week_one,NA,NA,NA,NA,NA,NA,NA,NA,NA,NA,NA,NA,NA,NA,NA,NA,NA,NA,NA,NA,NA,NA,NA,NA,NA,NA,NA,NA
62.0,Nigeria,1999,Male,CAH11-01	Computing,35,03/10/22 - 09/10/22,0.0,3.8136116666666666,0.0,0.0,0.0,0.0,0.05222166666666666,03:51:57,01:19:38,4,6,0.0,0.007776666666666666,0.16111166666666665,0.0,2.074445,0.0,0,4,1,0,2,0,NA,2022-10-04 15:48:35.997000,2022-10-04 14:02:07.854000,NA,2022-10-04 15:48:37.560000,NA,week_one,NA,NA,NA,NA,NA,NA,NA,NA,NA,NA,NA,NA,NA,NA,NA,NA,NA,NA,NA,NA,NA,NA,NA,NA,NA,NA,NA,NA
62.0,Nigeria,1987,Female,"CAH07-04	General, applied and forensic sciences",36,03/10/22 - 09/10/22,0.023611666666666663,0.17222333333333334,2.158888333333333,0.0,0.03527833333333333,0.0,0.0,02:23:24,01:19:38,2,0,0.0,0.0036100000000000004,0.0,0.0,2.306388333333333,0.0,0,3,0,0,3,0,NA,2022-10-04 14:20:26.401000,NA,NA,2022-10-04 14:20:30.535000,NA,week_one,NA,NA,NA,NA,NA,NA,NA,NA,NA,NA,NA,NA,NA,NA,NA,NA,NA,NA,NA,NA,NA,NA,NA,NA,NA,NA,NA,NA
67.0,Sri Lanka,1981,Male,CAH17-01	Business and management,37,03/10/22 - 09/10/22,0.025,0.016944999999999998,0.0,0.0,0.0,0.0,0.0,00:02:31,01:19:38,2,4,0.0,0.01638833333333333,0.0,0.0,0.017221666666666666,0.0,0,2,0,0,2,0,NA,2022-10-03 21:49:54.866000,NA,NA,2022-10-03 21:50:05.988000,NA,week_one,NA,NA,NA,NA,NA,NA,NA,NA,NA,NA,NA,NA,NA,NA,NA,NA,NA,NA,NA,NA,NA,NA,NA,NA,NA,NA,NA,NA
65.0,Pakistan,1993,Male,CAH11-01	Computing,38,03/10/22 - 09/10/22,0.0,1.1444450000000002,0.0,0.0,0.0,0.0,0.0,01:08:40,01:19:38,2,2,0.0,0.0008333333333333334,0.0,0.0,1.1302783333333333,0.0,0,1,0,0,1,0,NA,2022-10-04 15:52:38.304000,NA,NA,2022-10-04 15:52:41.536000,NA,week_one,NA,NA,NA,NA,NA,NA,NA,NA,NA,NA,NA,NA,NA,NA,NA,NA,NA,NA,NA,NA,NA,NA,NA,NA,NA,NA,NA,NA
62.0,Pakistan,1991,Female,CAH11-01	Computing,39,03/10/22 - 09/10/22,0.0,0.011388333333333332,0.008055,0.0,0.0,0.0,0.0,00:01:10,01:19:38,3,3,0.0,0.000555,0.0016666666666666668,0.0,0.0,0.0,0,1,2,0,1,0,NA,2022-10-04 15:47:51.604000,2022-10-05 15:43:08.368000,NA,2022-10-04 15:47:53.219000,NA,week_one,NA,NA,NA,NA,NA,NA,NA,NA,NA,NA,NA,NA,NA,NA,NA,NA,NA,NA,NA,NA,NA,NA,NA,NA,NA,NA,NA,NA
63.0,Sri Lanka,1996,Male,CAH17-01	Business and management,40,03/10/22 - 09/10/22,0.0013883333333333332,0.29472333333333334,0.15083333333333335,0.0,0.0,0.0,0.0,00:26:49,01:19:38,2,7,0.0,0.0030533333333333332,0.0,0.0,0.15388833333333335,0.0,0,4,0,0,3,0,NA,2022-10-04 10:15:36.128000,NA,NA,2022-10-04 10:15:38.375000,NA,week_one,NA,NA,NA,NA,NA,NA,NA,NA,NA,NA,NA,NA,NA,NA,NA,NA,NA,NA,NA,NA,NA,NA,NA,NA,NA,NA,NA,NA
60.0,India,1992,Male,CAH15-02	Economics,41,03/10/22 - 09/10/22,0.0,0.0033333333333333335,0.0,0.0,0.0,0.0,0.0,00:00:12,01:19:38,2,2,0.0,0.000555,0.0,0.0,0.0,0.0,0,1,0,0,1,0,NA,2022-10-04 15:46:59.276000,NA,NA,2022-10-04 15:47:00.779000,NA,week_one,NA,NA,NA,NA,NA,NA,NA,NA,NA,NA,NA,NA,NA,NA,NA,NA,NA,NA,NA,NA,NA,NA,NA,NA,NA,NA,NA,NA
83.0,United Kingdom of Great Britain and Northern Ireland,1975,Female,CAH07-01	Physics and astronomy,42,03/10/22 - 09/10/22,0.0,0.5572233333333333,0.0,0.0,0.001945,0.0,0.0,00:33:33,01:19:38,5,9,0.0,0.001665,0.0016666666666666668,0.28027833333333335,0.020555,0.0,0,3,1,4,3,0,NA,2022-10-04 09:43:34.909000,2022-10-04 16:55:30.974000,2022-10-04 09:44:50.223000,2022-10-04 09:43:36.666000,NA,week_one,NA,NA,NA,NA,NA,NA,NA,NA,NA,NA,NA,NA,NA,NA,NA,NA,NA,NA,NA,NA,NA,NA,NA,NA,NA,NA,NA,NA
62.0,Sri Lanka,1990,Female,CAH17-01	Business and management,43,03/10/22 - 09/10/22,0.0,4.0216666666666665,0.0,0.06833333333333333,0.0,0.0,0.0,04:05:24,01:19:38,3,3,0.0,0.0022216666666666665,0.026111666666666665,0.0,0.920555,0.0,0,3,3,0,3,0,NA,2022-10-04 16:24:36.415000,2022-10-04 16:24:34.051000,NA,2022-10-04 16:24:40.349000,NA,week_one,NA,NA,NA,NA,NA,NA,NA,NA,NA,NA,NA,NA,NA,NA,NA,NA,NA,NA,NA,NA,NA,NA,NA,NA,NA,NA,NA,NA
76.0,Malaysia,1993,Male,CAH17-01	Business and management,44,03/10/22 - 09/10/22,0.0047216666666666665,2.238888333333333,0.0,0.0,0.0,0.009445000000000002,0.0,02:15:11,01:19:38,8,14,0.0,1.2108333333333334,0.007500000000000001,0.01694333333333333,0.3811116666666666,0.0,0,8,3,6,6,0,NA,2022-10-04 10:40:11.942000,2022-10-03 17:10:12.041000,2022-10-03 17:10:14.613000,2022-10-04 10:41:19.194000,NA,week_one,NA,NA,NA,NA,NA,NA,NA,NA,NA,NA,NA,NA,NA,NA,NA,NA,NA,NA,NA,NA,NA,NA,NA,NA,NA,NA,NA,NA
67.0,Thailand,1993,Male,CAH10-01	Engineering,45,03/10/22 - 09/10/22,0.0,4.13,0.0,0.0,0.0,0.0,0.003055,04:07:59,01:19:38,2,2,0.0,0.0022216666666666665,0.0,0.0,1.445555,0.0,0,3,0,0,3,0,NA,2022-10-04 11:28:26.848000,NA,NA,2022-10-04 11:28:31.844000,NA,week_one,NA,NA,NA,NA,NA,NA,NA,NA,NA,NA,NA,NA,NA,NA,NA,NA,NA,NA,NA,NA,NA,NA,NA,NA,NA,NA,NA,NA
65.0,India,1994,Male,CAH17-01	Business and management,46,03/10/22 - 09/10/22,0.008333333333333333,0.5780550000000001,0.0,0.0,0.0,0.0,0.0,00:35:11,01:19:38,7,7,0.0,0.0027783333333333336,0.008888333333333333,0.025278333333333333,0.3733333333333333,0.0,0,2,3,2,2,0,NA,2022-10-04 19:29:20.324000,2022-10-04 19:23:10.754000,2022-10-04 19:53:28.781000,2022-10-04 19:29:25.174000,NA,week_one,NA,NA,NA,NA,NA,NA,NA,NA,NA,NA,NA,NA,NA,NA,NA,NA,NA,NA,NA,NA,NA,NA,NA,NA,NA,NA,NA,NA
66.0,United Kingdom of Great Britain and Northern Ireland,1997,Female,"CAH26-01 Geography, earth and environmental studies",47,03/10/22 - 09/10/22,0.0,0.0,0.0,0.0,0.0,0.0,0.0,00:00:00,01:19:38,0,0,0.0,0.0,0.0,0.0,0.0,0.0,0,0,0,0,0,0,NA,NA,NA,NA,NA,NA,week_one,NA,NA,NA,NA,NA,NA,NA,NA,NA,NA,NA,NA,NA,NA,NA,NA,NA,NA,NA,NA,NA,NA,NA,NA,NA,NA,NA,NA
60.0,Malaysia,1992,Male,CAH25-01	Creative arts and design,48,03/10/22 - 09/10/22,0.0,0.7683333333333333,0.019166666666666665,0.0,0.0,0.0,0.0,00:47:15,01:19:38,6,8,0.0,0.004166666666666667,0.0013883333333333332,0.0022216666666666665,0.6405550000000001,0.0,0,7,3,1,5,0,NA,2022-10-04 13:11:03.966000,2022-10-04 13:11:02.520000,2022-10-04 13:18:39.871000,2022-10-04 13:11:06.597000,NA,week_one,NA,NA,NA,NA,NA,NA,NA,NA,NA,NA,NA,NA,NA,NA,NA,NA,NA,NA,NA,NA,NA,NA,NA,NA,NA,NA,NA,NA
68.0,Nigeria,1984,Female,CAH11-01	Computing,49,03/10/22 - 09/10/22,0.0,0.026388333333333337,0.0,0.0,0.0,0.0,0.0,00:01:35,01:19:38,3,3,0.0,0.0008333333333333334,0.0,0.0,0.0,0.0,0,1,0,0,1,0,NA,2022-10-04 15:55:40.195000,NA,NA,2022-10-04 15:55:42.927000,NA,week_one,NA,NA,NA,NA,NA,NA,NA,NA,NA,NA,NA,NA,NA,NA,NA,NA,NA,NA,NA,NA,NA,NA,NA,NA,NA,NA,NA,NA
57.0,Nigeria,1992,Male,CAH11-01	Computing,50,03/10/22 - 09/10/22,0.5,4.597778333333333,0.0,0.0,0.0,0.359445,0.0,05:27:26,01:19:38,4,9,0.0,0.0027783333333333336,0.0008333333333333334,0.0033333333333333335,1.623055,0.0,0,3,1,2,3,0,NA,2022-10-03 11:56:58.928000,2022-10-03 11:57:33.802000,2022-10-03 11:57:53.976000,2022-10-03 11:57:03.011000,NA,week_one,NA,NA,NA,NA,NA,NA,NA,NA,NA,NA,NA,NA,NA,NA,NA,NA,NA,NA,NA,NA,NA,NA,NA,NA,NA,NA,NA,NA
67.0,Nigeria,1998,Female,CAH16-01	Law,51,03/10/22 - 09/10/22,0.22333333333333333,0.08138833333333334,0.0,0.0,0.0,0.0,0.0,00:18:17,01:19:38,3,6,0.0,0.0013883333333333332,0.09583333333333334,0.0,0.023611666666666663,0.0,0,2,3,0,2,0,NA,2022-10-03 11:10:40.459000,2022-10-03 11:06:59.337000,NA,2022-10-03 11:10:43.544000,NA,week_one,NA,NA,NA,NA,NA,NA,NA,NA,NA,NA,NA,NA,NA,NA,NA,NA,NA,NA,NA,NA,NA,NA,NA,NA,NA,NA,NA,NA
62.0,Nigeria,1991,Female,CAH10-03	Materials and technology,52,03/10/22 - 09/10/22,0.021111666666666664,0.07027833333333335,0.0,0.0,0.0,0.0,0.0,00:05:29,01:19:38,1,2,0.0,0.0,0.0,0.0,0.010555,0.0,0,0,0,0,2,0,NA,NA,NA,NA,2022-10-04 14:49:40.154000,NA,week_one,NA,NA,NA,NA,NA,NA,NA,NA,NA,NA,NA,NA,NA,NA,NA,NA,NA,NA,NA,NA,NA,NA,NA,NA,NA,NA,NA,NA
67.0,Nigeria,2001,Female,CAH09-01	Mathematical sciences,53,03/10/22 - 09/10/22,0.0,0.0,0.0,0.0,0.023611666666666663,0.0,0.0,00:01:25,01:19:38,0,0,0.0,0.0,0.0,0.0,0.0,0.0,0,0,0,0,0,0,NA,NA,NA,NA,NA,NA,week_one,NA,NA,NA,NA,NA,NA,NA,NA,NA,NA,NA,NA,NA,NA,NA,NA,NA,NA,NA,NA,NA,NA,NA,NA,NA,NA,NA,NA
68.0,Nigeria,1979,Female,CAH11-01	Computing,54,03/10/22 - 09/10/22,1.550555,1.8188883333333332,0.17722333333333334,1.1683333333333332,0.0,0.0,0.0,04:42:54,01:19:38,12,17,0.0,1.2197216666666664,0.15888833333333335,0.07083333333333333,1.81861,0.0,0,7,4,4,6,0,NA,2022-10-03 14:03:21.571000,2022-10-03 13:02:41.652000,2022-10-03 12:56:38.302000,2022-10-03 13:02:00.897000,NA,week_one,NA,NA,NA,NA,NA,NA,NA,NA,NA,NA,NA,NA,NA,NA,NA,NA,NA,NA,NA,NA,NA,NA,NA,NA,NA,NA,NA,NA
66.0,Nigeria,1986,Female,CAH10-03	Materials and technology,55,03/10/22 - 09/10/22,0.0,3.5697216666666667,0.0,0.0,0.0,0.0,0.0,03:34:11,01:19:38,4,4,0.0,0.0025,0.0033333333333333335,0.0,0.9191666666666667,0.0,0,3,2,0,2,0,NA,2022-10-04 14:05:08.209000,2022-10-04 14:05:05.444000,NA,2022-10-04 14:05:11.634000,NA,week_one,NA,NA,NA,NA,NA,NA,NA,NA,NA,NA,NA,NA,NA,NA,NA,NA,NA,NA,NA,NA,NA,NA,NA,NA,NA,NA,NA,NA
70.0,Nigeria,1986,Female,CAH11-01	Computing,56,03/10/22 - 09/10/22,0.0,1.1913883333333333,0.5127783333333333,0.14222166666666666,0.0,0.256945,0.0,02:06:12,01:19:38,5,7,0.0,0.0025,0.0016666666666666668,0.13333333333333333,0.29416666666666663,0.0,0,3,1,2,2,0,NA,2022-10-05 11:51:31.935000,2022-10-05 13:34:22.476000,2022-10-06 13:13:54.977000,2022-10-05 11:51:34.819000,NA,week_one,NA,NA,NA,NA,NA,NA,NA,NA,NA,NA,NA,NA,NA,NA,NA,NA,NA,NA,NA,NA,NA,NA,NA,NA,NA,NA,NA,NA
55.0,Nigeria,1990,Female,CAH17-01	Business and management,57,03/10/22 - 09/10/22,0.0,0.0,0.0,0.0,0.0,0.0,0.0,00:00:00,01:19:38,0,0,0.0,0.0,0.0,0.0,0.0,0.0,0,0,0,0,0,0,NA,NA,NA,NA,NA,NA,week_one,NA,NA,NA,NA,NA,NA,NA,NA,NA,NA,NA,NA,NA,NA,NA,NA,NA,NA,NA,NA,NA,NA,NA,NA,NA,NA,NA,NA
66.0,Nigeria,1992,Male,CAH03-01	Biosciences,58,03/10/22 - 09/10/22,0.009166666666666667,1.5661116666666668,0.011945,0.0,0.0,0.0,0.0,01:35:14,01:19:38,4,4,0.0,0.0013883333333333332,0.059445,0.0,0.3977783333333333,0.0,0,2,1,0,2,0,NA,2022-10-04 14:07:10.456000,2022-10-04 14:03:36.729000,NA,2022-10-04 14:07:12.643000,NA,week_one,NA,NA,NA,NA,NA,NA,NA,NA,NA,NA,NA,NA,NA,NA,NA,NA,NA,NA,NA,NA,NA,NA,NA,NA,NA,NA,NA,NA
54.0,Sri Lanka,1991,Male,CAH10-01	Engineering,59,03/10/22 - 09/10/22,0.0,0.034166666666666665,0.0,0.0,0.0,0.0,0.0,00:02:03,01:19:38,2,2,0.0,0.0,0.0,0.0,0.0027783333333333336,0.0,0,0,1,0,1,0,NA,NA,2022-10-04 14:09:44.678000,NA,2022-10-04 14:09:35.065000,NA,week_one,NA,NA,NA,NA,NA,NA,NA,NA,NA,NA,NA,NA,NA,NA,NA,NA,NA,NA,NA,NA,NA,NA,NA,NA,NA,NA,NA,NA
59.0,Viet Nam,1997,Female,CAH17-01	Business and management,60,03/10/22 - 09/10/22,0.05611166666666667,2.1025,0.9058333333333334,0.6322216666666667,2.778611666666667,0.018888333333333333,1.7872216666666667,08:16:53,01:19:38,6,38,0.0,0.2072216666666667,0.21138833333333334,0.641945,5.490553333333334,0.0,0,33,10,12,19,0,NA,2022-10-03 16:37:49.588000,2022-10-03 16:38:12.527000,2022-10-03 16:38:25.594000,2022-10-03 16:37:51.503000,NA,week_one,NA,NA,NA,NA,NA,NA,NA,NA,NA,NA,NA,NA,NA,NA,NA,NA,NA,NA,NA,NA,NA,NA,NA,NA,NA,NA,NA,NA
60.0,India,1993,Female,CAH10-01	Engineering,61,03/10/22 - 09/10/22,0.0525,2.0827766666666667,0.31805500000000003,0.0,0.0,0.0,0.0,02:27:11,01:19:38,6,12,0.0,0.7930550000000001,0.0022216666666666665,0.003888333333333333,0.6147233333333334,0.0,0,5,1,5,3,0,NA,2022-10-04 14:02:29.892000,2022-10-04 15:44:39.076000,2022-10-03 22:18:49.312000,2022-10-04 14:02:34.677000,NA,week_one,NA,NA,NA,NA,NA,NA,NA,NA,NA,NA,NA,NA,NA,NA,NA,NA,NA,NA,NA,NA,NA,NA,NA,NA,NA,NA,NA,NA
60.0,Turkey,1996,Male,CAH17-01	Business and management,62,03/10/22 - 09/10/22,0.0,0.027778333333333332,0.0,0.0,0.0,0.0,0.0,00:01:40,01:19:38,2,4,0.0,0.015554999999999998,0.0,0.0,0.0,0.0,0,2,0,0,2,0,NA,2022-10-04 15:47:06.116000,NA,NA,2022-10-04 15:48:00.420000,NA,week_one,NA,NA,NA,NA,NA,NA,NA,NA,NA,NA,NA,NA,NA,NA,NA,NA,NA,NA,NA,NA,NA,NA,NA,NA,NA,NA,NA,NA
78.0,United Kingdom of Great Britain and Northern Ireland,1998,Female,CAH17-01	Business and management,63,03/10/22 - 09/10/22,0.0,4.725555,0.0,0.0,0.0,0.0,0.0,04:43:32,01:19:38,5,5,0.0,0.007778333333333333,0.0008333333333333334,0.15,2.254166666666667,0.0,0,2,1,6,2,0,NA,2022-10-04 11:06:54.723000,2022-10-04 11:06:51.337000,2022-10-04 11:07:10.756000,2022-10-04 11:06:58.448000,NA,week_one,NA,NA,NA,NA,NA,NA,NA,NA,NA,NA,NA,NA,NA,NA,NA,NA,NA,NA,NA,NA,NA,NA,NA,NA,NA,NA,NA,NA
61.0,Iran,1989,Female,CAH15-04	Health and social care,64,03/10/22 - 09/10/22,0.0,0.0033333333333333335,0.0,0.0,0.0,0.0,0.0,00:00:12,01:19:38,2,2,0.0,0.0016666666666666668,0.0,0.0,0.0,0.0,0,1,0,0,1,0,NA,2022-10-04 15:51:55.849000,NA,NA,2022-10-04 15:52:01.428000,NA,week_one,NA,NA,NA,NA,NA,NA,NA,NA,NA,NA,NA,NA,NA,NA,NA,NA,NA,NA,NA,NA,NA,NA,NA,NA,NA,NA,NA,NA
55.0,Hong Kong (S.A.R.),2000,Male,"CAH13-01	Architecture, building and planning",65,03/10/22 - 09/10/22,0.0,0.0,0.0,0.0,0.0,0.0,0.0,00:00:00,01:19:38,0,0,0.0,0.0,0.0,0.0,0.0,0.0,0,0,0,0,0,0,NA,NA,NA,NA,NA,NA,week_one,NA,NA,NA,NA,NA,NA,NA,NA,NA,NA,NA,NA,NA,NA,NA,NA,NA,NA,NA,NA,NA,NA,NA,NA,NA,NA,NA,NA
60.0,Hong Kong (S.A.R.),1995,Female,"CAH15-01	Sociology, social policy and anthropology",66,03/10/22 - 09/10/22,0.10194333333333333,1.6036116666666667,0.0,0.0,0.008055,0.10222166666666667,0.0,01:48:56,01:19:38,6,27,0.0,0.03972166666666666,0.005835000000000001,0.047223333333333326,1.4447216666666665,0.0,0,12,5,10,10,0,NA,2022-10-03 16:12:57.368000,2022-10-03 22:53:36.967000,2022-10-03 16:13:01.265000,2022-10-03 16:12:58.550000,NA,week_one,NA,NA,NA,NA,NA,NA,NA,NA,NA,NA,NA,NA,NA,NA,NA,NA,NA,NA,NA,NA,NA,NA,NA,NA,NA,NA,NA,NA
58.0,India,1987,Female,CAH17-01	Business and management,67,03/10/22 - 09/10/22,0.0,6.074166666666667,0.01,0.0,0.0,0.0,0.0,06:05:03,01:19:38,5,7,0.0,0.0016666666666666668,2.839445,0.000555,3.225556666666667,0.0,0,3,1,1,3,0,NA,2022-10-04 14:25:48.205000,2022-10-04 14:58:19.857000,2022-10-04 14:26:42.873000,2022-10-04 14:25:50.888000,NA,week_one,NA,NA,NA,NA,NA,NA,NA,NA,NA,NA,NA,NA,NA,NA,NA,NA,NA,NA,NA,NA,NA,NA,NA,NA,NA,NA,NA,NA
70.0,Myanmar,1996,Female,CAH11-01	Computing,68,03/10/22 - 09/10/22,0.0,0.0011116666666666666,0.0,0.0,0.0,0.0,0.0,00:00:04,01:19:38,2,2,0.0,0.000555,0.0,0.0,0.0,0.0,0,1,0,0,1,0,NA,2022-10-04 15:49:24.942000,NA,NA,2022-10-04 15:49:26.585000,NA,week_one,NA,NA,NA,NA,NA,NA,NA,NA,NA,NA,NA,NA,NA,NA,NA,NA,NA,NA,NA,NA,NA,NA,NA,NA,NA,NA,NA,NA
64.0,United Kingdom of Great Britain and Northern Ireland,1992,Male,CAH10-01	Engineering,69,03/10/22 - 09/10/22,0.0,1.07,0.0,0.0,0.0,0.0,0.0,01:04:12,01:19:38,3,3,0.0,0.0011116666666666666,0.0013883333333333332,0.0,1.0358333333333334,0.0,0,3,3,0,1,0,NA,2022-10-04 15:47:56.456000,2022-10-04 15:47:55.246000,NA,2022-10-04 15:48:42.253000,NA,week_one,NA,NA,NA,NA,NA,NA,NA,NA,NA,NA,NA,NA,NA,NA,NA,NA,NA,NA,NA,NA,NA,NA,NA,NA,NA,NA,NA,NA
65.0,Nigeria,1995,Male,CAH15-02	Economics,70,03/10/22 - 09/10/22,0.0,0.35083333333333333,0.0,0.0,0.0,0.0,0.0,00:21:03,01:19:38,3,3,0.0,0.0011116666666666666,0.0,0.0011116666666666666,0.0,0.0,0,1,0,1,1,0,NA,2022-10-04 14:24:07.866000,NA,2022-10-04 14:13:36.773000,2022-10-04 14:24:11.651000,NA,week_one,NA,NA,NA,NA,NA,NA,NA,NA,NA,NA,NA,NA,NA,NA,NA,NA,NA,NA,NA,NA,NA,NA,NA,NA,NA,NA,NA,NA
64.0,Viet Nam,1998,Male,CAH15-02	Economics,71,03/10/22 - 09/10/22,0.015000000000000001,0.993055,0.0,0.0,0.0,0.0,0.0,01:00:29,01:19:38,6,10,0.0,0.0016666666666666668,0.007221666666666667,0.2983333333333333,0.17083333333333334,0.0,0,3,2,2,3,0,NA,2022-10-03 14:45:42.439000,2022-10-03 14:45:23.966000,2022-10-04 15:00:19.411000,2022-10-03 14:45:45.200000,NA,week_one,NA,NA,NA,NA,NA,NA,NA,NA,NA,NA,NA,NA,NA,NA,NA,NA,NA,NA,NA,NA,NA,NA,NA,NA,NA,NA,NA,NA
69.0,India,1984,Male,"CAH06-01	Agriculture, food and related studies",72,03/10/22 - 09/10/22,0.0,0.20361166666666666,0.0,0.3716666666666667,1.0666666666666667,0.0,0.0,01:38:31,01:19:38,3,6,0.0,0.034721666666666665,0.019166666666666665,0.0,0.9736116666666667,0.0,0,4,2,0,2,0,NA,2022-10-04 15:39:55.647000,2022-10-06 14:19:41.327000,NA,2022-10-04 15:40:44.058000,NA,week_one,NA,NA,NA,NA,NA,NA,NA,NA,NA,NA,NA,NA,NA,NA,NA,NA,NA,NA,NA,NA,NA,NA,NA,NA,NA,NA,NA,NA
64.0,India,1997,Female,CAH10-01	Engineering,73,03/10/22 - 09/10/22,0.0,0.5741666666666667,0.0,0.0,0.0,0.0,0.001945,00:34:34,01:19:38,6,10,0.0,0.004166666666666667,0.0,0.005278333333333333,0.028611666666666664,0.0,0,5,1,2,5,0,NA,2022-10-04 14:25:27.085000,2022-10-04 14:59:34.975000,2022-10-04 14:27:38.073000,2022-10-04 14:25:31.472000,NA,week_one,NA,NA,NA,NA,NA,NA,NA,NA,NA,NA,NA,NA,NA,NA,NA,NA,NA,NA,NA,NA,NA,NA,NA,NA,NA,NA,NA,NA
63.0,Sri Lanka,1986,Female,CAH17-01	Business and management,74,03/10/22 - 09/10/22,0.0125,1.3752783333333334,0.0,0.0,0.0,0.003055,0.0,01:23:27,01:19:38,5,7,0.0,0.0027766666666666664,0.0011116666666666666,0.0008333333333333334,1.3288883333333332,0.0,0,4,1,2,3,0,NA,2022-10-04 14:28:22.278000,2022-10-04 15:48:20.410000,2022-10-03 12:06:54.034000,2022-10-04 14:28:24.994000,NA,week_one,NA,NA,NA,NA,NA,NA,NA,NA,NA,NA,NA,NA,NA,NA,NA,NA,NA,NA,NA,NA,NA,NA,NA,NA,NA,NA,NA,NA
62.0,Sri Lanka,1980,Male,CAH17-01	Business and management,75,03/10/22 - 09/10/22,0.6388883333333334,1.7141666666666666,0.0,0.0,0.0,0.0,0.0,02:21:11,01:19:38,4,7,0.0,0.0025,0.11722166666666665,0.04861166666666667,0.012778333333333334,0.0,0,3,2,1,3,0,NA,2022-10-03 11:52:03.630000,2022-10-03 11:29:25.820000,2022-10-03 11:52:46.578000,2022-10-03 11:52:07.988000,NA,week_one,NA,NA,NA,NA,NA,NA,NA,NA,NA,NA,NA,NA,NA,NA,NA,NA,NA,NA,NA,NA,NA,NA,NA,NA,NA,NA,NA,NA
61.0,Poland,1996,Male,CAH02-05	Medical sciences,76,03/10/22 - 09/10/22,0.0,0.005278333333333333,0.0,0.0,0.0,0.0,0.0,00:00:19,01:19:38,2,2,0.0,0.000555,0.0,0.0,0.0,0.0,0,1,0,0,1,0,NA,2022-10-04 15:49:25.570000,NA,NA,2022-10-04 15:49:27.526000,NA,week_one,NA,NA,NA,NA,NA,NA,NA,NA,NA,NA,NA,NA,NA,NA,NA,NA,NA,NA,NA,NA,NA,NA,NA,NA,NA,NA,NA,NA
77.0,Sri Lanka,1990,Male,CAH17-01	Business and management,77,03/10/22 - 09/10/22,0.0,0.8230566666666667,0.0,0.0,0.0,0.0,0.0,00:49:23,01:19:38,7,16,0.0,0.03388833333333333,0.003055,0.29861166666666666,0.46277833333333335,0.0,0,1,2,3,7,0,NA,2022-10-04 14:57:15.817000,2022-10-04 14:38:36.257000,2022-10-04 14:38:45.251000,2022-10-04 14:11:05.973000,NA,week_one,NA,NA,NA,NA,NA,NA,NA,NA,NA,NA,NA,NA,NA,NA,NA,NA,NA,NA,NA,NA,NA,NA,NA,NA,NA,NA,NA,NA
56.0,Pakistan,1992,Male,CAH10-01	Engineering,78,03/10/22 - 09/10/22,0.0,0.0,0.0,0.0,0.0,0.0,0.0,00:00:00,01:19:38,0,0,0.0,0.0,0.0,0.0,0.0,0.0,0,0,0,0,0,0,NA,NA,NA,NA,NA,NA,week_one,NA,NA,NA,NA,NA,NA,NA,NA,NA,NA,NA,NA,NA,NA,NA,NA,NA,NA,NA,NA,NA,NA,NA,NA,NA,NA,NA,NA
66.0,India,1994,Female,CAH15-02	Economics,79,03/10/22 - 09/10/22,0.0,0.06333333333333332,0.11361166666666667,0.0,0.0,0.008333333333333333,0.0,00:11:07,01:19:54,0,0,0.0,0.0,0.0,0.0,0.0,0.0,0,0,0,0,0,0,NA,NA,NA,NA,NA,NA,week_one,NA,NA,NA,NA,NA,NA,NA,NA,NA,NA,NA,NA,NA,NA,NA,NA,NA,NA,NA,NA,NA,NA,NA,NA,NA,NA,NA,NA
54.0,Nigeria,1988,Male,CAH10-01	Engineering,80,03/10/22 - 09/10/22,0.0,0.0,0.0,0.0,0.0,0.0,0.0,00:00:00,01:19:38,0,0,0.0,0.0,0.0,0.0,0.0,0.0,0,0,0,0,0,0,NA,NA,NA,NA,NA,NA,week_one,NA,NA,NA,NA,NA,NA,NA,NA,NA,NA,NA,NA,NA,NA,NA,NA,NA,NA,NA,NA,NA,NA,NA,NA,NA,NA,NA,NA
73.0,India,1989,Female,CAH11-01	Computing,81,30/01/23 - 05/02/23,0.0,0.6516666666666667,0.04138833333333333,0.0,0.0,0.0,0.0,00:41:35,00:39:42,4,7,0.0,0.007221666666666667,0.007500000000000001,0.0,0.6644450000000001,0.0,0,3,2,0,2,0,NA,2023-01-31 15:32:29.341000,2023-01-31 15:32:27.478000,NA,2023-01-31 15:33:10.496000,NA,week_one,NA,NA,NA,NA,NA,NA,NA,NA,NA,NA,NA,NA,NA,NA,NA,NA,NA,NA,NA,NA,NA,NA,NA,NA,NA,NA,NA,NA
63.6,Nigeria,1985,Female,CAH09-01	Mathematical sciences,82,30/01/23 - 05/02/23,0.0,2.481666666666667,0.0,0.0,0.0,0.0,0.0,02:28:54,00:39:42,4,4,0.0,0.0063883333333333335,0.006666666666666667,0.0,2.450278333333334,0.015000000000000001,0,5,2,0,3,2,NA,2023-01-31 14:25:19.830000,2023-01-31 15:32:03.675000,NA,2023-01-31 14:25:23.665000,2023-01-31 15:32:30.111000,week_one,NA,NA,NA,NA,NA,NA,NA,NA,NA,NA,NA,NA,NA,NA,NA,NA,NA,NA,NA,NA,NA,NA,NA,NA,NA,NA,NA,NA
65.2,Nigeria,1996,Female,CAH07-01	Physics and astronomy,83,30/01/23 - 05/02/23,0.0,0.508055,0.0,0.0,0.0,0.0,0.0,00:30:29,00:39:42,3,3,0.0,0.009721666666666665,0.0011116666666666666,0.0,0.474445,0.0,0,2,1,0,1,0,NA,2023-01-31 15:38:16.962000,2023-01-31 15:38:56.284000,NA,2023-01-31 15:39:03.415000,NA,week_one,NA,NA,NA,NA,NA,NA,NA,NA,NA,NA,NA,NA,NA,NA,NA,NA,NA,NA,NA,NA,NA,NA,NA,NA,NA,NA,NA,NA
69.0,India,1999,Male,CAH11-01	Computing,84,30/01/23 - 05/02/23,0.0,0.08777666666666666,0.0,0.0,0.0,0.0,0.0,00:05:16,00:39:42,2,4,0.0,0.027778333333333332,0.0,0.0,0.05,0.0,0,6,0,0,3,0,NA,2023-01-31 10:47:34.745000,NA,NA,2023-01-31 10:47:43.153000,NA,week_one,NA,NA,NA,NA,NA,NA,NA,NA,NA,NA,NA,NA,NA,NA,NA,NA,NA,NA,NA,NA,NA,NA,NA,NA,NA,NA,NA,NA
56.8,Nigeria,1993,Male,"CAH02-02	Pharmacology, toxicology and pharmacy",85,30/01/23 - 05/02/23,0.025555,2.4102783333333333,0.0,0.0,0.0,0.0,0.0,02:26:09,00:39:42,5,5,0.0,0.003888333333333333,0.003055,0.0,1.3697216666666665,0.000555,0,3,2,0,1,1,NA,2023-01-31 15:27:11.574000,2023-01-31 15:27:05.766000,NA,2023-01-31 15:27:41.888000,2023-01-31 15:27:38.777000,week_one,NA,NA,NA,NA,NA,NA,NA,NA,NA,NA,NA,NA,NA,NA,NA,NA,NA,NA,NA,NA,NA,NA,NA,NA,NA,NA,NA,NA
74.0,Cameroon,1997,Male,CAH10-03	Materials and technology,86,30/01/23 - 05/02/23,0.0,1.2272216666666664,0.0,0.0,0.0,0.0,0.0,01:13:38,00:39:42,2,4,0.0,0.0022216666666666665,0.0,0.0,0.0,0.0,0,2,0,0,2,0,NA,2023-01-31 15:33:27.137000,NA,NA,2023-01-31 15:33:31.801000,NA,week_one,NA,NA,NA,NA,NA,NA,NA,NA,NA,NA,NA,NA,NA,NA,NA,NA,NA,NA,NA,NA,NA,NA,NA,NA,NA,NA,NA,NA
74.6,Egypt,1996,Male,CAH10-01	Engineering,87,30/01/23 - 05/02/23,0.0,0.6366666666666667,0.0,0.0,0.0,0.0,0.011111666666666667,00:38:52,00:39:42,3,4,0.0,0.0022233333333333332,0.0,0.0,0.6247216666666666,0.0,0,2,0,0,1,1,NA,2023-01-31 15:34:54.764000,NA,NA,2023-01-31 15:35:01.788000,2023-02-05 12:26:12.495000,week_one,NA,NA,NA,NA,NA,NA,NA,NA,NA,NA,NA,NA,NA,NA,NA,NA,NA,NA,NA,NA,NA,NA,NA,NA,NA,NA,NA,NA
62.6,Nigeria,1980,Male,CAH10-01	Engineering,88,30/01/23 - 05/02/23,0.0,0.0047216666666666665,0.0,0.045555,0.0,0.0,1.8533333333333333,01:54:13,00:39:42,2,4,0.0,0.0036116666666666667,0.0,0.0,0.0,0.0,0,2,0,0,2,0,NA,2023-01-31 15:34:23.996000,NA,NA,2023-01-31 15:34:27.022000,NA,week_one,NA,NA,NA,NA,NA,NA,NA,NA,NA,NA,NA,NA,NA,NA,NA,NA,NA,NA,NA,NA,NA,NA,NA,NA,NA,NA,NA,NA
70.0,Thailand,1997,Male,CAH11-01	Computing,89,30/01/23 - 05/02/23,0.0,0.020555,0.0,0.0,0.0,0.0,0.0,00:01:14,00:39:42,3,3,0.0,0.0011116666666666666,0.0,0.0,0.0,0.0016666666666666668,0,2,0,0,1,1,NA,2023-01-31 15:33:27.476000,NA,NA,2023-01-31 15:33:37.494000,2023-01-31 15:33:29.054000,week_one,NA,NA,NA,NA,NA,NA,NA,NA,NA,NA,NA,NA,NA,NA,NA,NA,NA,NA,NA,NA,NA,NA,NA,NA,NA,NA,NA,NA
68.2,Pakistan,1995,Male,CAH11-01	Computing,90,30/01/23 - 05/02/23,0.0036116666666666667,0.005,0.0,0.0,0.0,0.0,0.0,00:00:31,00:39:42,2,2,0.0,0.003055,0.0,0.0,0.0013883333333333332,0.0,0,2,0,0,2,0,NA,2023-01-31 15:33:16.027000,NA,NA,2023-01-31 15:33:21.077000,NA,week_one,NA,NA,NA,NA,NA,NA,NA,NA,NA,NA,NA,NA,NA,NA,NA,NA,NA,NA,NA,NA,NA,NA,NA,NA,NA,NA,NA,NA
73.6,Sri Lanka,1994,Male,CAH17-01	Business and management,91,30/01/23 - 05/02/23,0.0,0.0033333333333333335,0.0,0.0,0.0,0.0,0.0,00:00:12,00:39:42,2,2,0.0,0.0011116666666666666,0.0,0.0,0.0,0.0,0,1,0,0,1,0,NA,2023-01-31 15:33:16.920000,NA,NA,2023-01-31 15:33:20.994000,NA,week_one,NA,NA,NA,NA,NA,NA,NA,NA,NA,NA,NA,NA,NA,NA,NA,NA,NA,NA,NA,NA,NA,NA,NA,NA,NA,NA,NA,NA
57.0,Nigeria,1992,Male,NA,92,30/01/23 - 05/02/23,0.0,0.5816666666666667,0.0,0.0,0.0,0.0,0.012778333333333334,00:35:40,00:39:42,3,4,0.0,0.007223333333333333,0.0,0.0,0.5711116666666667,0.007221666666666667,0,2,0,0,1,1,NA,2023-01-31 15:34:36.388000,NA,NA,2023-01-31 15:34:49.785000,2023-02-05 19:04:44.690000,week_one,NA,NA,NA,NA,NA,NA,NA,NA,NA,NA,NA,NA,NA,NA,NA,NA,NA,NA,NA,NA,NA,NA,NA,NA,NA,NA,NA,NA
66.4,Sri Lanka,1986,Male,CAH11-01	Computing,93,30/01/23 - 05/02/23,0.0,0.010278333333333334,0.0,0.0,0.0,0.0,0.0,00:00:37,00:39:42,2,2,0.0,0.000555,0.0,0.0,0.0,0.0,0,1,0,0,1,0,NA,2023-01-31 15:46:21.224000,NA,NA,2023-01-31 15:46:23.203000,NA,week_one,NA,NA,NA,NA,NA,NA,NA,NA,NA,NA,NA,NA,NA,NA,NA,NA,NA,NA,NA,NA,NA,NA,NA,NA,NA,NA,NA,NA
74.8,India,1984,Female,CAH10-01	Engineering,94,30/01/23 - 05/02/23,0.0,0.5763883333333334,0.0,0.0,0.0,0.06166666666666667,0.0,00:38:17,00:39:42,6,8,0.0,0.003055,0.0,0.013888333333333332,0.5855566666666667,0.0,0,3,1,2,2,1,NA,2023-01-31 15:33:09.756000,2023-02-04 12:37:03.528000,2023-02-04 12:37:01.923000,2023-01-31 15:33:14.887000,2023-02-04 12:37:53.792000,week_one,NA,NA,NA,NA,NA,NA,NA,NA,NA,NA,NA,NA,NA,NA,NA,NA,NA,NA,NA,NA,NA,NA,NA,NA,NA,NA,NA,NA
68.4,Nigeria,1980,Female,CAH03-01	Biosciences,95,30/01/23 - 05/02/23,0.0,0.5208333333333334,0.0,0.014721666666666666,0.0,0.0,0.0,00:32:08,00:39:42,2,2,0.0,0.0011116666666666666,0.0,0.0,0.5163883333333333,0.0,0,1,0,0,1,0,NA,2023-01-31 15:32:36.289000,NA,NA,2023-01-31 15:32:40.342000,NA,week_one,NA,NA,NA,NA,NA,NA,NA,NA,NA,NA,NA,NA,NA,NA,NA,NA,NA,NA,NA,NA,NA,NA,NA,NA,NA,NA,NA,NA
73.4,Sri Lanka,1998,Male,CAH11-01	Computing,96,30/01/23 - 05/02/23,0.0,0.7427783333333333,0.0,0.0,0.0,0.0,0.0,00:44:34,00:39:42,3,3,0.0,0.0011116666666666666,0.000555,0.0,0.7377783333333333,0.0,0,2,1,0,2,0,NA,2023-01-31 15:32:23.520000,2023-01-31 15:49:01.199000,NA,2023-01-31 15:32:25.934000,NA,week_one,NA,NA,NA,NA,NA,NA,NA,NA,NA,NA,NA,NA,NA,NA,NA,NA,NA,NA,NA,NA,NA,NA,NA,NA,NA,NA,NA,NA
72.4,Bolivia,1998,Male,CAH10-01	Engineering,97,30/01/23 - 05/02/23,0.0,0.04777666666666667,0.0,0.0,0.0,0.030833333333333334,0.0,00:04:43,00:39:42,4,8,0.0,0.005833333333333333,0.004445,0.0,0.026388333333333337,0.0016666666666666668,0,6,3,0,3,1,NA,2023-01-31 15:34:00.187000,2023-01-31 09:53:23.851000,NA,2023-01-31 15:34:04.429000,2023-01-31 15:34:49.894000,week_one,NA,NA,NA,NA,NA,NA,NA,NA,NA,NA,NA,NA,NA,NA,NA,NA,NA,NA,NA,NA,NA,NA,NA,NA,NA,NA,NA,NA
76.0,Spain,1994,Female,"CAH24-01	Media, journalism and communications",98,30/01/23 - 05/02/23,0.0,0.736945,0.0,0.0,0.0,0.0,0.0,00:44:13,00:39:42,2,2,0.0,0.0016666666666666668,0.0,0.0,0.7322216666666667,0.0,0,1,0,0,1,0,NA,2023-01-31 15:33:25.928000,NA,NA,2023-01-31 15:33:31.566000,NA,week_one,NA,NA,NA,NA,NA,NA,NA,NA,NA,NA,NA,NA,NA,NA,NA,NA,NA,NA,NA,NA,NA,NA,NA,NA,NA,NA,NA,NA
73.8,Turkey,1987,Male,CAH17-01	Business and management,99,30/01/23 - 05/02/23,0.0,0.7566666666666666,0.0,0.0,0.0,0.0,0.0,00:45:24,00:39:42,2,2,0.0,0.000555,0.0,0.0,0.7505550000000001,0.0,0,1,0,0,1,0,NA,2023-01-31 15:33:07.649000,NA,NA,2023-01-31 15:33:09.327000,NA,week_one,NA,NA,NA,NA,NA,NA,NA,NA,NA,NA,NA,NA,NA,NA,NA,NA,NA,NA,NA,NA,NA,NA,NA,NA,NA,NA,NA,NA
76.4,Turkey,1990,Male,CAH15-02	Economics,100,30/01/23 - 05/02/23,0.0,0.9397216666666667,0.0,0.0,0.029166666666666667,0.0,0.0,00:58:08,00:39:42,3,6,0.0,0.0025,0.0,0.0,0.5602783333333333,0.013888333333333332,0,3,0,0,1,2,NA,2023-01-31 15:34:08.207000,NA,NA,2023-01-31 15:34:12.159000,2023-02-03 10:21:14.197000,week_one,NA,NA,NA,NA,NA,NA,NA,NA,NA,NA,NA,NA,NA,NA,NA,NA,NA,NA,NA,NA,NA,NA,NA,NA,NA,NA,NA,NA
60.0,Nigeria,1999,Male,CAH10-01	Engineering,101,30/01/23 - 05/02/23,0.0,1.3627766666666665,0.11111166666666668,0.03888833333333333,0.0,0.0,0.0,01:30:46,00:39:42,2,4,0.0,0.005833333333333333,0.0,0.0,1.45611,0.0,0,2,0,0,2,0,NA,2023-01-31 15:37:33.726000,NA,NA,2023-01-31 15:37:38.117000,NA,week_one,NA,NA,NA,NA,NA,NA,NA,NA,NA,NA,NA,NA,NA,NA,NA,NA,NA,NA,NA,NA,NA,NA,NA,NA,NA,NA,NA,NA
65.0,Nigeria,1995,Male,CAH07-01	Physics and astronomy,102,30/01/23 - 05/02/23,0.0,0.8922216666666667,0.0,0.0,0.03222166666666667,0.0,0.0,00:55:28,00:39:42,6,12,0.0,0.0030566666666666663,0.2658333333333333,0.012221666666666665,0.6163899999999999,0.004166666666666667,0,4,3,2,3,2,NA,2023-01-31 15:33:13.981000,2023-01-31 12:36:05.437000,2023-02-03 14:00:12.864000,2023-01-31 15:33:18.062000,2023-02-03 13:59:54.977000,week_one,NA,NA,NA,NA,NA,NA,NA,NA,NA,NA,NA,NA,NA,NA,NA,NA,NA,NA,NA,NA,NA,NA,NA,NA,NA,NA,NA,NA
69.6,Nigeria,1997,Female,CAH07-02	Chemistry,103,30/01/23 - 05/02/23,0.0,0.006944999999999999,0.0,0.0,0.0,0.0,0.0,00:00:25,00:39:42,2,2,0.0,0.0011116666666666666,0.0,0.0,0.0,0.0,0,1,0,0,1,0,NA,2023-01-31 15:32:55.439000,NA,NA,2023-01-31 15:32:59.176000,NA,week_one,NA,NA,NA,NA,NA,NA,NA,NA,NA,NA,NA,NA,NA,NA,NA,NA,NA,NA,NA,NA,NA,NA,NA,NA,NA,NA,NA,NA
62.8,Nigeria,1976,Male,CAH11-01	Computing,104,30/01/23 - 05/02/23,0.320555,1.729445,0.0,0.0,0.0,0.0,0.0,02:03:00,00:39:42,3,3,0.0,0.0033333333333333335,0.0,0.0,1.4711116666666666,0.2536116666666667,0,2,0,0,1,1,NA,2023-01-31 14:23:57.368000,NA,NA,2023-01-31 14:24:06.654000,2023-01-31 15:52:25.508000,week_one,NA,NA,NA,NA,NA,NA,NA,NA,NA,NA,NA,NA,NA,NA,NA,NA,NA,NA,NA,NA,NA,NA,NA,NA,NA,NA,NA,NA
71.8,Sri Lanka,1977,Male,CAH09-01	Mathematical sciences,105,30/01/23 - 05/02/23,0.0,0.005,0.0,0.0,0.0,0.0,0.0,00:00:18,00:39:42,2,2,0.0,0.003888333333333333,0.0,0.0,0.0,0.0,0,1,0,0,1,0,NA,2023-01-31 15:33:28.750000,NA,NA,2023-01-31 15:33:43.231000,NA,week_one,NA,NA,NA,NA,NA,NA,NA,NA,NA,NA,NA,NA,NA,NA,NA,NA,NA,NA,NA,NA,NA,NA,NA,NA,NA,NA,NA,NA
66.0,Nigeria,1986,Female,CAH03-01	Biosciences,106,30/01/23 - 05/02/23,0.0,0.018333333333333333,0.0,0.0,0.0,0.0,0.0,00:01:06,00:39:42,2,4,0.0,0.0019433333333333336,0.0,0.0,0.011111666666666667,0.0,0,2,0,0,2,0,NA,2023-01-31 15:35:34.029000,NA,NA,2023-01-31 15:35:38.712000,NA,week_one,NA,NA,NA,NA,NA,NA,NA,NA,NA,NA,NA,NA,NA,NA,NA,NA,NA,NA,NA,NA,NA,NA,NA,NA,NA,NA,NA,NA
63.4,Bangladesh,1999,Male,CAH11-01	Computing,107,30/01/23 - 05/02/23,0.0,2.458611666666667,1.5497216666666667,1.520555,0.0,0.33999999999999997,0.10166666666666666,05:58:14,00:39:42,7,17,0.0,0.011666666666666665,1.1222216666666667,0.23333333333333334,4.038888333333333,0.22277666666666668,0,11,1,1,5,4,NA,2023-01-31 14:23:36.443000,2023-02-03 02:01:23.896000,2023-02-03 03:08:43.561000,2023-01-31 14:25:35.315000,2023-02-03 01:55:58.591000,week_one,NA,NA,NA,NA,NA,NA,NA,NA,NA,NA,NA,NA,NA,NA,NA,NA,NA,NA,NA,NA,NA,NA,NA,NA,NA,NA,NA,NA
74.0,India,1997,Female,CAH11-01	Computing,108,30/01/23 - 05/02/23,0.07111166666666667,0.006111666666666666,0.0,0.0,0.0,0.0,0.0,00:04:38,00:39:42,2,2,0.0,0.000555,0.0,0.0,0.0,0.0,0,1,0,0,1,0,NA,2023-01-31 15:33:10.568000,NA,NA,2023-01-31 15:33:12.633000,NA,week_one,NA,NA,NA,NA,NA,NA,NA,NA,NA,NA,NA,NA,NA,NA,NA,NA,NA,NA,NA,NA,NA,NA,NA,NA,NA,NA,NA,NA
52.6,United States of America,1997,Male,CAH03-02	Sport and exercise sciences,109,30/01/23 - 05/02/23,0.0,0.0,0.0,0.0,0.0,0.0,0.0,00:00:00,00:39:42,0,0,0.0,0.0,0.0,0.0,0.0,0.0,0,0,0,0,0,0,NA,NA,NA,NA,NA,NA,week_one,NA,NA,NA,NA,NA,NA,NA,NA,NA,NA,NA,NA,NA,NA,NA,NA,NA,NA,NA,NA,NA,NA,NA,NA,NA,NA,NA,NA
68.0,United Kingdom of Great Britain and Northern Ireland,1998,Female,CAH03-01	Biosciences,110,30/01/23 - 05/02/23,0.458055,0.6558333333333334,0.0,0.18055500000000002,0.0,0.0,0.020555,01:18:53,00:39:42,5,11,0.0,0.45555500000000004,0.0011116666666666666,0.0,0.7463883333333334,0.040556666666666664,0,5,1,0,2,3,NA,2023-01-31 15:33:07.856000,2023-01-30 16:24:30.438000,NA,2023-01-31 15:30:14,2023-02-02 13:56:13.977000,week_one,NA,NA,NA,NA,NA,NA,NA,NA,NA,NA,NA,NA,NA,NA,NA,NA,NA,NA,NA,NA,NA,NA,NA,NA,NA,NA,NA,NA
62.6,Nigeria,1980,Male,CAH15-02	Economics,111,02/10/23 - 08/10/23,0.10583333333333332,2.4952783333333333,0.005833333333333333,0.0,0.0,0.4983333333333333,0.031111666666666666,03:08:11,01:23:23,5,7,0.0,0.27138833333333334,0.0,0.015554999999999998,0.0,0.0,0,2,0,1,1,0,NA,2023-10-03 13:29:45.280000,NA,2023-10-03 13:28:49.768000,2023-10-07 08:08:06.939000,NA,week_one,NA,NA,NA,NA,NA,NA,NA,NA,NA,NA,NA,NA,NA,NA,NA,NA,NA,NA,NA,NA,NA,NA,NA,NA,NA,NA,NA,NA
73.0,Sri Lanka,1992,Female,CAH09-01	Mathematical sciences,112,02/10/23 - 08/10/23,0.0,0.0027783333333333336,0.0,0.0,0.0,0.0,1.9266666666666665,01:55:46,01:23:23,3,7,0.0,0.0036116666666666667,0.0,0.0016666666666666668,0.0,0.0,0,3,0,1,3,0,NA,2023-10-03 14:45:55.983000,NA,2023-10-08 18:43:50.294000,2023-10-03 14:46:00.281000,NA,week_one,NA,NA,NA,NA,NA,NA,NA,NA,NA,NA,NA,NA,NA,NA,NA,NA,NA,NA,NA,NA,NA,NA,NA,NA,NA,NA,NA,NA
59.0,Nigeria,1990,Male,CAH16-01	Law,113,02/10/23 - 08/10/23,0.011945,0.011111666666666667,0.011388333333333332,0.0,0.0,0.0,0.14555500000000002,00:10:48,01:23:23,2,4,0.0,0.004445,0.0,0.0,0.0,0.0,0,2,0,0,2,0,NA,2023-10-03 12:59:11.594000,NA,NA,2023-10-03 12:59:15.443000,NA,week_one,NA,NA,NA,NA,NA,NA,NA,NA,NA,NA,NA,NA,NA,NA,NA,NA,NA,NA,NA,NA,NA,NA,NA,NA,NA,NA,NA,NA
58.0,Nigeria,1996,Female,CAH19-01	English studies,114,02/10/23 - 08/10/23,0.0,0.745,0.0,0.0,0.0,0.0,0.0,00:44:42,01:23:23,2,3,0.0,0.004166666666666667,0.0,0.0,0.0,0.0,0,2,0,0,1,0,NA,2023-10-03 12:02:30.086000,NA,NA,2023-10-03 14:42:29.966000,NA,week_one,NA,NA,NA,NA,NA,NA,NA,NA,NA,NA,NA,NA,NA,NA,NA,NA,NA,NA,NA,NA,NA,NA,NA,NA,NA,NA,NA,NA
58.0,Nigeria,2001,Male,CAH07-01	Physics and astronomy,115,02/10/23 - 08/10/23,0.0,2.565833333333333,0.0,0.0,0.0,0.9558333333333333,0.013055,03:32:05,01:23:23,3,3,0.0,0.006666666666666667,0.0,0.0,2.549721666666666,0.0,0,1,0,0,1,0,NA,2023-10-03 14:24:06.938000,NA,NA,2023-10-03 14:24:30.656000,NA,week_one,NA,NA,NA,NA,NA,NA,NA,NA,NA,NA,NA,NA,NA,NA,NA,NA,NA,NA,NA,NA,NA,NA,NA,NA,NA,NA,NA,NA
70.6,Ghana,1992,Male,CAH04-01	Psychology,116,02/10/23 - 08/10/23,0.0,5.851111666666667,0.0,0.0016666666666666668,2.8452783333333334,0.0,0.0,08:41:53,01:23:23,5,10,0.0,0.003888333333333333,0.0,0.0,0.954445,0.0,0,5,0,0,5,0,NA,2023-10-03 14:23:01.589000,NA,NA,2023-10-03 14:23:07.051000,NA,week_one,NA,NA,NA,NA,NA,NA,NA,NA,NA,NA,NA,NA,NA,NA,NA,NA,NA,NA,NA,NA,NA,NA,NA,NA,NA,NA,NA,NA
66.4,Pakistan,1999,Female,CAH11-01	Computing,117,02/10/23 - 08/10/23,0.0,0.010833333333333334,0.0,0.0,0.0,0.0,0.0,00:00:39,01:23:23,3,5,0.0,0.0025,0.0,0.000555,0.0,0.0,0,3,0,1,2,0,NA,2023-10-03 14:10:26.311000,NA,2023-10-03 14:10:49.924000,2023-10-03 14:10:55.120000,NA,week_one,NA,NA,NA,NA,NA,NA,NA,NA,NA,NA,NA,NA,NA,NA,NA,NA,NA,NA,NA,NA,NA,NA,NA,NA,NA,NA,NA,NA
73.0,Myanmar,1991,Female,CAH17-01	Business and management,118,02/10/23 - 08/10/23,0.0,0.5386116666666666,0.0,0.0,0.0,0.0,0.0,00:32:19,01:23:23,2,2,0.0,0.0011116666666666666,0.0,0.0,0.018888333333333333,0.0,0,2,0,0,2,0,NA,2023-10-03 14:43:13.962000,NA,NA,2023-10-03 14:43:16.219000,NA,week_one,NA,NA,NA,NA,NA,NA,NA,NA,NA,NA,NA,NA,NA,NA,NA,NA,NA,NA,NA,NA,NA,NA,NA,NA,NA,NA,NA,NA
64.4,Nigeria,1994,Male,"CAH26-01 Geography, earth and environmental studies",119,02/10/23 - 08/10/23,0.0,0.0,0.0,0.0,0.0,0.0,0.0,00:00:00,01:23:23,0,0,0.0,0.0,0.0,0.0,0.0,0.0,0,0,0,0,0,0,NA,NA,NA,NA,NA,NA,week_one,NA,NA,NA,NA,NA,NA,NA,NA,NA,NA,NA,NA,NA,NA,NA,NA,NA,NA,NA,NA,NA,NA,NA,NA,NA,NA,NA,NA
52.0,United Kingdom of Great Britain and Northern Ireland,2000,Male,CAH04-01	Psychology,120,02/10/23 - 08/10/23,0.0,0.0,0.0,0.0,0.0,0.0,0.0,00:00:00,01:23:23,0,0,0.0,0.0,0.0,0.0,0.0,0.0,0,0,0,0,0,0,NA,NA,NA,NA,NA,NA,week_one,NA,NA,NA,NA,NA,NA,NA,NA,NA,NA,NA,NA,NA,NA,NA,NA,NA,NA,NA,NA,NA,NA,NA,NA,NA,NA,NA,NA
64.0,United Kingdom of Great Britain and Northern Ireland,2002,Male,CAH11-01	Computing,121,02/10/23 - 08/10/23,0.0,1.7650000000000001,0.0,0.0,0.0,0.0,0.0,01:45:54,01:23:23,3,3,0.0,0.001945,0.0,0.00027833333333333334,1.7349999999999999,0.0,0,4,0,1,4,0,NA,2023-10-03 10:57:40.550000,NA,2023-10-03 14:04:42.399000,2023-10-03 10:57:42.204000,NA,week_one,NA,NA,NA,NA,NA,NA,NA,NA,NA,NA,NA,NA,NA,NA,NA,NA,NA,NA,NA,NA,NA,NA,NA,NA,NA,NA,NA,NA
64.0,Poland,2001,Male,CAH17-01	Business and management,122,02/10/23 - 08/10/23,0.0,0.38555500000000004,0.0,0.006944999999999999,0.0,0.013055,0.0,00:24:20,01:23:23,6,11,0.0,0.15944499999999998,0.0,0.0008333333333333334,0.19166666666666668,0.0,0,7,0,2,7,0,NA,2023-10-03 10:05:10.208000,NA,2023-10-03 10:05:09.143000,2023-10-03 10:05:14.521000,NA,week_one,NA,NA,NA,NA,NA,NA,NA,NA,NA,NA,NA,NA,NA,NA,NA,NA,NA,NA,NA,NA,NA,NA,NA,NA,NA,NA,NA,NA
74.2,Iran,1982,Male,CAH10-01	Engineering,123,02/10/23 - 08/10/23,0.0,0.0,0.0,0.0,0.0,0.0,0.0,00:00:00,01:23:23,0,0,0.0,0.0,0.0,0.0,0.0,0.0,0,0,0,0,0,0,NA,NA,NA,NA,NA,NA,week_one,NA,NA,NA,NA,NA,NA,NA,NA,NA,NA,NA,NA,NA,NA,NA,NA,NA,NA,NA,NA,NA,NA,NA,NA,NA,NA,NA,NA
73.2,Malaysia,1992,Male,CAH17-01	Business and management,124,02/10/23 - 08/10/23,0.018333333333333333,0.8272233333333333,0.0,0.0,0.06083333333333333,0.0,0.0,00:54:23,01:23:23,2,6,0.0,0.035555,0.0,0.0,0.8436116666666666,0.0,0,5,0,0,5,0,NA,2023-10-03 14:10:30.817000,NA,NA,2023-10-03 14:10:37.065000,NA,week_one,NA,NA,NA,NA,NA,NA,NA,NA,NA,NA,NA,NA,NA,NA,NA,NA,NA,NA,NA,NA,NA,NA,NA,NA,NA,NA,NA,NA
63.0,United Kingdom of Great Britain and Northern Ireland,1987,Male,CAH10-01	Engineering,125,02/10/23 - 08/10/23,0.0,0.0011116666666666666,0.005278333333333333,0.0,0.0,0.008333333333333333,0.0,00:00:53,01:23:23,2,6,0.0,0.008611666666666665,0.0,0.0,0.0,0.0,0,3,0,0,3,0,NA,2023-10-03 15:06:47.305000,NA,NA,2023-10-03 15:06:48.726000,NA,week_one,NA,NA,NA,NA,NA,NA,NA,NA,NA,NA,NA,NA,NA,NA,NA,NA,NA,NA,NA,NA,NA,NA,NA,NA,NA,NA,NA,NA
73.2,Algeria,2002,Female,"CAH07-04	General, applied and forensic sciences",126,02/10/23 - 08/10/23,0.0,0.8288883333333333,0.0,0.0,0.0,0.0,0.0,00:49:44,01:23:23,2,6,0.0,0.0027766666666666664,0.0,0.0,0.8097216666666667,0.0,0,5,0,0,3,0,NA,2023-10-03 14:43:57.052000,NA,NA,2023-10-03 14:44:00.055000,NA,week_one,NA,NA,NA,NA,NA,NA,NA,NA,NA,NA,NA,NA,NA,NA,NA,NA,NA,NA,NA,NA,NA,NA,NA,NA,NA,NA,NA,NA
72.0,United Kingdom of Great Britain and Northern Ireland,1980,Female,CAH07-01	Physics and astronomy,127,02/10/23 - 08/10/23,0.0,0.6616666666666667,0.0,0.0013883333333333332,0.0,0.0033333333333333335,0.0,00:39:59,01:23:23,2,8,0.0,0.319445,0.0,0.0,0.33777833333333335,0.0,0,5,0,0,5,0,NA,2023-10-03 14:35:36.664000,NA,NA,2023-10-03 14:35:40.546000,NA,week_one,NA,NA,NA,NA,NA,NA,NA,NA,NA,NA,NA,NA,NA,NA,NA,NA,NA,NA,NA,NA,NA,NA,NA,NA,NA,NA,NA,NA
73.8,United Kingdom of Great Britain and Northern Ireland,1984,Female,CAH04-01	Psychology,128,02/10/23 - 08/10/23,0.0,0.9633333333333333,0.0,0.0,0.0,0.0,0.0,00:57:48,01:23:23,2,2,0.0,0.0016666666666666668,0.0,0.0,0.9525,0.0,0,3,0,0,3,0,NA,2023-10-03 14:36:04.356000,NA,NA,2023-10-03 14:36:07.539000,NA,week_one,NA,NA,NA,NA,NA,NA,NA,NA,NA,NA,NA,NA,NA,NA,NA,NA,NA,NA,NA,NA,NA,NA,NA,NA,NA,NA,NA,NA
72.0,United Kingdom of Great Britain and Northern Ireland,1988,Male,NA,129,02/10/23 - 08/10/23,0.0,1.4533333333333334,0.0,0.0,0.0,0.0,0.0,01:27:12,01:23:23,2,2,0.0,0.053055,0.0,0.0,1.3263883333333333,0.0,0,5,0,0,4,0,NA,2023-10-03 13:49:06.551000,NA,NA,2023-10-03 13:49:09.067000,NA,week_one,NA,NA,NA,NA,NA,NA,NA,NA,NA,NA,NA,NA,NA,NA,NA,NA,NA,NA,NA,NA,NA,NA,NA,NA,NA,NA,NA,NA
56.2,China,2001,Male,CAH11-01	Computing,130,02/10/23 - 08/10/23,0.0027783333333333336,0.185555,0.0,0.0,0.0,0.0,0.0,00:11:18,01:23:23,4,5,0.0,0.0025,0.0,0.0,0.0125,0.0,0,1,0,0,1,0,NA,2023-10-03 14:45:43.405000,NA,NA,2023-10-03 14:45:52.214000,NA,week_one,NA,NA,NA,NA,NA,NA,NA,NA,NA,NA,NA,NA,NA,NA,NA,NA,NA,NA,NA,NA,NA,NA,NA,NA,NA,NA,NA,NA
74.0,Singapore,1988,Female,CAH04-01	Psychology,131,02/10/23 - 08/10/23,0.0,0.0016666666666666668,0.0,0.0,0.0,0.0,0.0,00:00:06,01:23:23,2,2,0.0,0.000555,0.0,0.0,0.0,0.0,0,1,0,0,1,0,NA,2023-10-03 15:08:14.611000,NA,NA,2023-10-03 15:08:16.404000,NA,week_one,NA,NA,NA,NA,NA,NA,NA,NA,NA,NA,NA,NA,NA,NA,NA,NA,NA,NA,NA,NA,NA,NA,NA,NA,NA,NA,NA,NA
65.8,India,1990,Male,CAH11-01	Computing,132,02/10/23 - 08/10/23,0.0,3.6525000000000003,0.0,0.0,0.0,0.0,0.0,03:39:09,01:23:23,2,2,0.0,0.003888333333333333,0.0,0.0,3.612221666666666,0.0,0,5,0,0,4,0,NA,2023-10-03 12:06:10.124000,NA,NA,2023-10-03 12:06:15.811000,NA,week_one,NA,NA,NA,NA,NA,NA,NA,NA,NA,NA,NA,NA,NA,NA,NA,NA,NA,NA,NA,NA,NA,NA,NA,NA,NA,NA,NA,NA
61.8,Philippines,1984,Male,CAH17-01	Business and management,133,02/10/23 - 08/10/23,0.0,0.005278333333333333,0.0,0.0,0.0,0.0,0.0,00:00:19,01:23:23,2,2,0.0,0.0011116666666666666,0.0,0.0,0.0,0.0,0,1,0,0,1,0,NA,2023-10-03 14:09:17.145000,NA,NA,2023-10-03 14:09:20.664000,NA,week_one,NA,NA,NA,NA,NA,NA,NA,NA,NA,NA,NA,NA,NA,NA,NA,NA,NA,NA,NA,NA,NA,NA,NA,NA,NA,NA,NA,NA
62.2,Turkey,1982,Male,CAH11-01	Computing,134,02/10/23 - 08/10/23,0.0,1.6458333333333333,0.0,0.0,0.0,0.0,0.0,01:38:45,01:23:23,2,2,0.0,0.000555,0.0,0.0,0.005,0.0,0,1,0,0,1,0,NA,2023-10-03 00:52:25.156000,NA,NA,2023-10-03 00:52:27.125000,NA,week_one,NA,NA,NA,NA,NA,NA,NA,NA,NA,NA,NA,NA,NA,NA,NA,NA,NA,NA,NA,NA,NA,NA,NA,NA,NA,NA,NA,NA
70.6,Viet Nam,1995,Male,NA,135,02/10/23 - 08/10/23,0.0,0.126945,0.10111166666666667,0.0,0.0,0.0,0.0,00:13:41,01:23:23,3,3,0.0,0.0011116666666666666,0.0,0.00027833333333333334,0.0,0.0,0,1,0,1,1,0,NA,2023-10-03 14:14:29.566000,NA,2023-10-03 14:14:28.267000,2023-10-03 14:14:33.674000,NA,week_one,NA,NA,NA,NA,NA,NA,NA,NA,NA,NA,NA,NA,NA,NA,NA,NA,NA,NA,NA,NA,NA,NA,NA,NA,NA,NA,NA,NA
72.0,United Kingdom of Great Britain and Northern Ireland,1974,Male,CAH11-01	Computing,136,02/10/23 - 08/10/23,0.0,0.594445,0.0,0.0063883333333333335,0.0,0.0,0.0,00:36:03,01:23:23,4,5,0.0,0.003055,0.0,0.0,0.5758333333333333,0.000555,0,3,0,0,2,1,NA,2023-10-03 15:07:16.653000,NA,NA,2023-10-03 15:07:20.047000,2023-10-25 07:04:05.635000,week_one,NA,NA,NA,NA,NA,NA,NA,NA,NA,NA,NA,NA,NA,NA,NA,NA,NA,NA,NA,NA,NA,NA,NA,NA,NA,NA,NA,NA
58.0,Nigeria,1991,Female,CAH17-01	Business and management,137,02/10/23 - 08/10/23,0.0,1.0841666666666667,0.0,0.006111666666666666,0.0,0.0,0.0,01:05:25,01:23:23,2,8,0.0,0.007221666666666667,0.0,0.0,1.0647216666666666,0.0,0,5,0,0,5,0,NA,2023-10-03 12:29:47.050000,NA,NA,2023-10-03 12:29:51.460000,NA,week_one,NA,NA,NA,NA,NA,NA,NA,NA,NA,NA,NA,NA,NA,NA,NA,NA,NA,NA,NA,NA,NA,NA,NA,NA,NA,NA,NA,NA
58.0,Morocco,2001,Male,CAH11-01	Computing,138,02/10/23 - 08/10/23,0.0,0.0,0.0,0.0,0.0,0.0,0.0,00:00:00,01:23:23,0,0,0.0,0.0,0.0,0.0,0.0,0.0,0,0,0,0,0,0,NA,NA,NA,NA,NA,NA,week_one,NA,NA,NA,NA,NA,NA,NA,NA,NA,NA,NA,NA,NA,NA,NA,NA,NA,NA,NA,NA,NA,NA,NA,NA,NA,NA,NA,NA
63.0,Nigeria,2000,Male,CAH03-01	Biosciences,139,02/10/23 - 08/10/23,0.0,0.001945,0.0,0.0,0.0,0.0,0.0,00:00:07,01:23:23,3,3,0.0,0.000555,0.0,0.0,0.0,0.0,0,1,0,0,1,0,NA,2023-10-03 15:03:58.837000,NA,NA,2023-10-03 15:04:00.739000,NA,week_one,NA,NA,NA,NA,NA,NA,NA,NA,NA,NA,NA,NA,NA,NA,NA,NA,NA,NA,NA,NA,NA,NA,NA,NA,NA,NA,NA,NA
75.2,United Kingdom of Great Britain and Northern Ireland,1988,Female,CAH04-01	Psychology,140,02/10/23 - 08/10/23,0.0,0.11222166666666666,1.2175,0.0,0.0,0.160555,0.0,01:29:25,01:23:23,3,6,0.0,0.9558333333333333,0.0,0.0,0.26555500000000004,0.0,0,4,0,0,3,0,NA,2023-10-03 14:22:28.706000,NA,NA,2023-10-03 14:22:39.974000,NA,week_one,NA,NA,NA,NA,NA,NA,NA,NA,NA,NA,NA,NA,NA,NA,NA,NA,NA,NA,NA,NA,NA,NA,NA,NA,NA,NA,NA,NA
51.8,China,2001,Male,CAH11-01	Computing,141,02/10/23 - 08/10/23,0.0,1.6097233333333334,0.0,0.0,0.0,0.0,0.0,01:36:35,01:23:23,2,6,0.0,0.0027783333333333336,0.0,0.0,0.8397216666666666,0.0,0,4,0,0,4,0,NA,2023-10-03 14:27:17.817000,NA,NA,2023-10-03 14:27:21.115000,NA,week_one,NA,NA,NA,NA,NA,NA,NA,NA,NA,NA,NA,NA,NA,NA,NA,NA,NA,NA,NA,NA,NA,NA,NA,NA,NA,NA,NA,NA
60.0,Jordan,1994,Female,CAH04-01	Psychology,142,02/10/23 - 08/10/23,0.0,0.03222166666666667,0.0,0.0,0.0,0.0,0.0,00:01:56,01:23:23,3,3,0.0,0.0013883333333333332,0.0,0.0,0.0,0.0,0,1,0,0,1,0,NA,2023-10-03 15:06:08.027000,NA,NA,2023-10-03 15:06:13.095000,NA,week_one,NA,NA,NA,NA,NA,NA,NA,NA,NA,NA,NA,NA,NA,NA,NA,NA,NA,NA,NA,NA,NA,NA,NA,NA,NA,NA,NA,NA
64.0,United Kingdom of Great Britain and Northern Ireland,1990,Male,CAH02-05	Medical sciences,143,02/10/23 - 08/10/23,0.005,2.0013883333333333,0.0,0.0,0.0,1.9972216666666667,0.0,04:00:13,01:23:23,2,2,0.0,0.165555,0.0,0.0,1.8238883333333331,0.0,0,1,0,0,1,0,NA,2023-10-07 14:50:55.828000,NA,NA,2023-10-07 15:00:51.705000,NA,week_one,NA,NA,NA,NA,NA,NA,NA,NA,NA,NA,NA,NA,NA,NA,NA,NA,NA,NA,NA,NA,NA,NA,NA,NA,NA,NA,NA,NA
64.4,Bangladesh,1995,Female,CAH17-01	Business and management,144,02/10/23 - 08/10/23,0.0,0.095555,0.0,0.0,0.0,0.0,0.025833333333333333,00:07:17,01:23:23,3,6,0.0,0.010276666666666667,0.0,0.01638833333333333,0.004166666666666667,0.0,0,4,0,2,2,0,NA,2023-10-03 14:44:10.140000,NA,2023-10-03 14:44:23.213000,2023-10-03 14:48:39.490000,NA,week_one,NA,NA,NA,NA,NA,NA,NA,NA,NA,NA,NA,NA,NA,NA,NA,NA,NA,NA,NA,NA,NA,NA,NA,NA,NA,NA,NA,NA
64.0,United Kingdom of Great Britain and Northern Ireland,2002,Male,CAH20-01	History and archaeology,145,02/10/23 - 08/10/23,0.28861000000000003,0.015000000000000001,0.0,0.30722166666666667,0.0,0.0,0.14944333333333332,00:45:36,01:23:23,3,12,0.0,0.11972166666666667,0.0,0.000555,0.5966666666666666,0.0,0,12,0,2,8,0,NA,2023-10-02 15:52:35.522000,NA,2023-10-08 12:27:26.982000,2023-10-02 15:52:37.565000,NA,week_one,NA,NA,NA,NA,NA,NA,NA,NA,NA,NA,NA,NA,NA,NA,NA,NA,NA,NA,NA,NA,NA,NA,NA,NA,NA,NA,NA,NA
74.0,United Kingdom of Great Britain and Northern Ireland,1979,Female,CAH22-01	Education and teaching,146,02/10/23 - 08/10/23,0.06083333333333333,0.0013883333333333332,0.0,0.0016666666666666668,0.0,0.0,0.0,00:03:50,01:23:23,2,4,0.0,0.0013883333333333332,0.0,0.0,0.0,0.0,0,2,0,0,2,0,NA,2023-10-03 15:07:32.221000,NA,NA,2023-10-03 15:07:34.804000,NA,week_one,NA,NA,NA,NA,NA,NA,NA,NA,NA,NA,NA,NA,NA,NA,NA,NA,NA,NA,NA,NA,NA,NA,NA,NA,NA,NA,NA,NA
76.2,United Kingdom of Great Britain and Northern Ireland,1983,Male,CAH09-01	Mathematical sciences,147,02/10/23 - 08/10/23,0.005,0.01583333333333333,0.0,0.0,0.0,0.0,0.0,00:01:15,01:23:23,2,2,0.0,0.001945,0.0,0.0,0.009445000000000002,0.0,0,2,0,0,2,0,NA,2023-10-03 14:42:41.704000,NA,NA,2023-10-03 14:42:44.229000,NA,week_one,NA,NA,NA,NA,NA,NA,NA,NA,NA,NA,NA,NA,NA,NA,NA,NA,NA,NA,NA,NA,NA,NA,NA,NA,NA,NA,NA,NA
73.4,Sri Lanka,1983,Male,CAH10-01	Engineering,148,02/10/23 - 08/10/23,0.0,0.06027833333333334,0.08111166666666667,0.0,0.005555000000000001,0.0,0.020278333333333332,00:10:02,01:23:23,2,16,0.0,0.010276666666666667,0.0,0.0,0.06000166666666666,0.0,0,9,0,0,9,0,NA,2023-10-03 14:22:59.089000,NA,NA,2023-10-03 14:23:01.641000,NA,week_one,NA,NA,NA,NA,NA,NA,NA,NA,NA,NA,NA,NA,NA,NA,NA,NA,NA,NA,NA,NA,NA,NA,NA,NA,NA,NA,NA,NA
60.4,Sri Lanka,1993,Male,CAH17-01	Business and management,149,02/10/23 - 08/10/23,0.0,0.5191666666666667,0.0325,0.0,0.0,0.0,0.0063883333333333335,00:33:29,01:23:23,3,7,0.0,0.004443333333333333,0.0,0.004445,0.014166666666666666,0.0,0,4,0,1,3,0,NA,2023-10-03 14:44:34.235000,NA,2023-10-04 19:51:38.150000,2023-10-03 14:44:36.766000,NA,week_one,NA,NA,NA,NA,NA,NA,NA,NA,NA,NA,NA,NA,NA,NA,NA,NA,NA,NA,NA,NA,NA,NA,NA,NA,NA,NA,NA,NA
61.8,United Kingdom of Great Britain and Northern Ireland,2000,Male,CAH09-01	Mathematical sciences,150,02/10/23 - 08/10/23,0.0,0.20833333333333334,0.0,0.0,0.0,0.0,0.0,00:12:30,01:23:23,3,3,0.0,0.005555000000000001,0.0,0.0,0.20138833333333336,0.0,0,1,0,0,1,0,NA,2023-10-03 14:11:40.078000,NA,NA,2023-10-03 14:11:59.918000,NA,week_one,NA,NA,NA,NA,NA,NA,NA,NA,NA,NA,NA,NA,NA,NA,NA,NA,NA,NA,NA,NA,NA,NA,NA,NA,NA,NA,NA,NA
63.6,United Kingdom of Great Britain and Northern Ireland,1996,Male,CAH04-01	Psychology,151,02/10/23 - 08/10/23,0.0,1.798055,0.0,0.0,0.0,0.0,0.0,01:47:53,01:23:23,2,2,0.0,1.7852783333333335,0.0,0.0,0.0,0.0,0,3,0,0,1,0,NA,2023-10-03 13:19:14.132000,NA,NA,2023-10-03 15:06:26.741000,NA,week_one,NA,NA,NA,NA,NA,NA,NA,NA,NA,NA,NA,NA,NA,NA,NA,NA,NA,NA,NA,NA,NA,NA,NA,NA,NA,NA,NA,NA
61.2,Bangladesh,1999,Male,CAH10-01	Engineering,152,02/10/23 - 08/10/23,0.0,0.568055,0.0,0.0,0.0,0.0,0.0,00:34:05,01:23:23,3,3,0.0,0.0011116666666666666,0.0,0.0025,0.0,0.0,0,1,0,1,1,0,NA,2023-10-03 14:43:08.225000,NA,2023-10-03 14:10:45.607000,2023-10-03 14:43:12.193000,NA,week_one,NA,NA,NA,NA,NA,NA,NA,NA,NA,NA,NA,NA,NA,NA,NA,NA,NA,NA,NA,NA,NA,NA,NA,NA,NA,NA,NA,NA
58.0,Nigeria,1976,Female,CAH25-01	Creative arts and design,153,02/10/23 - 08/10/23,0.0,0.8755550000000001,0.0,0.0,0.0,0.0,0.965,01:50:26,01:23:23,2,6,0.0,0.03722166666666667,0.0,0.0,1.5983333333333334,0.0,0,5,0,0,4,0,NA,2023-10-03 12:13:14.189000,NA,NA,2023-10-03 12:14:05.628000,NA,week_one,NA,NA,NA,NA,NA,NA,NA,NA,NA,NA,NA,NA,NA,NA,NA,NA,NA,NA,NA,NA,NA,NA,NA,NA,NA,NA,NA,NA
71.0,Pakistan,1998,Male,CAH11-01	Computing,154,02/10/23 - 08/10/23,0.34750000000000003,4.01,0.011111666666666667,0.0,0.0,0.794445,0.0,05:09:47,01:23:23,8,13,0.0,0.08027833333333333,0.0,0.005278333333333333,2.5030550000000003,0.0,0,8,0,4,6,0,NA,2023-10-03 11:09:31.702000,NA,2023-10-02 00:47:19.819000,2023-10-03 11:09:34.294000,NA,week_one,NA,NA,NA,NA,NA,NA,NA,NA,NA,NA,NA,NA,NA,NA,NA,NA,NA,NA,NA,NA,NA,NA,NA,NA,NA,NA,NA,NA
68.2,Turkey,1969,Female,CAH22-01	Education and teaching,155,02/10/23 - 08/10/23,0.039445,1.2963883333333333,0.0,0.0,0.7141666666666667,0.0016666666666666668,0.003888333333333333,02:03:20,01:23:23,2,4,0.0,0.7152783333333333,0.0,0.0,0.0,0.0,0,3,0,0,2,0,NA,2023-10-06 21:21:29.536000,NA,NA,2023-10-06 22:06:35.190000,NA,week_one,NA,NA,NA,NA,NA,NA,NA,NA,NA,NA,NA,NA,NA,NA,NA,NA,NA,NA,NA,NA,NA,NA,NA,NA,NA,NA,NA,NA
73.0,Sri Lanka,2001,Male,CAH17-01	Business and management,156,02/10/23 - 08/10/23,0.0,0.5927783333333333,0.0,0.0,0.0,0.0,0.003888333333333333,00:35:48,01:23:23,3,5,0.0,0.007221666666666667,0.0,0.0008333333333333334,0.5647216666666667,0.0,0,4,0,1,4,0,NA,2023-10-03 15:07:42.693000,NA,2023-10-03 15:07:06.269000,2023-10-03 15:07:46.976000,NA,week_one,NA,NA,NA,NA,NA,NA,NA,NA,NA,NA,NA,NA,NA,NA,NA,NA,NA,NA,NA,NA,NA,NA,NA,NA,NA,NA,NA,NA
61.4,Sri Lanka,1986,Male,CAH17-01	Business and management,157,02/10/23 - 08/10/23,0.13027666666666665,0.0375,0.0,0.0,0.0,0.0,0.0,00:10:04,01:23:23,3,3,0.0,0.0013883333333333332,0.0,0.06805499999999999,0.0,0.0,0,1,0,1,1,0,NA,2023-10-03 15:08:35.772000,NA,2023-10-02 15:31:49.863000,2023-10-03 15:08:40.875000,NA,week_one,NA,NA,NA,NA,NA,NA,NA,NA,NA,NA,NA,NA,NA,NA,NA,NA,NA,NA,NA,NA,NA,NA,NA,NA,NA,NA,NA,NA
60.6,India,1995,Male,CAH10-01	Engineering,158,02/10/23 - 08/10/23,0.0,1.0661116666666666,0.0,0.0,1.556945,0.0,0.0,02:37:23,01:23:23,2,4,0.0,0.011945,0.0,0.0,1.611945,0.0,0,3,0,0,3,0,NA,2023-10-03 14:42:48.847000,NA,NA,2023-10-03 14:43:17.407000,NA,week_one,NA,NA,NA,NA,NA,NA,NA,NA,NA,NA,NA,NA,NA,NA,NA,NA,NA,NA,NA,NA,NA,NA,NA,NA,NA,NA,NA,NA
48.2,Cameroon,1991,Female,CAH17-01	Business and management,159,02/10/23 - 08/10/23,0.0,0.024166666666666666,0.0,0.0,0.12472166666666666,0.0,0.0,00:08:56,01:23:23,2,3,0.0,0.008888333333333333,0.0,0.0,0.0,0.0,0,3,0,0,1,0,NA,2023-10-03 15:01:45.040000,NA,NA,2023-10-03 15:01:47.542000,NA,week_one,NA,NA,NA,NA,NA,NA,NA,NA,NA,NA,NA,NA,NA,NA,NA,NA,NA,NA,NA,NA,NA,NA,NA,NA,NA,NA,NA,NA
61.8,United Kingdom of Great Britain and Northern Ireland,2001,Male,CAH09-01	Mathematical sciences,160,02/10/23 - 08/10/23,0.0,0.5766666666666667,0.0,0.0,0.0,0.0,0.0,00:34:36,01:23:23,2,3,0.0,0.0013883333333333332,0.0,0.0,0.5672216666666667,0.0,0,2,0,0,3,0,NA,2023-10-03 15:07:43.799000,NA,NA,2023-10-03 15:07:46.982000,NA,week_one,NA,NA,NA,NA,NA,NA,NA,NA,NA,NA,NA,NA,NA,NA,NA,NA,NA,NA,NA,NA,NA,NA,NA,NA,NA,NA,NA,NA
64.4,Egypt,2000,Male,CAH11-01	Computing,161,02/10/23 - 08/10/23,0.0,0.0025,0.000555,0.0,0.0,0.0,0.0,00:00:11,01:23:23,2,2,0.0,0.0008333333333333334,0.0,0.0,0.0,0.0,0,1,0,0,1,0,NA,2023-10-03 14:19:58.037000,NA,NA,2023-10-03 14:20:01.300000,NA,week_one,NA,NA,NA,NA,NA,NA,NA,NA,NA,NA,NA,NA,NA,NA,NA,NA,NA,NA,NA,NA,NA,NA,NA,NA,NA,NA,NA,NA
69.4,Myanmar,1995,Male,CAH11-01	Computing,162,02/10/23 - 08/10/23,0.0,1.538611666666667,0.0,0.0,0.0,0.0,0.0,01:32:19,01:23:23,2,2,0.0,0.027778333333333332,0.0,0.0,0.0,0.0,0,3,0,0,1,0,NA,2023-10-03 21:29:47.933000,NA,NA,2023-10-03 23:04:19.809000,NA,week_one,NA,NA,NA,NA,NA,NA,NA,NA,NA,NA,NA,NA,NA,NA,NA,NA,NA,NA,NA,NA,NA,NA,NA,NA,NA,NA,NA,NA
72.0,United Kingdom of Great Britain and Northern Ireland,1991,Male,CAH15-03	Politics,163,02/10/23 - 08/10/23,0.0,4.1188883333333335,0.0,0.0,0.0,0.0,0.0,04:07:08,01:23:23,4,7,0.0,0.6161116666666666,0.0,2.4127766666666663,1.0733333333333335,0.0,0,6,0,3,6,0,NA,2023-10-03 09:43:00.722000,NA,2023-10-03 09:48:34.491000,2023-10-03 09:43:03.520000,NA,week_one,NA,NA,NA,NA,NA,NA,NA,NA,NA,NA,NA,NA,NA,NA,NA,NA,NA,NA,NA,NA,NA,NA,NA,NA,NA,NA,NA,NA
65.0,Sri Lanka,1994,Male,CAH11-01	Computing,164,02/10/23 - 08/10/23,0.0,0.48666666666666664,0.0,0.0,0.0,0.0,0.0,00:29:12,01:23:23,2,2,0.0,0.0027783333333333336,0.0,0.0,0.4825,0.0,0,1,0,0,1,0,NA,2023-10-03 14:14:57.359000,NA,NA,2023-10-03 14:15:07.356000,NA,week_one,NA,NA,NA,NA,NA,NA,NA,NA,NA,NA,NA,NA,NA,NA,NA,NA,NA,NA,NA,NA,NA,NA,NA,NA,NA,NA,NA,NA
61.6,Turkey,1984,Male,CAH17-01	Business and management,165,02/10/23 - 08/10/23,1.1183333333333332,0.006390000000000001,0.0,0.0,0.0,0.0013883333333333332,0.025278333333333333,01:09:05,01:23:23,4,10,0.0,0.0027783333333333336,0.0,0.6463883333333335,0.47638833333333336,0.0,0,6,0,1,3,0,NA,2023-10-02 21:51:34.379000,NA,2023-10-02 22:19:18.023000,2023-10-02 21:51:36.342000,NA,week_one,NA,NA,NA,NA,NA,NA,NA,NA,NA,NA,NA,NA,NA,NA,NA,NA,NA,NA,NA,NA,NA,NA,NA,NA,NA,NA,NA,NA
68.6,Malaysia,1998,Female,CAH17-01	Business and management,166,02/10/23 - 08/10/23,0.0,2.0186116666666667,0.0,0.0,0.0,0.0,0.0,02:01:07,01:23:23,2,2,0.0,0.0008333333333333334,0.0,0.0,2.0163883333333334,0.0,0,1,0,0,1,0,NA,2023-10-03 14:59:53.783000,NA,NA,2023-10-03 14:59:56.533000,NA,week_one,NA,NA,NA,NA,NA,NA,NA,NA,NA,NA,NA,NA,NA,NA,NA,NA,NA,NA,NA,NA,NA,NA,NA,NA,NA,NA,NA,NA
74.6,Pakistan,1995,Male,CAH10-01	Engineering,167,02/10/23 - 08/10/23,0.0,0.005,0.03138833333333333,0.0,0.0,0.0,0.0,00:02:11,01:23:23,3,5,0.0,0.005278333333333333,0.0,0.0016666666666666668,0.011666666666666665,0.0,0,3,0,1,3,0,NA,2023-10-03 14:42:59.417000,NA,2023-10-03 14:42:52.967000,2023-10-03 14:43:06.883000,NA,week_one,NA,NA,NA,NA,NA,NA,NA,NA,NA,NA,NA,NA,NA,NA,NA,NA,NA,NA,NA,NA,NA,NA,NA,NA,NA,NA,NA,NA
63.0,United Kingdom of Great Britain and Northern Ireland,2001,Female,CAH17-01	Business and management,168,02/10/23 - 08/10/23,0.0,0.17888833333333337,0.0,0.0,0.0,0.0,0.0,00:10:44,01:23:23,2,0,0.0,0.005833333333333333,0.0,0.0,0.005278333333333333,0.0,0,2,0,0,2,0,NA,2023-10-03 15:02:17.288000,NA,NA,2023-10-03 15:02:18.652000,NA,week_one,NA,NA,NA,NA,NA,NA,NA,NA,NA,NA,NA,NA,NA,NA,NA,NA,NA,NA,NA,NA,NA,NA,NA,NA,NA,NA,NA,NA
76.2,Sweden,1977,Male,"CAH15-01	Sociology, social policy and anthropology",169,02/10/23 - 08/10/23,0.08777666666666666,2.1455566666666663,0.0,0.0,0.0,0.0,0.0,02:14:00,01:23:23,4,7,0.0,0.000555,0.0,0.0,2.14,0.0,0,2,0,0,1,0,NA,2023-10-02 16:32:52.328000,NA,NA,2023-10-03 14:43:27.806000,NA,week_one,NA,NA,NA,NA,NA,NA,NA,NA,NA,NA,NA,NA,NA,NA,NA,NA,NA,NA,NA,NA,NA,NA,NA,NA,NA,NA,NA,NA
73.4,Pakistan,1987,Male,CAH11-01	Computing,170,02/10/23 - 08/10/23,0.0,0.7277783333333333,0.0,0.0,0.0,0.0,0.0,00:43:40,01:23:23,3,5,0.0,0.0027783333333333336,0.0,0.0036116666666666667,0.04,0.0,0,3,0,1,3,0,NA,2023-10-03 06:58:22.021000,NA,2023-10-03 07:00:06.284000,2023-10-03 06:58:24.950000,NA,week_one,NA,NA,NA,NA,NA,NA,NA,NA,NA,NA,NA,NA,NA,NA,NA,NA,NA,NA,NA,NA,NA,NA,NA,NA,NA,NA,NA,NA
73.2,India,2001,Male,CAH10-01	Engineering,171,02/10/23 - 08/10/23,1.0658333333333334,1.384998333333333,0.0,0.0,0.0,0.0,0.0,02:27:02,01:23:23,5,13,0.0,0.0036100000000000004,0.0,0.0,0.15777833333333333,0.0,0,5,0,0,6,0,NA,2023-10-02 19:51:21.561000,NA,NA,2023-10-02 19:51:23.327000,NA,week_one,NA,NA,NA,NA,NA,NA,NA,NA,NA,NA,NA,NA,NA,NA,NA,NA,NA,NA,NA,NA,NA,NA,NA,NA,NA,NA,NA,NA
63.8,Nigeria,2001,Male,"CAH26-01 Geography, earth and environmental studies",172,02/10/23 - 08/10/23,0.0,0.17083333333333334,0.0,0.0,0.0,0.0,0.0,00:10:15,01:23:23,3,3,0.0,0.0025,0.0,0.031111666666666666,0.11833333333333333,0.0,0,2,0,1,1,0,NA,2023-10-03 13:24:40.327000,NA,2023-10-03 13:24:46.724000,2023-10-03 13:26:44.394000,NA,week_one,NA,NA,NA,NA,NA,NA,NA,NA,NA,NA,NA,NA,NA,NA,NA,NA,NA,NA,NA,NA,NA,NA,NA,NA,NA,NA,NA,NA
74.0,Viet Nam,1998,Male,CAH11-01	Computing,173,02/10/23 - 08/10/23,0.0,3.736111666666667,0.0,0.0,0.0,0.0,0.0,03:44:10,01:23:23,3,3,0.0,0.23916666666666667,0.0,0.00027833333333333334,2.5655550000000003,0.0,0,5,0,1,5,0,NA,2023-10-03 12:08:45.407000,NA,2023-10-03 15:48:52.284000,2023-10-03 12:08:49.067000,NA,week_one,NA,NA,NA,NA,NA,NA,NA,NA,NA,NA,NA,NA,NA,NA,NA,NA,NA,NA,NA,NA,NA,NA,NA,NA,NA,NA,NA,NA
64.6,China,2002,Male,CAH11-01	Computing,174,02/10/23 - 08/10/23,0.5813883333333333,2.29,0.0025,0.0,0.0027783333333333336,0.006111666666666666,0.0,02:52:58,01:23:23,4,8,0.0,0.0027783333333333336,0.0,0.0,0.125555,0.0,0,3,0,0,3,0,NA,2023-10-03 14:28:03.678000,NA,NA,2023-10-03 14:28:07.200000,NA,week_one,NA,NA,NA,NA,NA,NA,NA,NA,NA,NA,NA,NA,NA,NA,NA,NA,NA,NA,NA,NA,NA,NA,NA,NA,NA,NA,NA,NA
71.2,Nigeria,1996,Female,CAH17-01	Business and management,175,02/10/23 - 08/10/23,0.0,1.7,0.3425,0.5058333333333334,0.0,0.006666666666666667,0.0,02:33:18,01:23:23,2,7,0.0,0.07638833333333332,0.0,0.0,1.8183333333333331,0.0,0,5,0,0,4,0,NA,NA,2023-10-03 12:11:18.506000,NA,2023-10-03 14:23:07.526000,NA,week_one,NA,NA,NA,NA,NA,NA,NA,NA,NA,NA,NA,NA,NA,NA,NA,NA,NA,NA,NA,NA,NA,NA,NA,NA,NA,NA,NA,NA
64.4,Nigeria,1980,Female,CAH09-01	Mathematical sciences,176,02/10/23 - 08/10/23,0.0,0.023055,0.0,0.0,0.0,0.0925,0.0,00:06:56,01:23:23,3,4,0.0,0.0008333333333333334,0.0,0.0,0.0,0.0,0,1,0,0,1,0,NA,2023-10-03 15:03:39.555000,NA,NA,2023-10-03 15:03:42.431000,NA,week_one,NA,NA,NA,NA,NA,NA,NA,NA,NA,NA,NA,NA,NA,NA,NA,NA,NA,NA,NA,NA,NA,NA,NA,NA,NA,NA,NA,NA
66.2,Nigeria,2001,Female,CAH17-01	Business and management,177,02/10/23 - 08/10/23,0.08583333333333334,0.065,0.0,0.0,0.0,0.0,0.41750000000000004,00:34:06,01:23:23,3,11,0.0,0.28639,0.0,0.009721666666666665,0.09083333333333334,0.0,0,10,0,6,4,0,NA,2023-10-02 21:12:38.659000,NA,2023-10-02 21:12:40.959000,2023-10-02 21:14:04.458000,NA,week_one,NA,NA,NA,NA,NA,NA,NA,NA,NA,NA,NA,NA,NA,NA,NA,NA,NA,NA,NA,NA,NA,NA,NA,NA,NA,NA,NA,NA
63.0,Australia,1977,Female,CAH16-01	Law,178,02/10/23 - 08/10/23,0.0,11.8625,0.0,0.0,0.0,0.0,0.0,11:51:45,01:23:23,11,15,0.0,1.9908333333333335,0.0,0.0,1.5983333333333334,0.0,0,14,0,0,5,1,NA,2023-10-03 11:31:37.342000,NA,NA,2023-10-03 11:31:40.637000,2023-10-10 14:54:28.684000,week_one,NA,NA,NA,NA,NA,NA,NA,NA,NA,NA,NA,NA,NA,NA,NA,NA,NA,NA,NA,NA,NA,NA,NA,NA,NA,NA,NA,NA
65.8,United Kingdom of Great Britain and Northern Ireland,2001,Male,CAH11-01	Computing,179,02/10/23 - 08/10/23,0.0,2.7944450000000005,0.0033333333333333335,0.0,0.0,0.0,0.0,02:47:52,01:23:23,2,2,0.0,0.0027783333333333336,0.0,0.0,0.020278333333333332,0.0,0,2,0,0,2,0,NA,2023-10-03 12:03:11.823000,NA,NA,2023-10-03 12:03:19.438000,NA,week_one,NA,NA,NA,NA,NA,NA,NA,NA,NA,NA,NA,NA,NA,NA,NA,NA,NA,NA,NA,NA,NA,NA,NA,NA,NA,NA,NA,NA
73.2,India,2000,Male,CAH10-01	Engineering,180,02/10/23 - 08/10/23,0.0,1.025,0.6063883333333333,0.0,0.0,0.0,0.0,01:37:53,01:23:23,4,5,0.0,0.000555,0.0,0.0,0.0011116666666666666,0.0,0,1,0,0,3,0,NA,2023-10-03 14:35:15.322000,NA,NA,2023-10-03 14:35:16.908000,NA,week_one,NA,NA,NA,NA,NA,NA,NA,NA,NA,NA,NA,NA,NA,NA,NA,NA,NA,NA,NA,NA,NA,NA,NA,NA,NA,NA,NA,NA
64.4,Nigeria,1976,Female,CAH17-01	Business and management,181,02/10/23 - 08/10/23,0.0,0.5247216666666666,0.0,0.0,0.015000000000000001,0.0,0.0,00:32:23,01:23:23,1,1,0.0,0.005833333333333333,0.0,0.0,0.0,0.0,0,1,0,0,0,0,NA,2023-10-06 15:00:23.564000,NA,NA,NA,NA,week_one,NA,NA,NA,NA,NA,NA,NA,NA,NA,NA,NA,NA,NA,NA,NA,NA,NA,NA,NA,NA,NA,NA,NA,NA,NA,NA,NA,NA
63.4,Sri Lanka,2000,Female,CAH17-01	Business and management,182,02/10/23 - 08/10/23,0.0,1.0475,0.0,0.0,0.0,0.0,0.15944499999999998,01:12:25,01:23:23,5,7,0.0,0.050278333333333335,0.0,0.0027783333333333336,0.6033333333333334,0.0,0,4,0,2,3,0,NA,2023-10-03 15:05:32.123000,NA,2023-10-08 20:09:24,2023-10-03 15:05:34.520000,NA,week_one,NA,NA,NA,NA,NA,NA,NA,NA,NA,NA,NA,NA,NA,NA,NA,NA,NA,NA,NA,NA,NA,NA,NA,NA,NA,NA,NA,NA
68.6,Viet Nam,1997,Female,CAH17-01	Business and management,183,02/10/23 - 08/10/23,0.0,0.18833333333333335,0.0,0.0,0.0,0.0,0.0,00:11:18,01:23:23,2,2,0.0,0.07055499999999999,0.0,0.0,0.07277833333333333,0.0,0,3,0,0,2,0,NA,2023-10-03 14:48:39.313000,NA,NA,2023-10-03 14:49:03.678000,NA,week_one,NA,NA,NA,NA,NA,NA,NA,NA,NA,NA,NA,NA,NA,NA,NA,NA,NA,NA,NA,NA,NA,NA,NA,NA,NA,NA,NA,NA
73.0,Thailand,2001,Male,CAH17-01	Business and management,184,02/10/23 - 08/10/23,0.13972333333333334,0.91361,0.0,0.0,0.2841666666666667,0.0,0.0,01:20:15,01:23:23,5,11,0.0,0.0027783333333333336,0.0,0.0011116666666666666,1.21611,0.0,0,6,0,1,5,0,NA,2023-10-02 21:42:29.256000,NA,2023-10-02 21:44:22.411000,2023-10-02 21:42:31.696000,NA,week_one,NA,NA,NA,NA,NA,NA,NA,NA,NA,NA,NA,NA,NA,NA,NA,NA,NA,NA,NA,NA,NA,NA,NA,NA,NA,NA,NA,NA
67.4,United Kingdom of Great Britain and Northern Ireland,2001,Male,CAH04-01	Psychology,185,02/10/23 - 08/10/23,0.21,3.4305549999999996,0.0027783333333333336,0.0,0.0,0.0,0.0,03:38:36,01:23:23,4,10,0.0,0.006111666666666666,0.0,0.0,0.26527833333333334,0.0,0,18,0,0,10,0,NA,2023-10-02 15:46:07.646000,NA,NA,2023-10-02 15:46:08.776000,NA,week_one,NA,NA,NA,NA,NA,NA,NA,NA,NA,NA,NA,NA,NA,NA,NA,NA,NA,NA,NA,NA,NA,NA,NA,NA,NA,NA,NA,NA
62.4,Iran,1995,Female,CAH10-01	Engineering,186,02/10/23 - 08/10/23,0.0,1.0708333333333333,0.0,0.0,0.0,0.0,0.0,01:04:15,01:23:23,3,3,0.0,0.11916666666666667,0.0,0.0,0.930555,0.0,0,2,0,0,1,0,NA,2023-10-03 14:42:22.893000,NA,NA,2023-10-03 14:42:30.418000,NA,week_one,NA,NA,NA,NA,NA,NA,NA,NA,NA,NA,NA,NA,NA,NA,NA,NA,NA,NA,NA,NA,NA,NA,NA,NA,NA,NA,NA,NA
64.8,United Kingdom of Great Britain and Northern Ireland,1997,Female,CAH09-01	Mathematical sciences,187,02/10/23 - 08/10/23,0.0,0.56639,0.0,0.0,0.0,0.0,0.0,00:33:59,01:23:23,3,3,0.0,0.001945,0.0,0.0,0.5575,0.0,0,2,0,0,2,0,NA,2023-10-03 15:07:23.968000,NA,NA,2023-10-03 15:07:29.381000,NA,week_one,NA,NA,NA,NA,NA,NA,NA,NA,NA,NA,NA,NA,NA,NA,NA,NA,NA,NA,NA,NA,NA,NA,NA,NA,NA,NA,NA,NA
52.4,Egypt,1986,Male,CAH10-01	Engineering,188,02/10/23 - 08/10/23,0.0,3.05889,0.0,0.08833333333333333,0.24027833333333332,5.022778333333333,3.368611666666667,11:46:44,01:23:23,5,18,0.0,0.9411116666666666,0.0,0.013888333333333332,3.3400000000000003,0.0,0,12,0,4,10,0,NA,2023-10-03 15:07:17.275000,NA,2023-10-05 02:15:57.321000,2023-10-03 15:07:23.134000,NA,week_one,NA,NA,NA,NA,NA,NA,NA,NA,NA,NA,NA,NA,NA,NA,NA,NA,NA,NA,NA,NA,NA,NA,NA,NA,NA,NA,NA,NA
63.8,Sri Lanka,1987,Female,CAH10-01	Engineering,189,02/10/23 - 08/10/23,0.008055,0.025,0.0,0.0,0.0,0.0,0.35666666666666663,00:23:23,01:23:23,4,4,0.0,0.11666666666666667,0.0,0.0,0.16916666666666666,0.0,0,1,0,0,1,0,NA,2023-10-08 23:14:59.738000,NA,NA,2023-10-08 23:21:59.598000,NA,week_one,NA,NA,NA,NA,NA,NA,NA,NA,NA,NA,NA,NA,NA,NA,NA,NA,NA,NA,NA,NA,NA,NA,NA,NA,NA,NA,NA,NA
73.8,Algeria,1996,Male,NA,190,02/10/23 - 08/10/23,0.0,2.4027783333333335,0.0,0.0,0.0,0.0,0.0,02:24:10,01:23:23,2,2,0.0,0.0027783333333333336,0.0,0.0,0.0027783333333333336,0.0,0,2,0,0,2,0,NA,2023-10-03 14:41:55.954000,NA,NA,2023-10-03 14:42:00.195000,NA,week_one,NA,NA,NA,NA,NA,NA,NA,NA,NA,NA,NA,NA,NA,NA,NA,NA,NA,NA,NA,NA,NA,NA,NA,NA,NA,NA,NA,NA
62.4,Sri Lanka,1996,Female,CAH17-01	Business and management,191,02/10/23 - 08/10/23,0.0,5.390278333333333,0.0,0.0,0.0,0.0,0.0,05:23:25,01:23:23,5,10,0.0,0.008611666666666665,0.0,0.0013883333333333332,1.9636116666666668,0.0,0,7,0,2,8,0,NA,2023-10-03 12:09:54.907000,NA,2023-10-03 12:11:44.782000,2023-10-03 12:09:57.871000,NA,week_one,NA,NA,NA,NA,NA,NA,NA,NA,NA,NA,NA,NA,NA,NA,NA,NA,NA,NA,NA,NA,NA,NA,NA,NA,NA,NA,NA,NA
73.0,Iran,1988,Male,CAH10-01	Engineering,192,02/10/23 - 08/10/23,0.0,0.003055,0.0,0.0,0.0,0.0,0.0,00:00:11,01:23:23,2,2,0.0,0.0011116666666666666,0.0,0.0,0.0,0.0,0,1,0,0,1,0,NA,2023-10-03 14:52:12.627000,NA,NA,2023-10-03 14:52:16.891000,NA,week_one,NA,NA,NA,NA,NA,NA,NA,NA,NA,NA,NA,NA,NA,NA,NA,NA,NA,NA,NA,NA,NA,NA,NA,NA,NA,NA,NA,NA
73.0,Sri Lanka,1996,Female,CAH09-01	Mathematical sciences,193,02/10/23 - 08/10/23,0.0,0.2622233333333333,0.0,0.0,0.0,0.0,0.0,00:15:44,01:23:23,5,8,0.0,0.014723333333333333,0.0,0.0,0.003055,0.003055,0,6,0,0,4,2,NA,2023-10-03 14:43:20.736000,NA,NA,2023-10-03 14:46:08.729000,2023-10-10 16:42:27.278000,week_one,NA,NA,NA,NA,NA,NA,NA,NA,NA,NA,NA,NA,NA,NA,NA,NA,NA,NA,NA,NA,NA,NA,NA,NA,NA,NA,NA,NA
69.2,India,1996,Male,CAH17-01	Business and management,194,02/10/23 - 08/10/23,0.0,0.0,0.0,0.0,0.0,0.0,0.0,00:00:00,01:23:23,0,0,0.0,0.0,0.0,0.0,0.0,0.0,0,0,0,0,0,0,NA,NA,NA,NA,NA,NA,week_one,NA,NA,NA,NA,NA,NA,NA,NA,NA,NA,NA,NA,NA,NA,NA,NA,NA,NA,NA,NA,NA,NA,NA,NA,NA,NA,NA,NA
62.4,India,1997,Male,CAH10-01	Engineering,195,02/10/23 - 08/10/23,0.004445,3.9452783333333334,0.010278333333333334,0.0,0.0,0.0,0.44916666666666666,04:24:33,01:23:23,2,6,0.0,0.004166666666666667,0.0,0.0,4.3430550000000006,0.0,0,6,0,0,6,0,NA,2023-10-03 10:13:58.312000,NA,NA,2023-10-03 10:14:00.156000,NA,week_one,NA,NA,NA,NA,NA,NA,NA,NA,NA,NA,NA,NA,NA,NA,NA,NA,NA,NA,NA,NA,NA,NA,NA,NA,NA,NA,NA,NA
70.0,Nigeria,1991,Male,CAH11-01	Computing,196,02/10/23 - 08/10/23,0.0,0.025278333333333333,0.0,0.0,0.0,0.0,0.0,00:01:31,01:23:23,2,2,0.0,0.0016666666666666668,0.0,0.0,0.0,0.0,0,1,0,0,1,0,NA,2023-10-03 15:08:44.688000,NA,NA,2023-10-03 15:08:50.254000,NA,week_one,NA,NA,NA,NA,NA,NA,NA,NA,NA,NA,NA,NA,NA,NA,NA,NA,NA,NA,NA,NA,NA,NA,NA,NA,NA,NA,NA,NA
58.0,Nigeria,1997,Female,CAH15-02	Economics,197,02/10/23 - 08/10/23,0.013888333333333332,0.5113883333333333,0.005278333333333333,0.0,0.0,0.0,0.0,00:31:50,01:23:23,3,3,0.0,0.010278333333333334,0.0,0.0008333333333333334,0.4875,0.0,0,5,0,1,2,0,NA,2023-10-03 14:14:07.259000,NA,2023-10-03 14:44:03.351000,2023-10-03 14:14:11.578000,NA,week_one,NA,NA,NA,NA,NA,NA,NA,NA,NA,NA,NA,NA,NA,NA,NA,NA,NA,NA,NA,NA,NA,NA,NA,NA,NA,NA,NA,NA
57.0,United Kingdom of Great Britain and Northern Ireland,2000,Female,CAH04-01	Psychology,198,02/10/23 - 08/10/23,3.053888333333333,2.8611099999999996,0.0,0.0,0.0,0.010555,0.0,05:55:31,01:23:23,4,8,0.0,2.660555,0.0,0.045000000000000005,3.135556666666667,0.0,0,10,0,2,8,0,NA,2023-10-02 21:59:43.083000,NA,2023-10-02 23:12:05.492000,2023-10-02 21:59:45.048000,NA,week_one,NA,NA,NA,NA,NA,NA,NA,NA,NA,NA,NA,NA,NA,NA,NA,NA,NA,NA,NA,NA,NA,NA,NA,NA,NA,NA,NA,NA
68.6,Malaysia,2000,Female,CAH17-01	Business and management,199,02/10/23 - 08/10/23,0.0,0.0033333333333333335,0.0,0.0,0.0,0.0,0.0,00:00:12,01:23:23,2,2,0.0,0.00027833333333333334,0.0,0.0,0.0,0.0,0,1,0,0,1,0,NA,2023-10-03 15:01:04.014000,NA,NA,2023-10-03 15:01:05.328000,NA,week_one,NA,NA,NA,NA,NA,NA,NA,NA,NA,NA,NA,NA,NA,NA,NA,NA,NA,NA,NA,NA,NA,NA,NA,NA,NA,NA,NA,NA
63.2,United Kingdom of Great Britain and Northern Ireland,2001,Female,CAH15-02	Economics,200,02/10/23 - 08/10/23,0.039445,0.009723333333333332,0.0,0.0008333333333333334,0.0,0.0,0.0,00:03:00,01:23:23,2,8,0.0,0.0027766666666666664,0.0,0.0,0.036945000000000006,0.0,0,4,0,0,4,0,NA,2023-10-02 19:45:59.382000,NA,NA,2023-10-02 19:46:01.037000,NA,week_one,NA,NA,NA,NA,NA,NA,NA,NA,NA,NA,NA,NA,NA,NA,NA,NA,NA,NA,NA,NA,NA,NA,NA,NA,NA,NA,NA,NA
71.2,China,2002,Male,CAH11-01	Computing,201,02/10/23 - 08/10/23,0.0,2.3869433333333334,0.0008333333333333334,0.0,0.0,0.008611666666666665,0.16944499999999998,02:33:57,01:23:23,5,11,0.0,0.09111166666666667,0.0,0.0,0.4027783333333333,0.0,0,6,0,0,6,0,NA,2023-10-03 14:45:29.822000,NA,NA,2023-10-03 14:45:32.913000,NA,week_one,NA,NA,NA,NA,NA,NA,NA,NA,NA,NA,NA,NA,NA,NA,NA,NA,NA,NA,NA,NA,NA,NA,NA,NA,NA,NA,NA,NA
68.2,Iran,1992,Female,CAH10-01	Engineering,202,02/10/23 - 08/10/23,0.0,1.2311116666666668,0.0,0.0,0.0,0.0,0.0,01:13:52,01:23:23,0,0,0.0,0.0,0.0,0.0,0.0,0.0,0,0,0,0,0,0,NA,NA,NA,NA,NA,NA,week_one,NA,NA,NA,NA,NA,NA,NA,NA,NA,NA,NA,NA,NA,NA,NA,NA,NA,NA,NA,NA,NA,NA,NA,NA,NA,NA,NA,NA
73.2,Pakistan,1994,Male,CAH10-01	Engineering,203,02/10/23 - 08/10/23,0.0,0.27472166666666664,0.0,0.0,0.0,0.0,0.0,00:16:29,01:23:23,4,4,0.0,0.0013883333333333332,0.0,0.0,0.012221666666666665,0.0,0,3,0,0,8,0,NA,2023-10-03 15:04:29.011000,NA,NA,2023-10-03 15:04:30.622000,NA,week_one,NA,NA,NA,NA,NA,NA,NA,NA,NA,NA,NA,NA,NA,NA,NA,NA,NA,NA,NA,NA,NA,NA,NA,NA,NA,NA,NA,NA
52.5,India,1999,Male,CAH10-01	Engineering,204,02/10/23 - 08/10/23,0.0,0.0,0.0,0.0,0.0,0.0,0.0,00:00:00,01:23:23,0,0,0.0,0.0,0.0,0.0,0.0,0.0,0,0,0,0,0,0,NA,NA,NA,NA,NA,NA,week_one,NA,NA,NA,NA,NA,NA,NA,NA,NA,NA,NA,NA,NA,NA,NA,NA,NA,NA,NA,NA,NA,NA,NA,NA,NA,NA,NA,NA
68.6,Myanmar,2001,Female,CAH17-01	Business and management,205,02/10/23 - 08/10/23,0.0,0.0,0.0,0.0,0.0,0.0,0.0,00:00:00,01:23:23,0,0,0.0,0.0,0.0,0.0,0.0,0.0,0,0,0,0,0,0,NA,NA,NA,NA,NA,NA,week_one,NA,NA,NA,NA,NA,NA,NA,NA,NA,NA,NA,NA,NA,NA,NA,NA,NA,NA,NA,NA,NA,NA,NA,NA,NA,NA,NA,NA
73.8,Turkey,1999,Female,CAH10-01	Engineering,206,02/10/23 - 08/10/23,0.0,2.8147216666666663,0.026111666666666665,0.0,0.0,0.0,0.0,02:50:27,01:23:23,6,7,0.0,0.005,0.0,0.0,0.0,0.0,0,1,0,0,1,0,NA,2023-10-03 14:43:30.951000,NA,NA,2023-10-03 14:43:48.631000,NA,week_one,NA,NA,NA,NA,NA,NA,NA,NA,NA,NA,NA,NA,NA,NA,NA,NA,NA,NA,NA,NA,NA,NA,NA,NA,NA,NA,NA,NA
71.6,Nigeria,1994,Male,CAH15-02	Economics,207,02/10/23 - 08/10/23,0.0,0.016944999999999998,0.0,0.0,0.0,0.0,0.0,00:01:01,01:23:23,2,2,0.0,0.000555,0.0,0.0,0.0,0.0,0,1,0,0,1,0,NA,2023-10-03 15:02:17.090000,NA,NA,2023-10-03 15:02:19.183000,NA,week_one,NA,NA,NA,NA,NA,NA,NA,NA,NA,NA,NA,NA,NA,NA,NA,NA,NA,NA,NA,NA,NA,NA,NA,NA,NA,NA,NA,NA
60.4,India,1992,Male,CAH19-01	English studies,208,02/10/23 - 08/10/23,0.0,2.428611666666667,0.0,0.0,0.0,0.0,0.0,02:25:43,01:23:23,4,4,0.0,0.3016666666666667,0.0,0.0011116666666666666,0.001945,0.0,0,4,0,1,2,0,NA,2023-10-03 11:47:50.171000,NA,2023-10-03 11:48:03.025000,2023-10-03 11:47:55.897000,NA,week_one,NA,NA,NA,NA,NA,NA,NA,NA,NA,NA,NA,NA,NA,NA,NA,NA,NA,NA,NA,NA,NA,NA,NA,NA,NA,NA,NA,NA
64.0,Bangladesh,1996,Female,CAH17-01	Business and management,209,02/10/23 - 08/10/23,0.7594449999999999,2.0847216666666664,0.0,0.0,0.013888333333333332,0.0011116666666666666,0.7752783333333333,03:38:04,01:23:23,4,14,0.0,0.026945,0.0,0.6672216666666667,2.365556666666667,0.0,0,10,0,4,8,0,NA,2023-10-02 22:59:12.332000,NA,2023-10-02 23:02:02.141000,2023-10-02 22:59:16.144000,NA,week_one,NA,NA,NA,NA,NA,NA,NA,NA,NA,NA,NA,NA,NA,NA,NA,NA,NA,NA,NA,NA,NA,NA,NA,NA,NA,NA,NA,NA
73.0,Sri Lanka,1996,Female,CAH11-01	Computing,210,02/10/23 - 08/10/23,0.02,0.699445,0.0,0.0,0.0,0.0,0.0,00:43:10,01:23:23,3,3,0.0,0.0016666666666666668,0.0,0.0016666666666666668,0.6286116666666666,0.0,0,2,0,1,1,0,NA,2023-10-03 15:06:40.247000,NA,2023-10-03 15:06:42.334000,2023-10-03 15:07:15.788000,NA,week_one,NA,NA,NA,NA,NA,NA,NA,NA,NA,NA,NA,NA,NA,NA,NA,NA,NA,NA,NA,NA,NA,NA,NA,NA,NA,NA,NA,NA
61.8,Myanmar,1998,Female,CAH11-01	Computing,211,02/10/23 - 08/10/23,2.3466666666666667,1.9597216666666666,0.024444999999999998,0.0,0.0,0.0,0.005555000000000001,04:20:11,01:23:23,4,7,0.0,0.0047216666666666665,0.0,0.095555,3.3419450000000004,0.0,0,4,0,5,3,0,NA,2023-10-02 22:53:45.622000,NA,2023-10-03 00:37:55.125000,2023-10-02 22:53:48.748000,NA,week_one,NA,NA,NA,NA,NA,NA,NA,NA,NA,NA,NA,NA,NA,NA,NA,NA,NA,NA,NA,NA,NA,NA,NA,NA,NA,NA,NA,NA
63.0,United States of America,2001,Male,CAH11-01	Computing,212,02/10/23 - 08/10/23,0.0,0.0027783333333333336,0.0,0.0,0.0,0.0,0.0,00:00:10,01:23:23,2,2,0.0,0.0008333333333333334,0.0,0.0,0.0,0.0,0,1,0,0,1,0,NA,2023-10-03 14:20:54.595000,NA,NA,2023-10-03 14:20:57.278000,NA,week_one,NA,NA,NA,NA,NA,NA,NA,NA,NA,NA,NA,NA,NA,NA,NA,NA,NA,NA,NA,NA,NA,NA,NA,NA,NA,NA,NA,NA
60.0,Nigeria,1996,Male,"CAH13-01	Architecture, building and planning",1,10/10/22 - 16/10/22,0.15722166666666668,2.300555,0.0,0.0,0.0,0.0,0.0,02:27:28,02:21:13,3,5,0.0,0.6811116666666667,0.0,0.0,0.006111666666666666,1.7591666666666665,0,0,3,0,1,2,NA,2022-10-10 14:16:49.242000,NA,NA,2022-10-10 14:25:20.527000,2022-10-10 14:16:55.852000,week_two,0.0,0.0,NA,NA,NA,NA,NA,NA,NA,NA,NA,NA,NA,NA,NA,NA,NA,NA,NA,NA,NA,NA,NA,NA,NA,NA,NA,NA
70.0,Nigeria,1996,Male,CAH07-02	Chemistry,2,10/10/22 - 16/10/22,0.08527833333333333,1.9241666666666668,0.0,0.0,0.0,0.0,0.0,02:00:34,02:21:13,3,4,0.0,0.001945,0.0011116666666666666,0.0,0.0,0.01638833333333333,0,2,1,0,1,0,NA,2022-10-10 16:07:41.250000,2022-10-10 16:09:02.015000,NA,NA,2022-10-10 16:07:44.741000,week_two,0.0,0.0,NA,NA,NA,NA,NA,NA,NA,NA,NA,NA,NA,NA,NA,NA,NA,NA,NA,NA,NA,NA,NA,NA,NA,NA,NA,NA
65.0,Nigeria,1990,Female,CAH15-02	Economics,3,10/10/22 - 16/10/22,0.7958333333333333,2.403888333333333,0.0,0.0,0.0,0.0,0.013611666666666668,03:12:48,02:21:13,3,6,0.0,0.006390000000000001,0.0033333333333333335,0.0,0.0,0.5608333333333333,0,4,2,0,0,4,NA,2022-10-10 20:32:28.517000,2022-10-10 20:32:20.105000,NA,NA,2022-10-10 20:32:35.934000,week_two,0.0,0.0,NA,NA,NA,NA,NA,NA,NA,NA,NA,NA,NA,NA,NA,NA,NA,NA,NA,NA,NA,NA,NA,NA,NA,NA,NA,NA
55.0,Nigeria,1991,Male,CAH15-02	Economics,4,10/10/22 - 16/10/22,0.0,0.0,0.0,0.0,0.06111166666666667,0.0,0.0,00:03:40,02:21:13,2,2,0.0,0.0013883333333333332,0.0,0.0,0.0,0.05777833333333334,0,1,0,0,0,1,NA,2022-10-14 12:27:18.186000,NA,NA,NA,2022-10-14 12:27:22.967000,week_two,0.0,0.0,NA,NA,NA,NA,NA,NA,NA,NA,NA,NA,NA,NA,NA,NA,NA,NA,NA,NA,NA,NA,NA,NA,NA,NA,NA,NA
65.0,Pakistan,1998,Male,CAH17-01	Business and management,5,10/10/22 - 16/10/22,0.3375,3.0891666666666664,0.0,0.0,0.0,0.0,0.0,03:25:36,02:21:13,5,6,0.0,0.003888333333333333,0.0027783333333333336,0.0,0.0375,0.0047216666666666665,0,4,1,0,3,1,NA,2022-10-11 14:02:17.998000,2022-10-11 14:13:01.991000,NA,2022-10-11 14:02:25.595000,2022-10-11 15:29:04.753000,week_two,0.0,0.0,NA,NA,NA,NA,NA,NA,NA,NA,NA,NA,NA,NA,NA,NA,NA,NA,NA,NA,NA,NA,NA,NA,NA,NA,NA,NA
62.0,Nigeria,1985,Male,CAH10-01	Engineering,6,10/10/22 - 16/10/22,0.0,3.400276666666666,0.0,0.0,0.0,0.018609999999999998,0.0,03:25:07,02:21:13,6,13,0.0,0.061665,0.000555,0.0,0.26138833333333333,2.856666666666667,0,13,1,0,2,8,NA,2022-10-11 11:22:45.832000,2022-10-11 15:44:20.328000,NA,2022-10-11 15:31:37.239000,2022-10-11 11:25:45.811000,week_two,0.0008333333333333334,2.0,2022-10-15 11:25:51.164000,NA,NA,NA,NA,NA,NA,NA,NA,NA,NA,NA,NA,NA,NA,NA,NA,NA,NA,NA,NA,NA,NA,NA,NA,NA
61.0,Nigeria,1985,Male,CAH11-01	Computing,7,10/10/22 - 16/10/22,0.0,3.6866666666666665,0.0,0.0,2.3930549999999995,0.6036116666666665,0.0,06:41:00,02:21:13,10,16,0.0,0.04833333333333333,0.010833333333333334,0.08111166666666667,0.9777766666666667,1.79639,0,15,1,2,3,8,NA,2022-10-11 14:02:38.156000,2022-10-15 00:40:03.300000,2022-10-14 23:11:34.794000,2022-10-11 14:03:04.643000,2022-10-11 14:37:03.267000,week_two,0.033889999999999997,2.0,2022-10-15 01:00:35.391000,NA,NA,NA,NA,NA,NA,NA,NA,NA,NA,NA,NA,NA,NA,NA,NA,NA,NA,NA,NA,NA,NA,NA,NA,NA
77.0,United Kingdom of Great Britain and Northern Ireland,2001,Female,"CAH07-04	General, applied and forensic sciences",8,10/10/22 - 16/10/22,0.18444333333333332,2.943888333333333,0.0,0.0013883333333333332,0.0,0.0,0.0,03:07:46,02:21:13,3,9,0.0,0.002501666666666667,0.008888333333333333,0.0,0.0,0.07444333333333333,0,7,1,0,0,7,NA,2022-10-10 14:08:37.975000,2022-10-11 14:24:44.977000,NA,NA,2022-10-10 14:08:39.690000,week_two,0.0,0.0,NA,NA,NA,NA,NA,NA,NA,NA,NA,NA,NA,NA,NA,NA,NA,NA,NA,NA,NA,NA,NA,NA,NA,NA,NA,NA
61.0,Nigeria,1976,Male,CAH03-01	Biosciences,9,10/10/22 - 16/10/22,0.033611666666666665,0.0,0.21833333333333332,0.0,0.0,0.0,2.653611666666667,02:54:20,02:21:13,5,6,0.0,0.005278333333333333,0.004166666666666667,0.0011116666666666666,0.0,0.005278333333333333,0,2,1,1,1,1,NA,2022-10-10 05:26:30.737000,2022-10-16 15:57:37.969000,2022-10-16 15:57:34.365000,2022-10-10 05:26:45.779000,2022-10-12 08:59:55.836000,week_two,0.0,0.0,NA,NA,NA,NA,NA,NA,NA,NA,NA,NA,NA,NA,NA,NA,NA,NA,NA,NA,NA,NA,NA,NA,NA,NA,NA,NA
63.0,India,1998,Female,CAH11-01	Computing,10,10/10/22 - 16/10/22,0.3786116666666667,1.9947233333333332,0.0,0.0027783333333333336,0.0,0.0,0.0,02:22:34,02:21:13,4,4,0.0,0.49,0.0,0.010555,0.12638833333333332,0.0,0,2,1,2,1,0,NA,2022-10-11 14:05:07.468000,2022-10-10 16:04:40.905000,2022-10-10 16:04:38.345000,2022-10-11 14:05:10.031000,NA,week_two,0.0,0.0,NA,NA,NA,NA,NA,NA,NA,NA,NA,NA,NA,NA,NA,NA,NA,NA,NA,NA,NA,NA,NA,NA,NA,NA,NA,NA
67.0,Nigeria,1996,Female,CAH07-02	Chemistry,11,10/10/22 - 16/10/22,0.0,2.7469449999999997,0.0125,0.0,0.0047216666666666665,0.016666666666666666,0.0,02:46:51,02:21:13,3,7,0.0,0.0036116666666666667,0.0,0.0,1.1288883333333333,0.14194500000000002,0,4,0,0,1,3,NA,2022-10-11 14:01:27.770000,NA,NA,2022-10-11 14:09:43.154000,2022-10-11 14:01:30.471000,week_two,0.0,0.0,NA,NA,NA,NA,NA,NA,NA,NA,NA,NA,NA,NA,NA,NA,NA,NA,NA,NA,NA,NA,NA,NA,NA,NA,NA,NA
66.0,Nigeria,1986,Female,"CAH06-01	Agriculture, food and related studies",12,10/10/22 - 16/10/22,0.38,3.2008333333333336,0.0,0.0,0.0,6.344166666666666,5.215278333333333,15:08:25,02:21:13,7,17,0.0,0.018890000000000004,0.015000000000000001,0.18111166666666667,0.0,2.3927766666666668,0,14,1,1,0,7,NA,2022-10-10 19:20:25.648000,2022-10-10 19:23:39.544000,2022-10-10 19:31:53.459000,NA,2022-10-10 19:20:31.298000,week_two,2.26139,4.0,2022-10-15 18:11:28.679000,NA,NA,NA,NA,NA,NA,NA,NA,NA,NA,NA,NA,NA,NA,NA,NA,NA,NA,NA,NA,NA,NA,NA,NA,NA
76.0,United Kingdom of Great Britain and Northern Ireland,1995,Male,CAH11-01	Computing,13,10/10/22 - 16/10/22,0.005833333333333333,1.1766666666666665,0.0,0.0,0.39805500000000005,0.05083333333333333,0.0,01:37:53,02:21:13,5,6,0.0,0.0022216666666666665,0.000555,0.0,0.0,0.012221666666666665,0,3,2,0,0,1,NA,2022-10-11 13:47:06.802000,2022-10-14 20:25:19.077000,NA,NA,2022-10-11 13:47:09.476000,week_two,0.005278333333333333,2.0,2022-10-14 19:56:26.777000,NA,NA,NA,NA,NA,NA,NA,NA,NA,NA,NA,NA,NA,NA,NA,NA,NA,NA,NA,NA,NA,NA,NA,NA,NA
57.0,Bangladesh,1997,Female,CAH10-01	Engineering,14,10/10/22 - 16/10/22,0.0,4.493056666666667,0.027221666666666665,0.0,0.0,0.0,0.0,04:31:13,02:21:13,3,3,0.0,0.003888333333333333,0.0,0.0,0.3602783333333333,2.6277783333333335,0,5,0,0,1,4,NA,2022-10-11 13:59:19.249000,NA,NA,2022-10-11 14:49:16.366000,2022-10-11 13:59:23.257000,week_two,0.0,0.0,NA,NA,NA,NA,NA,NA,NA,NA,NA,NA,NA,NA,NA,NA,NA,NA,NA,NA,NA,NA,NA,NA,NA,NA,NA,NA
64.0,Italy,2000,Female,CAH16-01	Law,15,10/10/22 - 16/10/22,4.064723333333334,0.9511116666666666,0.0,0.0,0.0,0.005833333333333333,2.1236116666666667,07:08:43,02:21:13,7,14,0.0,0.06194500000000001,0.0016666666666666668,0.0,1.070555,1.4497216666666666,0,9,1,0,1,5,NA,2022-10-10 11:18:59.655000,2022-10-16 16:20:07.522000,NA,2022-10-10 15:10:22.792000,2022-10-10 11:19:02.415000,week_two,0.0025,2.0,2022-10-15 16:03:02.428000,NA,NA,NA,NA,NA,NA,NA,NA,NA,NA,NA,NA,NA,NA,NA,NA,NA,NA,NA,NA,NA,NA,NA,NA,NA
64.0,Sri Lanka,1993,Female,CAH17-01	Business and management,16,10/10/22 - 16/10/22,0.0,0.0,0.0,0.0,0.0,0.0,0.0,00:00:00,02:21:13,0,0,0.0,0.0,0.0,0.0,0.0,0.0,0,0,0,0,0,0,NA,NA,NA,NA,NA,NA,week_two,0.0,0.0,NA,NA,NA,NA,NA,NA,NA,NA,NA,NA,NA,NA,NA,NA,NA,NA,NA,NA,NA,NA,NA,NA,NA,NA,NA,NA
78.0,Viet Nam,1999,Male,CAH11-01	Computing,17,10/10/22 - 16/10/22,0.0,1.2225,0.0,0.0,0.02222166666666667,0.0,0.013611666666666668,01:15:30,02:21:13,4,7,0.0,0.00389,0.0013883333333333332,0.0,0.0,0.485555,0,5,2,0,0,7,NA,2022-10-11 09:38:38.182000,2022-10-11 09:36:16.785000,NA,NA,2022-10-11 09:38:40.016000,week_two,0.0,0.0,NA,NA,NA,NA,NA,NA,NA,NA,NA,NA,NA,NA,NA,NA,NA,NA,NA,NA,NA,NA,NA,NA,NA,NA,NA,NA
63.0,Viet Nam,1996,Female,CAH17-01	Business and management,18,10/10/22 - 16/10/22,1.826945,4.698055,0.0,0.0,0.0,0.0,0.0,06:31:30,02:21:13,2,4,0.0,0.0030566666666666663,0.0,0.0,0.0,2.799445,0,7,0,0,0,6,NA,2022-10-10 13:34:57.791000,NA,NA,NA,2022-10-10 13:34:59.179000,week_two,0.0,0.0,NA,NA,NA,NA,NA,NA,NA,NA,NA,NA,NA,NA,NA,NA,NA,NA,NA,NA,NA,NA,NA,NA,NA,NA,NA,NA
62.0,United Kingdom of Great Britain and Northern Ireland,2001,Male,CAH15-02	Economics,19,10/10/22 - 16/10/22,0.0,0.2708333333333333,0.0,0.0,0.0,0.0,0.0,00:16:15,02:21:13,2,2,0.0,0.000555,0.0,0.0,0.003055,0.0,0,1,0,0,1,0,NA,2022-10-11 14:47:53.096000,NA,NA,2022-10-11 14:47:55.454000,NA,week_two,0.0,0.0,NA,NA,NA,NA,NA,NA,NA,NA,NA,NA,NA,NA,NA,NA,NA,NA,NA,NA,NA,NA,NA,NA,NA,NA,NA,NA
62.0,Sri Lanka,1989,Female,CAH17-01	Business and management,20,10/10/22 - 16/10/22,1.1827783333333335,1.6244450000000001,0.0,0.0,0.0,0.0,0.0,02:48:26,02:21:13,4,6,0.0,0.004166666666666667,0.0008333333333333334,0.0,0.826945,0.5288883333333333,0,6,1,0,1,5,NA,2022-10-10 11:57:17.773000,2022-10-10 11:57:15.185000,NA,2022-10-10 11:57:22.034000,2022-10-10 12:49:40.490000,week_two,0.0,0.0,NA,NA,NA,NA,NA,NA,NA,NA,NA,NA,NA,NA,NA,NA,NA,NA,NA,NA,NA,NA,NA,NA,NA,NA,NA,NA
66.0,Sri Lanka,1997,Male,CAH17-01	Business and management,21,10/10/22 - 16/10/22,0.0,3.150276666666666,0.0,0.0,0.0,0.0,0.0,03:09:01,02:21:13,4,8,0.0,0.008055,0.0011116666666666666,0.0,0.027221666666666665,3.001945,0,13,1,0,3,9,NA,2022-10-11 11:22:14.404000,2022-10-11 11:22:10.842000,NA,2022-10-11 11:22:17.880000,2022-10-11 11:23:38.844000,week_two,0.0,0.0,NA,NA,NA,NA,NA,NA,NA,NA,NA,NA,NA,NA,NA,NA,NA,NA,NA,NA,NA,NA,NA,NA,NA,NA,NA,NA
59.0,Nigeria,1990,Male,"CAH07-04	General, applied and forensic sciences",22,10/10/22 - 16/10/22,0.0,0.8972216666666667,0.0,0.0,0.0,0.6375,0.0,01:32:05,02:21:13,3,3,0.0,0.0022216666666666665,0.008888333333333333,0.0,0.0,0.011945,0,2,1,0,0,2,NA,2022-10-11 15:29:10.030000,2022-10-11 15:29:58.848000,NA,NA,2022-10-11 15:29:15.517000,week_two,0.0,0.0,NA,NA,NA,NA,NA,NA,NA,NA,NA,NA,NA,NA,NA,NA,NA,NA,NA,NA,NA,NA,NA,NA,NA,NA,NA,NA
67.0,Nigeria,1993,Female,CAH09-01	Mathematical sciences,23,10/10/22 - 16/10/22,3.5833333333333335,3.8641666666666667,0.0,0.0,1.4625,0.0,0.0,08:54:36,02:21:13,6,12,0.0,0.010833333333333334,0.006943333333333333,0.0,3.624445,2.173888333333333,0,12,4,0,3,8,NA,2022-10-10 11:58:27.218000,2022-10-10 15:24:40.993000,NA,2022-10-10 12:23:44.434000,2022-10-10 11:58:30.854000,week_two,0.9136116666666666,1.0,2022-10-14 13:09:28.644000,NA,NA,NA,NA,NA,NA,NA,NA,NA,NA,NA,NA,NA,NA,NA,NA,NA,NA,NA,NA,NA,NA,NA,NA,NA
75.0,United Kingdom of Great Britain and Northern Ireland,1988,Male,CAH03-01	Biosciences,24,10/10/22 - 16/10/22,2.4705549999999996,4.871111666666667,0.0,0.0016666666666666668,0.0,0.0,0.26388833333333334,07:36:26,02:21:13,4,9,0.0,0.005,0.0,0.0,0.11722166666666665,1.080555,0,8,0,0,2,5,NA,2022-10-10 13:45:51.036000,NA,NA,2022-10-10 13:45:54.592000,2022-10-10 13:46:29.688000,week_two,0.004445,1.0,2022-10-16 13:48:01.333000,NA,NA,NA,NA,NA,NA,NA,NA,NA,NA,NA,NA,NA,NA,NA,NA,NA,NA,NA,NA,NA,NA,NA,NA,NA
66.0,United Kingdom of Great Britain and Northern Ireland,2000,Male,CAH17-01	Business and management,25,10/10/22 - 16/10/22,0.007500000000000001,0.001945,0.0,0.0,0.0,0.0,0.0,00:00:34,02:21:13,3,3,0.0,0.0016666666666666668,0.0,0.0,0.0,0.0047216666666666665,0,2,0,0,1,1,NA,2022-10-10 13:55:37.096000,NA,NA,2022-10-10 13:55:59.369000,2022-10-10 13:55:41.331000,week_two,0.0,0.0,NA,NA,NA,NA,NA,NA,NA,NA,NA,NA,NA,NA,NA,NA,NA,NA,NA,NA,NA,NA,NA,NA,NA,NA,NA,NA
83.0,United Kingdom of Great Britain and Northern Ireland,1998,Male,CAH15-02	Economics,26,10/10/22 - 16/10/22,0.03833333333333333,2.1416666666666666,0.2847216666666667,0.0,0.0033333333333333335,0.0,0.0,02:28:05,02:21:13,3,9,0.0,0.0036100000000000004,0.0008333333333333334,0.0,0.0,1.4163883333333334,0,6,1,0,0,6,NA,2022-10-10 15:23:58.328000,2022-10-11 14:45:15.589000,NA,NA,2022-10-10 15:24:00.935000,week_two,0.0,0.0,NA,NA,NA,NA,NA,NA,NA,NA,NA,NA,NA,NA,NA,NA,NA,NA,NA,NA,NA,NA,NA,NA,NA,NA,NA,NA
71.0,Switzerland,1996,Female,CAH17-01	Business and management,27,10/10/22 - 16/10/22,0.075,1.116945,0.0,0.0,0.0,0.0,0.0,01:11:31,02:21:13,3,7,0.0,0.0033316666666666664,0.0,0.0,0.554445,0.550555,0,5,0,0,1,4,NA,2022-10-10 21:43:06.629000,NA,NA,2022-10-11 14:34:41.621000,2022-10-10 21:43:08.677000,week_two,0.0,0.0,NA,NA,NA,NA,NA,NA,NA,NA,NA,NA,NA,NA,NA,NA,NA,NA,NA,NA,NA,NA,NA,NA,NA,NA,NA,NA
82.0,United Kingdom of Great Britain and Northern Ireland,1995,Non-binary / third gender,"CAH15-01	Sociology, social policy and anthropology",28,10/10/22 - 16/10/22,2.0283333333333333,0.8711116666666666,0.0,0.0,0.0,0.0,0.0,02:53:58,02:21:13,9,10,0.0,0.00889,0.0011116666666666666,0.006666666666666667,0.001945,0.8702783333333333,0,9,8,1,4,2,NA,2022-10-11 12:01:05.549000,2022-10-11 12:01:05.549000,2022-10-11 12:01:06.970000,2022-10-11 12:01:06.970000,2022-10-11 12:01:06.970000,week_two,0.0,0.0,NA,NA,NA,NA,NA,NA,NA,NA,NA,NA,NA,NA,NA,NA,NA,NA,NA,NA,NA,NA,NA,NA,NA,NA,NA,NA
81.0,United Kingdom of Great Britain and Northern Ireland,1998,Male,CAH11-01	Computing,29,10/10/22 - 16/10/22,0.0,2.0152783333333333,0.0,0.0,0.0,0.0,0.0,02:00:55,02:21:13,2,2,0.0,0.0011116666666666666,0.0,0.0,0.0,0.950555,0,2,0,0,0,2,NA,2022-10-11 13:46:15.260000,NA,NA,NA,2022-10-11 13:46:17.830000,week_two,0.0,0.0,NA,NA,NA,NA,NA,NA,NA,NA,NA,NA,NA,NA,NA,NA,NA,NA,NA,NA,NA,NA,NA,NA,NA,NA,NA,NA
71.0,Spain,1983,Male,CAH10-01	Engineering,30,10/10/22 - 16/10/22,1.1388883333333333,1.15,0.009166666666666667,0.459445,0.010278333333333334,0.0,0.0011116666666666666,02:46:08,02:21:13,18,22,0.0,0.028056666666666667,0.0275,0.007778333333333333,0.9072216666666667,0.7633333333333333,0,13,2,2,1,3,NA,2022-10-10 16:09:03.269000,2022-11-08 14:48:50.428000,2022-10-31 23:37:43.785000,2022-10-11 14:23:26.518000,2022-10-10 16:09:10.141000,week_two,0.0,1.0,2022-10-14 05:56:50.856000,NA,NA,NA,NA,NA,NA,NA,NA,NA,NA,NA,NA,NA,NA,NA,NA,NA,NA,NA,NA,NA,NA,NA,NA,NA
63.0,India,1998,Male,CAH11-01	Computing,31,10/10/22 - 16/10/22,0.0,0.048054999999999994,0.0,0.0,0.0,0.0,0.0,00:02:53,02:21:13,2,2,0.0,0.0013883333333333332,0.0,0.0,0.0,0.031111666666666666,0,2,0,0,0,2,NA,2022-10-11 10:14:53.802000,NA,NA,NA,2022-10-11 10:14:56.774000,week_two,0.0,0.0,NA,NA,NA,NA,NA,NA,NA,NA,NA,NA,NA,NA,NA,NA,NA,NA,NA,NA,NA,NA,NA,NA,NA,NA,NA,NA
54.0,Nigeria,1979,Female,CAH17-01	Business and management,32,10/10/22 - 16/10/22,0.0,0.0,0.0,0.0,0.0,0.0,0.0,00:00:00,02:21:13,0,0,0.0,0.0,0.0,0.0,0.0,0.0,0,0,0,0,0,0,NA,NA,NA,NA,NA,NA,week_two,0.0,0.0,NA,NA,NA,NA,NA,NA,NA,NA,NA,NA,NA,NA,NA,NA,NA,NA,NA,NA,NA,NA,NA,NA,NA,NA,NA,NA
62.0,Nigeria,1970,Prefer to self-describe,CAH17-01	Business and management,33,10/10/22 - 16/10/22,0.0,0.034166666666666665,0.046945,0.0,0.0,0.0,0.0,00:04:52,02:21:13,4,5,0.0,0.004166666666666667,0.018055,0.0,0.007500000000000001,0.0,0,3,1,0,1,1,NA,2022-10-12 22:47:29.389000,2022-10-12 22:49:30.887000,NA,2022-10-12 22:48:58.591000,2022-10-12 22:47:32.337000,week_two,0.0,0.0,NA,NA,NA,NA,NA,NA,NA,NA,NA,NA,NA,NA,NA,NA,NA,NA,NA,NA,NA,NA,NA,NA,NA,NA,NA,NA
60.0,Sri Lanka,1992,Female,CAH17-01	Business and management,34,10/10/22 - 16/10/22,0.0,0.030000000000000002,0.015278333333333335,0.08638833333333333,0.0,0.0,0.0,00:07:54,02:21:13,4,6,0.0,0.019166666666666665,0.0011116666666666666,0.0,0.03972166666666666,0.007500000000000001,0,6,1,0,4,1,NA,2022-10-13 15:31:46.960000,2022-10-13 15:38:53.304000,NA,2022-10-13 15:31:49.672000,2022-10-13 15:36:16.417000,week_two,0.0,0.0,NA,NA,NA,NA,NA,NA,NA,NA,NA,NA,NA,NA,NA,NA,NA,NA,NA,NA,NA,NA,NA,NA,NA,NA,NA,NA
62.0,Nigeria,1999,Male,CAH11-01	Computing,35,10/10/22 - 16/10/22,0.0,0.8102783333333333,0.0,0.0,0.0,0.0,0.0,00:48:37,02:21:13,2,2,0.0,0.0022216666666666665,0.0,0.0,0.0,0.7958333333333333,0,4,0,0,0,4,NA,2022-10-11 14:06:47.448000,NA,NA,NA,2022-10-11 14:06:49.241000,week_two,0.0,0.0,NA,NA,NA,NA,NA,NA,NA,NA,NA,NA,NA,NA,NA,NA,NA,NA,NA,NA,NA,NA,NA,NA,NA,NA,NA,NA
62.0,Nigeria,1987,Female,"CAH07-04	General, applied and forensic sciences",36,10/10/22 - 16/10/22,0.0,1.7136116666666668,0.0,0.0,0.0,0.0,0.0,01:42:49,02:21:13,3,3,0.0,0.0013883333333333332,0.0,0.0,0.42,0.0,0,1,0,0,1,0,NA,2022-10-11 14:50:52.434000,NA,NA,2022-10-11 14:50:57.025000,NA,week_two,0.0,0.0,NA,NA,NA,NA,NA,NA,NA,NA,NA,NA,NA,NA,NA,NA,NA,NA,NA,NA,NA,NA,NA,NA,NA,NA,NA,NA
67.0,Sri Lanka,1981,Male,CAH17-01	Business and management,37,10/10/22 - 16/10/22,0.0,3.1300000000000003,0.0,0.0,0.0,0.0,0.0,03:07:48,02:21:13,2,2,0.0,0.000555,0.0,0.0,0.0,0.016944999999999998,0,1,0,0,0,1,NA,2022-10-11 14:02:40.141000,NA,NA,NA,2022-10-11 14:02:41.768000,week_two,0.0,0.0,NA,NA,NA,NA,NA,NA,NA,NA,NA,NA,NA,NA,NA,NA,NA,NA,NA,NA,NA,NA,NA,NA,NA,NA,NA,NA
65.0,Pakistan,1993,Male,CAH11-01	Computing,38,10/10/22 - 16/10/22,0.27666666666666667,0.5302766666666667,0.0,0.0,0.0,0.0,0.0,00:48:25,02:21:13,2,2,0.0,0.0008333333333333334,0.0,0.0,0.0,0.0063883333333333335,0,1,0,0,0,1,NA,2022-10-11 13:33:17.187000,NA,NA,NA,2022-10-11 13:33:20.589000,week_two,0.0,0.0,NA,NA,NA,NA,NA,NA,NA,NA,NA,NA,NA,NA,NA,NA,NA,NA,NA,NA,NA,NA,NA,NA,NA,NA,NA,NA
62.0,Pakistan,1991,Female,CAH11-01	Computing,39,10/10/22 - 16/10/22,0.18527833333333332,2.73,0.0,0.0,0.0,1.7386116666666669,4.045278333333333,08:41:57,02:21:13,3,8,0.0,0.004166666666666667,0.0022216666666666665,0.0,0.0,3.959443333333333,0,8,2,0,0,8,NA,2022-10-15 16:56:00.073000,2022-10-10 14:40:11.828000,NA,NA,2022-10-15 16:56:02.376000,week_two,0.0,0.0,NA,NA,NA,NA,NA,NA,NA,NA,NA,NA,NA,NA,NA,NA,NA,NA,NA,NA,NA,NA,NA,NA,NA,NA,NA,NA
63.0,Sri Lanka,1996,Male,CAH17-01	Business and management,40,10/10/22 - 16/10/22,0.0,1.1816666666666669,0.0,0.0,0.0,0.0,0.0,01:10:54,02:21:13,4,4,0.0,0.008333333333333333,0.0,0.0,0.17805500000000002,0.7122216666666666,0,5,0,0,1,4,NA,2022-10-11 14:20:33.265000,NA,NA,2022-10-11 14:20:48.965000,2022-10-11 14:20:39.287000,week_two,0.0,0.0,NA,NA,NA,NA,NA,NA,NA,NA,NA,NA,NA,NA,NA,NA,NA,NA,NA,NA,NA,NA,NA,NA,NA,NA,NA,NA
60.0,India,1992,Male,CAH15-02	Economics,41,10/10/22 - 16/10/22,0.0,0.18583333333333335,0.0,0.0,0.0,0.0,0.0,00:11:09,02:21:13,0,0,0.0,0.0,0.0,0.0,0.0,0.0,0,0,0,0,0,0,NA,NA,NA,NA,NA,NA,week_two,0.0,0.0,NA,NA,NA,NA,NA,NA,NA,NA,NA,NA,NA,NA,NA,NA,NA,NA,NA,NA,NA,NA,NA,NA,NA,NA,NA,NA
83.0,United Kingdom of Great Britain and Northern Ireland,1975,Female,CAH07-01	Physics and astronomy,42,10/10/22 - 16/10/22,0.49805666666666665,0.0,0.0,0.008333333333333333,0.0,0.0,0.014721666666666666,00:31:16,02:21:13,4,5,0.0,0.0033333333333333335,0.005278333333333333,0.0,0.0,0.449445,0,3,3,0,0,2,NA,2022-10-10 16:56:37.784000,2022-10-10 16:56:32.747000,NA,NA,2022-10-10 16:56:44.045000,week_two,0.0,1.0,2022-10-16 17:48:50.803000,NA,NA,NA,NA,NA,NA,NA,NA,NA,NA,NA,NA,NA,NA,NA,NA,NA,NA,NA,NA,NA,NA,NA,NA,NA
62.0,Sri Lanka,1990,Female,CAH17-01	Business and management,43,10/10/22 - 16/10/22,0.0,1.6266666666666665,0.0,0.0,0.0,0.0,0.11916666666666667,01:44:45,02:21:13,5,9,0.0,0.004445,0.003888333333333333,0.0,1.3025,0.09083333333333334,0,5,2,0,1,3,NA,2022-10-11 13:41:51.249000,2022-10-11 13:41:39.426000,NA,2022-10-11 14:14:00.049000,2022-10-11 13:41:58.690000,week_two,0.0025,1.0,2022-10-16 11:23:12.544000,NA,NA,NA,NA,NA,NA,NA,NA,NA,NA,NA,NA,NA,NA,NA,NA,NA,NA,NA,NA,NA,NA,NA,NA,NA
76.0,Malaysia,1993,Male,CAH17-01	Business and management,44,10/10/22 - 16/10/22,0.013611666666666668,4.252223333333334,0.0,0.0,0.0,0.0,0.0,04:15:57,02:21:13,3,5,0.0,0.005,0.0,0.0,1.2158333333333333,1.3963883333333333,0,10,0,0,5,4,NA,2022-10-11 12:41:11.663000,NA,NA,2022-10-11 14:08:52.434000,2022-10-11 12:41:14.905000,week_two,0.0,0.0,NA,NA,NA,NA,NA,NA,NA,NA,NA,NA,NA,NA,NA,NA,NA,NA,NA,NA,NA,NA,NA,NA,NA,NA,NA,NA
67.0,Thailand,1993,Male,CAH10-01	Engineering,45,10/10/22 - 16/10/22,0.0,0.945555,0.0,0.0,0.0,0.0,0.0,00:56:44,02:21:13,2,4,0.0,0.0027783333333333336,0.0,0.0,0.0,0.8369449999999999,0,2,0,0,0,2,NA,2022-10-11 11:49:34.571000,NA,NA,NA,2022-10-11 11:49:40.171000,week_two,0.0,0.0,NA,NA,NA,NA,NA,NA,NA,NA,NA,NA,NA,NA,NA,NA,NA,NA,NA,NA,NA,NA,NA,NA,NA,NA,NA,NA
65.0,India,1994,Male,CAH17-01	Business and management,46,10/10/22 - 16/10/22,2.408333333333333,1.956111666666667,0.0,0.0,0.0,0.0,0.0,04:21:52,02:21:13,3,4,0.0,0.0013883333333333332,0.0,0.0,2.3577783333333335,0.21861166666666668,0,2,0,0,1,1,NA,2022-10-10 15:45:01.214000,NA,NA,2022-10-10 15:45:04.312000,2022-10-11 13:45:14.839000,week_two,0.0,0.0,NA,NA,NA,NA,NA,NA,NA,NA,NA,NA,NA,NA,NA,NA,NA,NA,NA,NA,NA,NA,NA,NA,NA,NA,NA,NA
66.0,United Kingdom of Great Britain and Northern Ireland,1997,Female,"CAH26-01 Geography, earth and environmental studies",47,10/10/22 - 16/10/22,1.5,0.0,0.010833333333333334,0.0,0.0,0.0,0.0,01:30:39,02:21:13,3,3,0.0,0.0022216666666666665,0.0,0.0,0.84,0.4952783333333333,0,4,0,0,1,2,NA,2022-10-10 12:52:42.196000,NA,NA,2022-10-10 12:52:54.250000,2022-10-10 13:43:20.019000,week_two,0.0,0.0,NA,NA,NA,NA,NA,NA,NA,NA,NA,NA,NA,NA,NA,NA,NA,NA,NA,NA,NA,NA,NA,NA,NA,NA,NA,NA
60.0,Malaysia,1992,Male,CAH25-01	Creative arts and design,48,10/10/22 - 16/10/22,0.0,2.2963883333333333,0.0,0.0,0.0,0.0,0.0,02:17:47,02:21:13,2,3,0.0,0.0022233333333333332,0.0,0.0,0.0,2.2708333333333335,0,2,0,0,0,1,NA,2022-10-11 12:57:35.496000,NA,NA,NA,2022-10-11 12:57:39.026000,week_two,0.0,0.0,NA,NA,NA,NA,NA,NA,NA,NA,NA,NA,NA,NA,NA,NA,NA,NA,NA,NA,NA,NA,NA,NA,NA,NA,NA,NA
68.0,Nigeria,1984,Female,CAH11-01	Computing,49,10/10/22 - 16/10/22,0.12416666666666668,1.8819450000000002,0.0,0.0,0.05222166666666666,0.0,0.0,02:03:30,02:21:13,4,5,0.0,0.006944999999999999,0.0,0.0,0.005555000000000001,0.4986116666666666,0,4,0,0,1,1,NA,2022-10-11 14:59:56.023000,NA,NA,2022-10-11 15:00:00.963000,2022-10-11 15:00:26.056000,week_two,0.0036116666666666667,1.0,2022-10-14 16:42:18.925000,NA,NA,NA,NA,NA,NA,NA,NA,NA,NA,NA,NA,NA,NA,NA,NA,NA,NA,NA,NA,NA,NA,NA,NA,NA
57.0,Nigeria,1992,Male,CAH11-01	Computing,50,10/10/22 - 16/10/22,1.0602783333333334,4.208056666666667,0.0,0.17638833333333334,0.0,0.013888333333333332,0.0,05:27:31,02:21:13,4,10,0.0,0.00861,0.0,0.0,0.04388833333333333,3.3408333333333333,0,8,0,0,1,6,NA,2022-10-10 20:16:27.691000,NA,NA,2022-10-11 14:03:56.307000,2022-10-10 20:16:31.516000,week_two,0.01,1.0,2022-10-13 21:31:52.902000,NA,NA,NA,NA,NA,NA,NA,NA,NA,NA,NA,NA,NA,NA,NA,NA,NA,NA,NA,NA,NA,NA,NA,NA,NA
67.0,Nigeria,1998,Female,CAH16-01	Law,51,10/10/22 - 16/10/22,0.0,1.1716666666666666,0.0,0.0,0.0,0.0,0.021945,01:11:37,02:21:13,0,0,0.0,0.0,0.0,0.0,0.0,0.0,0,0,0,0,0,0,NA,NA,NA,NA,NA,NA,week_two,0.0,0.0,NA,NA,NA,NA,NA,NA,NA,NA,NA,NA,NA,NA,NA,NA,NA,NA,NA,NA,NA,NA,NA,NA,NA,NA,NA,NA
62.0,Nigeria,1991,Female,CAH10-03	Materials and technology,52,10/10/22 - 16/10/22,0.0,2.5005566666666668,0.0,0.0,0.0,0.0,0.0,02:30:02,02:21:13,3,6,0.0,0.043054999999999996,0.0,0.0,0.003888333333333333,0.4413883333333333,0,5,0,0,1,3,NA,2022-10-11 13:33:09.235000,NA,NA,2022-10-11 14:28:49.454000,2022-10-11 13:35:36.279000,week_two,0.0,0.0,NA,NA,NA,NA,NA,NA,NA,NA,NA,NA,NA,NA,NA,NA,NA,NA,NA,NA,NA,NA,NA,NA,NA,NA,NA,NA
67.0,Nigeria,2001,Female,CAH09-01	Mathematical sciences,53,10/10/22 - 16/10/22,0.018333333333333333,2.4513900000000004,0.0,0.0,0.0,0.8350000000000001,0.0,03:18:17,02:21:13,5,10,0.0,0.004443333333333333,0.0,0.0,0.0,2.2722233333333337,0,6,0,0,1,4,NA,2022-10-10 18:43:43.179000,NA,NA,2022-10-10 18:43:46.346000,2022-10-11 11:29:35.961000,week_two,0.374445,1.0,2022-10-15 14:03:09.093000,NA,NA,NA,NA,NA,NA,NA,NA,NA,NA,NA,NA,NA,NA,NA,NA,NA,NA,NA,NA,NA,NA,NA,NA,NA
68.0,Nigeria,1979,Female,CAH11-01	Computing,54,10/10/22 - 16/10/22,1.606388333333333,1.2844450000000003,0.4325,0.019166666666666665,0.0,0.0,0.013333333333333334,03:21:21,02:21:13,4,7,0.0,0.005833333333333333,0.0,0.0,0.024166666666666666,2.164445,0,3,0,0,2,4,NA,2022-10-10 13:22:11.252000,NA,NA,2022-10-14 03:03:35.635000,2022-10-10 13:22:14.555000,week_two,0.0,0.0,NA,NA,NA,NA,NA,NA,NA,NA,NA,NA,NA,NA,NA,NA,NA,NA,NA,NA,NA,NA,NA,NA,NA,NA,NA,NA
66.0,Nigeria,1986,Female,CAH10-03	Materials and technology,55,10/10/22 - 16/10/22,0.42694499999999996,0.5622216666666666,0.0,0.0,0.0,0.0,0.0,00:59:21,02:21:13,10,11,0.0,0.0013883333333333332,0.003055,0.013333333333333334,0.014445000000000001,0.0,0,3,2,2,1,1,NA,2022-10-10 03:45:52.877000,2022-10-11 15:18:54.596000,2022-10-10 03:44:53.915000,2022-10-10 03:45:54.977000,2022-10-11 15:32:24.674000,week_two,0.0,0.0,NA,NA,NA,NA,NA,NA,NA,NA,NA,NA,NA,NA,NA,NA,NA,NA,NA,NA,NA,NA,NA,NA,NA,NA,NA,NA
70.0,Nigeria,1986,Female,CAH11-01	Computing,56,10/10/22 - 16/10/22,4.680278333333334,0.0,0.0,0.0063883333333333335,0.009166666666666667,0.0,0.0,04:41:45,02:21:13,2,4,0.0,0.0036100000000000004,0.0,0.0,0.0,1.2180549999999999,0,3,0,0,0,3,NA,2022-10-10 11:46:01.009000,NA,NA,NA,2022-10-10 11:46:04.318000,week_two,0.0,0.0,NA,NA,NA,NA,NA,NA,NA,NA,NA,NA,NA,NA,NA,NA,NA,NA,NA,NA,NA,NA,NA,NA,NA,NA,NA,NA
55.0,Nigeria,1990,Female,CAH17-01	Business and management,57,10/10/22 - 16/10/22,0.0,0.0,0.0,0.0,0.0,0.0,0.0,00:00:00,02:21:13,0,0,0.0,0.0,0.0,0.0,0.0,0.0,0,0,0,0,0,0,NA,NA,NA,NA,NA,NA,week_two,0.0,0.0,NA,NA,NA,NA,NA,NA,NA,NA,NA,NA,NA,NA,NA,NA,NA,NA,NA,NA,NA,NA,NA,NA,NA,NA,NA,NA
66.0,Nigeria,1992,Male,CAH03-01	Biosciences,58,10/10/22 - 16/10/22,0.0,2.163055,0.0,0.013611666666666668,0.0,0.0,0.0,02:10:36,02:21:13,3,4,0.0,0.0033333333333333335,0.0,0.0,1.6711116666666668,0.0,0,2,0,0,1,1,NA,2022-10-11 14:05:08.545000,NA,NA,2022-10-11 14:05:11.356000,2022-10-13 13:30:27.251000,week_two,0.0,0.0,NA,NA,NA,NA,NA,NA,NA,NA,NA,NA,NA,NA,NA,NA,NA,NA,NA,NA,NA,NA,NA,NA,NA,NA,NA,NA
54.0,Sri Lanka,1991,Male,CAH10-01	Engineering,59,10/10/22 - 16/10/22,0.0,1.4602783333333336,0.0,0.0,0.0,0.0,0.0,01:27:37,02:21:13,2,2,0.0,0.0025,0.0,0.0,0.564445,0.0,0,2,0,0,2,0,NA,2022-10-11 14:03:23.919000,NA,NA,2022-10-11 14:03:26.657000,NA,week_two,0.0,0.0,NA,NA,NA,NA,NA,NA,NA,NA,NA,NA,NA,NA,NA,NA,NA,NA,NA,NA,NA,NA,NA,NA,NA,NA,NA,NA
59.0,Viet Nam,1997,Female,CAH17-01	Business and management,60,10/10/22 - 16/10/22,0.09639,3.920555,0.0,0.0,0.14416666666666667,0.06027833333333334,3.0266666666666664,07:14:53,02:21:13,7,21,0.0,0.1969466666666667,0.0024983333333333333,0.0,0.9786116666666665,1.3044433333333332,0,19,4,0,1,6,NA,2022-10-10 16:34:17.641000,2022-10-10 20:40:31.102000,NA,2022-10-11 14:17:15.010000,2022-10-10 16:34:18.955000,week_two,0.0475,7.0,2022-10-14 21:49:57.238000,NA,NA,NA,NA,NA,NA,NA,NA,NA,NA,NA,NA,NA,NA,NA,NA,NA,NA,NA,NA,NA,NA,NA,NA,NA
60.0,India,1993,Female,CAH10-01	Engineering,61,10/10/22 - 16/10/22,1.3638883333333331,1.5325016666666669,0.0,0.0,0.0,0.0,0.0,02:53:47,02:21:13,4,10,0.0,0.014723333333333333,0.004445,0.0016666666666666668,0.0,0.32638833333333334,0,9,1,1,0,8,NA,2022-10-10 17:03:52.557000,2022-10-10 17:08:48.790000,2022-10-10 17:08:42.364000,NA,2022-10-10 17:03:56.242000,week_two,0.0,0.0,NA,NA,NA,NA,NA,NA,NA,NA,NA,NA,NA,NA,NA,NA,NA,NA,NA,NA,NA,NA,NA,NA,NA,NA,NA,NA
60.0,Turkey,1996,Male,CAH17-01	Business and management,62,10/10/22 - 16/10/22,0.0,1.0333333333333334,0.0,0.0,0.0,0.19305500000000003,0.0,01:13:35,02:21:13,6,10,0.0,0.075555,0.0011116666666666666,0.03333333333333333,0.0027783333333333336,0.23694333333333334,0,5,1,4,1,4,NA,2022-10-11 02:49:29.822000,2022-10-11 02:49:26.272000,2022-10-11 02:51:04.228000,2022-10-11 15:36:05.197000,2022-10-11 02:49:34.971000,week_two,0.0,0.0,NA,NA,NA,NA,NA,NA,NA,NA,NA,NA,NA,NA,NA,NA,NA,NA,NA,NA,NA,NA,NA,NA,NA,NA,NA,NA
78.0,United Kingdom of Great Britain and Northern Ireland,1998,Female,CAH17-01	Business and management,63,10/10/22 - 16/10/22,0.0,3.136111666666667,0.0,0.0,0.0,0.0,0.0,03:08:10,02:21:13,0,0,0.0,0.0,0.0,0.0,0.0,0.0,0,0,0,0,0,0,NA,NA,NA,NA,NA,NA,week_two,0.0,0.0,NA,NA,NA,NA,NA,NA,NA,NA,NA,NA,NA,NA,NA,NA,NA,NA,NA,NA,NA,NA,NA,NA,NA,NA,NA,NA
61.0,Iran,1989,Female,CAH15-04	Health and social care,64,10/10/22 - 16/10/22,0.0,0.5613883333333334,0.0,0.0,0.0,0.0,0.0,00:33:41,02:21:13,0,0,0.0,0.0,0.0,0.0,0.0,0.0,0,0,0,0,0,0,NA,NA,NA,NA,NA,NA,week_two,0.0,0.0,NA,NA,NA,NA,NA,NA,NA,NA,NA,NA,NA,NA,NA,NA,NA,NA,NA,NA,NA,NA,NA,NA,NA,NA,NA,NA
55.0,Hong Kong (S.A.R.),2000,Male,"CAH13-01	Architecture, building and planning",65,10/10/22 - 16/10/22,0.0,0.5502766666666667,0.0,0.0,0.0,0.0,0.0,00:33:01,02:21:13,4,6,0.0,0.0016666666666666668,0.0,0.0,0.12472166666666666,0.24083333333333332,0,4,1,0,1,3,NA,2022-10-11 12:59:23.889000,2022-10-11 14:12:07.272000,NA,2022-10-11 14:13:07.731000,2022-10-11 12:59:25.524000,week_two,0.0,0.0,NA,NA,NA,NA,NA,NA,NA,NA,NA,NA,NA,NA,NA,NA,NA,NA,NA,NA,NA,NA,NA,NA,NA,NA,NA,NA
60.0,Hong Kong (S.A.R.),1995,Female,"CAH15-01	Sociology, social policy and anthropology",66,10/10/22 - 16/10/22,0.005278333333333333,1.4383333333333332,0.03805499999999999,0.17944499999999997,0.0,0.0,0.0027783333333333336,01:39:50,02:21:13,8,14,0.0,0.1444433333333333,0.00027833333333333334,0.0,0.0,0.07555666666666667,0,9,1,0,2,2,NA,2022-10-10 12:44:48.283000,2022-10-11 14:57:57.809000,NA,2022-10-10 12:44:51.334000,2022-10-11 14:58:01.016000,week_two,0.017221666666666666,3.0,2022-10-13 21:03:53.672000,NA,NA,NA,NA,NA,NA,NA,NA,NA,NA,NA,NA,NA,NA,NA,NA,NA,NA,NA,NA,NA,NA,NA,NA,NA
58.0,India,1987,Female,CAH17-01	Business and management,67,10/10/22 - 16/10/22,0.295,2.8711116666666667,0.0,3.056111666666667,0.003055,0.0,0.0,06:13:31,02:21:13,4,12,0.0,0.014445000000000001,0.001945,0.0,0.0,4.258333333333334,0,13,3,0,0,16,NA,2022-10-10 22:01:33.552000,2022-10-10 22:01:30.010000,NA,NA,2022-10-10 22:01:36.413000,week_two,1.7066666666666668,1.0,2022-10-13 21:34:14.858000,NA,NA,NA,NA,NA,NA,NA,NA,NA,NA,NA,NA,NA,NA,NA,NA,NA,NA,NA,NA,NA,NA,NA,NA,NA
70.0,Myanmar,1996,Female,CAH11-01	Computing,68,10/10/22 - 16/10/22,0.3472216666666667,1.6458333333333333,0.0,0.0,0.0,0.003055,0.0,01:59:46,02:21:13,7,20,0.0,0.027221666666666665,0.0016666666666666668,0.0025,0.5411116666666665,0.6258333333333332,0,13,3,2,5,8,NA,2022-10-10 13:33:38.789000,2022-10-10 13:36:12.852000,2022-10-10 13:34:45.725000,2022-10-10 13:33:43.398000,2022-10-10 13:34:57.107000,week_two,0.0,0.0,NA,NA,NA,NA,NA,NA,NA,NA,NA,NA,NA,NA,NA,NA,NA,NA,NA,NA,NA,NA,NA,NA,NA,NA,NA,NA
64.0,United Kingdom of Great Britain and Northern Ireland,1992,Male,CAH10-01	Engineering,69,10/10/22 - 16/10/22,0.0,7.048888333333333,0.0,0.0,0.0,0.0,0.0,07:02:56,02:21:13,4,4,0.0,0.001945,0.0008333333333333334,0.0,1.059445,0.025555,0,5,2,0,2,2,NA,2022-10-11 10:37:58.340000,2022-10-11 10:40:14.256000,NA,2022-10-11 10:38:28.060000,2022-10-11 10:37:59.814000,week_two,0.0,0.0,NA,NA,NA,NA,NA,NA,NA,NA,NA,NA,NA,NA,NA,NA,NA,NA,NA,NA,NA,NA,NA,NA,NA,NA,NA,NA
65.0,Nigeria,1995,Male,CAH15-02	Economics,70,10/10/22 - 16/10/22,0.0,2.3455549999999996,0.0,0.0,0.0,0.049721666666666664,0.003055,02:23:53,02:21:13,6,9,0.0,0.01638833333333333,0.0008333333333333334,0.003888333333333333,1.22611,0.19638833333333333,0,16,2,2,5,8,NA,2022-10-11 13:37:58.564000,2022-10-11 14:07:00.513000,2022-10-11 13:38:46.353000,2022-10-11 14:12:02.169000,2022-10-11 13:38:02.217000,week_two,0.0,0.0,NA,NA,NA,NA,NA,NA,NA,NA,NA,NA,NA,NA,NA,NA,NA,NA,NA,NA,NA,NA,NA,NA,NA,NA,NA,NA
64.0,Viet Nam,1998,Male,CAH15-02	Economics,71,10/10/22 - 16/10/22,2.503333333333333,0.12111166666666667,0.0,0.0,0.0,0.0,0.0,02:37:28,02:21:13,3,9,0.0,0.003055,0.0,0.0,0.0,1.83639,0,6,0,0,1,5,NA,2022-10-10 12:06:58.522000,NA,NA,2022-10-11 14:14:00.143000,2022-10-10 12:07:02.806000,week_two,0.0,0.0,NA,NA,NA,NA,NA,NA,NA,NA,NA,NA,NA,NA,NA,NA,NA,NA,NA,NA,NA,NA,NA,NA,NA,NA,NA,NA
69.0,India,1984,Male,"CAH06-01	Agriculture, food and related studies",72,10/10/22 - 16/10/22,0.0,2.2877766666666663,0.0,0.0,0.0,1.9736116666666668,0.0,04:15:41,02:21:13,2,2,0.0,0.0008333333333333334,0.0,0.0,0.0,0.35611166666666666,0,1,0,0,0,1,NA,2022-10-11 15:19:15.623000,NA,NA,NA,2022-10-11 15:19:18.520000,week_two,0.0,0.0,NA,NA,NA,NA,NA,NA,NA,NA,NA,NA,NA,NA,NA,NA,NA,NA,NA,NA,NA,NA,NA,NA,NA,NA,NA,NA
64.0,India,1997,Female,CAH10-01	Engineering,73,10/10/22 - 16/10/22,0.5002783333333334,2.0341666666666667,0.0,0.0,0.0,0.0,0.0,02:32:04,02:21:13,6,9,0.0,0.004445,0.0008333333333333334,0.19111166666666665,0.023055,0.007223333333333333,0,7,1,3,1,4,NA,2022-10-10 10:13:55.636000,2022-10-10 10:13:59.666000,2022-10-10 10:02:25.910000,2022-10-11 15:31:31.332000,2022-10-11 13:42:27.426000,week_two,0.0,0.0,NA,NA,NA,NA,NA,NA,NA,NA,NA,NA,NA,NA,NA,NA,NA,NA,NA,NA,NA,NA,NA,NA,NA,NA,NA,NA
63.0,Sri Lanka,1986,Female,CAH17-01	Business and management,74,10/10/22 - 16/10/22,0.0,2.2555549999999998,0.0,0.0,0.0,0.0,0.0,02:15:20,02:21:13,2,2,0.0,0.0047216666666666665,0.0,0.0,0.0,0.35694499999999996,0,5,0,0,0,4,NA,2022-10-11 13:26:25.535000,NA,NA,NA,2022-10-11 13:26:32.095000,week_two,0.0,0.0,NA,NA,NA,NA,NA,NA,NA,NA,NA,NA,NA,NA,NA,NA,NA,NA,NA,NA,NA,NA,NA,NA,NA,NA,NA,NA
62.0,Sri Lanka,1980,Male,CAH17-01	Business and management,75,10/10/22 - 16/10/22,1.3316666666666668,0.001945,0.0,0.0,0.0,0.0,0.550555,01:53:03,02:21:13,5,11,0.0,0.006666666666666667,0.0025,0.0,0.19472166666666668,1.5938883333333331,0,7,1,0,1,5,NA,2022-10-10 16:48:19.685000,2022-10-10 16:48:10.317000,NA,2022-10-10 16:50:22.176000,2022-10-10 16:48:28.769000,week_two,0.005,1.0,2022-10-16 11:44:19.387000,NA,NA,NA,NA,NA,NA,NA,NA,NA,NA,NA,NA,NA,NA,NA,NA,NA,NA,NA,NA,NA,NA,NA,NA,NA
61.0,Poland,1996,Male,CAH02-05	Medical sciences,76,10/10/22 - 16/10/22,0.0,1.5911116666666667,0.0,0.0,0.0,0.0,0.0,01:35:28,02:21:13,0,0,0.0,0.0,0.0,0.0,0.0,0.0,0,0,0,0,0,0,NA,NA,NA,NA,NA,NA,week_two,0.0,0.0,NA,NA,NA,NA,NA,NA,NA,NA,NA,NA,NA,NA,NA,NA,NA,NA,NA,NA,NA,NA,NA,NA,NA,NA,NA,NA
77.0,Sri Lanka,1990,Male,CAH17-01	Business and management,77,10/10/22 - 16/10/22,0.0,0.8702766666666667,0.0,0.0,0.0,0.0,0.013333333333333334,00:53:01,02:21:13,4,6,0.0,0.006390000000000001,0.006111666666666666,0.000555,0.0,0.5233333333333333,0,3,1,1,0,3,NA,2022-10-11 13:52:38.948000,2022-10-16 15:40:09.561000,2022-10-16 15:40:07.800000,NA,2022-10-11 13:52:40.111000,week_two,0.0,0.0,NA,NA,NA,NA,NA,NA,NA,NA,NA,NA,NA,NA,NA,NA,NA,NA,NA,NA,NA,NA,NA,NA,NA,NA,NA,NA
56.0,Pakistan,1992,Male,CAH10-01	Engineering,78,10/10/22 - 16/10/22,0.0,0.006666666666666667,0.0,0.0,0.04888833333333333,0.0,0.0,00:03:20,02:21:13,4,4,0.0,0.004166666666666667,0.041945,0.00027833333333333334,0.0,0.0,0,1,1,1,0,0,NA,2022-10-14 10:27:27.575000,2022-10-14 10:27:49.956000,2022-10-14 10:27:45.843000,NA,NA,week_two,0.0,0.0,NA,NA,NA,NA,NA,NA,NA,NA,NA,NA,NA,NA,NA,NA,NA,NA,NA,NA,NA,NA,NA,NA,NA,NA,NA,NA
66.0,India,1994,Female,CAH15-02	Economics,79,10/10/22 - 16/10/22,0.184445,1.014445,0.0,0.0,0.0,0.0,0.0,01:11:56,02:21:13,4,8,0.0,0.003335,0.015554999999999998,0.0,0.5280549999999999,0.36666666666666664,0,4,2,0,1,5,NA,2022-10-10 19:57:16.345000,2022-10-10 19:59:50.426000,NA,2022-10-11 14:05:09.901000,2022-10-10 19:57:19.919000,week_two,0.0,0.0,NA,NA,NA,NA,NA,NA,NA,NA,NA,NA,NA,NA,NA,NA,NA,NA,NA,NA,NA,NA,NA,NA,NA,NA,NA,NA
54.0,Nigeria,1988,Male,CAH10-01	Engineering,80,10/10/22 - 16/10/22,0.0,0.0,0.0,0.0,0.0,0.0,0.0,00:00:00,02:21:13,0,0,0.0,0.0,0.0,0.0,0.0,0.0,0,0,0,0,0,0,NA,NA,NA,NA,NA,NA,week_two,0.0,0.0,NA,NA,NA,NA,NA,NA,NA,NA,NA,NA,NA,NA,NA,NA,NA,NA,NA,NA,NA,NA,NA,NA,NA,NA,NA,NA
73.0,India,1989,Female,CAH11-01	Computing,81,06/02/23 - 12/02/23,0.0,1.3202783333333334,0.0,0.0,0.0,0.0,0.0,01:19:13,01:36:41,3,3,0.0,0.001945,0.000555,0.0,0.0,1.3097216666666667,0,2,1,0,0,1,NA,2023-02-07 15:07:48.981000,2023-02-07 15:07:51.612000,NA,NA,2023-02-07 15:08:11.240000,week_two,0.0,0.0,NA,NA,NA,NA,NA,NA,NA,NA,NA,NA,NA,NA,NA,NA,NA,NA,NA,NA,NA,NA,NA,NA,NA,NA,NA,NA
63.6,Nigeria,1985,Female,CAH09-01	Mathematical sciences,82,06/02/23 - 12/02/23,0.0,0.5850000000000001,0.15666666666666668,0.0,0.0,0.0,0.0,00:44:30,01:36:41,2,2,0.0,0.0013883333333333332,0.0,0.0,0.0,0.5819449999999999,0,1,0,0,0,1,NA,2023-02-07 15:36:29.209000,NA,NA,NA,2023-02-07 15:36:33.768000,week_two,0.0,0.0,NA,NA,NA,NA,NA,NA,NA,NA,NA,NA,NA,NA,NA,NA,NA,NA,NA,NA,NA,NA,NA,NA,NA,NA,NA,NA
65.2,Nigeria,1996,Female,CAH07-01	Physics and astronomy,83,06/02/23 - 12/02/23,0.0,2.7419450000000003,0.07638833333333332,0.0,0.0,0.03166666666666666,0.0,02:51:00,01:36:41,5,13,0.0,0.01361,0.01,0.0,0.0011116666666666666,1.97,0,15,1,0,1,6,NA,2023-02-07 14:45:58.671000,2023-02-07 14:46:09.065000,NA,2023-02-07 14:46:04.928000,2023-02-07 14:46:48.448000,week_two,0.40527833333333335,4.0,2023-02-07 15:47:30.702000,NA,NA,NA,NA,NA,NA,NA,NA,NA,NA,NA,NA,NA,NA,NA,NA,NA,NA,NA,NA,NA,NA,NA,NA,NA
69.0,India,1999,Male,CAH11-01	Computing,84,06/02/23 - 12/02/23,0.0,0.012778333333333334,0.0,0.0,0.0,0.0,0.0,00:00:46,01:36:41,3,3,0.0,0.0016666666666666668,0.0,0.0,0.0,0.003888333333333333,0,2,0,0,1,1,NA,2023-02-07 11:32:23.030000,NA,NA,NA,2023-02-07 11:32:53.049000,week_two,0.006666666666666667,0.0,2023-02-07 11:32:24.626000,NA,NA,NA,NA,NA,NA,NA,NA,NA,NA,NA,NA,NA,NA,NA,NA,NA,NA,NA,NA,NA,NA,NA,NA,NA
56.8,Nigeria,1993,Male,"CAH02-02	Pharmacology, toxicology and pharmacy",85,06/02/23 - 12/02/23,0.0,0.0,0.014445000000000001,0.0,0.0016666666666666668,0.0,0.008333333333333333,00:01:28,01:36:41,3,5,0.0,0.008055,0.0,0.0,0.0,0.0036116666666666667,0,3,0,0,0,1,NA,2023-02-08 17:12:50.405000,NA,NA,NA,2023-02-08 17:13:08.927000,week_two,0.0,2.0,2023-02-08 17:13:23.905000,NA,NA,NA,NA,NA,NA,NA,NA,NA,NA,NA,NA,NA,NA,NA,NA,NA,NA,NA,NA,NA,NA,NA,NA,NA
74.0,Cameroon,1997,Male,CAH10-03	Materials and technology,86,06/02/23 - 12/02/23,0.0,2.334166666666667,0.0,0.0,0.0,0.0,0.0,02:20:03,01:36:41,4,4,0.0,0.0047216666666666665,0.0,0.0,0.0016666666666666668,1.5650000000000002,0,3,0,0,1,1,NA,2023-02-07 14:08:47.232000,NA,NA,2023-02-07 14:08:50.641000,2023-02-07 14:09:03.533000,week_two,0.7466666666666666,1.0,2023-02-07 15:43:03.808000,NA,NA,NA,NA,NA,NA,NA,NA,NA,NA,NA,NA,NA,NA,NA,NA,NA,NA,NA,NA,NA,NA,NA,NA,NA
74.6,Egypt,1996,Male,CAH10-01	Engineering,87,06/02/23 - 12/02/23,0.0,1.2352783333333335,0.0,0.0,0.0,0.0,0.0,01:14:07,01:36:41,4,4,0.0,0.0025,0.00027833333333333334,0.0,1.2202783333333334,0.0,0,2,1,0,1,1,NA,2023-02-07 09:39:50.276000,2023-02-07 10:53:24.602000,NA,2023-02-07 09:39:57.092000,2023-02-07 10:53:27.432000,week_two,0.0,0.0,NA,NA,NA,NA,NA,NA,NA,NA,NA,NA,NA,NA,NA,NA,NA,NA,NA,NA,NA,NA,NA,NA,NA,NA,NA,NA
62.6,Nigeria,1980,Male,CAH10-01	Engineering,88,06/02/23 - 12/02/23,0.0,0.9958333333333333,0.0,0.22361166666666665,0.0,0.009721666666666665,0.0,01:13:45,01:36:41,3,6,0.0,0.021388333333333336,0.0,0.0,0.0,0.9288883333333333,0,9,0,0,0,5,NA,2023-02-07 14:52:49.454000,NA,NA,NA,2023-02-07 14:53:36.408000,week_two,0.16138833333333336,3.0,2023-02-07 15:47:14.572000,NA,NA,NA,NA,NA,NA,NA,NA,NA,NA,NA,NA,NA,NA,NA,NA,NA,NA,NA,NA,NA,NA,NA,NA,NA
70.0,Thailand,1997,Male,CAH11-01	Computing,89,06/02/23 - 12/02/23,0.0,1.900555,0.0,0.0,0.0,0.0,0.15972166666666668,02:03:37,01:36:41,6,9,0.0,0.007500000000000001,0.0013883333333333332,0.0016666666666666668,0.00027833333333333334,1.4191666666666667,0,4,2,1,1,2,NA,2023-02-07 14:18:29.115000,2023-02-12 17:59:35.018000,2023-02-12 17:59:40.146000,2023-02-12 17:59:33.846000,2023-02-07 14:18:36.843000,week_two,0.6174999999999999,2.0,2023-02-07 15:43:26.765000,NA,NA,NA,NA,NA,NA,NA,NA,NA,NA,NA,NA,NA,NA,NA,NA,NA,NA,NA,NA,NA,NA,NA,NA,NA
68.2,Pakistan,1995,Male,CAH11-01	Computing,90,06/02/23 - 12/02/23,0.0,1.433055,0.0,0.0,0.0,0.0,0.0,01:25:59,01:36:41,2,2,0.0,0.000555,0.0,0.0,0.0,1.4305549999999998,0,1,0,0,0,1,NA,2023-02-07 14:59:56.748000,NA,NA,NA,2023-02-07 14:59:58.643000,week_two,0.0,0.0,NA,NA,NA,NA,NA,NA,NA,NA,NA,NA,NA,NA,NA,NA,NA,NA,NA,NA,NA,NA,NA,NA,NA,NA,NA,NA
73.6,Sri Lanka,1994,Male,CAH17-01	Business and management,91,06/02/23 - 12/02/23,0.0,1.2091666666666667,0.0,0.0,0.0,0.0,0.01638833333333333,01:13:32,01:36:41,0,0,0.0,0.0,0.0,0.0,0.0,0.0,0,0,0,0,0,0,NA,NA,NA,NA,NA,NA,week_two,0.0,0.0,NA,NA,NA,NA,NA,NA,NA,NA,NA,NA,NA,NA,NA,NA,NA,NA,NA,NA,NA,NA,NA,NA,NA,NA,NA,NA
57.0,Nigeria,1992,Male,NA,92,06/02/23 - 12/02/23,0.0,1.2883333333333333,0.0,0.0,0.0,0.0,0.04861166666666667,01:20:13,01:36:41,4,6,0.0,0.009445000000000002,0.0,0.0,0.012221666666666665,0.738055,0,8,0,0,1,2,NA,2023-02-07 12:20:48.654000,NA,NA,2023-02-12 13:30:05.513000,2023-02-07 12:21:00.045000,week_two,0.5394450000000001,3.0,2023-02-07 15:06:35.110000,NA,NA,NA,NA,NA,NA,NA,NA,NA,NA,NA,NA,NA,NA,NA,NA,NA,NA,NA,NA,NA,NA,NA,NA,NA
66.4,Sri Lanka,1986,Male,CAH11-01	Computing,93,06/02/23 - 12/02/23,0.0,1.9041666666666666,0.0,0.0,0.0,0.0,0.0,01:54:15,01:36:41,3,5,0.0,0.005556666666666667,0.0,0.0,0.0,1.8225,0,3,0,0,1,2,NA,2023-02-07 08:41:07.560000,NA,NA,2023-02-07 08:47:51.061000,2023-02-07 08:41:15.705000,week_two,0.0,0.0,NA,NA,NA,NA,NA,NA,NA,NA,NA,NA,NA,NA,NA,NA,NA,NA,NA,NA,NA,NA,NA,NA,NA,NA,NA,NA
74.8,India,1984,Female,CAH10-01	Engineering,94,06/02/23 - 12/02/23,0.0036116666666666667,1.3266666666666667,0.0,0.0,0.0,0.0,0.4788883333333333,01:48:33,01:36:41,2,4,0.0,0.0036116666666666667,0.0,0.0,0.0,1.7816666666666667,0,3,0,0,0,3,NA,2023-02-07 15:07:03.379000,NA,NA,NA,2023-02-07 15:07:08.162000,week_two,0.0,0.0,NA,NA,NA,NA,NA,NA,NA,NA,NA,NA,NA,NA,NA,NA,NA,NA,NA,NA,NA,NA,NA,NA,NA,NA,NA,NA
68.4,Nigeria,1980,Female,CAH03-01	Biosciences,95,06/02/23 - 12/02/23,0.06972166666666667,1.0586116666666667,0.0,0.0,0.0,0.0,0.3380566666666666,01:27:59,01:36:41,3,11,0.0,0.03666666666666667,0.0,0.0,0.0,0.6500016666666666,0,9,0,0,0,5,NA,2023-02-06 20:06:23.526000,NA,NA,NA,2023-02-06 20:08:14.556000,week_two,0.6977783333333334,3.0,2023-02-07 15:47:32.230000,NA,NA,NA,NA,NA,NA,NA,NA,NA,NA,NA,NA,NA,NA,NA,NA,NA,NA,NA,NA,NA,NA,NA,NA,NA
73.4,Sri Lanka,1998,Male,CAH11-01	Computing,96,06/02/23 - 12/02/23,0.719445,2.0969450000000003,0.0,0.010555,0.0,0.0,0.0,02:49:37,01:36:41,8,11,0.0,0.3875,0.005833333333333333,0.0013883333333333332,0.6913883333333334,0.9902783333333333,0,1,6,2,2,1,NA,2023-02-07 14:15:20.561000,2023-02-06 21:02:41.107000,2023-02-09 11:23:56.197000,2023-02-06 21:02:43.837000,2023-02-07 14:43:55.187000,week_two,0.708055,1.0,2023-02-07 15:43:22.060000,NA,NA,NA,NA,NA,NA,NA,NA,NA,NA,NA,NA,NA,NA,NA,NA,NA,NA,NA,NA,NA,NA,NA,NA,NA
72.4,Bolivia,1998,Male,CAH10-01	Engineering,97,06/02/23 - 12/02/23,3.8972216666666664,1.751945,0.0,0.0,0.0,0.0,0.0,05:38:57,01:36:41,4,6,0.0,0.004443333333333333,0.0,0.0,0.000555,4.6030549999999995,0,5,0,0,1,3,NA,2023-02-06 16:34:37.868000,NA,NA,2023-02-07 15:07:07.193000,2023-02-06 16:34:41.220000,week_two,0.0,1.0,2023-02-07 15:51:10.673000,NA,NA,NA,NA,NA,NA,NA,NA,NA,NA,NA,NA,NA,NA,NA,NA,NA,NA,NA,NA,NA,NA,NA,NA,NA
76.0,Spain,1994,Female,"CAH24-01	Media, journalism and communications",98,06/02/23 - 12/02/23,0.0,0.7869449999999999,0.0,0.0,0.0,0.0,0.0,00:47:13,01:36:41,3,3,0.0,0.0016666666666666668,0.0,0.0,0.0,0.35361166666666666,0,2,0,0,0,1,NA,2023-02-07 15:22:09.706000,NA,NA,NA,2023-02-07 15:22:11.877000,week_two,0.42638833333333337,1.0,2023-02-07 15:43:29.470000,NA,NA,NA,NA,NA,NA,NA,NA,NA,NA,NA,NA,NA,NA,NA,NA,NA,NA,NA,NA,NA,NA,NA,NA,NA
73.8,Turkey,1987,Male,CAH17-01	Business and management,99,06/02/23 - 12/02/23,0.0,1.9983333333333335,0.0,0.0,0.0033333333333333335,0.0,0.04638833333333333,02:02:53,01:36:41,3,4,0.0,0.007778333333333333,0.0,0.0,0.0,1.9838883333333333,0,3,0,0,0,2,NA,2023-02-07 14:15:43.368000,NA,NA,NA,2023-02-07 14:16:01.389000,week_two,0.04,1.0,2023-02-12 16:28:58.700000,NA,NA,NA,NA,NA,NA,NA,NA,NA,NA,NA,NA,NA,NA,NA,NA,NA,NA,NA,NA,NA,NA,NA,NA,NA
76.4,Turkey,1990,Male,CAH15-02	Economics,100,06/02/23 - 12/02/23,0.015554999999999998,0.9952783333333333,0.0,0.0,0.0,0.0,0.0,01:00:39,01:36:41,2,4,0.0,0.0016666666666666668,0.0,0.0,0.0,1.003055,0,2,0,0,0,2,NA,2023-02-06 18:05:03.051000,NA,NA,NA,2023-02-06 18:05:04.570000,week_two,0.0,0.0,NA,NA,NA,NA,NA,NA,NA,NA,NA,NA,NA,NA,NA,NA,NA,NA,NA,NA,NA,NA,NA,NA,NA,NA,NA,NA
60.0,Nigeria,1999,Male,CAH10-01	Engineering,101,06/02/23 - 12/02/23,0.0,1.3166666666666667,0.0,0.0,0.0,0.0,0.0,01:19:00,01:36:41,3,3,0.0,0.013055,0.0,0.0,0.0011116666666666666,1.2986116666666667,0,2,0,0,1,1,NA,2023-02-07 15:10:21.528000,NA,NA,2023-02-07 15:11:05.407000,2023-02-07 15:11:13.003000,week_two,0.0,0.0,NA,NA,NA,NA,NA,NA,NA,NA,NA,NA,NA,NA,NA,NA,NA,NA,NA,NA,NA,NA,NA,NA,NA,NA,NA,NA
65.0,Nigeria,1995,Male,CAH07-01	Physics and astronomy,102,06/02/23 - 12/02/23,0.0,2.802778333333334,0.0,0.0,0.0,0.0,0.4938883333333334,03:17:48,01:36:41,4,7,0.0,0.005,0.000555,0.0,0.0,0.745555,0,4,1,0,0,2,NA,2023-02-07 15:06:54.455000,2023-02-12 13:29:05.048000,NA,NA,2023-02-07 15:07:01.937000,week_two,1.1144433333333335,2.0,2023-02-07 15:51:01.086000,NA,NA,NA,NA,NA,NA,NA,NA,NA,NA,NA,NA,NA,NA,NA,NA,NA,NA,NA,NA,NA,NA,NA,NA,NA
69.6,Nigeria,1997,Female,CAH07-02	Chemistry,103,06/02/23 - 12/02/23,0.0,0.6961116666666667,0.0,0.0,0.009166666666666667,0.0,0.0,00:42:19,01:36:41,3,7,0.0,0.006943333333333333,0.0,0.0,0.0,0.001945,0,5,0,0,0,2,NA,2023-02-07 15:48:45.244000,NA,NA,NA,2023-02-07 15:54:46.617000,week_two,0.065555,2.0,2023-02-07 15:48:48.630000,NA,NA,NA,NA,NA,NA,NA,NA,NA,NA,NA,NA,NA,NA,NA,NA,NA,NA,NA,NA,NA,NA,NA,NA,NA
62.8,Nigeria,1976,Male,CAH11-01	Computing,104,06/02/23 - 12/02/23,0.0,1.1316666666666668,0.0,0.0,0.0,1.3211116666666667,0.013055,02:27:57,01:36:41,3,8,0.0,0.00611,0.0,0.0,0.0,2.4361099999999998,0,6,0,0,0,5,NA,2023-02-07 15:02:40.068000,NA,NA,NA,2023-02-07 15:02:43.165000,week_two,0.008611666666666665,1.0,2023-02-12 20:54:27.588000,NA,NA,NA,NA,NA,NA,NA,NA,NA,NA,NA,NA,NA,NA,NA,NA,NA,NA,NA,NA,NA,NA,NA,NA,NA
71.8,Sri Lanka,1977,Male,CAH09-01	Mathematical sciences,105,06/02/23 - 12/02/23,0.0,1.6947216666666665,0.0,0.0,0.0,0.0,0.0,01:41:41,01:36:41,2,2,0.0,0.0008333333333333334,0.0,0.0,0.0,1.693055,0,1,0,0,0,1,NA,2023-02-07 14:46:09.618000,NA,NA,NA,2023-02-07 14:46:12.835000,week_two,0.0,0.0,NA,NA,NA,NA,NA,NA,NA,NA,NA,NA,NA,NA,NA,NA,NA,NA,NA,NA,NA,NA,NA,NA,NA,NA,NA,NA
66.0,Nigeria,1986,Female,CAH03-01	Biosciences,106,06/02/23 - 12/02/23,0.0,0.0,0.0,0.0,0.0,0.021945,0.02555666666666667,00:02:51,01:36:41,2,2,0.0,0.0027783333333333336,0.0,0.0,0.0,0.0,0,1,0,0,0,0,NA,2023-02-11 11:39:08.472000,NA,NA,NA,NA,week_two,0.013333333333333334,1.0,2023-02-11 11:39:18.749000,NA,NA,NA,NA,NA,NA,NA,NA,NA,NA,NA,NA,NA,NA,NA,NA,NA,NA,NA,NA,NA,NA,NA,NA,NA
63.4,Bangladesh,1999,Male,CAH11-01	Computing,107,06/02/23 - 12/02/23,0.023888333333333334,1.6402783333333335,0.0,0.004166666666666667,0.0,0.3225,0.0,01:59:27,01:36:41,4,8,0.0,0.009166666666666667,0.22888833333333336,0.0,0.0,1.1638883333333332,0,6,1,0,0,3,NA,2023-02-06 22:31:22.687000,2023-02-11 03:27:25.545000,NA,NA,2023-02-06 22:31:34.405000,week_two,0.32861000000000007,3.0,2023-02-07 15:51:33.028000,NA,NA,NA,NA,NA,NA,NA,NA,NA,NA,NA,NA,NA,NA,NA,NA,NA,NA,NA,NA,NA,NA,NA,NA,NA
74.0,India,1997,Female,CAH11-01	Computing,108,06/02/23 - 12/02/23,0.8319449999999999,1.7577783333333334,0.0,0.0,0.0,0.0,0.6261116666666666,03:12:57,01:36:41,3,7,0.0,0.005,0.0,0.0,0.0,1.974445,0,5,0,0,0,3,NA,2023-02-06 12:58:49.412000,NA,NA,NA,2023-02-06 12:58:56.016000,week_two,1.1875,2.0,2023-02-07 15:51:59.593000,NA,NA,NA,NA,NA,NA,NA,NA,NA,NA,NA,NA,NA,NA,NA,NA,NA,NA,NA,NA,NA,NA,NA,NA,NA
52.6,United States of America,1997,Male,CAH03-02	Sport and exercise sciences,109,06/02/23 - 12/02/23,0.0,0.034721666666666665,0.0,0.0,0.0,0.0,0.0,00:02:05,01:36:41,1,1,0.0,0.0,0.0016666666666666668,0.0,0.0,0.0,0,0,2,0,0,0,NA,NA,2023-02-07 12:15:17.465000,NA,NA,NA,week_two,0.0,0.0,NA,NA,NA,NA,NA,NA,NA,NA,NA,NA,NA,NA,NA,NA,NA,NA,NA,NA,NA,NA,NA,NA,NA,NA,NA,NA
68.0,United Kingdom of Great Britain and Northern Ireland,1998,Female,CAH03-01	Biosciences,110,06/02/23 - 12/02/23,0.013888333333333332,1.2941666666666667,0.0,0.0,0.0,0.0,0.5380550000000001,01:50:46,01:36:41,3,8,0.0,0.0063883333333333335,0.0,0.0,0.0,0.8355549999999999,0,6,0,0,0,3,NA,2023-02-06 16:14:45.688000,NA,NA,NA,2023-02-06 16:14:49.063000,week_two,0.9961116666666666,3.0,2023-02-07 15:42:14.674000,NA,NA,NA,NA,NA,NA,NA,NA,NA,NA,NA,NA,NA,NA,NA,NA,NA,NA,NA,NA,NA,NA,NA,NA,NA
62.6,Nigeria,1980,Male,CAH15-02	Economics,111,09/10/23 - 15/10/23,0.0,0.7161116666666666,0.14666666666666667,0.0,0.2027783333333333,0.0,0.09388833333333334,01:09:34,01:44:23,7,13,0.0,0.042778333333333335,0.0,0.0036100000000000004,0.051111666666666666,0.6947233333333334,0,8,0,3,4,2,NA,2023-10-10 13:34:24.026000,NA,2023-10-10 13:35:42.713000,2023-10-10 13:34:30.047000,2023-10-10 13:35:58.344000,week_two,0.12277833333333334,1.0,2023-10-13 14:57:17.501000,NA,NA,NA,NA,NA,NA,NA,NA,NA,NA,NA,NA,NA,NA,NA,NA,NA,NA,NA,NA,NA,NA,NA,NA,NA
73.0,Sri Lanka,1992,Female,CAH09-01	Mathematical sciences,112,09/10/23 - 15/10/23,0.0,0.004445,0.0,0.0,0.0,0.001945,0.0,00:00:23,01:44:23,3,4,0.0,0.0033333333333333335,0.0,0.0,0.0,0.0,0,2,0,0,0,1,NA,2023-10-10 15:11:58.674000,NA,NA,NA,2023-10-10 15:12:06.287000,week_two,0.0,1.0,2023-10-14 21:24:59.623000,NA,NA,NA,NA,NA,NA,NA,NA,NA,NA,NA,NA,NA,NA,NA,NA,NA,NA,NA,NA,NA,NA,NA,NA,NA
59.0,Nigeria,1990,Male,CAH16-01	Law,113,09/10/23 - 15/10/23,0.0,0.0,0.0,0.0,0.008055,0.0,0.0,00:00:29,01:44:23,1,1,0.0,0.008055,0.0,0.0,0.0,0.0,0,1,0,0,0,0,NA,2023-10-13 08:50:30.941000,NA,NA,NA,NA,week_two,0.0,0.0,NA,NA,NA,NA,NA,NA,NA,NA,NA,NA,NA,NA,NA,NA,NA,NA,NA,NA,NA,NA,NA,NA,NA,NA,NA,NA
58.0,Nigeria,1996,Female,CAH19-01	English studies,114,09/10/23 - 15/10/23,1.0336116666666666,0.27888833333333335,0.0,0.0,0.0,0.0,0.0,01:18:45,01:44:23,7,13,0.0,0.11333166666666666,0.0,0.176945,0.9777783333333333,0.013055,0,11,0,1,5,4,NA,2023-10-09 23:45:08.863000,NA,2023-10-10 12:10:06.788000,2023-10-09 23:50:43.059000,2023-10-09 23:51:21.217000,week_two,0.0,1.0,2023-10-10 15:53:32.254000,NA,NA,NA,NA,NA,NA,NA,NA,NA,NA,NA,NA,NA,NA,NA,NA,NA,NA,NA,NA,NA,NA,NA,NA,NA
58.0,Nigeria,2001,Male,CAH07-01	Physics and astronomy,115,09/10/23 - 15/10/23,0.04722166666666667,2.8597216666666663,0.0,0.0,0.04777833333333334,0.0,0.5463883333333334,03:30:04,01:44:23,4,5,0.0,0.008055,0.0,0.0,0.0,0.0,0,5,0,0,0,1,NA,2023-10-10 14:51:04.796000,NA,NA,NA,2023-10-10 14:51:10.437000,week_two,0.4741666666666667,4.0,2023-10-15 15:55:01.990000,NA,NA,NA,NA,NA,NA,NA,NA,NA,NA,NA,NA,NA,NA,NA,NA,NA,NA,NA,NA,NA,NA,NA,NA,NA
70.6,Ghana,1992,Male,CAH04-01	Psychology,116,09/10/23 - 15/10/23,0.0,0.0,0.0,0.0,0.0,0.0,0.011111666666666667,00:00:40,01:44:23,2,2,0.0,0.0033333333333333335,0.0,0.0,0.0,0.0,0,1,0,0,0,0,NA,2023-10-15 17:01:08.258000,NA,NA,NA,NA,week_two,0.0,1.0,2023-10-15 17:01:20.196000,NA,NA,NA,NA,NA,NA,NA,NA,NA,NA,NA,NA,NA,NA,NA,NA,NA,NA,NA,NA,NA,NA,NA,NA,NA
66.4,Pakistan,1999,Female,CAH11-01	Computing,117,09/10/23 - 15/10/23,0.0,1.5316666666666667,0.0,0.0,0.0,0.0,0.0,01:31:54,01:44:23,2,2,0.0,0.0027783333333333336,0.0,0.0,0.0,1.5236116666666668,0,1,0,0,0,1,NA,2023-10-10 15:33:56.890000,NA,NA,NA,2023-10-10 15:34:06.436000,week_two,0.0,0.0,NA,NA,NA,NA,NA,NA,NA,NA,NA,NA,NA,NA,NA,NA,NA,NA,NA,NA,NA,NA,NA,NA,NA,NA,NA,NA
73.0,Myanmar,1991,Female,CAH17-01	Business and management,118,09/10/23 - 15/10/23,0.0,3.8366666666666664,0.0,0.0,0.0,0.0,0.0,03:50:12,01:44:23,3,3,0.0,0.000555,0.0,0.0,0.0,1.4708333333333334,0,1,0,0,0,1,NA,2023-10-10 15:32:31.372000,NA,NA,NA,2023-10-10 15:32:33.439000,week_two,0.0,0.0,NA,NA,NA,NA,NA,NA,NA,NA,NA,NA,NA,NA,NA,NA,NA,NA,NA,NA,NA,NA,NA,NA,NA,NA,NA,NA
64.4,Nigeria,1994,Male,"CAH26-01 Geography, earth and environmental studies",119,09/10/23 - 15/10/23,0.0,1.3166666666666667,0.0027783333333333336,0.03833333333333333,0.0,0.0,0.0,01:21:28,01:44:23,6,10,0.0,0.011388333333333332,0.0,0.015278333333333335,1.1361116666666669,0.07583333333333334,0,5,0,3,4,2,NA,2023-10-10 14:06:22.253000,NA,2023-10-10 14:15:08.371000,2023-10-10 14:06:25.156000,2023-10-10 14:10:23.660000,week_two,0.0,0.0,NA,NA,NA,NA,NA,NA,NA,NA,NA,NA,NA,NA,NA,NA,NA,NA,NA,NA,NA,NA,NA,NA,NA,NA,NA,NA
52.0,United Kingdom of Great Britain and Northern Ireland,2000,Male,CAH04-01	Psychology,120,09/10/23 - 15/10/23,0.0,0.0,0.0,0.0,0.0,0.0,0.0,00:00:00,01:44:23,0,0,0.0,0.0,0.0,0.0,0.0,0.0,0,0,0,0,0,0,NA,NA,NA,NA,NA,NA,week_two,0.0,0.0,NA,NA,NA,NA,NA,NA,NA,NA,NA,NA,NA,NA,NA,NA,NA,NA,NA,NA,NA,NA,NA,NA,NA,NA,NA,NA
64.0,United Kingdom of Great Britain and Northern Ireland,2002,Male,CAH11-01	Computing,121,09/10/23 - 15/10/23,0.0,0.0,0.0,0.0,0.0,0.0,0.0,00:00:00,01:44:23,0,0,0.0,0.0,0.0,0.0,0.0,0.0,0,0,0,0,0,0,NA,NA,NA,NA,NA,NA,week_two,0.0,0.0,NA,NA,NA,NA,NA,NA,NA,NA,NA,NA,NA,NA,NA,NA,NA,NA,NA,NA,NA,NA,NA,NA,NA,NA,NA,NA
64.0,Poland,2001,Male,CAH17-01	Business and management,122,09/10/23 - 15/10/23,0.0027783333333333336,1.7861116666666668,1.6041666666666667,0.0,0.49055499999999996,0.0,0.0,03:53:01,01:44:23,6,7,0.0,0.0033333333333333335,0.0,0.0,0.0,1.7816666666666667,0,3,0,0,0,2,NA,2023-10-10 12:21:51.273000,NA,NA,NA,2023-10-10 12:21:53.971000,week_two,0.010833333333333334,1.0,2023-10-13 12:25:46.351000,NA,NA,NA,NA,NA,NA,NA,NA,NA,NA,NA,NA,NA,NA,NA,NA,NA,NA,NA,NA,NA,NA,NA,NA,NA
74.2,Iran,1982,Male,CAH10-01	Engineering,123,09/10/23 - 15/10/23,0.0,1.2316666666666667,0.0,0.0,2.7047216666666665,0.013333333333333334,0.0,03:56:59,01:44:23,5,11,0.0,1.2069433333333335,0.0,0.0,2.0969450000000003,0.007500000000000001,0,6,0,0,1,2,NA,2023-10-10 15:53:46.523000,NA,NA,2023-10-13 22:25:54.330000,2023-10-14 00:31:42.881000,week_two,0.008333333333333333,3.0,2023-10-14 01:07:54.939000,NA,NA,NA,NA,NA,NA,NA,NA,NA,NA,NA,NA,NA,NA,NA,NA,NA,NA,NA,NA,NA,NA,NA,NA,NA
73.2,Malaysia,1992,Male,CAH17-01	Business and management,124,09/10/23 - 15/10/23,0.0,1.18389,0.0,0.0,0.0,0.0,0.0025,01:11:11,01:44:23,4,7,0.0,0.004168333333333333,0.0,0.0,0.8733333333333333,0.30194499999999996,0,6,0,0,1,4,NA,2023-10-10 12:12:32.105000,NA,NA,2023-10-10 14:17:00.524000,2023-10-10 12:12:36.180000,week_two,0.0,1.0,2023-10-15 12:48:59.868000,NA,NA,NA,NA,NA,NA,NA,NA,NA,NA,NA,NA,NA,NA,NA,NA,NA,NA,NA,NA,NA,NA,NA,NA,NA
63.0,United Kingdom of Great Britain and Northern Ireland,1987,Male,CAH10-01	Engineering,125,09/10/23 - 15/10/23,0.7305550000000001,0.07055499999999999,0.0,0.0,0.0,0.012778333333333334,0.0,00:48:50,01:44:23,4,13,0.0,0.007498333333333333,0.0,0.0,0.7344449999999999,0.011388333333333332,0,11,0,0,3,4,NA,2023-10-09 20:25:04.558000,NA,NA,2023-10-09 20:25:06.183000,2023-10-10 12:09:24.431000,week_two,0.006111666666666666,3.0,2023-10-10 15:47:46.893000,NA,NA,NA,NA,NA,NA,NA,NA,NA,NA,NA,NA,NA,NA,NA,NA,NA,NA,NA,NA,NA,NA,NA,NA,NA
73.2,Algeria,2002,Female,"CAH07-04	General, applied and forensic sciences",126,09/10/23 - 15/10/23,0.0,2.771666666666667,0.0,0.0,0.0,0.0,0.256945,03:01:43,01:44:23,3,8,0.0,0.346945,0.0,0.0,2.3572216666666668,0.3077783333333333,0,15,0,0,6,7,NA,2023-10-10 12:16:08.521000,NA,NA,2023-10-10 12:16:20.848000,2023-10-10 12:16:34.506000,week_two,0.0,0.0,NA,NA,NA,NA,NA,NA,NA,NA,NA,NA,NA,NA,NA,NA,NA,NA,NA,NA,NA,NA,NA,NA,NA,NA,NA,NA
72.0,United Kingdom of Great Britain and Northern Ireland,1980,Female,CAH07-01	Physics and astronomy,127,09/10/23 - 15/10/23,0.0,1.3047233333333332,0.0027783333333333336,0.0,0.0,0.0,1.1763883333333331,02:29:02,01:44:23,5,16,0.0,0.12333499999999999,0.0,0.0,0.9569449999999999,0.20750166666666664,0,13,0,0,3,6,NA,2023-10-10 08:26:07.856000,NA,NA,2023-10-10 08:26:10.399000,2023-10-10 08:31:51.475000,week_two,1.1722216666666665,3.0,2023-10-10 15:45:34.364000,NA,NA,NA,NA,NA,NA,NA,NA,NA,NA,NA,NA,NA,NA,NA,NA,NA,NA,NA,NA,NA,NA,NA,NA,NA
73.8,United Kingdom of Great Britain and Northern Ireland,1984,Female,CAH04-01	Psychology,128,09/10/23 - 15/10/23,0.003055,1.4055549999999999,0.0,0.0,0.0,0.0,0.0,01:24:31,01:44:23,3,5,0.0,0.013055,0.0,0.0,1.37,0.010833333333333334,0,5,0,0,4,1,NA,2023-10-09 19:59:15.252000,NA,NA,2023-10-09 19:59:17.540000,2023-10-10 14:43:23.359000,week_two,0.0,0.0,NA,NA,NA,NA,NA,NA,NA,NA,NA,NA,NA,NA,NA,NA,NA,NA,NA,NA,NA,NA,NA,NA,NA,NA,NA,NA
72.0,United Kingdom of Great Britain and Northern Ireland,1988,Male,NA,129,09/10/23 - 15/10/23,0.275555,0.4586116666666667,0.0,0.0,0.0,0.0013883333333333332,0.0,00:44:08,01:44:23,6,17,0.0,0.009443333333333333,0.0,0.03166666666666666,0.6091666666666666,0.06250166666666666,0,11,0,3,3,5,NA,2023-10-09 12:44:34.170000,NA,2023-10-09 12:45:38.120000,2023-10-09 12:44:50.779000,2023-10-09 20:19:51.368000,week_two,0.0,2.0,2023-10-10 15:46:02.324000,NA,NA,NA,NA,NA,NA,NA,NA,NA,NA,NA,NA,NA,NA,NA,NA,NA,NA,NA,NA,NA,NA,NA,NA,NA
56.2,China,2001,Male,CAH11-01	Computing,130,09/10/23 - 15/10/23,0.0,0.06722166666666667,0.0,0.0,0.0,0.0,0.0,00:04:02,01:44:23,4,4,0.0,0.0011116666666666666,0.0,0.0016666666666666668,0.006666666666666667,0.0,0,2,0,1,1,1,NA,2023-10-10 15:24:27.105000,NA,2023-10-10 15:24:57.875000,2023-10-10 15:24:28.835000,2023-10-10 15:25:06.144000,week_two,0.0,0.0,NA,NA,NA,NA,NA,NA,NA,NA,NA,NA,NA,NA,NA,NA,NA,NA,NA,NA,NA,NA,NA,NA,NA,NA,NA,NA
74.0,Singapore,1988,Female,CAH04-01	Psychology,131,09/10/23 - 15/10/23,0.0,0.0047216666666666665,0.0,0.0,0.0,0.0,0.0,00:00:17,01:44:23,2,2,0.0,0.000555,0.0,0.0,0.0,0.0,0,1,0,0,1,0,NA,2023-10-10 13:06:41.470000,NA,NA,2023-10-10 13:06:43.798000,NA,week_two,0.0,0.0,NA,NA,NA,NA,NA,NA,NA,NA,NA,NA,NA,NA,NA,NA,NA,NA,NA,NA,NA,NA,NA,NA,NA,NA,NA,NA
65.8,India,1990,Male,CAH11-01	Computing,132,09/10/23 - 15/10/23,0.0,0.026945,0.0036116666666666667,0.0,0.0,0.0,0.0,00:01:50,01:44:23,4,6,0.0,0.003888333333333333,0.0,0.0,0.0,0.01638833333333333,0,3,0,0,0,3,NA,2023-10-10 20:45:46.612000,NA,NA,NA,2023-10-10 20:45:52.476000,week_two,0.0,1.0,2023-10-10 20:47:14,NA,NA,NA,NA,NA,NA,NA,NA,NA,NA,NA,NA,NA,NA,NA,NA,NA,NA,NA,NA,NA,NA,NA,NA,NA
61.8,Philippines,1984,Male,CAH17-01	Business and management,133,09/10/23 - 15/10/23,0.0,3.173611666666667,0.0,0.0025,0.009445000000000002,0.001945,0.0,03:11:15,01:44:23,4,10,0.0,0.019723333333333332,0.0,0.0,1.1908333333333334,0.453055,0,9,0,0,1,4,NA,2023-10-10 14:07:53.017000,NA,NA,2023-10-10 14:12:39.707000,2023-10-10 14:07:55.153000,week_two,1.290555,3.0,2023-10-10 15:54:43.955000,NA,NA,NA,NA,NA,NA,NA,NA,NA,NA,NA,NA,NA,NA,NA,NA,NA,NA,NA,NA,NA,NA,NA,NA,NA
62.2,Turkey,1982,Male,CAH11-01	Computing,134,09/10/23 - 15/10/23,0.0,0.2,0.0,0.0,0.0,0.0,0.0,00:12:00,01:44:23,2,2,0.0,0.0013883333333333332,0.0,0.0,0.0,0.0,0,1,0,0,0,1,NA,2023-10-10 14:16:28.493000,NA,NA,NA,2023-10-10 14:16:33.225000,week_two,0.0,0.0,NA,NA,NA,NA,NA,NA,NA,NA,NA,NA,NA,NA,NA,NA,NA,NA,NA,NA,NA,NA,NA,NA,NA,NA,NA,NA
70.6,Viet Nam,1995,Male,NA,135,09/10/23 - 15/10/23,0.305555,6.108054999999999,0.0,0.0,0.0,1.5816666666666668,0.0,07:59:43,01:44:23,6,10,0.0,1.4049983333333331,0.0,1.616945,0.395555,2.978056666666667,0,14,0,5,3,9,NA,2023-10-09 23:49:27.922000,NA,2023-10-10 11:05:56.803000,2023-10-09 23:54:16.932000,2023-10-09 23:53:49.352000,week_two,1.579445,1.0,2023-10-14 13:30:01.072000,NA,NA,NA,NA,NA,NA,NA,NA,NA,NA,NA,NA,NA,NA,NA,NA,NA,NA,NA,NA,NA,NA,NA,NA,NA
72.0,United Kingdom of Great Britain and Northern Ireland,1974,Male,CAH11-01	Computing,136,09/10/23 - 15/10/23,0.0,2.5947216666666666,0.0,0.0,0.0,0.0,0.0,02:35:41,01:44:23,5,5,0.0,0.123055,0.0,0.0011116666666666666,0.21333333333333335,1.0202783333333332,0,6,0,1,1,3,NA,2023-10-10 14:23:21.972000,NA,2023-10-10 14:23:32.582000,2023-10-10 14:24:15.216000,2023-10-10 14:37:06.127000,week_two,1.226111666666667,1.0,2023-10-10 15:45:25.096000,NA,NA,NA,NA,NA,NA,NA,NA,NA,NA,NA,NA,NA,NA,NA,NA,NA,NA,NA,NA,NA,NA,NA,NA,NA
58.0,Nigeria,1991,Female,CAH17-01	Business and management,137,09/10/23 - 15/10/23,0.6288883333333334,0.9388883333333333,0.0,0.0,0.0,0.0,0.0,01:34:04,01:44:23,3,5,0.0,0.9272216666666666,0.0,0.0,0.5775,0.015278333333333335,0,5,0,0,1,3,NA,2023-10-09 16:39:58.794000,NA,NA,2023-10-09 16:40:20.910000,2023-10-09 16:40:07.314000,week_two,0.0,0.0,NA,NA,NA,NA,NA,NA,NA,NA,NA,NA,NA,NA,NA,NA,NA,NA,NA,NA,NA,NA,NA,NA,NA,NA,NA,NA
58.0,Morocco,2001,Male,CAH11-01	Computing,138,09/10/23 - 15/10/23,0.0,0.0,0.0,0.0,0.0,0.0,0.0,00:00:00,01:44:23,0,0,0.0,0.0,0.0,0.0,0.0,0.0,0,0,0,0,0,0,NA,NA,NA,NA,NA,NA,week_two,0.0,0.0,NA,NA,NA,NA,NA,NA,NA,NA,NA,NA,NA,NA,NA,NA,NA,NA,NA,NA,NA,NA,NA,NA,NA,NA,NA,NA
63.0,Nigeria,2000,Male,CAH03-01	Biosciences,139,09/10/23 - 15/10/23,0.6288883333333334,0.9388883333333333,0.0,0.0,0.0,0.0,0.0,01:34:04,01:44:23,3,5,0.0,0.9272216666666666,0.0,0.0,0.5775,0.015278333333333335,0,5,0,0,1,3,NA,2023-10-09 16:39:58.794000,NA,NA,2023-10-09 16:40:20.910000,2023-10-09 16:40:07.314000,week_two,0.0,0.0,NA,NA,NA,NA,NA,NA,NA,NA,NA,NA,NA,NA,NA,NA,NA,NA,NA,NA,NA,NA,NA,NA,NA,NA,NA,NA
75.2,United Kingdom of Great Britain and Northern Ireland,1988,Female,CAH04-01	Psychology,140,09/10/23 - 15/10/23,0.0,0.0,0.0,0.0,0.0,0.0008333333333333334,0.0,00:00:03,01:44:23,1,1,0.0,0.0,0.0,0.0,0.0,0.0,0,1,0,0,0,0,NA,2023-10-14 00:15:07.309000,NA,NA,NA,NA,week_two,0.0,0.0,NA,NA,NA,NA,NA,NA,NA,NA,NA,NA,NA,NA,NA,NA,NA,NA,NA,NA,NA,NA,NA,NA,NA,NA,NA,NA
51.8,China,2001,Male,CAH11-01	Computing,141,09/10/23 - 15/10/23,0.0,2.832221666666667,0.0,0.0,0.14555500000000002,0.0,0.005278333333333333,02:58:59,01:44:23,5,11,0.0,2.7952783333333335,0.0,0.0016666666666666668,0.042778333333333335,0.11833333333333333,0,13,0,3,2,8,NA,2023-10-10 14:10:57.119000,NA,2023-10-13 17:52:38.619000,2023-10-10 14:11:09.001000,2023-10-10 14:11:04.535000,week_two,0.0,0.0,NA,NA,NA,NA,NA,NA,NA,NA,NA,NA,NA,NA,NA,NA,NA,NA,NA,NA,NA,NA,NA,NA,NA,NA,NA,NA
60.0,Jordan,1994,Female,CAH04-01	Psychology,142,09/10/23 - 15/10/23,0.0,0.6550016666666667,0.0,0.0,0.0,0.0,0.0,00:39:18,01:44:23,3,5,0.0,0.015554999999999998,0.0,0.0,0.0,0.04611166666666667,0,4,0,0,0,1,NA,2023-10-10 10:18:51.392000,NA,NA,NA,2023-10-10 12:18:24.825000,week_two,0.5786116666666666,2.0,2023-10-10 15:46:07.497000,NA,NA,NA,NA,NA,NA,NA,NA,NA,NA,NA,NA,NA,NA,NA,NA,NA,NA,NA,NA,NA,NA,NA,NA,NA
64.0,United Kingdom of Great Britain and Northern Ireland,1990,Male,CAH02-05	Medical sciences,143,09/10/23 - 15/10/23,0.0,1.1388883333333333,0.0,0.0,0.0,0.0,0.0,01:08:20,01:44:23,3,3,0.0,0.008055,0.0,0.0,0.9280550000000001,0.19888833333333336,0,2,0,0,1,1,NA,2023-10-10 13:58:10.955000,NA,NA,2023-10-10 14:10:39.636000,2023-10-10 13:58:36.610000,week_two,0.0,0.0,NA,NA,NA,NA,NA,NA,NA,NA,NA,NA,NA,NA,NA,NA,NA,NA,NA,NA,NA,NA,NA,NA,NA,NA,NA,NA
64.4,Bangladesh,1995,Female,CAH17-01	Business and management,144,09/10/23 - 15/10/23,0.21138833333333334,1.7566666666666668,0.0,0.0,0.0,0.0,0.0,01:58:05,01:44:23,9,13,0.0,0.04611166666666667,0.0,0.007221666666666667,0.4925,0.3952766666666667,0,8,0,4,2,4,NA,2023-10-09 21:07:59.394000,NA,2023-10-09 21:07:35.464000,2023-10-09 21:08:02.089000,2023-10-09 21:20:02.326000,week_two,0.0,1.0,2023-10-10 15:55:02.964000,NA,NA,NA,NA,NA,NA,NA,NA,NA,NA,NA,NA,NA,NA,NA,NA,NA,NA,NA,NA,NA,NA,NA,NA,NA
64.0,United Kingdom of Great Britain and Northern Ireland,2002,Male,CAH20-01	History and archaeology,145,09/10/23 - 15/10/23,0.01638833333333333,1.4972216666666667,0.009166666666666667,0.0,0.0,0.0,0.0,01:31:22,01:44:23,4,10,0.0,0.3975,0.0,0.0,0.001945,1.1102783333333333,0,18,0,0,3,11,NA,2023-10-09 16:54:57.209000,NA,NA,2023-10-09 16:55:13.020000,2023-10-09 16:55:04.277000,week_two,0.0,1.0,2023-10-10 15:45:24.228000,NA,NA,NA,NA,NA,NA,NA,NA,NA,NA,NA,NA,NA,NA,NA,NA,NA,NA,NA,NA,NA,NA,NA,NA,NA
74.0,United Kingdom of Great Britain and Northern Ireland,1979,Female,CAH22-01	Education and teaching,146,09/10/23 - 15/10/23,0.0,0.3022216666666667,0.0,0.05527833333333333,0.011945,0.0,0.007500000000000001,00:22:37,01:44:23,6,17,0.0,0.01972,0.0,0.0008333333333333334,0.016111666666666666,0.12611166666666668,0,14,0,1,2,8,NA,2023-10-10 12:06:54.460000,NA,2023-10-10 12:07:39.399000,2023-10-10 12:16:17.339000,2023-10-10 12:07:00.494000,week_two,0.004166666666666667,4.0,2023-10-12 20:18:53.259000,NA,NA,NA,NA,NA,NA,NA,NA,NA,NA,NA,NA,NA,NA,NA,NA,NA,NA,NA,NA,NA,NA,NA,NA,NA
76.2,United Kingdom of Great Britain and Northern Ireland,1983,Male,CAH09-01	Mathematical sciences,147,09/10/23 - 15/10/23,0.0,2.1661116666666667,0.0,0.0,0.5433333333333333,0.0,1.5502783333333334,04:15:35,01:44:23,4,9,0.0,0.021388333333333336,0.0,0.00027833333333333334,0.15277833333333332,2.0852766666666667,0,10,0,1,6,2,NA,2023-10-10 12:02:58.488000,NA,2023-10-10 14:12:23.035000,2023-10-10 12:03:03.910000,2023-10-13 16:40:04.554000,week_two,0.0,0.0,NA,NA,NA,NA,NA,NA,NA,NA,NA,NA,NA,NA,NA,NA,NA,NA,NA,NA,NA,NA,NA,NA,NA,NA,NA,NA
73.4,Sri Lanka,1983,Male,CAH10-01	Engineering,148,09/10/23 - 15/10/23,0.0,0.08527833333333333,0.0,0.0,0.058333333333333334,0.20111166666666666,0.005,00:20:59,01:44:23,4,12,0.0,0.08583333333333334,0.0,0.0,0.0,0.006111666666666666,0,7,0,0,0,3,NA,2023-10-10 09:14:43.769000,NA,NA,NA,2023-10-10 09:14:45.373000,week_two,0.1680566666666667,3.0,2023-10-13 05:19:47.199000,NA,NA,NA,NA,NA,NA,NA,NA,NA,NA,NA,NA,NA,NA,NA,NA,NA,NA,NA,NA,NA,NA,NA,NA,NA
60.4,Sri Lanka,1993,Male,CAH17-01	Business and management,149,09/10/23 - 15/10/23,0.013611666666666668,1.6644450000000002,0.0,0.0,0.0,0.0,0.0,01:40:41,01:44:23,5,7,0.0,1.4127783333333332,0.0,0.0008333333333333334,0.006944999999999999,0.24222166666666667,0,6,0,1,2,2,NA,2023-10-09 09:38:14.054000,NA,2023-10-10 14:16:51.900000,2023-10-09 09:38:40.819000,2023-10-10 14:15:05.316000,week_two,0.0,1.0,2023-10-10 15:54:42.448000,NA,NA,NA,NA,NA,NA,NA,NA,NA,NA,NA,NA,NA,NA,NA,NA,NA,NA,NA,NA,NA,NA,NA,NA,NA
61.8,United Kingdom of Great Britain and Northern Ireland,2000,Male,CAH09-01	Mathematical sciences,150,09/10/23 - 15/10/23,0.0,0.9194433333333334,0.0,0.0,0.0,0.0,0.0,00:55:10,01:44:23,3,4,0.0,0.051111666666666666,0.0,0.0,0.0,0.8661116666666666,0,3,0,0,1,1,NA,2023-10-10 12:17:17.192000,NA,NA,2023-10-10 12:17:20.122000,2023-10-10 14:07:05.230000,week_two,0.0,0.0,NA,NA,NA,NA,NA,NA,NA,NA,NA,NA,NA,NA,NA,NA,NA,NA,NA,NA,NA,NA,NA,NA,NA,NA,NA,NA
63.6,United Kingdom of Great Britain and Northern Ireland,1996,Male,CAH04-01	Psychology,151,09/10/23 - 15/10/23,0.001945,0.6597216666666667,0.0,0.0,0.0,0.0,0.012778333333333334,00:40:28,01:44:23,4,8,0.0,0.004168333333333333,0.0,0.0,0.0,0.003888333333333333,0,4,0,0,0,3,NA,2023-10-09 14:35:56.042000,NA,NA,NA,2023-10-09 14:36:00.054000,week_two,0.654445,2.0,2023-10-10 15:47:09.676000,NA,NA,NA,NA,NA,NA,NA,NA,NA,NA,NA,NA,NA,NA,NA,NA,NA,NA,NA,NA,NA,NA,NA,NA,NA
61.2,Bangladesh,1999,Male,CAH10-01	Engineering,152,09/10/23 - 15/10/23,0.0,0.8638883333333334,0.044721666666666667,0.0,0.0,0.0,0.0,00:54:31,01:44:23,5,9,0.0,0.006944999999999999,0.0,0.0,0.8202766666666667,0.001945,0,11,0,0,6,4,NA,2023-10-10 11:20:41.861000,NA,NA,2023-10-10 11:20:46.391000,2023-10-10 11:21:56.108000,week_two,0.03527833333333333,1.0,2023-10-11 08:54:30.272000,NA,NA,NA,NA,NA,NA,NA,NA,NA,NA,NA,NA,NA,NA,NA,NA,NA,NA,NA,NA,NA,NA,NA,NA,NA
58.0,Nigeria,1976,Female,CAH25-01	Creative arts and design,153,09/10/23 - 15/10/23,0.0,0.3663883333333333,0.0,0.0,0.0,0.012221666666666665,0.0,00:22:43,01:44:23,4,5,0.0,0.007500000000000001,0.0,0.0,0.0,0.3516666666666667,0,3,0,1,0,2,NA,2023-10-10 12:11:44.611000,NA,2023-10-10 12:33:27.219000,NA,2023-10-10 12:11:50.580000,week_two,0.0,1.0,2023-10-14 14:50:59.112000,NA,NA,NA,NA,NA,NA,NA,NA,NA,NA,NA,NA,NA,NA,NA,NA,NA,NA,NA,NA,NA,NA,NA,NA,NA
71.0,Pakistan,1998,Male,CAH11-01	Computing,154,09/10/23 - 15/10/23,0.008055,0.0,0.36388833333333337,0.0,0.0,0.0,0.0,00:22:19,01:44:23,3,5,0.0,0.003055,0.0,0.0,0.0,0.0011116666666666666,0,3,0,0,1,2,NA,2023-10-09 14:21:25.623000,NA,NA,2023-10-09 14:21:36.668000,2023-10-09 14:21:30.937000,week_two,0.0,0.0,NA,NA,NA,NA,NA,NA,NA,NA,NA,NA,NA,NA,NA,NA,NA,NA,NA,NA,NA,NA,NA,NA,NA,NA,NA,NA
68.2,Turkey,1969,Female,CAH22-01	Education and teaching,155,09/10/23 - 15/10/23,0.0,1.2163883333333334,0.0,1.0241666666666667,0.034444999999999996,0.42583333333333334,0.0,02:42:03,01:44:23,6,20,0.0,0.053611666666666676,0.0,0.0022216666666666665,0.80639,1.2258333333333333,0,27,0,1,4,13,NA,2023-10-10 14:02:00.943000,NA,2023-10-14 11:38:47.802000,2023-10-10 14:24:43.945000,2023-10-10 14:02:07.086000,week_two,0.21638833333333335,8.0,2023-10-10 21:40:12.063000,NA,NA,NA,NA,NA,NA,NA,NA,NA,NA,NA,NA,NA,NA,NA,NA,NA,NA,NA,NA,NA,NA,NA,NA,NA
73.0,Sri Lanka,2001,Male,CAH17-01	Business and management,156,09/10/23 - 15/10/23,0.0,0.08861166666666667,0.0,0.0,0.0,0.0,0.0,00:05:19,01:44:23,3,3,0.0,0.0022216666666666665,0.0,0.0,0.0,0.07666666666666666,0,2,0,0,0,1,NA,2023-10-10 15:40:23.699000,NA,NA,NA,2023-10-10 15:40:28.665000,week_two,0.0,1.0,2023-10-10 15:45:07.722000,NA,NA,NA,NA,NA,NA,NA,NA,NA,NA,NA,NA,NA,NA,NA,NA,NA,NA,NA,NA,NA,NA,NA,NA,NA
61.4,Sri Lanka,1986,Male,CAH17-01	Business and management,157,09/10/23 - 15/10/23,2.7383333333333337,0.0013883333333333332,0.0,0.0,0.0,0.0,0.3688883333333334,03:06:31,01:44:23,5,12,0.0,0.13472166666666666,0.0,0.0,1.5213883333333333,0.014445000000000001,0,13,0,0,5,6,NA,2023-10-09 14:28:41.024000,NA,NA,2023-10-09 14:29:13.847000,2023-10-09 14:36:45.714000,week_two,0.334445,1.0,2023-10-15 21:07:56.750000,NA,NA,NA,NA,NA,NA,NA,NA,NA,NA,NA,NA,NA,NA,NA,NA,NA,NA,NA,NA,NA,NA,NA,NA,NA
60.6,India,1995,Male,CAH10-01	Engineering,158,09/10/23 - 15/10/23,2.499445,0.9816666666666667,0.0,0.0,0.0,0.07055499999999999,0.0,03:33:06,01:44:23,4,9,0.0,0.2725,0.0,0.0,2.4991666666666665,0.7675,0,8,0,0,2,4,NA,2023-10-09 11:24:27.165000,NA,NA,2023-10-09 11:24:30.647000,2023-10-10 14:28:27.831000,week_two,0.001945,2.0,2023-10-14 13:34:56.084000,NA,NA,NA,NA,NA,NA,NA,NA,NA,NA,NA,NA,NA,NA,NA,NA,NA,NA,NA,NA,NA,NA,NA,NA,NA
48.2,Cameroon,1991,Female,CAH17-01	Business and management,159,09/10/23 - 15/10/23,0.0,0.007500000000000001,0.0,0.0,0.0,0.0,0.0,00:00:27,01:44:23,2,2,0.0,0.005,0.0,0.0,0.00027833333333333334,0.0,0,2,0,0,1,0,NA,2023-10-10 15:53:29.482000,NA,NA,2023-10-10 15:53:33.130000,NA,week_two,0.0,0.0,NA,NA,NA,NA,NA,NA,NA,NA,NA,NA,NA,NA,NA,NA,NA,NA,NA,NA,NA,NA,NA,NA,NA,NA,NA,NA
61.8,United Kingdom of Great Britain and Northern Ireland,2001,Male,CAH09-01	Mathematical sciences,160,09/10/23 - 15/10/23,0.0,0.165,0.0,0.0,0.0,0.0,0.0,00:09:54,01:44:23,5,6,0.0,0.005555000000000001,0.0,0.0,0.0,0.000555,0,4,0,0,1,1,NA,2023-10-10 09:47:07.562000,NA,NA,2023-10-10 09:47:20.728000,2023-10-10 09:47:17.320000,week_two,0.005555000000000001,1.0,2023-10-10 15:42:15.086000,NA,NA,NA,NA,NA,NA,NA,NA,NA,NA,NA,NA,NA,NA,NA,NA,NA,NA,NA,NA,NA,NA,NA,NA,NA
64.4,Egypt,2000,Male,CAH11-01	Computing,161,09/10/23 - 15/10/23,0.043333333333333335,0.0,0.0,0.0,0.0,0.0,0.0,00:02:36,01:44:23,2,2,0.0,0.0036116666666666667,0.0,0.0,0.034166666666666665,0.0,0,2,0,0,2,0,NA,2023-10-09 07:23:22.587000,NA,NA,2023-10-09 07:23:26.137000,NA,week_two,0.0,0.0,NA,NA,NA,NA,NA,NA,NA,NA,NA,NA,NA,NA,NA,NA,NA,NA,NA,NA,NA,NA,NA,NA,NA,NA,NA,NA
69.4,Myanmar,1995,Male,CAH11-01	Computing,162,09/10/23 - 15/10/23,0.0,3.1844449999999997,0.0,0.0,0.0,0.0,0.0,03:11:04,01:44:23,5,5,0.0,0.0047216666666666665,0.0,0.6163883333333333,0.18361166666666665,2.1802783333333333,0,4,0,2,1,3,NA,2023-10-10 14:01:54.899000,NA,2023-10-10 14:28:08.089000,2023-10-10 14:17:05.794000,2023-10-10 14:02:00.607000,week_two,0.0,0.0,NA,NA,NA,NA,NA,NA,NA,NA,NA,NA,NA,NA,NA,NA,NA,NA,NA,NA,NA,NA,NA,NA,NA,NA,NA,NA
72.0,United Kingdom of Great Britain and Northern Ireland,1991,Male,CAH15-03	Politics,163,09/10/23 - 15/10/23,0.230555,3.509445,0.0,0.0,0.0,0.0,0.0,03:44:24,01:44:23,4,11,0.0,0.2897233333333333,0.0,0.000555,0.0,1.9733333333333334,0,9,0,1,0,6,NA,2023-10-09 11:54:38.596000,NA,2023-10-10 15:11:00.337000,NA,2023-10-09 20:43:05.033000,week_two,1.4533333333333334,1.0,2023-10-10 15:41:29.252000,NA,NA,NA,NA,NA,NA,NA,NA,NA,NA,NA,NA,NA,NA,NA,NA,NA,NA,NA,NA,NA,NA,NA,NA,NA
65.0,Sri Lanka,1994,Male,CAH11-01	Computing,164,09/10/23 - 15/10/23,0.33888833333333335,0.1902783333333333,0.0,0.0,0.09777833333333333,0.0,0.0,00:37:37,01:44:23,4,9,0.0,0.14888833333333334,0.0,0.0,0.2658333333333333,0.01805666666666667,0,4,0,0,2,3,NA,2023-10-09 17:42:43.611000,NA,NA,2023-10-09 17:51:29.967000,2023-10-09 18:01:30.938000,week_two,0.084445,2.0,2023-10-10 17:52:17.323000,NA,NA,NA,NA,NA,NA,NA,NA,NA,NA,NA,NA,NA,NA,NA,NA,NA,NA,NA,NA,NA,NA,NA,NA,NA
61.6,Turkey,1984,Male,CAH17-01	Business and management,165,09/10/23 - 15/10/23,0.0,0.0,0.0,0.0,0.0,0.0047216666666666665,0.0,00:00:17,01:44:23,2,2,0.0,0.0008333333333333334,0.0,0.0,0.0,0.0,0,1,0,0,0,0,NA,2023-10-14 21:50:15.651000,NA,NA,NA,NA,week_two,0.0,1.0,2023-10-14 21:50:18.430000,NA,NA,NA,NA,NA,NA,NA,NA,NA,NA,NA,NA,NA,NA,NA,NA,NA,NA,NA,NA,NA,NA,NA,NA,NA
68.6,Malaysia,1998,Female,CAH17-01	Business and management,166,09/10/23 - 15/10/23,0.0,0.0,0.0,0.0,0.0,0.0,0.0,00:00:00,01:44:23,0,0,0.0,0.0,0.0,0.0,0.0,0.0,0,0,0,0,0,0,NA,NA,NA,NA,NA,NA,week_two,0.0,0.0,NA,NA,NA,NA,NA,NA,NA,NA,NA,NA,NA,NA,NA,NA,NA,NA,NA,NA,NA,NA,NA,NA,NA,NA,NA,NA
74.6,Pakistan,1995,Male,CAH10-01	Engineering,167,09/10/23 - 15/10/23,0.0,2.8986099999999997,0.0,0.0,0.0,0.0,0.0,02:53:55,01:44:23,3,5,0.0,0.9444433333333334,0.0,0.0,0.05083333333333333,1.8986116666666668,0,4,0,0,1,2,NA,2023-10-10 08:49:50.772000,NA,NA,2023-10-10 08:50:03.411000,2023-10-10 08:49:57.643000,week_two,0.0,0.0,NA,NA,NA,NA,NA,NA,NA,NA,NA,NA,NA,NA,NA,NA,NA,NA,NA,NA,NA,NA,NA,NA,NA,NA,NA,NA
63.0,United Kingdom of Great Britain and Northern Ireland,2001,Female,CAH17-01	Business and management,168,09/10/23 - 15/10/23,0.0,0.0,0.0,0.0,0.0,0.0,0.0,00:00:00,01:44:23,0,0,0.0,0.0,0.0,0.0,0.0,0.0,0,0,0,0,0,0,NA,NA,NA,NA,NA,NA,week_two,0.0,0.0,NA,NA,NA,NA,NA,NA,NA,NA,NA,NA,NA,NA,NA,NA,NA,NA,NA,NA,NA,NA,NA,NA,NA,NA,NA,NA
76.2,Sweden,1977,Male,"CAH15-01	Sociology, social policy and anthropology",169,09/10/23 - 15/10/23,0.0,0.03666666666666667,0.0,0.0,2.9230549999999997,0.0,0.0,02:57:35,01:44:23,6,13,0.0,0.020833333333333332,0.0,0.003055,0.0,0.008888333333333333,0,7,0,1,0,5,NA,2023-10-10 10:24:37.365000,NA,2023-10-10 10:24:56.361000,NA,2023-10-10 10:24:47.312000,week_two,2.896111666666667,3.0,2023-10-10 21:29:42.582000,NA,NA,NA,NA,NA,NA,NA,NA,NA,NA,NA,NA,NA,NA,NA,NA,NA,NA,NA,NA,NA,NA,NA,NA,NA
73.4,Pakistan,1987,Male,CAH11-01	Computing,170,09/10/23 - 15/10/23,0.014721666666666666,3.4266666666666667,0.0,0.0,0.023055,0.0047216666666666665,0.26611166666666664,03:44:07,01:44:23,7,21,0.0,0.10222166666666667,0.0,0.0016666666666666668,0.48083333333333333,2.836111666666667,0,17,0,3,5,10,NA,2023-10-09 10:48:26.603000,NA,2023-10-09 14:39:16.740000,2023-10-09 10:48:37.576000,2023-10-09 14:39:23.093000,week_two,0.26138833333333333,3.0,2023-10-13 19:33:15.607000,NA,NA,NA,NA,NA,NA,NA,NA,NA,NA,NA,NA,NA,NA,NA,NA,NA,NA,NA,NA,NA,NA,NA,NA,NA
73.2,India,2001,Male,CAH10-01	Engineering,171,09/10/23 - 15/10/23,0.6227783333333333,4.496388333333333,0.0,0.0,0.0,0.0,0.0,05:07:09,01:44:23,7,21,0.0,2.8225,0.0,1.1108333333333333,0.955555,0.09583499999999999,0,19,0,7,7,8,NA,2023-10-09 11:03:01.401000,NA,2023-10-10 06:07:12.161000,2023-10-09 11:03:05.560000,2023-10-09 16:19:16.955000,week_two,0.0925,2.0,2023-10-10 15:52:35.379000,NA,NA,NA,NA,NA,NA,NA,NA,NA,NA,NA,NA,NA,NA,NA,NA,NA,NA,NA,NA,NA,NA,NA,NA,NA
63.8,Nigeria,2001,Male,"CAH26-01 Geography, earth and environmental studies",172,09/10/23 - 15/10/23,0.129445,3.1983349999999997,0.0,0.0,0.0,0.0,0.0,03:19:40,01:44:23,3,7,0.0,1.6808333333333332,0.0,0.0,0.05388833333333333,1.548055,0,7,0,0,1,4,NA,2023-10-09 17:21:13.649000,NA,NA,2023-10-09 17:21:17.019000,2023-10-09 17:24:34.241000,week_two,0.0,0.0,NA,NA,NA,NA,NA,NA,NA,NA,NA,NA,NA,NA,NA,NA,NA,NA,NA,NA,NA,NA,NA,NA,NA,NA,NA,NA
74.0,Viet Nam,1998,Male,CAH11-01	Computing,173,09/10/23 - 15/10/23,0.05277833333333334,4.05,0.0,0.0,0.0,0.0,0.0,04:06:10,01:44:23,6,11,0.0,0.815555,0.0,0.003888333333333333,0.0275,1.2352766666666668,0,17,0,2,4,7,NA,2023-10-09 20:24:11.222000,NA,2023-10-09 20:25:33.933000,2023-10-09 20:24:17.054000,2023-10-09 20:25:29.301000,week_two,0.0,2.0,2023-10-10 16:06:44.286000,NA,NA,NA,NA,NA,NA,NA,NA,NA,NA,NA,NA,NA,NA,NA,NA,NA,NA,NA,NA,NA,NA,NA,NA,NA
64.6,China,2002,Male,CAH11-01	Computing,174,09/10/23 - 15/10/23,0.0,3.1824999999999997,0.0,0.0,0.0,0.0,0.0,03:10:57,01:44:23,3,3,0.0,1.5341666666666667,0.0,0.0,0.09138833333333334,0.0,0,4,0,0,1,0,NA,2023-10-10 14:09:10.948000,NA,NA,2023-10-10 14:09:15.164000,NA,week_two,1.5452783333333333,2.0,2023-10-10 15:47:18.360000,NA,NA,NA,NA,NA,NA,NA,NA,NA,NA,NA,NA,NA,NA,NA,NA,NA,NA,NA,NA,NA,NA,NA,NA,NA
71.2,Nigeria,1996,Female,CAH17-01	Business and management,175,09/10/23 - 15/10/23,0.0,2.1497216666666663,0.0,0.0,0.066945,0.0,0.9688883333333334,03:11:08,01:44:23,6,7,0.0,0.16722166666666669,0.0,0.001945,0.0,1.908055,0,5,0,1,0,3,NA,2023-10-10 11:59:16.304000,NA,2023-10-15 15:28:17.143000,NA,2023-10-10 12:03:04.452000,week_two,0.8972216666666667,2.0,2023-10-15 14:52:05.936000,NA,NA,NA,NA,NA,NA,NA,NA,NA,NA,NA,NA,NA,NA,NA,NA,NA,NA,NA,NA,NA,NA,NA,NA,NA
64.4,Nigeria,1980,Female,CAH09-01	Mathematical sciences,176,09/10/23 - 15/10/23,0.10361166666666667,0.0,0.0,0.0,0.0,0.0,0.0,00:06:13,01:44:23,3,3,0.0,0.04833333333333333,0.0,0.0,0.0,0.0,0,1,0,0,0,0,NA,2023-10-09 05:25:05.654000,NA,NA,NA,NA,week_two,0.0,0.0,NA,NA,NA,NA,NA,NA,NA,NA,NA,NA,NA,NA,NA,NA,NA,NA,NA,NA,NA,NA,NA,NA,NA,NA,NA,NA
66.2,Nigeria,2001,Female,CAH17-01	Business and management,177,09/10/23 - 15/10/23,0.01,3.329445,0.0,0.0,0.0,0.0,0.5752783333333333,03:54:53,01:44:23,6,11,0.0,0.00861,0.0,0.0013883333333333332,1.2613883333333331,2.0436116666666666,0,9,0,2,1,6,NA,2023-10-09 17:50:49.970000,NA,2023-10-09 17:50:56.319000,2023-10-10 14:13:58.994000,2023-10-09 17:50:59.914000,week_two,0.525,2.0,2023-10-15 21:50:06.439000,NA,NA,NA,NA,NA,NA,NA,NA,NA,NA,NA,NA,NA,NA,NA,NA,NA,NA,NA,NA,NA,NA,NA,NA,NA
63.0,Australia,1977,Female,CAH16-01	Law,178,09/10/23 - 15/10/23,0.0,0.0,0.0,0.0,0.0,0.0,0.0,00:00:00,01:44:23,0,0,0.0,0.0,0.0,0.0,0.0,0.0,0,0,0,0,0,0,NA,NA,NA,NA,NA,NA,week_two,0.0,0.0,NA,NA,NA,NA,NA,NA,NA,NA,NA,NA,NA,NA,NA,NA,NA,NA,NA,NA,NA,NA,NA,NA,NA,NA,NA,NA
65.8,United Kingdom of Great Britain and Northern Ireland,2001,Male,CAH11-01	Computing,179,09/10/23 - 15/10/23,0.0,2.8197216666666667,0.0,0.003888333333333333,0.0,0.0,0.0,02:49:25,01:44:23,4,6,0.0,0.0047216666666666665,0.0,0.5875,0.0,1.9444450000000002,0,6,0,7,0,4,NA,2023-10-10 11:59:27.301000,NA,2023-10-10 11:59:32.673000,NA,2023-10-10 11:59:29.138000,week_two,0.0,0.0,NA,NA,NA,NA,NA,NA,NA,NA,NA,NA,NA,NA,NA,NA,NA,NA,NA,NA,NA,NA,NA,NA,NA,NA,NA,NA
73.2,India,2000,Male,CAH10-01	Engineering,180,09/10/23 - 15/10/23,0.024444999999999998,4.845833333333333,0.0,0.1475,0.0,0.0,0.0,05:01:04,01:44:23,4,9,0.0,0.5783349999999999,0.0,0.0,2.966111666666667,1.380555,0,10,0,0,4,4,NA,2023-10-09 23:34:04.004000,NA,NA,2023-10-09 23:34:08.375000,2023-10-09 23:34:12.749000,week_two,0.0,1.0,2023-10-12 20:16:50.832000,NA,NA,NA,NA,NA,NA,NA,NA,NA,NA,NA,NA,NA,NA,NA,NA,NA,NA,NA,NA,NA,NA,NA,NA,NA
64.4,Nigeria,1976,Female,CAH17-01	Business and management,181,09/10/23 - 15/10/23,0.04027833333333333,3.9833333333333334,0.0,0.09138833333333334,3.4552766666666668,0.0,0.0,07:34:13,01:44:23,7,16,0.0,0.12111166666666667,0.0,2.5002783333333336,2.6766666666666667,0.249445,0,9,0,4,3,4,NA,2023-10-09 17:56:51.916000,NA,2023-10-12 20:31:35.068000,2023-10-09 17:57:02.086000,2023-10-10 11:21:00.120000,week_two,0.6075,1.0,2023-10-13 18:23:05.495000,NA,NA,NA,NA,NA,NA,NA,NA,NA,NA,NA,NA,NA,NA,NA,NA,NA,NA,NA,NA,NA,NA,NA,NA,NA
63.4,Sri Lanka,2000,Female,CAH17-01	Business and management,182,09/10/23 - 15/10/23,0.005,0.0,0.0,0.0,0.0,0.0,0.0,00:00:18,01:44:23,2,2,0.0,0.0033333333333333335,0.0,0.0,0.0,0.0,0,1,0,0,0,1,NA,2023-10-09 22:43:59.440000,NA,NA,NA,2023-10-09 22:44:11.084000,week_two,0.0,0.0,NA,NA,NA,NA,NA,NA,NA,NA,NA,NA,NA,NA,NA,NA,NA,NA,NA,NA,NA,NA,NA,NA,NA,NA,NA,NA
68.6,Viet Nam,1997,Female,CAH17-01	Business and management,183,09/10/23 - 15/10/23,2.05,5.734445,0.0,0.0,0.0,0.5811116666666667,0.0,08:21:56,01:44:23,5,12,0.0,0.013335000000000001,0.0,0.039445,2.050555,3.0991666666666666,0,13,0,3,4,7,NA,2023-10-09 01:16:43.043000,NA,2023-10-10 12:35:05.941000,2023-10-09 01:16:52.834000,2023-10-10 11:33:57.105000,week_two,0.004445,2.0,2023-10-14 16:35:19.093000,NA,NA,NA,NA,NA,NA,NA,NA,NA,NA,NA,NA,NA,NA,NA,NA,NA,NA,NA,NA,NA,NA,NA,NA,NA
73.0,Thailand,2001,Male,CAH17-01	Business and management,184,09/10/23 - 15/10/23,0.0,3.754445,0.0,0.0,0.0,0.0,0.0,03:45:16,01:44:23,3,3,0.0,0.07888833333333332,0.0,0.0,0.0,3.6730549999999997,0,3,0,0,0,2,NA,2023-10-10 12:10:47.153000,NA,NA,NA,2023-10-10 12:10:49.523000,week_two,0.0,1.0,2023-10-10 15:55:58.677000,NA,NA,NA,NA,NA,NA,NA,NA,NA,NA,NA,NA,NA,NA,NA,NA,NA,NA,NA,NA,NA,NA,NA,NA,NA
67.4,United Kingdom of Great Britain and Northern Ireland,2001,Male,CAH04-01	Psychology,185,09/10/23 - 15/10/23,0.0,1.755,0.0,0.0,0.0,0.0,0.0,01:45:18,01:44:23,3,3,0.0,0.6158333333333333,0.0,0.0,0.500555,0.6325000000000001,0,9,0,0,2,6,NA,2023-10-10 12:00:43.990000,NA,NA,2023-10-10 12:00:51.827000,2023-10-10 12:00:45.677000,week_two,0.0,0.0,NA,NA,NA,NA,NA,NA,NA,NA,NA,NA,NA,NA,NA,NA,NA,NA,NA,NA,NA,NA,NA,NA,NA,NA,NA,NA
62.4,Iran,1995,Female,CAH10-01	Engineering,186,09/10/23 - 15/10/23,0.0,2.214445,0.0,0.0,0.0,0.0,0.0,02:12:52,01:44:23,3,5,0.0,1.016945,0.0,0.0,0.019444999999999997,1.168888333333333,0,8,0,0,2,5,NA,2023-10-10 13:58:27.797000,NA,NA,2023-10-10 13:58:31.094000,2023-10-10 14:16:50.577000,week_two,0.0,0.0,NA,NA,NA,NA,NA,NA,NA,NA,NA,NA,NA,NA,NA,NA,NA,NA,NA,NA,NA,NA,NA,NA,NA,NA,NA,NA
64.8,United Kingdom of Great Britain and Northern Ireland,1997,Female,CAH09-01	Mathematical sciences,187,09/10/23 - 15/10/23,0.0,2.6175,0.03166666666666666,0.0,0.0,0.0,0.0,02:38:57,01:44:23,4,10,0.0,0.013889999999999998,0.0,0.0,1.075555,0.374445,0,10,0,0,4,4,NA,2023-10-10 11:18:24.332000,NA,NA,2023-10-10 11:18:37.027000,2023-10-10 11:30:36.507000,week_two,0.270555,2.0,2023-10-10 15:45:34.871000,NA,NA,NA,NA,NA,NA,NA,NA,NA,NA,NA,NA,NA,NA,NA,NA,NA,NA,NA,NA,NA,NA,NA,NA,NA
52.4,Egypt,1986,Male,CAH10-01	Engineering,188,09/10/23 - 15/10/23,0.0,0.19861166666666666,0.0,0.03527833333333333,0.0,0.0,0.0,00:14:02,01:44:23,4,5,0.0,0.004443333333333333,0.0,0.00027833333333333334,0.0,0.0,0,4,0,1,0,1,NA,2023-10-10 15:07:34.066000,NA,2023-10-10 15:07:32.748000,NA,2023-10-10 15:07:39.234000,week_two,0.028055,3.0,2023-10-12 22:07:13.787000,NA,NA,NA,NA,NA,NA,NA,NA,NA,NA,NA,NA,NA,NA,NA,NA,NA,NA,NA,NA,NA,NA,NA,NA,NA
63.8,Sri Lanka,1987,Female,CAH10-01	Engineering,189,09/10/23 - 15/10/23,0.0,2.624445,0.0,0.0,0.0,0.0,0.0,02:37:28,01:44:23,5,5,0.0,0.0027783333333333336,0.0,0.0025,0.004166666666666667,1.7394450000000001,0,3,0,1,1,2,NA,2023-10-10 15:10:14.629000,NA,2023-10-10 15:11:39.323000,2023-10-10 15:10:16.849000,2023-10-10 15:10:37.277000,week_two,0.0,0.0,NA,NA,NA,NA,NA,NA,NA,NA,NA,NA,NA,NA,NA,NA,NA,NA,NA,NA,NA,NA,NA,NA,NA,NA,NA,NA
73.8,Algeria,1996,Male,NA,190,09/10/23 - 15/10/23,0.003888333333333333,1.1277783333333333,0.0,0.0,0.063055,0.0,0.0,01:11:41,01:44:23,4,7,0.0,0.0027783333333333336,0.0,0.0,0.0,1.12861,0,4,0,0,1,2,NA,2023-10-09 22:37:54.124000,NA,NA,2023-10-09 22:38:05.762000,2023-10-09 22:37:57.213000,week_two,0.0,1.0,2023-10-13 03:17:20.057000,NA,NA,NA,NA,NA,NA,NA,NA,NA,NA,NA,NA,NA,NA,NA,NA,NA,NA,NA,NA,NA,NA,NA,NA,NA
62.4,Sri Lanka,1996,Female,CAH17-01	Business and management,191,09/10/23 - 15/10/23,0.21083333333333334,2.8697216666666665,0.0,0.0,0.0,0.016111666666666666,0.0,03:05:48,01:44:23,5,12,0.0,0.09416666666666668,0.0,0.0047216666666666665,1.4713883333333333,1.5094450000000001,0,8,0,1,3,3,NA,2023-10-09 12:59:36.467000,NA,2023-10-09 13:11:45.957000,2023-10-09 13:04:56.305000,2023-10-10 15:35:42.955000,week_two,0.0,1.0,2023-10-14 21:37:08.046000,NA,NA,NA,NA,NA,NA,NA,NA,NA,NA,NA,NA,NA,NA,NA,NA,NA,NA,NA,NA,NA,NA,NA,NA,NA
73.0,Iran,1988,Male,CAH10-01	Engineering,192,09/10/23 - 15/10/23,0.0,0.0,0.0,0.0,0.0,0.0,0.0,00:00:00,01:44:23,0,0,0.0,0.0,0.0,0.0,0.0,0.0,0,0,0,0,0,0,NA,NA,NA,NA,NA,NA,week_two,0.0,0.0,NA,NA,NA,NA,NA,NA,NA,NA,NA,NA,NA,NA,NA,NA,NA,NA,NA,NA,NA,NA,NA,NA,NA,NA,NA,NA
73.0,Sri Lanka,1996,Female,CAH09-01	Mathematical sciences,193,09/10/23 - 15/10/23,0.0,2.4197216666666668,0.0,0.0,0.0,0.0,0.0,02:25:11,01:44:23,3,5,0.0,0.8944433333333334,0.0,0.0,0.0022216666666666665,1.505555,0,5,0,0,2,2,NA,2023-10-10 13:13:04.428000,NA,NA,2023-10-10 13:13:09.815000,2023-10-10 14:16:57.162000,week_two,0.0,0.0,NA,NA,NA,NA,NA,NA,NA,NA,NA,NA,NA,NA,NA,NA,NA,NA,NA,NA,NA,NA,NA,NA,NA,NA,NA,NA
69.2,India,1996,Male,CAH17-01	Business and management,194,09/10/23 - 15/10/23,0.0,0.0,0.0,0.0,0.0,0.0,0.0,00:00:00,01:44:23,0,0,0.0,0.0,0.0,0.0,0.0,0.0,0,0,0,0,0,0,NA,NA,NA,NA,NA,NA,week_two,0.0,0.0,NA,NA,NA,NA,NA,NA,NA,NA,NA,NA,NA,NA,NA,NA,NA,NA,NA,NA,NA,NA,NA,NA,NA,NA,NA,NA
62.4,India,1997,Male,CAH10-01	Engineering,195,09/10/23 - 15/10/23,0.0,1.8997216666666668,0.34472166666666665,0.0,0.0,0.008333333333333333,0.18888833333333335,02:26:29,01:44:23,4,9,0.0,0.006944999999999999,0.0,0.0,1.5902783333333335,0.30694499999999997,0,7,0,0,1,2,NA,2023-10-10 13:58:23.671000,NA,NA,2023-10-10 13:58:25.912000,2023-10-10 15:33:52.731000,week_two,0.52,4.0,2023-10-11 09:12:32.292000,NA,NA,NA,NA,NA,NA,NA,NA,NA,NA,NA,NA,NA,NA,NA,NA,NA,NA,NA,NA,NA,NA,NA,NA,NA
70.0,Nigeria,1991,Male,CAH11-01	Computing,196,09/10/23 - 15/10/23,0.0,0.10888833333333332,0.0,0.0,0.0,0.0,0.3766666666666667,00:29:08,01:44:23,4,6,0.0,0.0325,0.0,0.0,0.0,0.35361166666666666,0,5,0,0,0,2,NA,2023-10-10 15:47:29.510000,NA,NA,NA,2023-10-10 15:50:14.263000,week_two,0.0,1.0,2023-10-15 11:30:48.106000,NA,NA,NA,NA,NA,NA,NA,NA,NA,NA,NA,NA,NA,NA,NA,NA,NA,NA,NA,NA,NA,NA,NA,NA,NA
58.0,Nigeria,1997,Female,CAH15-02	Economics,197,09/10/23 - 15/10/23,0.17277833333333334,2.1108333333333333,0.005278333333333333,0.0,0.0,0.0,0.0,02:17:20,01:44:23,7,10,0.0,0.435555,0.0,0.013888333333333332,0.098055,0.0016666666666666668,0,10,0,1,4,2,NA,2023-10-09 13:08:58.326000,NA,2023-10-09 15:12:39.068000,2023-10-09 15:09:39.935000,2023-10-09 15:18:36.513000,week_two,0.0016666666666666668,3.0,2023-10-24 11:12:12.482000,NA,NA,NA,NA,NA,NA,NA,NA,NA,NA,NA,NA,NA,NA,NA,NA,NA,NA,NA,NA,NA,NA,NA,NA,NA
57.0,United Kingdom of Great Britain and Northern Ireland,2000,Female,CAH04-01	Psychology,198,09/10/23 - 15/10/23,0.0,0.0,3.685,0.0,0.0,0.0,0.0,03:41:06,01:44:23,6,6,0.0,0.006666666666666667,0.0,0.0,0.0,2.7916666666666665,0,4,0,1,0,4,NA,2023-10-11 14:36:03.208000,NA,2023-10-11 15:18:01.990000,NA,2023-10-11 14:36:56.555000,week_two,0.8597216666666667,2.0,2023-10-11 14:36:14.110000,NA,NA,NA,NA,NA,NA,NA,NA,NA,NA,NA,NA,NA,NA,NA,NA,NA,NA,NA,NA,NA,NA,NA,NA,NA
68.6,Malaysia,2000,Female,CAH17-01	Business and management,199,09/10/23 - 15/10/23,0.0,1.4680549999999999,0.0,0.0,0.0,0.0,0.0,01:28:05,01:44:23,2,2,0.0,0.0008333333333333334,0.0,0.0,1.4655549999999997,0.0,0,1,0,0,1,0,NA,2023-10-10 10:34:50.466000,NA,NA,2023-10-10 10:34:53.022000,NA,week_two,0.0,0.0,NA,NA,NA,NA,NA,NA,NA,NA,NA,NA,NA,NA,NA,NA,NA,NA,NA,NA,NA,NA,NA,NA,NA,NA,NA,NA
63.2,United Kingdom of Great Britain and Northern Ireland,2001,Female,CAH15-02	Economics,200,09/10/23 - 15/10/23,1.605,1.2875,0.0,0.0,0.0,0.0,0.0,02:53:33,01:44:23,4,6,0.0,0.0036116666666666667,0.0,0.0,1.5847216666666666,1.275,0,4,0,0,1,2,NA,2023-10-09 12:47:23.404000,NA,NA,2023-10-09 12:47:26.233000,2023-10-10 12:04:50.656000,week_two,0.0,1.0,2023-10-10 15:48:40.935000,NA,NA,NA,NA,NA,NA,NA,NA,NA,NA,NA,NA,NA,NA,NA,NA,NA,NA,NA,NA,NA,NA,NA,NA,NA
71.2,China,2002,Male,CAH11-01	Computing,201,09/10/23 - 15/10/23,0.006944999999999999,2.9691666666666667,0.024166666666666666,0.0,0.0,0.0,0.0,03:00:01,01:44:23,4,6,0.0,0.0027783333333333336,0.0,0.0,0.0,2.9616666666666664,0,3,0,0,1,2,NA,2023-10-09 19:59:32.803000,NA,NA,2023-10-09 19:59:53.962000,2023-10-09 19:59:36.258000,week_two,0.0,0.0,NA,NA,NA,NA,NA,NA,NA,NA,NA,NA,NA,NA,NA,NA,NA,NA,NA,NA,NA,NA,NA,NA,NA,NA,NA,NA
68.2,Iran,1992,Female,CAH10-01	Engineering,202,09/10/23 - 15/10/23,0.0,1.4094450000000003,0.0,0.0,0.0,0.0,0.03777833333333334,01:26:50,01:44:23,3,4,0.0,0.0013883333333333332,0.0,0.0,0.0,1.4038883333333334,0,2,0,0,0,1,NA,2023-10-10 15:11:35.064000,NA,NA,NA,2023-10-10 15:11:37.457000,week_two,0.034166666666666665,1.0,2023-10-16 00:47:11.633000,NA,NA,NA,NA,NA,NA,NA,NA,NA,NA,NA,NA,NA,NA,NA,NA,NA,NA,NA,NA,NA,NA,NA,NA,NA
73.2,Pakistan,1994,Male,CAH10-01	Engineering,203,09/10/23 - 15/10/23,0.0,0.009721666666666665,0.0,0.0,0.0,0.0,0.0,00:00:35,01:44:23,2,2,0.0,0.0011116666666666666,0.0,0.0,0.0,0.0,0,1,0,0,0,0,NA,2023-10-10 15:51:10.379000,NA,NA,NA,NA,week_two,0.0,1.0,2023-10-10 15:51:14.063000,NA,NA,NA,NA,NA,NA,NA,NA,NA,NA,NA,NA,NA,NA,NA,NA,NA,NA,NA,NA,NA,NA,NA,NA,NA
52.5,India,1999,Male,CAH10-01	Engineering,204,09/10/23 - 15/10/23,0.0,0.0,0.0,0.0,0.0,0.0,0.0,00:00:00,01:44:23,0,0,0.0,0.0,0.0,0.0,0.0,0.0,0,0,0,0,0,0,NA,NA,NA,NA,NA,NA,week_two,0.0,0.0,NA,NA,NA,NA,NA,NA,NA,NA,NA,NA,NA,NA,NA,NA,NA,NA,NA,NA,NA,NA,NA,NA,NA,NA,NA,NA
68.6,Myanmar,2001,Female,CAH17-01	Business and management,205,09/10/23 - 15/10/23,0.0,0.0,0.0,0.0,0.0,0.0,0.0,00:00:00,01:44:23,0,0,0.0,0.0,0.0,0.0,0.0,0.0,0,0,0,0,0,0,NA,NA,NA,NA,NA,NA,week_two,0.0,0.0,NA,NA,NA,NA,NA,NA,NA,NA,NA,NA,NA,NA,NA,NA,NA,NA,NA,NA,NA,NA,NA,NA,NA,NA,NA,NA
73.8,Turkey,1999,Female,CAH10-01	Engineering,206,09/10/23 - 15/10/23,0.0,0.23888833333333334,0.0,0.0,0.0,0.0,0.0,00:14:20,01:44:23,4,5,0.0,0.0033333333333333335,0.0,0.0,0.008333333333333333,0.223055,0,4,0,0,1,2,NA,2023-10-10 12:09:18.818000,NA,NA,2023-10-10 12:09:23.401000,2023-10-10 15:17:36.401000,week_two,0.0,1.0,2023-10-10 15:53:45.398000,NA,NA,NA,NA,NA,NA,NA,NA,NA,NA,NA,NA,NA,NA,NA,NA,NA,NA,NA,NA,NA,NA,NA,NA,NA
71.6,Nigeria,1994,Male,CAH15-02	Economics,207,09/10/23 - 15/10/23,0.0,0.0,0.0,0.0,0.0,0.0,0.0,00:00:00,01:44:23,0,0,0.0,0.0,0.0,0.0,0.0,0.0,0,0,0,0,0,0,NA,NA,NA,NA,NA,NA,week_two,0.0,0.0,NA,NA,NA,NA,NA,NA,NA,NA,NA,NA,NA,NA,NA,NA,NA,NA,NA,NA,NA,NA,NA,NA,NA,NA,NA,NA
60.4,India,1992,Male,CAH19-01	English studies,208,09/10/23 - 15/10/23,0.0,1.4038883333333334,0.0,0.0,0.0,0.0,0.0,01:24:14,01:44:23,3,6,0.0,0.698055,0.0,0.0,0.5988883333333334,0.005278333333333333,0,6,0,0,4,2,NA,2023-10-10 14:00:37.642000,NA,NA,2023-10-10 14:01:00.490000,2023-10-10 14:00:39.370000,week_two,0.0,0.0,NA,NA,NA,NA,NA,NA,NA,NA,NA,NA,NA,NA,NA,NA,NA,NA,NA,NA,NA,NA,NA,NA,NA,NA,NA,NA
64.0,Bangladesh,1996,Female,CAH17-01	Business and management,209,09/10/23 - 15/10/23,2.835,1.8525,0.0,0.0,0.0,0.0,0.17055500000000004,04:51:29,01:44:23,6,11,0.0,0.013333333333333334,0.0,0.0008333333333333334,4.120278333333333,0.6816666666666666,0,9,0,1,3,5,NA,2023-10-09 22:38:40.351000,NA,2023-10-09 22:38:36.911000,2023-10-09 19:59:06.028000,2023-10-09 22:39:01.643000,week_two,0.0,1.0,2023-10-16 01:47:34.795000,NA,NA,NA,NA,NA,NA,NA,NA,NA,NA,NA,NA,NA,NA,NA,NA,NA,NA,NA,NA,NA,NA,NA,NA,NA
73.0,Sri Lanka,1996,Female,CAH11-01	Computing,210,09/10/23 - 15/10/23,0.0,1.7311116666666668,0.0,0.0,0.0,0.0,0.0,01:43:52,01:44:23,4,4,0.0,0.12833333333333333,0.0,0.0,1.5102783333333334,0.024444999999999998,0,5,0,0,1,1,NA,2023-10-10 14:05:59.836000,NA,NA,2023-10-10 14:06:03.021000,2023-10-10 15:37:15.039000,week_two,0.06333333333333332,2.0,2023-10-10 15:45:54.537000,NA,NA,NA,NA,NA,NA,NA,NA,NA,NA,NA,NA,NA,NA,NA,NA,NA,NA,NA,NA,NA,NA,NA,NA,NA
61.8,Myanmar,1998,Female,CAH11-01	Computing,211,09/10/23 - 15/10/23,0.02,1.141945,0.0,0.0,4.11,0.0013883333333333332,1.166945,06:26:25,01:44:23,6,22,0.0,0.16333166666666668,0.0,0.0,4.275555,1.7083350000000002,0,24,0,0,4,13,NA,2023-10-10 12:10:10.035000,NA,NA,2023-10-10 12:21:11.116000,2023-10-10 12:10:14.445000,week_two,0.0,1.0,2023-10-15 16:06:25.528000,NA,NA,NA,NA,NA,NA,NA,NA,NA,NA,NA,NA,NA,NA,NA,NA,NA,NA,NA,NA,NA,NA,NA,NA,NA
63.0,United States of America,2001,Male,CAH11-01	Computing,212,09/10/23 - 15/10/23,0.023055,0.08083333333333333,0.0,0.0,0.0,0.0,0.0,00:06:14,01:44:23,4,5,0.0,0.0033333333333333335,0.0,0.0,0.0,0.06527833333333334,0,3,0,0,1,1,NA,2023-10-09 18:10:56.032000,NA,NA,2023-10-09 18:11:00.881000,2023-10-10 15:37:36.341000,week_two,0.0,1.0,2023-10-10 15:41:36.312000,NA,NA,NA,NA,NA,NA,NA,NA,NA,NA,NA,NA,NA,NA,NA,NA,NA,NA,NA,NA,NA,NA,NA,NA,NA
60.0,Nigeria,1996,Male,"CAH13-01	Architecture, building and planning",1,17/10/22 - 23/10/22,0.0,2.4825,0.07916666666666666,0.0,0.0,0.0,0.0,02:33:42,02:13:55,2,2,0.0,0.003888333333333333,0.0,0.0,0.0,0.0,0,3,0,0,0,0,NA,2022-10-18 14:10:31.452000,NA,NA,NA,NA,week_3,2.1883333333333335,2.0,2022-10-18 14:10:35.157000,0.0,0.0,NA,NA,NA,NA,NA,NA,NA,NA,NA,NA,NA,NA,NA,NA,NA,NA,NA,NA,NA,NA,NA,NA,NA
70.0,Nigeria,1996,Male,CAH07-02	Chemistry,2,17/10/22 - 23/10/22,0.064445,3.06,0.0,0.0,0.0,0.0,0.0,03:07:28,02:13:55,4,6,0.0,0.0047216666666666665,0.000555,0.0,0.0,0.0,0,3,1,0,0,0,NA,2022-10-17 23:14:53.729000,2022-10-17 23:16:44.521000,NA,NA,NA,week_3,1.5786116666666667,1.0,2022-10-17 23:15:00.547000,0.0,0.0,NA,NA,NA,NA,NA,NA,NA,NA,NA,NA,NA,NA,NA,NA,NA,NA,NA,NA,NA,NA,NA,NA,NA
65.0,Nigeria,1990,Female,CAH15-02	Economics,3,17/10/22 - 23/10/22,0.0,0.0,0.0,0.0,0.03527833333333333,0.004166666666666667,0.0,00:02:22,02:13:55,2,2,0.0,0.0016666666666666668,0.0,0.0,0.0,0.0,0,1,0,0,0,0,NA,2022-10-21 19:20:00.267000,NA,NA,NA,NA,week_3,0.0,0.0,NA,0.0,1.0,2022-10-21 19:20:06.185000,NA,NA,NA,NA,NA,NA,NA,NA,NA,NA,NA,NA,NA,NA,NA,NA,NA,NA,NA,NA,NA,NA
55.0,Nigeria,1991,Male,CAH15-02	Economics,4,17/10/22 - 23/10/22,0.0,1.6583333333333334,0.0,0.0,0.0,0.0,0.0,01:39:30,02:13:55,2,2,0.0,0.0022216666666666665,0.0,0.0,0.0,0.0,0,1,0,0,0,0,NA,2022-10-18 14:06:07.189000,NA,NA,NA,NA,week_3,1.6483333333333334,1.0,2022-10-18 14:06:15.483000,0.0,0.0,NA,NA,NA,NA,NA,NA,NA,NA,NA,NA,NA,NA,NA,NA,NA,NA,NA,NA,NA,NA,NA,NA,NA
65.0,Pakistan,1998,Male,CAH17-01	Business and management,5,17/10/22 - 23/10/22,0.005833333333333333,4.998055,0.0,0.005278333333333333,0.0,0.0,0.0,05:00:33,02:13:55,1,1,0.0,0.005278333333333333,0.0,0.0,0.0,0.0,0,1,0,0,0,0,NA,2022-10-20 10:16:01.885000,NA,NA,NA,NA,week_3,0.0,0.0,NA,0.0,0.0,NA,NA,NA,NA,NA,NA,NA,NA,NA,NA,NA,NA,NA,NA,NA,NA,NA,NA,NA,NA,NA,NA,NA
62.0,Nigeria,1985,Male,CAH10-01	Engineering,6,17/10/22 - 23/10/22,1.3408333333333333,2.0530549999999996,0.0,0.0,0.0,0.6966666666666667,0.0,04:05:26,02:13:55,3,8,0.0,0.0036100000000000004,0.0,0.0,0.0,0.0,0,4,0,0,0,0,NA,2022-10-17 00:09:16.957000,NA,NA,NA,NA,week_3,1.6313883333333332,3.0,2022-10-17 00:09:21.573000,0.006944999999999999,1.0,2022-10-22 20:21:50.571000,NA,NA,NA,NA,NA,NA,NA,NA,NA,NA,NA,NA,NA,NA,NA,NA,NA,NA,NA,NA,NA,NA
61.0,Nigeria,1985,Male,CAH11-01	Computing,7,17/10/22 - 23/10/22,0.7658333333333334,0.0,0.0,0.0,0.0,0.007778333333333333,0.0,00:46:25,02:13:55,4,4,0.0,0.000555,0.06722166666666667,0.0,0.0,0.0,0,1,1,0,0,0,NA,2022-10-17 12:18:11.797000,2022-10-17 12:19:27.571000,NA,NA,NA,week_3,0.015278333333333335,1.0,2022-10-17 12:18:13.951000,0.0,0.0,NA,NA,NA,NA,NA,NA,NA,NA,NA,NA,NA,NA,NA,NA,NA,NA,NA,NA,NA,NA,NA,NA,NA
77.0,United Kingdom of Great Britain and Northern Ireland,2001,Female,"CAH07-04	General, applied and forensic sciences",8,17/10/22 - 23/10/22,0.04138833333333333,1.7655549999999998,0.0,0.005555000000000001,0.014445000000000001,0.0,0.0,01:49:37,02:13:55,6,12,0.0,0.25611,0.0052766666666666665,0.0,0.0,0.0,0,9,4,0,0,0,NA,2022-10-17 10:52:37.973000,2022-10-17 10:52:23.036000,NA,NA,NA,week_3,0.08027666666666665,5.0,2022-10-17 10:52:40.158000,0.0022216666666666665,2.0,2022-10-20 16:32:38.659000,NA,NA,NA,NA,NA,NA,NA,NA,NA,NA,NA,NA,NA,NA,NA,NA,NA,NA,NA,NA,NA,NA
61.0,Nigeria,1976,Male,CAH03-01	Biosciences,9,17/10/22 - 23/10/22,0.0,0.005,0.0,0.34750000000000003,0.0,0.0,0.9483333333333334,01:18:03,02:13:55,6,11,0.0,0.23333333333333334,0.0,0.00861,0.0,0.0,0,3,0,3,0,0,NA,2022-10-18 14:51:37.593000,NA,2022-10-20 22:57:25.398000,NA,NA,week_3,0.0,1.0,2022-10-18 14:51:45.764000,0.07833333333333334,4.0,2022-10-20 22:41:06.260000,NA,NA,NA,NA,NA,NA,NA,NA,NA,NA,NA,NA,NA,NA,NA,NA,NA,NA,NA,NA,NA,NA
63.0,India,1998,Female,CAH11-01	Computing,10,17/10/22 - 23/10/22,0.0,1.1519450000000002,0.0,0.0,0.0,0.0,0.0,01:09:07,02:13:55,3,7,0.0,0.004445,0.0,0.0,0.0,0.7897216666666667,0,5,0,0,0,4,NA,2022-10-18 09:31:46.310000,NA,NA,NA,2022-10-18 09:31:53.057000,week_3,0.2863883333333333,3.0,2022-10-18 14:06:15.173000,0.0,0.0,NA,NA,NA,NA,NA,NA,NA,NA,NA,NA,NA,NA,NA,NA,NA,NA,NA,NA,NA,NA,NA,NA,NA
67.0,Nigeria,1996,Female,CAH07-02	Chemistry,11,17/10/22 - 23/10/22,0.0,2.8988883333333333,0.0,0.0,0.24222166666666667,0.0,0.0,03:08:28,02:13:55,0,0,0.0,0.0,0.0,0.0,0.0,0.0,0,0,0,0,0,0,NA,NA,NA,NA,NA,NA,week_3,0.0,0.0,NA,0.0,0.0,NA,NA,NA,NA,NA,NA,NA,NA,NA,NA,NA,NA,NA,NA,NA,NA,NA,NA,NA,NA,NA,NA,NA
66.0,Nigeria,1986,Female,"CAH06-01	Agriculture, food and related studies",12,17/10/22 - 23/10/22,0.0027783333333333336,0.388055,0.0,0.0,1.4636116666666668,3.9383333333333335,0.07444500000000001,05:52:02,02:13:55,5,7,0.0,0.018890000000000004,0.15027833333333332,0.005833333333333333,0.0,0.0,0,4,1,2,0,0,NA,2022-10-21 02:02:31.334000,2022-10-18 15:31:16.591000,2022-10-21 02:05:14.931000,NA,NA,week_3,0.05527666666666667,2.0,2022-10-21 02:02:44.469000,0.005278333333333333,3.0,2022-10-21 02:05:02.188000,NA,NA,NA,NA,NA,NA,NA,NA,NA,NA,NA,NA,NA,NA,NA,NA,NA,NA,NA,NA,NA,NA
76.0,United Kingdom of Great Britain and Northern Ireland,1995,Male,CAH11-01	Computing,13,17/10/22 - 23/10/22,0.0,0.0063883333333333335,0.0,0.006111666666666666,1.5394450000000002,0.0,0.0,01:33:07,02:13:55,0,0,0.0,0.0,0.0,0.0,0.0,0.0,0,0,0,0,0,0,NA,NA,NA,NA,NA,NA,week_3,0.0,0.0,NA,0.0,0.0,NA,NA,NA,NA,NA,NA,NA,NA,NA,NA,NA,NA,NA,NA,NA,NA,NA,NA,NA,NA,NA,NA,NA
57.0,Bangladesh,1997,Female,CAH10-01	Engineering,14,17/10/22 - 23/10/22,0.079445,1.3141683333333336,0.0,0.0,0.0,0.0,0.0,01:23:37,02:13:55,2,4,0.0,0.0036100000000000004,0.0,0.0,0.0,0.0,0,2,0,0,0,0,NA,2022-10-18 11:29:05.847000,NA,NA,NA,NA,week_3,0.973055,2.0,2022-10-18 11:29:13.720000,0.0,0.0,NA,NA,NA,NA,NA,NA,NA,NA,NA,NA,NA,NA,NA,NA,NA,NA,NA,NA,NA,NA,NA,NA,NA
64.0,Italy,2000,Female,CAH16-01	Law,15,17/10/22 - 23/10/22,0.0,0.0,0.0,0.0,0.0,0.0,0.0,00:00:00,02:21:13,0,0,0.0,0.0,0.0,0.0,0.0,0.0,0,0,0,0,0,0,NA,NA,NA,NA,NA,NA,week_3,0.0,0.0,NA,0.0,0.0,NA,NA,NA,NA,NA,NA,NA,NA,NA,NA,NA,NA,NA,NA,NA,NA,NA,NA,NA,NA,NA,NA,NA
64.0,Sri Lanka,1993,Female,CAH17-01	Business and management,16,17/10/22 - 23/10/22,0.0,3.32361,0.0,0.020833333333333332,0.0,5.525833333333334,0.0,08:52:13,02:13:55,7,11,0.0,0.024444999999999998,2.1213883333333334,0.0022216666666666665,0.0,1.6869450000000001,0,5,1,1,0,1,NA,2022-10-18 11:20:03.566000,2022-10-22 07:29:10.713000,2022-10-22 09:36:39.124000,NA,2022-10-18 14:06:38.726000,week_3,0.005,2.0,2022-10-18 11:20:10.188000,3.3719449999999997,2.0,2022-10-22 09:36:33.168000,NA,NA,NA,NA,NA,NA,NA,NA,NA,NA,NA,NA,NA,NA,NA,NA,NA,NA,NA,NA,NA,NA
78.0,Viet Nam,1999,Male,CAH11-01	Computing,17,17/10/22 - 23/10/22,0.0,6.895555,0.0,0.0,0.0,0.019166666666666665,2.8227766666666665,09:44:14,02:13:55,10,13,0.0,2.191666666666667,0.000555,0.0,0.0,2.063055,0,3,1,1,0,1,NA,2022-10-18 12:56:49.706000,2022-10-18 15:08:31.354000,2022-10-22 18:17:55.704000,NA,2022-10-18 10:53:02.230000,week_3,0.14222166666666666,1.0,2022-10-18 10:22:07.584000,0.012223333333333333,5.0,2022-10-22 18:17:50.052000,NA,NA,NA,NA,NA,NA,NA,NA,NA,NA,NA,NA,NA,NA,NA,NA,NA,NA,NA,NA,NA,NA
63.0,Viet Nam,1996,Female,CAH17-01	Business and management,18,17/10/22 - 23/10/22,0.0,2.588888333333333,0.0,0.0,0.0,0.0,0.9383333333333332,03:31:38,02:13:55,5,6,0.0,0.001945,0.001945,0.000555,0.058333333333333334,0.0,0,4,1,1,1,0,NA,2022-10-18 13:52:29.747000,2022-10-23 14:28:14.912000,2022-10-18 15:57:30.382000,2022-10-23 14:28:23.498000,NA,week_3,1.1788883333333333,3.0,2022-10-18 13:52:31.453000,0.0,0.0,NA,NA,NA,NA,NA,NA,NA,NA,NA,NA,NA,NA,NA,NA,NA,NA,NA,NA,NA,NA,NA,NA,NA
62.0,United Kingdom of Great Britain and Northern Ireland,2001,Male,CAH15-02	Economics,19,17/10/22 - 23/10/22,0.0,0.0,0.0,0.0,0.0,0.0,0.0,00:00:00,02:13:55,0,0,0.0,0.0,0.0,0.0,0.0,0.0,0,0,0,0,0,0,NA,NA,NA,NA,NA,NA,week_3,0.0,0.0,NA,0.0,0.0,NA,NA,NA,NA,NA,NA,NA,NA,NA,NA,NA,NA,NA,NA,NA,NA,NA,NA,NA,NA,NA,NA,NA
62.0,Sri Lanka,1989,Female,CAH17-01	Business and management,20,17/10/22 - 23/10/22,1.6083333333333334,1.6497233333333334,0.0,0.0,0.0,0.0,0.0,03:15:29,02:13:55,3,7,0.0,0.0175,0.0,0.0,0.0,1.575,0,7,0,0,0,2,NA,2022-10-17 11:21:04.346000,NA,NA,NA,2022-10-17 11:21:06.997000,week_3,1.5858333333333334,4.0,2022-10-18 12:44:14.851000,0.0,0.0,NA,NA,NA,NA,NA,NA,NA,NA,NA,NA,NA,NA,NA,NA,NA,NA,NA,NA,NA,NA,NA,NA,NA
66.0,Sri Lanka,1997,Male,CAH17-01	Business and management,21,17/10/22 - 23/10/22,0.0,3.274443333333333,0.0,0.0,0.0,0.0,0.0,03:16:28,02:13:55,3,4,0.0,0.007221666666666667,0.0,0.0,0.0,0.4597216666666667,0,4,0,0,0,1,NA,2022-10-18 07:46:42.930000,NA,NA,NA,2022-10-18 12:39:50.849000,week_3,0.51,2.0,2022-10-18 12:38:25.666000,0.0,0.0,NA,NA,NA,NA,NA,NA,NA,NA,NA,NA,NA,NA,NA,NA,NA,NA,NA,NA,NA,NA,NA,NA,NA
59.0,Nigeria,1990,Male,"CAH07-04	General, applied and forensic sciences",22,17/10/22 - 23/10/22,0.25305500000000003,3.7822216666666666,0.31833333333333336,0.0,0.0,0.28611166666666665,0.046945,04:41:12,02:13:55,3,3,0.0,0.8061116666666667,0.0,0.0,0.0,0.0,0,1,0,0,0,0,NA,2022-10-18 14:42:15.479000,NA,NA,NA,NA,week_3,0.028888333333333335,1.0,2022-10-18 15:50:25.432000,0.0,0.0,NA,NA,NA,NA,NA,NA,NA,NA,NA,NA,NA,NA,NA,NA,NA,NA,NA,NA,NA,NA,NA,NA,NA
67.0,Nigeria,1993,Female,CAH09-01	Mathematical sciences,23,17/10/22 - 23/10/22,0.0,3.131666666666667,0.0,0.0,0.0,0.18583333333333335,0.0,03:19:03,02:13:55,6,7,0.0,0.001945,0.04416666666666667,0.00027833333333333334,0.0,0.0125,0,3,2,1,0,1,NA,2022-10-18 14:05:56.854000,2022-10-18 14:03:21.650000,2022-10-22 18:29:19.702000,NA,2022-10-18 14:05:58.979000,week_3,1.1836116666666667,1.0,2022-10-18 15:52:29.388000,0.1497216666666667,2.0,2022-10-22 18:29:06.153000,NA,NA,NA,NA,NA,NA,NA,NA,NA,NA,NA,NA,NA,NA,NA,NA,NA,NA,NA,NA,NA,NA
75.0,United Kingdom of Great Britain and Northern Ireland,1988,Male,CAH03-01	Biosciences,24,17/10/22 - 23/10/22,0.008611666666666665,0.24527833333333332,0.0,0.5752783333333333,3.383611666666667,0.0,0.0,04:12:46,02:13:55,7,10,0.0,0.0016666666666666668,0.001945,1.1647216666666664,0.0,0.02666666666666667,0,3,3,2,0,1,NA,2022-10-17 19:36:56.200000,2022-10-17 19:36:53.320000,2022-10-21 15:15:39.625000,NA,2022-10-18 15:49:42.569000,week_3,0.0013883333333333332,2.0,2022-10-17 19:36:58.274000,0.0,0.0,NA,NA,NA,NA,NA,NA,NA,NA,NA,NA,NA,NA,NA,NA,NA,NA,NA,NA,NA,NA,NA,NA,NA
66.0,United Kingdom of Great Britain and Northern Ireland,2000,Male,CAH17-01	Business and management,25,17/10/22 - 23/10/22,0.0,0.19389,0.0,0.0,0.0,0.0,0.0,00:11:38,02:13:55,3,3,0.0,0.0022216666666666665,0.0125,0.0,0.0,0.0,0,2,1,0,0,0,NA,2022-10-18 14:08:30.015000,2022-10-18 15:45:50.167000,NA,NA,NA,week_3,0.171945,2.0,2022-10-18 14:08:34.835000,0.0,0.0,NA,NA,NA,NA,NA,NA,NA,NA,NA,NA,NA,NA,NA,NA,NA,NA,NA,NA,NA,NA,NA,NA,NA
83.0,United Kingdom of Great Britain and Northern Ireland,1998,Male,CAH15-02	Economics,26,17/10/22 - 23/10/22,0.0,2.1552783333333334,0.0,0.0,2.32,0.0,0.0,04:28:31,02:13:55,3,5,0.0,0.0025,0.0,0.0,0.0,0.0,0,4,0,0,0,0,NA,2022-10-18 14:02:44.866000,NA,NA,NA,NA,week_3,2.4916666666666667,3.0,2022-10-18 14:02:46.814000,0.0013883333333333332,1.0,2022-10-21 12:03:30.397000,NA,NA,NA,NA,NA,NA,NA,NA,NA,NA,NA,NA,NA,NA,NA,NA,NA,NA,NA,NA,NA,NA
71.0,Switzerland,1996,Female,CAH17-01	Business and management,27,17/10/22 - 23/10/22,0.0,0.0,0.0,0.0,0.0,0.0,0.0,00:00:00,02:21:13,0,0,0.0,0.0,0.0,0.0,0.0,0.0,0,0,0,0,0,0,NA,NA,NA,NA,NA,NA,week_3,0.0,0.0,NA,0.0,0.0,NA,NA,NA,NA,NA,NA,NA,NA,NA,NA,NA,NA,NA,NA,NA,NA,NA,NA,NA,NA,NA,NA,NA
82.0,United Kingdom of Great Britain and Northern Ireland,1995,Non-binary / third gender,"CAH15-01	Sociology, social policy and anthropology",28,17/10/22 - 23/10/22,0.0,4.765,0.0,0.0,0.0,0.0,0.0,04:45:54,02:13:55,3,3,0.0,0.0027783333333333336,0.6527783333333333,0.0,0.0,0.0,0,7,1,0,0,0,NA,2022-10-18 11:33:05.900000,2022-10-18 14:50:06.524000,NA,NA,NA,week_3,0.7061116666666667,7.0,2022-10-18 11:33:07.512000,0.0,0.0,NA,NA,NA,NA,NA,NA,NA,NA,NA,NA,NA,NA,NA,NA,NA,NA,NA,NA,NA,NA,NA,NA,NA
81.0,United Kingdom of Great Britain and Northern Ireland,1998,Male,CAH11-01	Computing,29,17/10/22 - 23/10/22,0.0,3.8511116666666667,0.0,0.0011116666666666666,0.0,0.0,0.0,03:51:08,02:13:55,3,3,0.0,0.005555000000000001,0.0,0.0,0.0,1.4066666666666667,0,8,0,0,0,2,NA,2022-10-18 11:12:10.892000,NA,NA,NA,2022-10-18 11:12:18.337000,week_3,0.6877783333333334,6.0,2022-10-18 11:12:14.386000,0.0,0.0,NA,NA,NA,NA,NA,NA,NA,NA,NA,NA,NA,NA,NA,NA,NA,NA,NA,NA,NA,NA,NA,NA,NA
71.0,Spain,1983,Male,CAH10-01	Engineering,30,17/10/22 - 23/10/22,0.31333333333333335,1.2130566666666667,0.0,0.04083333333333334,0.0,0.010278333333333334,3.5522216666666666,05:07:47,02:13:55,9,16,0.0,0.008055,0.006666666666666667,0.0005566666666666667,0.0,0.0,0,7,3,3,0,0,NA,2022-10-18 10:08:20.592000,2022-10-18 10:08:19.729000,2022-10-20 16:39:45.878000,NA,NA,week_3,0.001945,1.0,2022-10-18 10:08:46.818000,0.9838883333333334,6.0,2022-10-20 16:39:10.937000,NA,NA,NA,NA,NA,NA,NA,NA,NA,NA,NA,NA,NA,NA,NA,NA,NA,NA,NA,NA,NA,NA
63.0,India,1998,Male,CAH11-01	Computing,31,17/10/22 - 23/10/22,0.0,1.0202766666666667,0.0,0.0,0.0,0.0,0.0,01:01:13,02:13:55,3,3,0.0,0.0022216666666666665,0.0025,0.0,0.0,0.0,0,2,2,0,0,0,NA,2022-10-18 14:45:31.724000,2022-10-18 14:45:28.851000,NA,NA,NA,week_3,0.004166666666666667,1.0,2022-10-18 14:45:37.948000,0.0,0.0,NA,NA,NA,NA,NA,NA,NA,NA,NA,NA,NA,NA,NA,NA,NA,NA,NA,NA,NA,NA,NA,NA,NA
54.0,Nigeria,1979,Female,CAH17-01	Business and management,32,17/10/22 - 23/10/22,0.0,0.0,0.0,0.0,0.0,0.0,0.0,00:00:00,02:13:55,0,0,0.0,0.0,0.0,0.0,0.0,0.0,0,0,0,0,0,0,NA,NA,NA,NA,NA,NA,week_3,0.0,0.0,NA,0.0,0.0,NA,NA,NA,NA,NA,NA,NA,NA,NA,NA,NA,NA,NA,NA,NA,NA,NA,NA,NA,NA,NA,NA,NA
62.0,Nigeria,1970,Prefer to self-describe,CAH17-01	Business and management,33,17/10/22 - 23/10/22,0.0,1.3733333333333335,0.0,0.0,0.0,0.0,0.0,01:22:24,02:13:55,3,3,0.0,0.001945,0.0,0.0,0.0,0.17833333333333332,0,1,0,0,0,1,NA,2022-10-18 15:59:57.005000,NA,NA,NA,2022-10-18 16:00:03.741000,week_3,0.0,0.0,NA,0.0,0.0,NA,NA,NA,NA,NA,NA,NA,NA,NA,NA,NA,NA,NA,NA,NA,NA,NA,NA,NA,NA,NA,NA,NA
60.0,Sri Lanka,1992,Female,CAH17-01	Business and management,34,17/10/22 - 23/10/22,0.0,0.0,0.0,0.0,0.0,0.0,0.0,00:00:00,02:13:55,0,0,0.0,0.0,0.0,0.0,0.0,0.0,0,0,0,0,0,0,NA,NA,NA,NA,NA,NA,week_3,0.0,0.0,NA,0.0,0.0,NA,NA,NA,NA,NA,NA,NA,NA,NA,NA,NA,NA,NA,NA,NA,NA,NA,NA,NA,NA,NA,NA,NA
62.0,Nigeria,1999,Male,CAH11-01	Computing,35,17/10/22 - 23/10/22,0.0,3.7216666666666667,0.0,0.0,0.0,0.0,0.0,03:43:18,02:13:55,2,2,0.0,0.0008333333333333334,0.0,0.0,0.0,0.0,0,1,0,0,0,0,NA,2022-10-18 15:48:56.679000,NA,NA,NA,NA,week_3,0.2761116666666667,1.0,2022-10-18 15:49:00.085000,0.0,0.0,NA,NA,NA,NA,NA,NA,NA,NA,NA,NA,NA,NA,NA,NA,NA,NA,NA,NA,NA,NA,NA,NA,NA
62.0,Nigeria,1987,Female,"CAH07-04	General, applied and forensic sciences",36,17/10/22 - 23/10/22,0.0,1.285,0.0063883333333333335,0.028888333333333335,0.03944333333333334,0.0,0.0,01:21:34,02:13:55,3,4,0.0,0.22888833333333336,0.0,0.0,0.0,0.011945,0,3,0,0,0,1,NA,2022-10-18 14:12:36.097000,NA,NA,NA,2022-10-18 14:26:08.430000,week_3,1.0027783333333333,1.0,2022-10-18 14:26:53.774000,0.0,0.0,NA,NA,NA,NA,NA,NA,NA,NA,NA,NA,NA,NA,NA,NA,NA,NA,NA,NA,NA,NA,NA,NA,NA
67.0,Sri Lanka,1981,Male,CAH17-01	Business and management,37,17/10/22 - 23/10/22,0.0,0.04777833333333334,0.0,0.0,0.0,0.0,0.0,00:02:52,02:13:55,0,0,0.0,0.0,0.0,0.0,0.0,0.0,0,0,0,0,0,0,NA,NA,NA,NA,NA,NA,week_3,0.0,0.0,NA,0.0,0.0,NA,NA,NA,NA,NA,NA,NA,NA,NA,NA,NA,NA,NA,NA,NA,NA,NA,NA,NA,NA,NA,NA,NA
65.0,Pakistan,1993,Male,CAH11-01	Computing,38,17/10/22 - 23/10/22,0.0,2.1436116666666667,0.0,0.0,0.0,0.0,0.0,02:08:37,02:13:55,0,0,0.0,0.0,0.0,0.0,0.0,0.0,0,0,0,0,0,0,NA,NA,NA,NA,NA,NA,week_3,0.0,0.0,NA,0.0,0.0,NA,NA,NA,NA,NA,NA,NA,NA,NA,NA,NA,NA,NA,NA,NA,NA,NA,NA,NA,NA,NA,NA,NA
62.0,Pakistan,1991,Female,CAH11-01	Computing,39,17/10/22 - 23/10/22,0.0027783333333333336,2.971111666666667,0.0,0.0,0.0,0.0,0.0,02:58:26,02:13:55,3,4,0.0,0.006666666666666667,0.0,0.0,0.0,0.0,0,4,0,0,0,1,NA,2022-10-17 12:36:11.547000,NA,NA,NA,2022-10-17 12:36:14.635000,week_3,1.4636116666666668,3.0,2022-10-18 14:11:33.824000,0.0,0.0,NA,NA,NA,NA,NA,NA,NA,NA,NA,NA,NA,NA,NA,NA,NA,NA,NA,NA,NA,NA,NA,NA,NA
63.0,Sri Lanka,1996,Male,CAH17-01	Business and management,40,17/10/22 - 23/10/22,0.0,1.1561116666666669,0.0,0.0,0.0,0.0,0.0,01:09:22,02:13:55,4,5,0.0,0.165555,0.0,0.0,0.0,0.0,0,2,0,0,0,0,NA,2022-10-18 15:32:03.099000,NA,NA,NA,NA,week_3,0.07388833333333333,2.0,2022-10-18 15:41:53.764000,0.0,0.0,NA,NA,NA,NA,NA,NA,NA,NA,NA,NA,NA,NA,NA,NA,NA,NA,NA,NA,NA,NA,NA,NA,NA
60.0,India,1992,Male,CAH15-02	Economics,41,17/10/22 - 23/10/22,0.0,1.5316666666666667,0.0,0.0,0.0,0.0,0.035833333333333335,01:34:03,02:13:55,6,7,0.0,0.004166666666666667,0.0025,0.001945,0.0,0.0,0,5,1,1,0,1,NA,2022-10-18 14:06:56.925000,2022-10-18 15:36:48.727000,2022-10-23 21:56:04.631000,NA,2022-10-18 15:37:23.552000,week_3,1.501945,3.0,2022-10-18 14:07:00.458000,0.021945,2.0,2022-10-23 21:54:45.932000,NA,NA,NA,NA,NA,NA,NA,NA,NA,NA,NA,NA,NA,NA,NA,NA,NA,NA,NA,NA,NA,NA
83.0,United Kingdom of Great Britain and Northern Ireland,1975,Female,CAH07-01	Physics and astronomy,42,17/10/22 - 23/10/22,0.025,1.7772216666666665,0.0,0.0,0.0,0.026388333333333337,0.0,01:49:43,02:13:55,4,9,0.0,0.0036100000000000004,0.0,0.00027833333333333334,0.0,0.0,0,4,0,1,0,0,NA,2022-10-17 17:50:20.351000,NA,2022-10-22 23:41:40.413000,NA,NA,week_3,1.6569450000000001,3.0,2022-10-17 17:50:24.187000,0.021666666666666667,2.0,2022-10-22 23:40:22.491000,NA,NA,NA,NA,NA,NA,NA,NA,NA,NA,NA,NA,NA,NA,NA,NA,NA,NA,NA,NA,NA,NA
62.0,Sri Lanka,1990,Female,CAH17-01	Business and management,43,17/10/22 - 23/10/22,0.0,1.6322216666666665,0.0,0.0,0.0,0.0,0.0,01:37:56,02:13:55,2,2,0.0,0.0013883333333333332,0.0,0.0,0.0,0.0,0,2,0,0,0,0,NA,2022-10-18 14:06:39.407000,NA,NA,NA,NA,week_3,1.5241666666666667,2.0,2022-10-18 14:06:41.304000,0.0,0.0,NA,NA,NA,NA,NA,NA,NA,NA,NA,NA,NA,NA,NA,NA,NA,NA,NA,NA,NA,NA,NA,NA,NA
76.0,Malaysia,1993,Male,CAH17-01	Business and management,44,17/10/22 - 23/10/22,0.0,0.04888833333333333,0.0,0.0,0.0,0.0,0.007221666666666667,00:03:22,02:13:55,7,12,0.0,0.0036116666666666667,0.0,0.0008333333333333334,0.0,0.0,0,6,0,1,0,1,NA,2022-10-18 11:52:42.951000,NA,2022-10-23 20:15:10.824000,NA,2022-10-18 11:52:46.030000,week_3,0.0175,2.0,2022-10-18 15:49:27.936000,0.0013883333333333332,2.0,2022-10-23 20:15:16.562000,NA,NA,NA,NA,NA,NA,NA,NA,NA,NA,NA,NA,NA,NA,NA,NA,NA,NA,NA,NA,NA,NA
67.0,Thailand,1993,Male,CAH10-01	Engineering,45,17/10/22 - 23/10/22,0.010555,0.0,0.0,0.020278333333333332,0.0,0.0,0.0,00:01:51,02:13:55,0,0,0.0,0.0,0.0,0.0,0.0,0.0,0,0,0,0,0,0,NA,NA,NA,NA,NA,NA,week_3,0.0,0.0,NA,0.0,0.0,NA,NA,NA,NA,NA,NA,NA,NA,NA,NA,NA,NA,NA,NA,NA,NA,NA,NA,NA,NA,NA,NA,NA
65.0,India,1994,Male,CAH17-01	Business and management,46,17/10/22 - 23/10/22,0.0,4.082221666666666,0.0,0.0,0.0,0.0,0.0,04:04:56,02:13:55,2,2,0.0,0.0008333333333333334,0.0,0.0,0.0,0.0,0,1,0,0,0,0,NA,2022-10-18 11:40:49.257000,NA,NA,NA,NA,week_3,0.7436116666666667,1.0,2022-10-18 14:42:27.307000,0.0,0.0,NA,NA,NA,NA,NA,NA,NA,NA,NA,NA,NA,NA,NA,NA,NA,NA,NA,NA,NA,NA,NA,NA,NA
66.0,United Kingdom of Great Britain and Northern Ireland,1997,Female,"CAH26-01 Geography, earth and environmental studies",47,17/10/22 - 23/10/22,1.6816666666666669,1.3108333333333335,0.0,0.0,0.0,0.0,0.0,02:59:33,02:13:55,3,5,0.0,0.015554999999999998,0.000555,0.0,0.0,0.0,0,8,1,0,0,0,NA,2022-10-17 12:48:47.962000,2022-10-18 15:29:54.844000,NA,NA,NA,week_3,0.8852783333333334,4.0,2022-10-17 12:48:49.798000,0.0,0.0,NA,NA,NA,NA,NA,NA,NA,NA,NA,NA,NA,NA,NA,NA,NA,NA,NA,NA,NA,NA,NA,NA,NA
60.0,Malaysia,1992,Male,CAH25-01	Creative arts and design,48,17/10/22 - 23/10/22,0.0,3.993888333333333,0.0,0.0,0.0,0.0,0.0,03:59:38,02:13:55,4,4,0.0,1.1241666666666668,0.000555,0.0,0.0,1.600555,0,8,1,0,0,2,NA,2022-10-18 11:40:52.996000,2022-10-18 13:10:56.873000,NA,NA,2022-10-18 11:40:59.336000,week_3,0.33111166666666664,3.0,2022-10-18 12:18:38.772000,0.0,0.0,NA,NA,NA,NA,NA,NA,NA,NA,NA,NA,NA,NA,NA,NA,NA,NA,NA,NA,NA,NA,NA,NA,NA
68.0,Nigeria,1984,Female,CAH11-01	Computing,49,17/10/22 - 23/10/22,0.0,1.6561116666666669,0.0,0.0,0.0,0.0,0.0,01:39:22,02:13:55,0,0,0.0,0.0,0.0,0.0,0.0,0.0,0,0,0,0,0,0,NA,NA,NA,NA,NA,NA,week_3,0.0,0.0,NA,0.0,0.0,NA,NA,NA,NA,NA,NA,NA,NA,NA,NA,NA,NA,NA,NA,NA,NA,NA,NA,NA,NA,NA,NA,NA
57.0,Nigeria,1992,Male,CAH11-01	Computing,50,17/10/22 - 23/10/22,0.056666666666666664,4.121111666666667,0.013611666666666668,0.0,0.0,0.0,0.3897216666666667,04:34:52,02:13:55,6,10,0.0,0.006944999999999999,0.003055,0.0025,0.0,0.8363883333333334,0,6,2,1,0,3,NA,2022-10-17 21:35:49.710000,2022-10-17 21:38:57.383000,2022-10-23 22:43:03.665000,NA,2022-10-17 21:35:54.268000,week_3,0.023611666666666663,2.0,2022-10-17 21:37:36.121000,0.023611666666666663,3.0,2022-10-23 22:41:38.431000,NA,NA,NA,NA,NA,NA,NA,NA,NA,NA,NA,NA,NA,NA,NA,NA,NA,NA,NA,NA,NA,NA
67.0,Nigeria,1998,Female,CAH16-01	Law,51,17/10/22 - 23/10/22,0.0,1.6372216666666666,0.0,0.06416666666666666,0.0,0.0,0.0,01:42:05,02:13:55,0,0,0.0,0.0,0.0,0.0,0.0,0.0,0,0,0,0,0,0,NA,NA,NA,NA,NA,NA,week_3,0.0,0.0,NA,0.0,0.0,NA,NA,NA,NA,NA,NA,NA,NA,NA,NA,NA,NA,NA,NA,NA,NA,NA,NA,NA,NA,NA,NA,NA
62.0,Nigeria,1991,Female,CAH10-03	Materials and technology,52,17/10/22 - 23/10/22,0.060000000000000005,2.9627783333333335,0.0,0.0,0.0,0.01638833333333333,0.0,03:02:21,02:13:55,4,5,0.0,0.004166666666666667,0.0,0.0,0.0,0.0,0,4,0,0,0,0,NA,2022-10-18 14:13:10.158000,NA,NA,NA,NA,week_3,1.625,3.0,2022-10-18 14:13:13.849000,0.007778333333333333,1.0,2022-10-22 21:13:29.514000,NA,NA,NA,NA,NA,NA,NA,NA,NA,NA,NA,NA,NA,NA,NA,NA,NA,NA,NA,NA,NA,NA
67.0,Nigeria,2001,Female,CAH09-01	Mathematical sciences,53,17/10/22 - 23/10/22,0.0,4.453611666666666,0.5850000000000001,0.12361166666666668,0.008333333333333333,0.0,0.0,05:10:14,02:13:55,5,14,0.0,0.0063883333333333335,0.013888333333333332,0.0,0.0,0.0,0,6,1,1,0,0,NA,2022-10-18 14:15:45.640000,2022-10-19 22:43:55.244000,2022-10-20 23:24:37.220000,NA,NA,week_3,1.3416666666666666,3.0,2022-10-18 14:15:47.380000,0.090555,4.0,2022-10-20 23:20:34.808000,NA,NA,NA,NA,NA,NA,NA,NA,NA,NA,NA,NA,NA,NA,NA,NA,NA,NA,NA,NA,NA,NA
68.0,Nigeria,1979,Female,CAH11-01	Computing,54,17/10/22 - 23/10/22,0.8166666666666667,1.8622216666666667,0.0,0.006944999999999999,0.0,0.0,0.0,02:41:09,02:13:55,3,5,0.0,0.005555000000000001,0.0,0.0,0.0,0.5877783333333333,0,6,0,0,0,2,NA,2022-10-17 09:25:58.260000,NA,NA,NA,2022-10-17 09:39:17.017000,week_3,0.25861,3.0,2022-10-17 09:26:06.603000,0.0,0.0,NA,NA,NA,NA,NA,NA,NA,NA,NA,NA,NA,NA,NA,NA,NA,NA,NA,NA,NA,NA,NA,NA,NA
66.0,Nigeria,1986,Female,CAH10-03	Materials and technology,55,17/10/22 - 23/10/22,0.0,1.1072216666666668,0.0,0.0,0.0,0.0,0.0,01:06:26,02:13:55,2,2,0.0,0.0022216666666666665,0.0,0.0,0.0,0.0,0,1,0,0,0,0,NA,2022-10-18 15:50:38.432000,NA,NA,NA,NA,week_3,0.0,1.0,2022-10-18 15:50:46.693000,0.0,0.0,NA,NA,NA,NA,NA,NA,NA,NA,NA,NA,NA,NA,NA,NA,NA,NA,NA,NA,NA,NA,NA,NA,NA
70.0,Nigeria,1986,Female,CAH11-01	Computing,56,17/10/22 - 23/10/22,0.0,2.5872216666666663,0.040555,0.0,0.0,0.0,0.0,02:37:40,02:13:55,3,3,0.0,0.0008333333333333334,0.0,0.0016666666666666668,0.0,0.0,0,1,0,1,0,0,NA,2022-10-18 14:53:13.515000,NA,2022-10-19 15:46:14.720000,NA,NA,week_3,0.0033333333333333335,1.0,2022-10-18 14:53:16.209000,0.0,0.0,NA,NA,NA,NA,NA,NA,NA,NA,NA,NA,NA,NA,NA,NA,NA,NA,NA,NA,NA,NA,NA,NA,NA
55.0,Nigeria,1990,Female,CAH17-01	Business and management,57,17/10/22 - 23/10/22,0.0,0.3722216666666667,0.026388333333333337,0.0,0.0,0.0,0.0,00:23:55,02:13:55,1,1,0.0,0.0027783333333333336,0.0,0.0,0.0,0.0,0,1,0,0,0,0,NA,2022-10-18 16:09:59.283000,NA,NA,NA,NA,week_3,0.0,0.0,NA,0.0,0.0,NA,NA,NA,NA,NA,NA,NA,NA,NA,NA,NA,NA,NA,NA,NA,NA,NA,NA,NA,NA,NA,NA,NA
66.0,Nigeria,1992,Male,CAH03-01	Biosciences,58,17/10/22 - 23/10/22,0.0,3.3830549999999997,0.0,0.02666666666666667,0.0,0.0,0.0,03:24:35,02:13:55,5,6,0.0,0.0025,0.0,0.0,0.0,2.2511116666666666,0,3,0,0,0,1,NA,2022-10-18 12:24:01.508000,NA,NA,NA,2022-10-18 12:25:24.994000,week_3,0.0175,1.0,2022-10-18 12:24:07.478000,0.022500000000000003,1.0,2022-10-20 20:56:10.245000,NA,NA,NA,NA,NA,NA,NA,NA,NA,NA,NA,NA,NA,NA,NA,NA,NA,NA,NA,NA,NA,NA
54.0,Sri Lanka,1991,Male,CAH10-01	Engineering,59,17/10/22 - 23/10/22,0.01638833333333333,3.134445,0.0,0.0,0.0,0.0,0.0,03:09:03,02:13:55,2,4,0.0,0.0033333333333333335,0.0,0.0,0.0,0.0,0,3,0,0,0,0,NA,2022-10-17 22:13:20.932000,NA,NA,NA,2022-10-17 22:13:24.896000,week_3,2.8241666666666663,3.0,NA,0.0,0.0,NA,NA,NA,NA,NA,NA,NA,NA,NA,NA,NA,NA,NA,NA,NA,NA,NA,NA,NA,NA,NA,NA,NA
59.0,Viet Nam,1997,Female,CAH17-01	Business and management,60,17/10/22 - 23/10/22,0.075,2.819166666666667,0.36805666666666664,3.135,0.018333333333333333,4.570555,0.14833333333333334,11:08:04,02:13:55,7,19,0.0,0.05722333333333333,0.0011116666666666666,0.00389,0.0,0.0,0,17,2,2,0,0,NA,2022-10-17 03:47:44.655000,2022-10-17 03:50:52.053000,2022-10-21 08:48:18.065000,NA,NA,week_3,1.393611666666667,3.0,2022-10-18 14:07:47.704000,1.3297216666666667,6.0,2022-10-21 08:48:12.297000,NA,NA,NA,NA,NA,NA,NA,NA,NA,NA,NA,NA,NA,NA,NA,NA,NA,NA,NA,NA,NA,NA
60.0,India,1993,Female,CAH10-01	Engineering,61,17/10/22 - 23/10/22,0.15944499999999998,1.8572216666666665,0.0,0.0,0.0,0.0,0.0,02:01:00,02:13:55,3,7,0.0,0.008611666666666665,0.0,0.004723333333333334,0.0,0.0,0,5,0,2,0,0,NA,2022-10-17 11:49:43.590000,NA,2022-10-18 12:05:16.737000,NA,NA,week_3,1.5975,3.0,2022-10-17 11:49:47.705000,0.0,0.0,NA,NA,NA,NA,NA,NA,NA,NA,NA,NA,NA,NA,NA,NA,NA,NA,NA,NA,NA,NA,NA,NA,NA
60.0,Turkey,1996,Male,CAH17-01	Business and management,62,17/10/22 - 23/10/22,0.03138833333333333,0.0,0.0,0.031111666666666666,0.0,0.0,1.6844450000000002,01:44:49,02:13:55,6,6,0.0,0.0013883333333333332,0.0,0.001945,0.0,0.0,0,2,0,1,0,0,NA,2022-10-23 14:17:43.068000,NA,2022-10-23 14:39:10.785000,NA,NA,week_3,0.043054999999999996,1.0,2022-10-23 14:17:46.196000,1.4677783333333336,2.0,2022-10-23 14:29:03.054000,NA,NA,NA,NA,NA,NA,NA,NA,NA,NA,NA,NA,NA,NA,NA,NA,NA,NA,NA,NA,NA,NA
78.0,United Kingdom of Great Britain and Northern Ireland,1998,Female,CAH17-01	Business and management,63,17/10/22 - 23/10/22,0.0013883333333333332,2.9425000000000003,0.0,0.0275,0.0,0.0,0.0,02:58:17,02:13:55,1,1,0.0,0.0,0.000555,0.0,0.0,0.0,0,0,1,0,0,0,NA,NA,2022-10-18 14:07:13.954000,NA,NA,NA,week_3,0.0,0.0,NA,0.0,0.0,NA,NA,NA,NA,NA,NA,NA,NA,NA,NA,NA,NA,NA,NA,NA,NA,NA,NA,NA,NA,NA,NA,NA
61.0,Iran,1989,Female,CAH15-04	Health and social care,64,17/10/22 - 23/10/22,1.9511116666666668,1.7608333333333335,0.0,0.0,0.0,0.0,0.0,03:42:43,02:13:55,3,3,0.0,0.0036116666666666667,0.0,0.0,0.0,0.0013883333333333332,0,3,0,0,0,1,NA,2022-10-18 14:03:48.928000,NA,NA,NA,2022-10-18 14:03:59.353000,week_3,1.6900000000000002,2.0,2022-10-18 14:04:05.566000,0.0,0.0,NA,NA,NA,NA,NA,NA,NA,NA,NA,NA,NA,NA,NA,NA,NA,NA,NA,NA,NA,NA,NA,NA,NA
55.0,Hong Kong (S.A.R.),2000,Male,"CAH13-01	Architecture, building and planning",65,17/10/22 - 23/10/22,0.0,0.0,0.0,0.0,0.0,0.0,0.0,00:00:00,02:13:55,0,0,0.0,0.0,0.0,0.0,0.0,0.0,0,0,0,0,0,0,NA,NA,NA,NA,NA,NA,week_3,0.0,0.0,NA,0.0,0.0,NA,NA,NA,NA,NA,NA,NA,NA,NA,NA,NA,NA,NA,NA,NA,NA,NA,NA,NA,NA,NA,NA,NA
60.0,Hong Kong (S.A.R.),1995,Female,"CAH15-01	Sociology, social policy and anthropology",66,17/10/22 - 23/10/22,0.0,1.4930549999999998,0.0,0.0,0.0,0.006666666666666667,0.0,01:29:59,02:13:55,3,3,0.0,0.001945,0.0,0.0,0.0,0.0,0,4,0,0,0,0,NA,2022-10-18 14:15:38.079000,NA,NA,NA,NA,week_3,0.4708333333333333,3.0,2022-10-18 14:15:39.714000,0.0,0.0,NA,NA,NA,NA,NA,NA,NA,NA,NA,NA,NA,NA,NA,NA,NA,NA,NA,NA,NA,NA,NA,NA,NA
58.0,India,1987,Female,CAH17-01	Business and management,67,17/10/22 - 23/10/22,0.06416666666666666,4.338888333333333,0.09888833333333333,0.0,0.0,0.0,0.0,04:30:07,02:13:55,4,10,0.0,0.004445,0.0,0.0,0.0,0.0,0,4,0,0,0,0,NA,2022-10-17 09:04:42.413000,NA,NA,NA,NA,week_3,0.07861166666666668,4.0,2022-10-17 09:04:48.493000,0.0,0.0,NA,NA,NA,NA,NA,NA,NA,NA,NA,NA,NA,NA,NA,NA,NA,NA,NA,NA,NA,NA,NA,NA,NA
70.0,Myanmar,1996,Female,CAH11-01	Computing,68,17/10/22 - 23/10/22,0.4961116666666667,1.748055,0.0,0.006111666666666666,0.0,0.0,0.0,02:15:01,02:13:55,3,4,0.0,0.005556666666666667,0.0,0.0,0.0,0.48111166666666666,0,5,0,0,0,3,NA,2022-10-17 16:08:00.446000,NA,NA,NA,2022-10-17 16:08:02.141000,week_3,1.5063883333333332,2.0,2022-10-18 14:06:14.957000,0.0,0.0,NA,NA,NA,NA,NA,NA,NA,NA,NA,NA,NA,NA,NA,NA,NA,NA,NA,NA,NA,NA,NA,NA,NA
64.0,United Kingdom of Great Britain and Northern Ireland,1992,Male,CAH10-01	Engineering,69,17/10/22 - 23/10/22,0.0,0.0047216666666666665,0.0,0.0,0.0,0.0,0.0,00:00:17,02:13:55,2,2,0.0,0.0008333333333333334,0.0,0.0,0.0,0.0,0,1,0,0,0,0,NA,2022-10-18 13:51:58.233000,NA,NA,NA,NA,week_3,0.0,1.0,2022-10-18 13:52:01.492000,0.0,0.0,NA,NA,NA,NA,NA,NA,NA,NA,NA,NA,NA,NA,NA,NA,NA,NA,NA,NA,NA,NA,NA,NA,NA
65.0,Nigeria,1995,Male,CAH15-02	Economics,70,17/10/22 - 23/10/22,0.0,1.8597216666666665,0.0,0.0,0.0,0.0,0.0,01:51:35,02:13:55,2,2,0.0,0.0025,0.0,0.0,0.0,0.0,0,4,0,0,0,0,NA,2022-10-18 14:13:06.397000,NA,NA,NA,NA,week_3,1.5436116666666668,3.0,2022-10-18 14:13:08.083000,0.0,0.0,NA,NA,NA,NA,NA,NA,NA,NA,NA,NA,NA,NA,NA,NA,NA,NA,NA,NA,NA,NA,NA,NA,NA
64.0,Viet Nam,1998,Male,CAH15-02	Economics,71,17/10/22 - 23/10/22,0.03222166666666667,1.59,0.0,0.0,0.0,0.0,0.0,01:37:20,02:13:55,4,6,0.0,0.0022233333333333332,0.0,0.0,0.0,0.0,0,5,0,0,0,1,NA,2022-10-17 14:33:46.676000,NA,NA,NA,2022-10-17 14:34:00.122000,week_3,1.5375,4.0,2022-10-17 14:33:50.152000,0.0,0.0,NA,NA,NA,NA,NA,NA,NA,NA,NA,NA,NA,NA,NA,NA,NA,NA,NA,NA,NA,NA,NA,NA,NA
69.0,India,1984,Male,"CAH06-01	Agriculture, food and related studies",72,17/10/22 - 23/10/22,0.7941666666666667,0.049445,0.0,0.07416666666666667,0.0,0.0,0.0,00:55:04,02:13:55,6,9,0.0,0.009445000000000002,0.0,0.00027833333333333334,0.0,0.0,0,5,0,1,0,0,NA,2022-10-17 20:40:17.300000,NA,2022-10-20 23:35:05.808000,NA,NA,week_3,0.056945,3.0,2022-10-17 20:40:19.717000,0.0375,2.0,2022-10-20 23:34:56.236000,NA,NA,NA,NA,NA,NA,NA,NA,NA,NA,NA,NA,NA,NA,NA,NA,NA,NA,NA,NA,NA,NA
64.0,India,1997,Female,CAH10-01	Engineering,73,17/10/22 - 23/10/22,0.0,0.0,1.8555549999999998,0.0,0.0,0.0,0.0,01:51:20,02:13:55,0,0,0.0,0.0,0.0,0.0,0.0,0.0,0,0,0,0,0,0,NA,NA,NA,NA,NA,NA,week_3,0.0,0.0,NA,0.0,0.0,NA,NA,NA,NA,NA,NA,NA,NA,NA,NA,NA,NA,NA,NA,NA,NA,NA,NA,NA,NA,NA,NA,NA
63.0,Sri Lanka,1986,Female,CAH17-01	Business and management,74,17/10/22 - 23/10/22,1.669445,1.7622216666666666,0.0,0.0,0.0,0.0,0.001945,03:26:01,02:13:55,3,5,0.0,1.28639,0.0,0.0,0.0,0.37861000000000006,0,5,0,0,0,2,NA,2022-10-17 10:01:40.576000,NA,NA,NA,2022-10-17 11:18:32.584000,week_3,1.5094450000000001,3.0,2022-10-18 14:08:36.292000,0.0,0.0,NA,NA,NA,NA,NA,NA,NA,NA,NA,NA,NA,NA,NA,NA,NA,NA,NA,NA,NA,NA,NA,NA,NA
62.0,Sri Lanka,1980,Male,CAH17-01	Business and management,75,17/10/22 - 23/10/22,0.0725,4.348609999999999,0.0,0.029445,0.0,0.0,0.0,04:27:02,02:13:55,4,9,0.0,0.005278333333333333,0.0,0.0,0.0,0.065,0,5,0,0,0,2,NA,2022-10-17 10:40:28.961000,NA,NA,NA,2022-10-17 10:40:31.689000,week_3,1.0838883333333333,3.0,2022-10-18 11:26:43.113000,0.0,0.0,NA,NA,NA,NA,NA,NA,NA,NA,NA,NA,NA,NA,NA,NA,NA,NA,NA,NA,NA,NA,NA,NA,NA
61.0,Poland,1996,Male,CAH02-05	Medical sciences,76,17/10/22 - 23/10/22,0.0,2.705,0.0,0.0,0.0,0.0,0.0,02:42:18,02:13:55,2,2,0.0,0.0008333333333333334,0.0,0.0,0.0,2.6947216666666667,0,1,0,0,0,1,NA,2022-10-18 14:28:34.909000,NA,NA,NA,2022-10-18 14:28:38.290000,week_3,0.0,0.0,NA,0.0,0.0,NA,NA,NA,NA,NA,NA,NA,NA,NA,NA,NA,NA,NA,NA,NA,NA,NA,NA,NA,NA,NA,NA,NA
77.0,Sri Lanka,1990,Male,CAH17-01	Business and management,77,17/10/22 - 23/10/22,0.0013883333333333332,2.146666666666667,0.0,0.0,0.0,0.0,0.0,02:08:53,02:13:55,3,5,0.0,0.001945,0.0,0.0,0.0,0.0,0,4,0,1,0,0,NA,2022-10-18 13:46:39.966000,NA,2022-10-18 14:03:31.003000,NA,NA,week_3,1.6347216666666666,3.0,2022-10-18 13:46:41.246000,0.0,0.0,NA,NA,NA,NA,NA,NA,NA,NA,NA,NA,NA,NA,NA,NA,NA,NA,NA,NA,NA,NA,NA,NA,NA
56.0,Pakistan,1992,Male,CAH10-01	Engineering,78,17/10/22 - 23/10/22,0.0,0.0,0.0047216666666666665,0.0,0.0,0.0,0.0,00:00:17,02:13:55,0,0,0.0,0.0,0.0,0.0,0.0,0.0,0,0,0,0,0,0,NA,NA,NA,NA,NA,NA,week_3,0.0,0.0,NA,0.0,0.0,NA,NA,NA,NA,NA,NA,NA,NA,NA,NA,NA,NA,NA,NA,NA,NA,NA,NA,NA,NA,NA,NA,NA
66.0,India,1994,Female,CAH15-02	Economics,79,17/10/22 - 23/10/22,0.016944999999999998,0.9991666666666668,0.0,0.0,0.0,0.0,0.0,01:00:58,02:13:55,4,7,0.0,0.004723333333333334,0.0,0.0,0.0,0.43833333333333335,0,4,0,0,0,2,NA,2022-10-18 08:24:26.489000,NA,NA,NA,2022-10-18 08:24:30.804000,week_3,0.0,1.0,2022-10-18 14:13:15.697000,0.0,0.0,NA,NA,NA,NA,NA,NA,NA,NA,NA,NA,NA,NA,NA,NA,NA,NA,NA,NA,NA,NA,NA,NA,NA
54.0,Nigeria,1988,Male,CAH10-01	Engineering,80,17/10/22 - 23/10/22,0.0,1.5944450000000001,0.0,0.0,0.0,0.0,0.0,01:35:40,02:13:55,0,0,0.0,0.0,0.0,0.0,0.0,0.0,0,0,0,0,0,0,NA,NA,NA,NA,NA,NA,week_3,0.0,0.0,NA,0.0,0.0,NA,NA,NA,NA,NA,NA,NA,NA,NA,NA,NA,NA,NA,NA,NA,NA,NA,NA,NA,NA,NA,NA,NA
73.0,India,1989,Female,CAH11-01	Computing,81,13/02/23 - 19/02/23,0.16916666666666666,0.0,0.0,0.0,0.021111666666666664,0.0,0.0033333333333333335,00:11:37,00:23:09,5,6,0.0,0.0027783333333333336,0.000555,0.0,0.0,0.004166666666666667,0,3,1,0,0,1,NA,2023-02-17 18:59:34.570000,2023-02-19 06:54:23.303000,NA,NA,2023-02-17 18:59:36.489000,week_3,0.0,1.0,2023-02-19 06:54:29.111000,0.0033333333333333335,1.0,2023-02-17 18:59:57.142000,NA,NA,NA,NA,NA,NA,NA,NA,NA,NA,NA,NA,NA,NA,NA,NA,NA,NA,NA,NA,NA,NA
63.6,Nigeria,1985,Female,CAH09-01	Mathematical sciences,82,13/02/23 - 19/02/23,0.2322216666666667,1.7327783333333333,0.16138833333333336,0.09444500000000002,0.0,0.0,0.0,02:13:15,00:23:09,2,8,0.0,0.03611,0.0,0.0,0.0,0.0,0,6,0,0,0,0,NA,2023-02-14 13:52:57.385000,NA,NA,NA,NA,week_3,1.6597216666666665,5.0,2023-02-14 13:54:01.669000,0.0,0.0,NA,NA,NA,NA,NA,NA,NA,NA,NA,NA,NA,NA,NA,NA,NA,NA,NA,NA,NA,NA,NA,NA,NA
65.2,Nigeria,1996,Female,CAH07-01	Physics and astronomy,83,13/02/23 - 19/02/23,0.0,0.0,0.0,0.0,0.0,0.0,0.0,00:00:00,00:23:09,0,0,0.0,0.0,0.0,0.0,0.0,0.0,0,0,0,0,0,0,NA,NA,NA,NA,NA,NA,week_3,0.0,0.0,NA,0.0,0.0,NA,NA,NA,NA,NA,NA,NA,NA,NA,NA,NA,NA,NA,NA,NA,NA,NA,NA,NA,NA,NA,NA,NA
69.0,India,1999,Male,CAH11-01	Computing,84,13/02/23 - 19/02/23,0.0,0.0,0.0,0.0,0.0,0.0,0.0,00:00:00,00:23:09,0,0,0.0,0.0,0.0,0.0,0.0,0.0,0,0,0,0,0,0,NA,NA,NA,NA,NA,NA,week_3,0.0,0.0,NA,0.0,0.0,NA,NA,NA,NA,NA,NA,NA,NA,NA,NA,NA,NA,NA,NA,NA,NA,NA,NA,NA,NA,NA,NA,NA
56.8,Nigeria,1993,Male,"CAH02-02	Pharmacology, toxicology and pharmacy",85,13/02/23 - 19/02/23,0.0,0.0,0.0,0.0,0.0,0.0,0.0,00:00:00,00:23:09,0,0,0.0,0.0,0.0,0.0,0.0,0.0,0,0,0,0,0,0,NA,NA,NA,NA,NA,NA,week_3,0.0,0.0,NA,0.0,0.0,NA,NA,NA,NA,NA,NA,NA,NA,NA,NA,NA,NA,NA,NA,NA,NA,NA,NA,NA,NA,NA,NA,NA
74.0,Cameroon,1997,Male,CAH10-03	Materials and technology,86,13/02/23 - 19/02/23,0.0,0.0,0.0,0.0,0.0,0.0,0.0,00:00:00,00:23:09,0,0,0.0,0.0,0.0,0.0,0.0,0.0,0,0,0,0,0,0,NA,NA,NA,NA,NA,NA,week_3,0.0,0.0,NA,0.0,0.0,NA,NA,NA,NA,NA,NA,NA,NA,NA,NA,NA,NA,NA,NA,NA,NA,NA,NA,NA,NA,NA,NA,NA
74.6,Egypt,1996,Male,CAH10-01	Engineering,87,13/02/23 - 19/02/23,0.0,0.0,0.0,0.0,0.0,0.0,0.0,00:00:00,00:23:09,0,0,0.0,0.0,0.0,0.0,0.0,0.0,0,0,0,0,0,0,NA,NA,NA,NA,NA,NA,week_3,0.0,0.0,NA,0.0,0.0,NA,NA,NA,NA,NA,NA,NA,NA,NA,NA,NA,NA,NA,NA,NA,NA,NA,NA,NA,NA,NA,NA,NA
62.6,Nigeria,1980,Male,CAH10-01	Engineering,88,13/02/23 - 19/02/23,0.04722166666666667,0.0,0.0,2.498055,0.03805499999999999,0.0,0.0,02:34:59,00:23:09,3,8,0.0,0.029721666666666667,0.0,0.0,0.0,0.5422233333333334,0,7,0,0,0,3,NA,2023-02-13 05:40:02.642000,NA,NA,NA,2023-02-13 05:40:38.354000,week_3,0.028888333333333335,3.0,2023-02-13 05:41:39.934000,0.0,0.0,NA,NA,NA,NA,NA,NA,NA,NA,NA,NA,NA,NA,NA,NA,NA,NA,NA,NA,NA,NA,NA,NA,NA
70.0,Thailand,1997,Male,CAH11-01	Computing,89,13/02/23 - 19/02/23,0.0,0.0,0.0,0.0,0.0,0.0,0.07888833333333332,00:04:44,00:23:09,1,1,0.0,0.010833333333333334,0.0,0.0,0.0,0.0,0,1,0,0,0,0,NA,2023-02-19 22:46:30.647000,NA,NA,NA,NA,week_3,0.0,0.0,NA,0.0,0.0,NA,NA,NA,NA,NA,NA,NA,NA,NA,NA,NA,NA,NA,NA,NA,NA,NA,NA,NA,NA,NA,NA,NA
68.2,Pakistan,1995,Male,CAH11-01	Computing,90,13/02/23 - 19/02/23,0.0,0.0,0.0,0.0,0.0,0.0,0.0,00:00:00,00:23:09,0,0,0.0,0.0,0.0,0.0,0.0,0.0,0,0,0,0,0,0,NA,NA,NA,NA,NA,NA,week_3,0.0,0.0,NA,0.0,0.0,NA,NA,NA,NA,NA,NA,NA,NA,NA,NA,NA,NA,NA,NA,NA,NA,NA,NA,NA,NA,NA,NA,NA
73.6,Sri Lanka,1994,Male,CAH17-01	Business and management,91,13/02/23 - 19/02/23,0.0,0.0,0.0,0.0,0.0,0.0,0.0,00:00:00,00:23:09,0,0,0.0,0.0,0.0,0.0,0.0,0.0,0,0,0,0,0,0,NA,NA,NA,NA,NA,NA,week_3,0.0,0.0,NA,0.0,0.0,NA,NA,NA,NA,NA,NA,NA,NA,NA,NA,NA,NA,NA,NA,NA,NA,NA,NA,NA,NA,NA,NA,NA
57.0,Nigeria,1992,Male,NA,92,13/02/23 - 19/02/23,0.005,0.0,0.011111666666666667,0.0,0.003055,0.0,0.0,00:01:09,00:23:09,3,7,0.0,0.0052766666666666665,0.0,0.0,0.0,0.0,0,4,0,0,0,0,NA,2023-02-13 14:51:01.071000,NA,NA,NA,NA,week_3,0.0,3.0,2023-02-13 14:51:03.336000,0.005278333333333333,1.0,2023-02-15 07:18:44.432000,NA,NA,NA,NA,NA,NA,NA,NA,NA,NA,NA,NA,NA,NA,NA,NA,NA,NA,NA,NA,NA,NA
66.4,Sri Lanka,1986,Male,CAH11-01	Computing,93,13/02/23 - 19/02/23,0.0,0.0,0.014166666666666666,0.0,0.0,0.0,0.0,00:00:51,00:23:09,5,5,0.0,0.0016666666666666668,0.0008333333333333334,0.0,0.005278333333333333,0.003888333333333333,0,3,1,0,1,1,NA,2023-02-15 19:51:22.906000,2023-02-15 19:51:48.832000,NA,2023-02-15 19:51:24.969000,2023-02-15 19:51:54.295000,week_3,0.0,1.0,2023-02-15 19:52:10.937000,0.0,0.0,NA,NA,NA,NA,NA,NA,NA,NA,NA,NA,NA,NA,NA,NA,NA,NA,NA,NA,NA,NA,NA,NA,NA
74.8,India,1984,Female,CAH10-01	Engineering,94,13/02/23 - 19/02/23,0.0,0.0,0.0,0.0,0.5377783333333334,1.3486116666666668,0.0,01:53:11,00:23:09,3,5,0.0,0.005,0.0,0.0,0.0,0.0,0,6,0,0,0,0,NA,2023-02-17 22:57:27.580000,NA,NA,NA,NA,week_3,1.1136116666666667,5.0,2023-02-17 22:57:30.813000,0.01,1.0,2023-02-17 23:08:55.704000,NA,NA,NA,NA,NA,NA,NA,NA,NA,NA,NA,NA,NA,NA,NA,NA,NA,NA,NA,NA,NA,NA
68.4,Nigeria,1980,Female,CAH03-01	Biosciences,95,13/02/23 - 19/02/23,0.05388833333333333,0.0,0.0,0.14333333333333334,2.4425000000000003,0.200555,2.250555,05:05:26,00:23:09,6,20,0.0,0.04,0.0016666666666666668,0.0,0.0,0.01583333333333333,0,11,1,0,0,1,NA,2023-02-13 19:10:54.840000,2023-02-16 02:15:27.410000,NA,NA,2023-02-19 06:53:19.974000,week_3,2.3711116666666667,8.0,2023-02-13 19:11:12.759000,0.04639,4.0,2023-02-17 01:49:42.461000,NA,NA,NA,NA,NA,NA,NA,NA,NA,NA,NA,NA,NA,NA,NA,NA,NA,NA,NA,NA,NA,NA
73.4,Sri Lanka,1998,Male,CAH11-01	Computing,96,13/02/23 - 19/02/23,0.004166666666666667,0.0,0.0,0.0,0.0,0.0,0.0,00:00:15,00:23:09,3,3,0.0,0.0013883333333333332,0.000555,0.0,0.0,0.0,0,1,1,0,0,0,NA,2023-02-13 09:04:33.668000,2023-02-13 09:04:32.166000,NA,NA,NA,week_3,0.0,1.0,2023-02-13 09:04:38.330000,0.0,0.0,NA,NA,NA,NA,NA,NA,NA,NA,NA,NA,NA,NA,NA,NA,NA,NA,NA,NA,NA,NA,NA,NA,NA
72.4,Bolivia,1998,Male,CAH10-01	Engineering,97,13/02/23 - 19/02/23,0.0,0.0,0.0,0.0,0.0,0.0,0.0,00:00:00,00:23:09,0,0,0.0,0.0,0.0,0.0,0.0,0.0,0,0,0,0,0,0,NA,NA,NA,NA,NA,NA,week_3,0.0,0.0,NA,0.0,0.0,NA,NA,NA,NA,NA,NA,NA,NA,NA,NA,NA,NA,NA,NA,NA,NA,NA,NA,NA,NA,NA,NA,NA
76.0,Spain,1994,Female,"CAH24-01	Media, journalism and communications",98,13/02/23 - 19/02/23,0.0,0.0,0.0,0.0,0.0,0.0,0.0,00:00:00,00:23:09,0,0,0.0,0.0,0.0,0.0,0.0,0.0,0,0,0,0,0,0,NA,NA,NA,NA,NA,NA,week_3,0.0,0.0,NA,0.0,0.0,NA,NA,NA,NA,NA,NA,NA,NA,NA,NA,NA,NA,NA,NA,NA,NA,NA,NA,NA,NA,NA,NA,NA
73.8,Turkey,1987,Male,CAH17-01	Business and management,99,13/02/23 - 19/02/23,0.0,0.0,0.0,0.0,0.0,0.0,0.0,00:00:00,00:23:09,0,0,0.0,0.0,0.0,0.0,0.0,0.0,0,0,0,0,0,0,NA,NA,NA,NA,NA,NA,week_3,0.0,0.0,NA,0.0,0.0,NA,NA,NA,NA,NA,NA,NA,NA,NA,NA,NA,NA,NA,NA,NA,NA,NA,NA,NA,NA,NA,NA,NA
76.4,Turkey,1990,Male,CAH15-02	Economics,100,13/02/23 - 19/02/23,0.0,0.0,0.0,0.06888833333333334,0.0,0.015554999999999998,0.0,00:05:04,00:23:09,3,4,0.0,0.0036116666666666667,0.0,0.0,0.0,0.0,0,2,0,0,0,0,NA,2023-02-16 13:45:38.022000,NA,NA,NA,NA,week_3,0.0525,1.0,2023-02-16 13:45:42.383000,0.007221666666666667,1.0,2023-02-18 20:27:20.308000,NA,NA,NA,NA,NA,NA,NA,NA,NA,NA,NA,NA,NA,NA,NA,NA,NA,NA,NA,NA,NA,NA
60.0,Nigeria,1999,Male,CAH10-01	Engineering,101,13/02/23 - 19/02/23,0.0,0.0,0.0,0.0,0.0,0.0,0.0,00:00:00,00:23:09,0,0,0.0,0.0,0.0,0.0,0.0,0.0,0,0,0,0,0,0,NA,NA,NA,NA,NA,NA,week_3,0.0,0.0,NA,0.0,0.0,NA,NA,NA,NA,NA,NA,NA,NA,NA,NA,NA,NA,NA,NA,NA,NA,NA,NA,NA,NA,NA,NA,NA
65.0,Nigeria,1995,Male,CAH07-01	Physics and astronomy,102,13/02/23 - 19/02/23,0.0,0.0,0.0,0.0,0.0,0.0,0.012223333333333333,00:00:44,00:23:09,4,6,0.0,0.0022216666666666665,0.000555,0.0,0.0,0.0022216666666666665,0,3,1,0,0,1,NA,2023-02-19 12:34:36.372000,2023-02-19 12:34:34.233000,NA,NA,2023-02-19 12:34:41.633000,week_3,0.0,2.0,2023-02-19 12:34:51.177000,0.0,0.0,NA,NA,NA,NA,NA,NA,NA,NA,NA,NA,NA,NA,NA,NA,NA,NA,NA,NA,NA,NA,NA,NA,NA
69.6,Nigeria,1997,Female,CAH07-02	Chemistry,103,13/02/23 - 19/02/23,0.28611166666666665,0.0,0.0,0.8133333333333332,0.0,0.0,0.0,01:05:58,00:23:09,3,6,0.0,0.0030566666666666663,0.0,0.0,0.0,0.0,0,3,0,0,0,0,NA,2023-02-13 14:49:42.041000,NA,NA,NA,NA,week_3,1.0519450000000001,3.0,2023-02-13 14:49:49.121000,0.0011116666666666666,1.0,2023-02-16 19:52:37.537000,NA,NA,NA,NA,NA,NA,NA,NA,NA,NA,NA,NA,NA,NA,NA,NA,NA,NA,NA,NA,NA,NA
62.8,Nigeria,1976,Male,CAH11-01	Computing,104,13/02/23 - 19/02/23,0.0,0.0,0.0,0.0,0.0,0.0,0.0,00:00:00,00:23:09,0,0,0.0,0.0,0.0,0.0,0.0,0.0,0,0,0,0,0,0,NA,NA,NA,NA,NA,NA,week_3,0.0,0.0,NA,0.0,0.0,NA,NA,NA,NA,NA,NA,NA,NA,NA,NA,NA,NA,NA,NA,NA,NA,NA,NA,NA,NA,NA,NA,NA
71.8,Sri Lanka,1977,Male,CAH09-01	Mathematical sciences,105,13/02/23 - 19/02/23,0.025555,0.0,0.0,0.0,0.0,0.0,0.0,00:01:32,00:23:09,0,0,0.0,0.0,0.0,0.0,0.0,0.0,0,0,0,0,0,0,NA,NA,NA,NA,NA,NA,week_3,0.0,0.0,NA,0.0,0.0,NA,NA,NA,NA,NA,NA,NA,NA,NA,NA,NA,NA,NA,NA,NA,NA,NA,NA,NA,NA,NA,NA,NA
66.0,Nigeria,1986,Female,CAH03-01	Biosciences,106,13/02/23 - 19/02/23,0.0,0.0,0.0,0.0,0.0,0.0,0.0,00:00:00,00:23:09,0,0,0.0,0.0,0.0,0.0,0.0,0.0,0,0,0,0,0,0,NA,NA,NA,NA,NA,NA,week_3,0.0,0.0,NA,0.0,0.0,NA,NA,NA,NA,NA,NA,NA,NA,NA,NA,NA,NA,NA,NA,NA,NA,NA,NA,NA,NA,NA,NA,NA
63.4,Bangladesh,1999,Male,CAH11-01	Computing,107,13/02/23 - 19/02/23,0.064445,0.08472333333333333,0.01,0.0,0.003888333333333333,0.5077783333333333,0.5577783333333333,01:13:43,00:23:09,4,12,0.0,0.48611000000000004,0.0052766666666666665,0.0,0.0,0.0,0,3,5,0,0,0,NA,2023-02-18 04:04:27.354000,2023-02-14 02:12:59.810000,NA,NA,NA,week_3,0.0,1.0,2023-02-14 02:13:54.473000,0.5283333333333333,5.0,2023-02-14 02:13:05.024000,NA,NA,NA,NA,NA,NA,NA,NA,NA,NA,NA,NA,NA,NA,NA,NA,NA,NA,NA,NA,NA,NA
74.0,India,1997,Female,CAH11-01	Computing,108,13/02/23 - 19/02/23,0.0,0.001945,0.0,0.0,0.0,0.0,0.0,00:00:07,00:23:09,0,0,0.0,0.0,0.0,0.0,0.0,0.0,0,0,0,0,0,0,NA,NA,NA,NA,NA,NA,week_3,0.0,0.0,NA,0.0,0.0,NA,NA,NA,NA,NA,NA,NA,NA,NA,NA,NA,NA,NA,NA,NA,NA,NA,NA,NA,NA,NA,NA,NA
52.6,United States of America,1997,Male,CAH03-02	Sport and exercise sciences,109,13/02/23 - 19/02/23,0.0,0.0,0.0,0.0,0.0,0.0,0.0,00:00:00,00:23:09,0,0,0.0,0.0,0.0,0.0,0.0,0.0,0,0,0,0,0,0,NA,NA,NA,NA,NA,NA,week_3,0.0,0.0,NA,0.0,0.0,NA,NA,NA,NA,NA,NA,NA,NA,NA,NA,NA,NA,NA,NA,NA,NA,NA,NA,NA,NA,NA,NA,NA
68.0,United Kingdom of Great Britain and Northern Ireland,1998,Female,CAH03-01	Biosciences,110,13/02/23 - 19/02/23,0.003888333333333333,0.12388833333333334,0.7305550000000001,0.0,0.003055,0.0,0.0,00:51:40,00:23:09,3,5,0.0,0.0033333333333333335,0.0,0.0,0.0,0.0,0,3,0,0,0,0,NA,2023-02-14 11:17:43.516000,NA,NA,NA,NA,week_3,0.0011116666666666666,1.0,2023-02-14 11:17:50.190000,0.042221666666666664,2.0,2023-02-14 11:17:56.321000,NA,NA,NA,NA,NA,NA,NA,NA,NA,NA,NA,NA,NA,NA,NA,NA,NA,NA,NA,NA,NA,NA
62.6,Nigeria,1980,Male,CAH15-02	Economics,111,16/10/23 - 22/10/23,0.02666666666666667,4.1241650000000005,0.0,0.0,0.33999999999999997,4.840554999999999,0.0,09:19:52,02:03:55,8,28,0.0,0.126945,0.0,0.0016666666666666668,1.0938899999999998,1.6786116666666666,0,25,0,2,4,6,NA,2023-10-16 14:43:24.289000,NA,2023-10-17 14:07:57.796000,2023-10-16 14:43:50.310000,2023-10-21 04:20:41.313000,week_3,5.47861,11.0,2023-10-17 02:19:08.374000,0.36416833333333337,8.0,2023-10-16 14:44:14.995000,NA,NA,NA,NA,NA,NA,NA,NA,NA,NA,NA,NA,NA,NA,NA,NA,NA,NA,NA,NA,NA,NA
73.0,Sri Lanka,1992,Female,CAH09-01	Mathematical sciences,112,16/10/23 - 22/10/23,0.056945,0.28861166666666666,0.0016666666666666668,0.0,0.0,0.0,0.0,00:20:50,02:03:55,4,8,0.0,0.011666666666666665,0.0,0.0,0.0,0.0,0,7,0,0,0,1,NA,2023-10-16 03:25:59.363000,NA,NA,NA,2023-10-16 21:43:46.769000,week_3,0.013888333333333332,4.0,2023-10-16 03:26:04.830000,0.28361166666666665,1.0,2023-10-17 15:13:32.184000,NA,NA,NA,NA,NA,NA,NA,NA,NA,NA,NA,NA,NA,NA,NA,NA,NA,NA,NA,NA,NA,NA
59.0,Nigeria,1990,Male,CAH16-01	Law,113,16/10/23 - 22/10/23,0.0,3.8152766666666666,0.0,0.0,0.0,0.0,1.3791666666666667,05:11:40,02:03:55,7,14,0.0,0.03388833333333333,0.0,0.0025,0.0,0.011666666666666665,0,10,0,1,0,1,NA,2023-10-17 11:53:18.736000,NA,2023-10-22 15:06:01.419000,NA,2023-10-17 12:36:20.039000,week_3,0.44277833333333333,6.0,2023-10-17 12:06:20.091000,0.11583333333333333,2.0,2023-10-17 11:53:25.388000,NA,NA,NA,NA,NA,NA,NA,NA,NA,NA,NA,NA,NA,NA,NA,NA,NA,NA,NA,NA,NA,NA
58.0,Nigeria,1996,Female,CAH19-01	English studies,114,16/10/23 - 22/10/23,0.0,1.8533333333333333,0.0,0.0,0.0,0.0,0.0,01:51:12,02:03:55,4,6,0.0,0.012778333333333334,0.0,0.0,0.0,0.045555,0,6,0,0,0,1,NA,2023-10-17 08:37:15.686000,NA,NA,NA,2023-10-17 08:37:26.122000,week_3,1.7902783333333334,4.0,2023-10-17 08:40:41.904000,0.0011116666666666666,1.0,2023-10-17 08:40:34.037000,NA,NA,NA,NA,NA,NA,NA,NA,NA,NA,NA,NA,NA,NA,NA,NA,NA,NA,NA,NA,NA,NA
58.0,Nigeria,2001,Male,CAH07-01	Physics and astronomy,115,16/10/23 - 22/10/23,0.0,0.0,0.0,0.0,0.04111166666666667,0.0,0.0,00:02:28,02:03:55,1,1,0.0,0.0,0.0,0.0,0.0,0.0,0,1,0,0,0,0,NA,2023-10-20 10:28:10.602000,NA,NA,NA,NA,week_3,0.0,0.0,NA,0.0,0.0,NA,NA,NA,NA,NA,NA,NA,NA,NA,NA,NA,NA,NA,NA,NA,NA,NA,NA,NA,NA,NA,NA,NA
70.6,Ghana,1992,Male,CAH04-01	Psychology,116,16/10/23 - 22/10/23,0.12861166666666668,0.0,1.0844433333333334,0.0,0.0,0.31666666666666665,0.0,01:31:47,02:03:55,8,20,0.0,0.23111166666666666,0.0,0.0,0.0047216666666666665,0.010833333333333334,0,14,0,0,2,2,NA,2023-10-16 21:18:29.817000,NA,NA,2023-10-16 21:25:05.129000,2023-10-18 21:13:23.625000,week_3,0.20583333333333334,5.0,2023-10-16 21:18:43.464000,1.00611,5.0,2023-10-18 19:53:33.641000,NA,NA,NA,NA,NA,NA,NA,NA,NA,NA,NA,NA,NA,NA,NA,NA,NA,NA,NA,NA,NA,NA
66.4,Pakistan,1999,Female,CAH11-01	Computing,117,16/10/23 - 22/10/23,0.0,0.0,0.0,0.0,0.0,0.0,0.0,00:00:00,02:03:55,0,0,0.0,0.0,0.0,0.0,0.0,0.0,0,0,0,0,0,0,NA,NA,NA,NA,NA,NA,week_3,0.0,0.0,NA,0.0,0.0,NA,NA,NA,NA,NA,NA,NA,NA,NA,NA,NA,NA,NA,NA,NA,NA,NA,NA,NA,NA,NA,NA,NA
73.0,Myanmar,1991,Female,CAH17-01	Business and management,118,16/10/23 - 22/10/23,2.64,1.7811116666666669,0.0,0.0,0.0,0.0,0.0,04:25:16,02:03:55,7,9,0.0,0.56639,0.0,0.008611666666666665,0.45388833333333334,0.2983333333333333,0,13,0,1,5,3,NA,2023-10-16 10:31:04.029000,NA,2023-10-16 11:02:28.616000,2023-10-16 11:00:46.466000,2023-10-16 11:29:27.746000,week_3,3.015833333333333,3.0,2023-10-16 11:54:08.168000,0.0,1.0,2023-10-17 15:55:51.733000,NA,NA,NA,NA,NA,NA,NA,NA,NA,NA,NA,NA,NA,NA,NA,NA,NA,NA,NA,NA,NA,NA
64.4,Nigeria,1994,Male,"CAH26-01 Geography, earth and environmental studies",119,16/10/23 - 22/10/23,0.0,1.3688883333333333,0.0,0.0,0.0,0.0,0.0,01:22:08,02:03:55,5,8,0.0,0.011943333333333334,0.0,0.0036116666666666667,0.0,0.007778333333333333,0,4,0,2,0,1,NA,2023-10-17 06:24:38.370000,NA,2023-10-17 06:26:53.669000,NA,2023-10-17 06:25:34.436000,week_3,0.008888333333333333,3.0,2023-10-17 06:24:56.353000,0.0,0.0,NA,NA,NA,NA,NA,NA,NA,NA,NA,NA,NA,NA,NA,NA,NA,NA,NA,NA,NA,NA,NA,NA,NA
52.0,United Kingdom of Great Britain and Northern Ireland,2000,Male,CAH04-01	Psychology,120,16/10/23 - 22/10/23,0.0,0.0,0.0,0.0,0.0,0.0,0.0,00:00:00,02:03:55,0,0,0.0,0.0,0.0,0.0,0.0,0.0,0,0,0,0,0,0,NA,NA,NA,NA,NA,NA,week_3,0.0,0.0,NA,0.0,0.0,NA,NA,NA,NA,NA,NA,NA,NA,NA,NA,NA,NA,NA,NA,NA,NA,NA,NA,NA,NA,NA,NA,NA
64.0,United Kingdom of Great Britain and Northern Ireland,2002,Male,CAH11-01	Computing,121,16/10/23 - 22/10/23,0.0,0.0,0.0,0.0,0.007500000000000001,0.0,0.0,00:00:27,02:03:55,0,0,0.0,0.0,0.0,0.0,0.0,0.0,0,0,0,0,0,0,NA,NA,NA,NA,NA,NA,week_3,0.0,0.0,NA,0.0,0.0,NA,NA,NA,NA,NA,NA,NA,NA,NA,NA,NA,NA,NA,NA,NA,NA,NA,NA,NA,NA,NA,NA,NA
64.0,Poland,2001,Male,CAH17-01	Business and management,122,16/10/23 - 22/10/23,0.014166666666666666,7.356111666666666,0.008888333333333333,0.01,0.40138833333333335,0.0,0.0,07:47:26,02:03:55,6,10,0.0,0.0125,0.0,0.0013883333333333332,0.0,0.0,0,6,0,3,0,0,NA,2023-10-17 14:09:16.099000,NA,2023-10-17 14:09:26.587000,NA,NA,week_3,1.7397216666666666,1.0,2023-10-17 14:09:30.802000,3.1441666666666666,4.0,2023-10-17 14:09:20.388000,NA,NA,NA,NA,NA,NA,NA,NA,NA,NA,NA,NA,NA,NA,NA,NA,NA,NA,NA,NA,NA,NA
74.2,Iran,1982,Male,CAH10-01	Engineering,123,16/10/23 - 22/10/23,0.0,2.8897216666666665,0.0,0.0,0.6427783333333333,0.0,0.0,03:31:57,02:03:55,4,6,0.0,1.2377783333333334,0.0,0.00027833333333333334,0.0,0.0,0,7,0,1,0,0,NA,2023-10-17 14:08:45.807000,NA,2023-10-17 15:23:17.497000,NA,NA,week_3,1.6347216666666666,1.0,2023-10-17 15:24:00.893000,0.6422216666666667,6.0,2023-10-17 14:09:06.145000,NA,NA,NA,NA,NA,NA,NA,NA,NA,NA,NA,NA,NA,NA,NA,NA,NA,NA,NA,NA,NA,NA
73.2,Malaysia,1992,Male,CAH17-01	Business and management,124,16/10/23 - 22/10/23,0.008888333333333333,1.2811116666666669,0.0,0.0025,0.0,0.0,0.0,01:17:33,02:03:55,3,6,0.0,0.006111666666666666,0.0,0.0,0.0,0.0,0,3,0,0,0,0,NA,2023-10-16 13:53:47.631000,NA,NA,NA,NA,week_3,1.279445,2.0,2023-10-16 13:54:01.727000,0.0,1.0,2023-10-19 12:08:26.642000,NA,NA,NA,NA,NA,NA,NA,NA,NA,NA,NA,NA,NA,NA,NA,NA,NA,NA,NA,NA,NA,NA
63.0,United Kingdom of Great Britain and Northern Ireland,1987,Male,CAH10-01	Engineering,125,16/10/23 - 22/10/23,0.11638833333333333,1.6147216666666666,0.0,0.0,0.0,0.0,0.0027783333333333336,01:44:02,02:03:55,3,11,0.0,0.013053333333333333,0.0,0.0,0.0,0.0,0,8,0,0,0,0,NA,2023-10-16 21:23:19.099000,NA,NA,NA,NA,week_3,1.5355549999999998,4.0,2023-10-16 21:23:21.039000,0.06611166666666667,4.0,2023-10-17 15:17:01.766000,NA,NA,NA,NA,NA,NA,NA,NA,NA,NA,NA,NA,NA,NA,NA,NA,NA,NA,NA,NA,NA,NA
73.2,Algeria,2002,Female,"CAH07-04	General, applied and forensic sciences",126,16/10/23 - 22/10/23,1.4400000000000002,2.638611666666667,0.060000000000000005,0.0,0.0,0.275,0.0,04:24:49,02:03:55,6,18,0.0,2.0008316666666666,0.0,0.0,0.04,0.010555,0,15,0,0,1,1,NA,2023-10-16 13:28:02.571000,NA,NA,2023-10-21 20:40:27.288000,2023-10-21 20:42:52.686000,week_3,2.080555,5.0,2023-10-16 13:28:07.617000,0.0011116666666666666,3.0,2023-10-16 14:53:43.614000,NA,NA,NA,NA,NA,NA,NA,NA,NA,NA,NA,NA,NA,NA,NA,NA,NA,NA,NA,NA,NA,NA
72.0,United Kingdom of Great Britain and Northern Ireland,1980,Female,CAH07-01	Physics and astronomy,127,16/10/23 - 22/10/23,0.0,1.6511116666666668,0.0,0.0,0.0,0.0,0.0,01:39:04,02:03:55,4,4,0.0,0.006666666666666667,0.0,0.0011116666666666666,0.0,0.0,0,3,0,1,0,0,NA,2023-10-17 14:07:57.584000,NA,2023-10-17 15:23:05.392000,NA,NA,week_3,1.6397216666666665,2.0,2023-10-17 14:08:14.566000,0.0,1.0,2023-10-17 15:46:59.146000,NA,NA,NA,NA,NA,NA,NA,NA,NA,NA,NA,NA,NA,NA,NA,NA,NA,NA,NA,NA,NA,NA
73.8,United Kingdom of Great Britain and Northern Ireland,1984,Female,CAH04-01	Psychology,128,16/10/23 - 22/10/23,0.0,1.6286116666666668,0.0,0.0,0.0,0.0,0.1275,01:45:22,02:03:55,5,5,0.0,0.0011116666666666666,0.0,0.0,0.0,0.0,0,2,0,0,0,0,NA,2023-10-17 14:17:33.745000,NA,NA,NA,NA,week_3,1.4922216666666666,1.0,2023-10-17 14:17:35.692000,0.0,1.0,2023-10-17 15:47:10.242000,NA,NA,NA,NA,NA,NA,NA,NA,NA,NA,NA,NA,NA,NA,NA,NA,NA,NA,NA,NA,NA,NA
72.0,United Kingdom of Great Britain and Northern Ireland,1988,Male,NA,129,16/10/23 - 22/10/23,0.0008333333333333334,0.854445,0.0008333333333333334,0.0,0.0,0.0,0.007221666666666667,00:51:48,02:03:55,3,9,0.0,0.024446666666666665,0.0,0.0,0.0,0.0,0,7,0,0,0,0,NA,2023-10-16 10:16:29.900000,NA,NA,NA,NA,week_3,0.8113883333333334,4.0,2023-10-16 10:16:31.160000,0.02333333333333333,3.0,2023-10-17 14:45:35.783000,NA,NA,NA,NA,NA,NA,NA,NA,NA,NA,NA,NA,NA,NA,NA,NA,NA,NA,NA,NA,NA,NA
56.2,China,2001,Male,CAH11-01	Computing,130,16/10/23 - 22/10/23,0.0,0.0027783333333333336,0.0,0.0,0.013888333333333332,0.0,0.01,00:01:36,02:03:55,6,9,0.0,0.0027783333333333336,0.0,0.0,0.0,0.0022216666666666665,0,4,0,0,1,1,NA,2023-10-17 15:36:42.013000,NA,NA,2023-10-22 13:48:43.619000,2023-10-20 19:02:04.753000,week_3,0.0033333333333333335,2.0,2023-10-17 15:36:44.360000,0.0,0.0,NA,NA,NA,NA,NA,NA,NA,NA,NA,NA,NA,NA,NA,NA,NA,NA,NA,NA,NA,NA,NA,NA,NA
74.0,Singapore,1988,Female,CAH04-01	Psychology,131,16/10/23 - 22/10/23,0.027778333333333332,0.005555000000000001,0.0,0.0,0.0,0.0,0.0,00:02:00,02:03:55,3,4,0.0,0.003055,0.0,0.0,0.0,0.0,0,4,0,0,0,1,NA,2023-10-16 21:09:36.952000,NA,NA,NA,2023-10-17 14:15:50.911000,week_3,0.011945,2.0,2023-10-16 21:10:27.842000,0.0,0.0,NA,NA,NA,NA,NA,NA,NA,NA,NA,NA,NA,NA,NA,NA,NA,NA,NA,NA,NA,NA,NA,NA,NA
65.8,India,1990,Male,CAH11-01	Computing,132,16/10/23 - 22/10/23,0.0,1.8091666666666666,0.0,0.0,0.0,0.0,0.0,01:48:33,02:03:55,4,4,0.0,0.0036116666666666667,0.0,0.000555,0.0,0.0,0,4,0,1,0,0,NA,2023-10-17 14:24:02.371000,NA,2023-10-17 15:27:40.375000,NA,NA,week_3,1.4902783333333334,2.0,2023-10-17 14:24:04.495000,0.02666666666666667,2.0,2023-10-17 15:26:04.202000,NA,NA,NA,NA,NA,NA,NA,NA,NA,NA,NA,NA,NA,NA,NA,NA,NA,NA,NA,NA,NA,NA
61.8,Philippines,1984,Male,CAH17-01	Business and management,133,16/10/23 - 22/10/23,0.012778333333333334,2.0983333333333336,0.10083333333333333,0.0,0.0,0.0,0.0,02:12:43,02:03:55,5,7,0.0,0.06638833333333333,0.0,0.818055,0.0,0.007221666666666667,0,7,0,1,0,1,NA,2023-10-17 11:44:34.503000,NA,2023-10-17 14:29:48.472000,NA,2023-10-18 17:20:32.017000,week_3,1.2925,5.0,2023-10-17 11:44:40.378000,0.010555,1.0,2023-10-18 17:22:24.814000,NA,NA,NA,NA,NA,NA,NA,NA,NA,NA,NA,NA,NA,NA,NA,NA,NA,NA,NA,NA,NA,NA
62.2,Turkey,1982,Male,CAH11-01	Computing,134,16/10/23 - 22/10/23,0.0,0.5063883333333333,0.0,0.0,0.0,0.0,0.0,00:30:23,02:03:55,2,2,0.0,0.001945,0.0,0.0,0.0,0.0,0,1,0,0,0,0,NA,2023-10-17 14:33:12.328000,NA,NA,NA,NA,week_3,0.0,1.0,2023-10-17 14:33:19.457000,0.0,0.0,NA,NA,NA,NA,NA,NA,NA,NA,NA,NA,NA,NA,NA,NA,NA,NA,NA,NA,NA,NA,NA,NA,NA
70.6,Viet Nam,1995,Male,NA,135,16/10/23 - 22/10/23,0.0,2.529166666666667,0.0,0.0,0.0,0.0,1.026945,03:33:22,02:03:55,5,7,0.0,0.009166666666666667,0.0,0.000555,0.0,0.0,0,6,0,2,0,0,NA,2023-10-17 14:29:43.764000,NA,2023-10-22 14:53:30.006000,NA,NA,week_3,2.5261116666666665,3.0,2023-10-17 13:39:04.594000,1.0008333333333332,4.0,2023-10-22 13:53:45.778000,NA,NA,NA,NA,NA,NA,NA,NA,NA,NA,NA,NA,NA,NA,NA,NA,NA,NA,NA,NA,NA,NA
72.0,United Kingdom of Great Britain and Northern Ireland,1974,Male,CAH11-01	Computing,136,16/10/23 - 22/10/23,0.0,1.606388333333333,0.0,0.0,0.0,0.0,0.22166666666666668,01:49:41,02:03:55,4,8,0.0,0.013331666666666665,0.0,0.0008333333333333334,0.0,0.0,0,7,0,1,0,0,NA,2023-10-17 07:54:40.359000,NA,2023-10-22 21:44:04.284000,NA,NA,week_3,1.5855549999999998,2.0,2023-10-17 07:54:42.857000,0.210555,3.0,2023-10-17 15:48:24.018000,NA,NA,NA,NA,NA,NA,NA,NA,NA,NA,NA,NA,NA,NA,NA,NA,NA,NA,NA,NA,NA,NA
58.0,Nigeria,1991,Female,CAH17-01	Business and management,137,16/10/23 - 22/10/23,0.043333333333333335,0.31333333333333335,0.0,0.0,0.0,0.0,0.0,00:21:24,02:03:55,6,12,0.0,0.007778333333333333,0.0,0.0,0.0,0.025833333333333333,0,6,0,0,0,1,NA,2023-10-16 11:08:00.456000,NA,NA,NA,2023-10-16 11:08:07.930000,week_3,0.010278333333333334,4.0,2023-10-16 11:10:33.793000,0.0,1.0,2023-10-17 15:50:34.354000,NA,NA,NA,NA,NA,NA,NA,NA,NA,NA,NA,NA,NA,NA,NA,NA,NA,NA,NA,NA,NA,NA
58.0,Morocco,2001,Male,CAH11-01	Computing,138,16/10/23 - 22/10/23,0.0,0.0,0.0,0.0,0.0,0.0,0.0,00:00:00,02:03:55,0,0,0.0,0.0,0.0,0.0,0.0,0.0,0,0,0,0,0,0,NA,NA,NA,NA,NA,NA,week_3,0.0,0.0,NA,0.0,0.0,NA,NA,NA,NA,NA,NA,NA,NA,NA,NA,NA,NA,NA,NA,NA,NA,NA,NA,NA,NA,NA,NA,NA
63.0,Nigeria,2000,Male,CAH03-01	Biosciences,139,16/10/23 - 22/10/23,0.0,0.0,0.0,0.0,0.0,0.0,0.0,00:00:00,02:03:55,0,0,0.0,0.0,0.0,0.0,0.0,0.0,0,0,0,0,0,0,NA,NA,NA,NA,NA,NA,week_3,0.0,0.0,NA,0.0,0.0,NA,NA,NA,NA,NA,NA,NA,NA,NA,NA,NA,NA,NA,NA,NA,NA,NA,NA,NA,NA,NA,NA,NA
75.2,United Kingdom of Great Britain and Northern Ireland,1988,Female,CAH04-01	Psychology,140,16/10/23 - 22/10/23,0.3713883333333333,5.576944999999999,0.0,0.021111666666666664,0.0,0.0,0.0,05:58:10,02:03:55,4,8,0.0,2.1930566666666667,0.0,0.0,0.0,0.35083333333333333,0,7,0,0,0,3,NA,2023-10-16 17:08:43.417000,NA,NA,NA,2023-10-16 17:08:47.414000,week_3,1.88111,2.0,2023-10-16 17:30:14.932000,1.5236116666666668,2.0,2023-10-17 15:58:32.411000,NA,NA,NA,NA,NA,NA,NA,NA,NA,NA,NA,NA,NA,NA,NA,NA,NA,NA,NA,NA,NA,NA
51.8,China,2001,Male,CAH11-01	Computing,141,16/10/23 - 22/10/23,0.030000000000000002,0.0013883333333333332,0.0,0.0,0.0,0.0,0.0,00:01:53,02:03:55,5,7,0.0,0.006944999999999999,0.0,0.000555,0.0,0.01861166666666667,0,5,0,2,0,2,NA,2023-10-16 14:40:15.416000,NA,2023-10-16 14:42:30.456000,NA,2023-10-16 14:40:19.667000,week_3,0.0,2.0,2023-10-16 14:42:55.237000,0.0025,1.0,2023-10-16 14:42:42.475000,NA,NA,NA,NA,NA,NA,NA,NA,NA,NA,NA,NA,NA,NA,NA,NA,NA,NA,NA,NA,NA,NA
60.0,Jordan,1994,Female,CAH04-01	Psychology,142,16/10/23 - 22/10/23,0.0,1.7238883333333332,0.0,0.0,0.0,0.0,0.0,01:43:26,02:03:55,5,7,0.0,0.008333333333333333,0.0,0.0,0.0,0.042221666666666664,0,6,0,0,0,2,NA,2023-10-17 09:08:28.611000,NA,NA,NA,2023-10-17 14:10:28.668000,week_3,1.268611666666667,3.0,2023-10-17 09:08:37.157000,0.34861166666666665,2.0,2023-10-17 15:47:12.138000,NA,NA,NA,NA,NA,NA,NA,NA,NA,NA,NA,NA,NA,NA,NA,NA,NA,NA,NA,NA,NA,NA
64.0,United Kingdom of Great Britain and Northern Ireland,1990,Male,CAH02-05	Medical sciences,143,16/10/23 - 22/10/23,0.0,0.0,0.03888833333333333,0.0,0.0,0.0,0.0,00:02:20,02:03:55,2,2,0.0,0.0013883333333333332,0.0,0.0,0.0,0.0,0,1,0,0,0,0,NA,2023-10-18 21:42:46.337000,NA,NA,NA,NA,week_3,0.0,0.0,NA,0.027778333333333332,1.0,2023-10-18 21:42:51.104000,NA,NA,NA,NA,NA,NA,NA,NA,NA,NA,NA,NA,NA,NA,NA,NA,NA,NA,NA,NA,NA,NA
64.4,Bangladesh,1995,Female,CAH17-01	Business and management,144,16/10/23 - 22/10/23,0.7702783333333333,1.7466666666666666,0.0,0.0,0.004445,0.0,0.4475,02:58:08,02:03:55,5,13,0.0,0.024721666666666666,0.0,0.0,0.0,0.18638833333333335,0,20,0,0,0,5,NA,2023-10-16 20:30:49.345000,NA,NA,NA,2023-10-16 20:30:59.123000,week_3,2.0083333333333333,5.0,2023-10-16 21:10:39.319000,0.41722166666666666,9.0,2023-10-17 15:33:32.285000,NA,NA,NA,NA,NA,NA,NA,NA,NA,NA,NA,NA,NA,NA,NA,NA,NA,NA,NA,NA,NA,NA
64.0,United Kingdom of Great Britain and Northern Ireland,2002,Male,CAH20-01	History and archaeology,145,16/10/23 - 22/10/23,0.6097216666666667,2.3380566666666667,0.012221666666666665,0.104445,0.0,0.0,0.06527666666666668,03:07:47,02:03:55,5,23,0.0,0.6599966666666666,0.0,0.0011116666666666666,0.0,0.0,0,16,0,2,0,0,NA,2023-10-16 10:30:19.291000,NA,2023-10-19 17:27:11.039000,NA,NA,week_3,1.5866666666666667,9.0,2023-10-16 10:30:22.588000,0.8083333333333333,4.0,2023-10-16 11:13:39.504000,NA,NA,NA,NA,NA,NA,NA,NA,NA,NA,NA,NA,NA,NA,NA,NA,NA,NA,NA,NA,NA,NA
74.0,United Kingdom of Great Britain and Northern Ireland,1979,Female,CAH22-01	Education and teaching,146,16/10/23 - 22/10/23,0.9366666666666668,1.6186116666666668,0.044721666666666667,0.40166666666666667,0.0,0.08055499999999999,0.0,03:04:56,02:03:55,3,13,0.0,0.013331666666666665,0.0,0.0,0.0,0.0,0,12,0,0,0,0,NA,2023-10-16 22:29:20.815000,NA,NA,NA,NA,week_3,1.610555,2.0,2023-10-16 22:31:48.952000,0.5441666666666667,7.0,2023-10-16 22:29:27.701000,NA,NA,NA,NA,NA,NA,NA,NA,NA,NA,NA,NA,NA,NA,NA,NA,NA,NA,NA,NA,NA,NA
76.2,United Kingdom of Great Britain and Northern Ireland,1983,Male,CAH09-01	Mathematical sciences,147,16/10/23 - 22/10/23,0.8683333333333334,4.281388333333334,0.0,0.0,0.7902783333333333,0.0,0.0,05:56:24,02:03:55,3,8,0.0,0.009723333333333332,0.0,0.0,0.0,0.0,0,13,0,0,0,0,NA,2023-10-16 16:03:34.188000,NA,NA,NA,NA,week_3,2.3186099999999996,6.0,2023-10-16 16:03:37.371000,3.563888333333333,7.0,2023-10-17 12:09:19.673000,NA,NA,NA,NA,NA,NA,NA,NA,NA,NA,NA,NA,NA,NA,NA,NA,NA,NA,NA,NA,NA,NA
73.4,Sri Lanka,1983,Male,CAH10-01	Engineering,148,16/10/23 - 22/10/23,0.0,0.10527833333333333,0.0,0.03805499999999999,0.0036116666666666667,0.0,0.0,00:08:49,02:03:55,4,8,0.0,0.0036116666666666667,0.0,0.0,0.0,0.0,0,5,0,0,0,0,NA,2023-10-17 14:06:56.433000,NA,NA,NA,NA,week_3,0.09388833333333334,2.0,2023-10-17 14:06:59.489000,0.004445,3.0,2023-10-17 14:12:45.067000,NA,NA,NA,NA,NA,NA,NA,NA,NA,NA,NA,NA,NA,NA,NA,NA,NA,NA,NA,NA,NA,NA
60.4,Sri Lanka,1993,Male,CAH17-01	Business and management,149,16/10/23 - 22/10/23,1.5261116666666668,0.08,0.0,0.0,0.0,0.0,0.0,01:36:22,02:03:55,4,10,0.0,0.014721666666666666,0.0,0.0,0.0,0.043333333333333335,0,11,0,0,0,2,NA,2023-10-16 19:08:02.515000,NA,NA,NA,2023-10-16 19:08:35.556000,week_3,1.4533333333333334,5.0,2023-10-16 19:08:11.079000,0.0011116666666666666,4.0,2023-10-16 22:50:47.338000,NA,NA,NA,NA,NA,NA,NA,NA,NA,NA,NA,NA,NA,NA,NA,NA,NA,NA,NA,NA,NA,NA
61.8,United Kingdom of Great Britain and Northern Ireland,2000,Male,CAH09-01	Mathematical sciences,150,16/10/23 - 22/10/23,2.12,0.0,0.0,0.0,0.0,0.0,0.0,02:07:12,02:03:55,0,0,0.0,0.0,0.0,0.0,0.0,0.0,0,0,0,0,0,0,NA,NA,NA,NA,NA,NA,week_3,0.0,0.0,NA,0.0,0.0,NA,NA,NA,NA,NA,NA,NA,NA,NA,NA,NA,NA,NA,NA,NA,NA,NA,NA,NA,NA,NA,NA,NA
63.6,United Kingdom of Great Britain and Northern Ireland,1996,Male,CAH04-01	Psychology,151,16/10/23 - 22/10/23,0.0,2.618611666666667,0.0,0.0,0.045555,0.0,1.073055,03:44:14,02:03:55,3,7,0.0,0.004998333333333333,0.0,0.0,0.0,0.0,0,5,0,0,0,0,NA,2023-10-17 14:09:27.530000,NA,NA,NA,NA,week_3,1.429445,1.0,2023-10-17 14:09:30.651000,2.290833333333333,3.0,2023-10-17 15:35:22.578000,NA,NA,NA,NA,NA,NA,NA,NA,NA,NA,NA,NA,NA,NA,NA,NA,NA,NA,NA,NA,NA,NA
61.2,Bangladesh,1999,Male,CAH10-01	Engineering,152,16/10/23 - 22/10/23,0.0,1.8219450000000001,0.0,0.0,0.0,0.0,0.0,01:49:19,02:03:55,2,2,0.0,0.003888333333333333,0.0,0.0,0.0,0.0,0,2,0,0,0,0,NA,2023-10-17 14:06:16.257000,NA,NA,NA,NA,week_3,1.8155549999999998,2.0,2023-10-17 14:06:21.558000,0.0,0.0,NA,NA,NA,NA,NA,NA,NA,NA,NA,NA,NA,NA,NA,NA,NA,NA,NA,NA,NA,NA,NA,NA,NA
58.0,Nigeria,1976,Female,CAH25-01	Creative arts and design,153,16/10/23 - 22/10/23,0.023611666666666663,1.6511116666666668,0.0,0.0,0.0,1.9383333333333332,0.0,03:36:47,02:03:55,3,7,0.0,1.1675,0.0,0.0,0.0,0.0,0,5,0,0,0,0,NA,2023-10-16 13:36:45.045000,NA,NA,NA,NA,week_3,0.4775,3.0,2023-10-16 13:36:50.852000,1.9258333333333333,2.0,2023-10-17 15:47:54.800000,NA,NA,NA,NA,NA,NA,NA,NA,NA,NA,NA,NA,NA,NA,NA,NA,NA,NA,NA,NA,NA,NA
71.0,Pakistan,1998,Male,CAH11-01	Computing,154,16/10/23 - 22/10/23,0.0,2.9722216666666665,0.0,0.0,0.0,0.0,0.0,02:58:20,02:03:55,5,5,0.0,0.0033333333333333335,0.0,0.0011116666666666666,0.0,0.0025,0,5,0,2,0,1,NA,2023-10-17 14:18:48.009000,NA,2023-10-17 14:18:46.688000,NA,2023-10-17 14:18:50.375000,week_3,2.7322216666666668,2.0,2023-10-17 14:19:01.157000,0.0036116666666666667,2.0,2023-10-17 15:32:22.539000,NA,NA,NA,NA,NA,NA,NA,NA,NA,NA,NA,NA,NA,NA,NA,NA,NA,NA,NA,NA,NA,NA
68.2,Turkey,1969,Female,CAH22-01	Education and teaching,155,16/10/23 - 22/10/23,0.20666666666666667,2.526945,0.02333333333333333,0.0,0.0,0.0,0.468055,03:13:30,02:03:55,4,9,0.0,0.04805333333333333,0.0,0.0,0.0,0.0,0,10,0,0,0,0,NA,2023-10-16 18:57:51.267000,NA,NA,NA,NA,week_3,2.5161116666666667,1.0,2023-10-17 14:34:29.732000,0.3772216666666667,6.0,2023-10-16 18:57:56.410000,NA,NA,NA,NA,NA,NA,NA,NA,NA,NA,NA,NA,NA,NA,NA,NA,NA,NA,NA,NA,NA,NA
73.0,Sri Lanka,2001,Male,CAH17-01	Business and management,156,16/10/23 - 22/10/23,0.2891666666666667,1.7297216666666666,0.0,0.0,0.0,0.0,0.0,02:01:08,02:03:55,5,7,0.0,0.01,0.0,0.0,0.0,0.005555000000000001,0,5,0,0,1,1,NA,2023-10-16 08:01:27.734000,NA,NA,2023-10-16 08:18:42.296000,2023-10-16 08:01:31.253000,week_3,1.98889,2.0,2023-10-16 08:01:53.626000,0.0,1.0,2023-10-17 15:47:57.126000,NA,NA,NA,NA,NA,NA,NA,NA,NA,NA,NA,NA,NA,NA,NA,NA,NA,NA,NA,NA,NA,NA
61.4,Sri Lanka,1986,Male,CAH17-01	Business and management,157,16/10/23 - 22/10/23,4.013055,0.39527833333333334,0.0,0.0,0.0,0.0,0.007778333333333333,04:24:58,02:03:55,7,11,0.0,0.019444999999999997,0.0,0.009166666666666667,0.313055,3.459445,0,7,0,1,1,2,NA,2023-10-16 17:12:40.850000,NA,2023-10-16 17:20:35.157000,2023-10-16 17:21:14.639000,2023-10-16 17:40:04.755000,week_3,0.3825,3.0,2023-10-17 11:39:11.024000,0.008055,2.0,2023-10-16 17:13:05.469000,NA,NA,NA,NA,NA,NA,NA,NA,NA,NA,NA,NA,NA,NA,NA,NA,NA,NA,NA,NA,NA,NA
60.6,India,1995,Male,CAH10-01	Engineering,158,16/10/23 - 22/10/23,0.0,2.058333333333333,0.0,0.0,0.0,0.16694499999999998,0.0,02:13:31,02:03:55,4,11,0.0,0.048335,0.0,0.0,0.0,0.0,0,6,0,0,0,0,NA,2023-10-17 10:22:41.683000,NA,NA,NA,NA,week_3,1.6572233333333333,3.0,2023-10-17 10:42:14.475000,0.45777833333333334,3.0,2023-10-17 10:22:45.698000,NA,NA,NA,NA,NA,NA,NA,NA,NA,NA,NA,NA,NA,NA,NA,NA,NA,NA,NA,NA,NA,NA
48.2,Cameroon,1991,Female,CAH17-01	Business and management,159,16/10/23 - 22/10/23,0.0,0.024168333333333333,0.0,0.0,0.051945000000000005,0.0,0.0,00:04:34,02:03:55,2,4,0.0,0.016666666666666666,0.0,0.0,0.0,0.0,0,4,0,0,0,0,NA,2023-10-17 15:52:40.757000,NA,NA,NA,NA,week_3,0.0,0.0,NA,0.01583333333333333,1.0,2023-10-20 12:11:42.855000,NA,NA,NA,NA,NA,NA,NA,NA,NA,NA,NA,NA,NA,NA,NA,NA,NA,NA,NA,NA,NA,NA
61.8,United Kingdom of Great Britain and Northern Ireland,2001,Male,CAH09-01	Mathematical sciences,160,16/10/23 - 22/10/23,0.0027783333333333336,1.53,0.0,0.0,0.0,0.0,0.0,01:31:58,02:03:55,2,5,0.0,0.0022216666666666665,0.0,0.0,0.0,0.0,0,3,0,0,0,0,NA,2023-10-16 20:52:22.526000,NA,NA,NA,NA,week_3,1.5222216666666666,2.0,2023-10-16 20:52:28.767000,0.0,0.0,NA,NA,NA,NA,NA,NA,NA,NA,NA,NA,NA,NA,NA,NA,NA,NA,NA,NA,NA,NA,NA,NA,NA
64.4,Egypt,2000,Male,CAH11-01	Computing,161,16/10/23 - 22/10/23,0.0,2.901388333333333,0.0,0.0,0.0,0.0,0.0,02:54:05,02:03:55,2,2,0.0,0.000555,0.0,0.0,0.0,0.0,0,1,0,0,0,0,NA,2023-10-17 14:38:54.239000,NA,NA,NA,NA,week_3,2.2891666666666666,1.0,2023-10-17 14:38:56.540000,0.0,0.0,NA,NA,NA,NA,NA,NA,NA,NA,NA,NA,NA,NA,NA,NA,NA,NA,NA,NA,NA,NA,NA,NA,NA
69.4,Myanmar,1995,Male,CAH11-01	Computing,162,16/10/23 - 22/10/23,0.0,0.16722166666666669,0.0,0.0,0.0,0.0,0.0,00:10:02,02:03:55,2,2,0.0,0.023888333333333334,0.0,0.0,0.0,0.0,0,0,3,0,0,0,NA,2023-10-17 13:56:23.335000,NA,NA,NA,NA,week_3,0.13083333333333333,2.0,2023-10-17 14:08:37.823000,0.0,0.0,NA,NA,NA,NA,NA,NA,NA,NA,NA,NA,NA,NA,NA,NA,NA,NA,NA,NA,NA,NA,NA,NA,NA
72.0,United Kingdom of Great Britain and Northern Ireland,1991,Male,CAH15-03	Politics,163,16/10/23 - 22/10/23,0.022778333333333334,2.6241666666666665,0.005,0.0,0.0,0.018888333333333333,0.0,02:40:15,02:03:55,3,8,0.0,0.7622216666666667,0.0,0.0,0.0,0.0,0,6,0,0,0,0,NA,2023-10-17 09:22:18.577000,NA,NA,NA,NA,week_3,1.853055,2.0,2023-10-17 09:23:19.350000,0.021388333333333336,3.0,2023-10-17 09:22:40.926000,NA,NA,NA,NA,NA,NA,NA,NA,NA,NA,NA,NA,NA,NA,NA,NA,NA,NA,NA,NA,NA,NA
65.0,Sri Lanka,1994,Male,CAH11-01	Computing,164,16/10/23 - 22/10/23,0.186945,1.7136116666666668,0.0,0.0,0.0,0.0,0.0,01:54:02,02:03:55,6,13,0.0,0.06194500000000001,0.0,0.0,0.03333333333333333,0.045555,0,8,0,0,1,2,NA,2023-10-16 22:42:41.782000,NA,NA,2023-10-16 22:45:40.620000,2023-10-16 22:48:11.826000,week_3,1.31389,4.0,2023-10-16 22:50:55.961000,0.26111,4.0,2023-10-16 22:51:53.660000,NA,NA,NA,NA,NA,NA,NA,NA,NA,NA,NA,NA,NA,NA,NA,NA,NA,NA,NA,NA,NA,NA
61.6,Turkey,1984,Male,CAH17-01	Business and management,165,16/10/23 - 22/10/23,2.3077783333333333,1.6869450000000001,0.0025,0.0,0.781945,0.0,0.0,04:46:45,02:03:55,5,9,0.0,0.01361,0.0,0.0,0.0,0.004166666666666667,0,5,0,0,0,1,NA,2023-10-16 14:03:43.207000,NA,NA,NA,2023-10-16 14:03:52.943000,week_3,2.2947216666666668,2.0,2023-10-16 14:04:36.088000,1.6775,2.0,2023-10-17 15:22:06.973000,NA,NA,NA,NA,NA,NA,NA,NA,NA,NA,NA,NA,NA,NA,NA,NA,NA,NA,NA,NA,NA,NA
68.6,Malaysia,1998,Female,CAH17-01	Business and management,166,16/10/23 - 22/10/23,0.0,6.0338883333333335,0.0,0.0,0.0,0.0,0.0,06:02:02,02:03:55,4,4,0.0,0.0063883333333333335,0.0,0.0,0.0,0.0,0,5,0,0,0,0,NA,2023-10-17 12:05:30.859000,NA,NA,NA,NA,week_3,5.416945,3.0,2023-10-17 12:40:40.964000,0.5819449999999999,2.0,2023-10-17 12:05:35.759000,NA,NA,NA,NA,NA,NA,NA,NA,NA,NA,NA,NA,NA,NA,NA,NA,NA,NA,NA,NA,NA,NA
74.6,Pakistan,1995,Male,CAH10-01	Engineering,167,16/10/23 - 22/10/23,0.26138833333333333,0.015278333333333335,0.0,0.0,0.0,0.0,0.0,00:16:36,02:03:55,3,6,0.0,0.007221666666666667,0.0,0.0,0.0,0.0,0,9,0,0,0,0,NA,2023-10-16 22:36:26.031000,NA,NA,NA,NA,week_3,0.11416666666666667,5.0,2023-10-16 22:36:28.429000,0.1386116666666667,4.0,2023-10-16 22:36:38.619000,NA,NA,NA,NA,NA,NA,NA,NA,NA,NA,NA,NA,NA,NA,NA,NA,NA,NA,NA,NA,NA,NA
63.0,United Kingdom of Great Britain and Northern Ireland,2001,Female,CAH17-01	Business and management,168,16/10/23 - 22/10/23,0.03861166666666667,0.43,0.0,0.0,0.0,0.0,3.4261116666666664,03:53:41,02:03:55,6,12,0.0,0.014445000000000001,0.0,0.008611666666666665,0.0,0.01139,0,11,0,6,0,2,NA,2023-10-16 12:48:22.900000,NA,2023-10-17 12:03:12.781000,NA,2023-10-16 12:48:30.668000,week_3,0.15972166666666668,3.0,2023-10-16 12:48:45.156000,3.3833333333333333,3.0,2023-10-17 12:03:02.387000,NA,NA,NA,NA,NA,NA,NA,NA,NA,NA,NA,NA,NA,NA,NA,NA,NA,NA,NA,NA,NA,NA
76.2,Sweden,1977,Male,"CAH15-01	Sociology, social policy and anthropology",169,16/10/23 - 22/10/23,0.0,0.14639,0.0,0.0,0.0,0.0,0.0,00:08:47,02:03:55,4,6,0.0,0.0027783333333333336,0.0,0.0,0.0,0.0,0,3,0,0,0,0,NA,2023-10-17 09:39:46.733000,NA,NA,NA,NA,week_3,0.10111166666666667,1.0,2023-10-17 14:35:25.809000,0.0,2.0,2023-10-17 09:39:50.661000,NA,NA,NA,NA,NA,NA,NA,NA,NA,NA,NA,NA,NA,NA,NA,NA,NA,NA,NA,NA,NA,NA
73.4,Pakistan,1987,Male,CAH11-01	Computing,170,16/10/23 - 22/10/23,0.005,1.3691666666666669,0.0,0.0,0.0,0.0,0.0,01:22:27,02:03:55,3,5,0.0,0.0030566666666666663,0.0,0.0,0.0,0.0,0,4,0,0,0,0,NA,2023-10-16 22:25:59.813000,NA,NA,NA,NA,week_3,0.47361166666666665,2.0,2023-10-16 22:26:03.906000,0.0016666666666666668,2.0,2023-10-17 15:30:35.827000,NA,NA,NA,NA,NA,NA,NA,NA,NA,NA,NA,NA,NA,NA,NA,NA,NA,NA,NA,NA,NA,NA
73.2,India,2001,Male,CAH10-01	Engineering,171,16/10/23 - 22/10/23,0.4374983333333333,7.515278333333333,0.0,0.0,0.0,0.0,0.0,07:57:10,02:03:55,10,19,0.0,0.028055,0.0,0.001945,0.0013883333333333332,0.04861166666666667,0,14,0,1,1,4,NA,2023-10-16 11:12:58.082000,NA,2023-10-16 16:58:36.825000,2023-10-16 11:13:02.019000,2023-10-16 11:13:09.306000,week_3,5.8777783333333335,9.0,2023-10-16 11:13:19.841000,0.001945,3.0,2023-10-16 11:13:27.228000,NA,NA,NA,NA,NA,NA,NA,NA,NA,NA,NA,NA,NA,NA,NA,NA,NA,NA,NA,NA,NA,NA
63.8,Nigeria,2001,Male,"CAH26-01 Geography, earth and environmental studies",172,16/10/23 - 22/10/23,0.018888333333333333,0.014445000000000001,0.0,0.0,0.0,0.0,0.0,00:02:00,02:03:55,4,6,0.0,0.005278333333333333,0.0,0.0,0.0,0.011666666666666665,0,5,0,0,0,2,NA,2023-10-16 20:07:56.131000,NA,NA,NA,2023-10-16 20:08:00.265000,week_3,0.006666666666666667,4.0,2023-10-16 20:08:59.542000,0.0,0.0,NA,NA,NA,NA,NA,NA,NA,NA,NA,NA,NA,NA,NA,NA,NA,NA,NA,NA,NA,NA,NA,NA,NA
74.0,Viet Nam,1998,Male,CAH11-01	Computing,173,16/10/23 - 22/10/23,0.0,3.6713883333333333,0.0,0.0,0.0,0.0,0.0,03:40:17,02:03:55,5,5,0.0,0.013611666666666668,0.0,0.0,0.0,0.09416666666666668,0,11,0,0,0,1,NA,2023-10-17 12:35:39.303000,NA,NA,NA,2023-10-17 12:48:01.944000,week_3,1.3908333333333334,4.0,2023-10-17 12:35:57.954000,0.1875,5.0,2023-10-17 12:35:42.900000,NA,NA,NA,NA,NA,NA,NA,NA,NA,NA,NA,NA,NA,NA,NA,NA,NA,NA,NA,NA,NA,NA
64.6,China,2002,Male,CAH11-01	Computing,174,16/10/23 - 22/10/23,0.5188883333333334,1.8425,0.0,0.0,0.0,0.018888333333333333,0.0,02:22:49,02:03:55,4,11,0.0,0.007500000000000001,0.0,0.0,0.0,0.508055,0,11,0,0,0,2,NA,2023-10-16 08:31:58.038000,NA,NA,NA,2023-10-16 20:31:35.642000,week_3,1.795555,6.0,2023-10-16 08:32:00.484000,0.06194500000000001,3.0,2023-10-17 14:24:15.730000,NA,NA,NA,NA,NA,NA,NA,NA,NA,NA,NA,NA,NA,NA,NA,NA,NA,NA,NA,NA,NA,NA
71.2,Nigeria,1996,Female,CAH17-01	Business and management,175,16/10/23 - 22/10/23,0.46499999999999997,3.0386116666666667,0.028611666666666664,0.004445,0.034444999999999996,0.0,0.0,03:34:16,02:03:55,5,10,0.0,0.008056666666666667,0.0,0.0,0.0,0.0,0,6,0,0,0,0,NA,2023-10-16 15:21:25.859000,NA,NA,NA,NA,week_3,1.413055,3.0,2023-10-16 15:21:31.931000,1.6177783333333335,3.0,2023-10-17 12:25:13.637000,NA,NA,NA,NA,NA,NA,NA,NA,NA,NA,NA,NA,NA,NA,NA,NA,NA,NA,NA,NA,NA,NA
64.4,Nigeria,1980,Female,CAH09-01	Mathematical sciences,176,16/10/23 - 22/10/23,0.5316666666666666,2.059445,0.0,0.0,0.0,0.07027833333333335,0.0,02:39:41,02:03:55,6,10,0.0,0.014445000000000001,0.0,0.010278333333333334,0.2875,1.1541666666666666,0,11,0,1,2,2,NA,2023-10-17 03:03:50.376000,NA,2023-10-17 03:04:48.513000,2023-10-17 03:05:30.155000,2023-10-17 03:19:17.161000,week_3,0.27666666666666667,3.0,2023-10-17 04:28:39.871000,0.0,0.0,NA,NA,NA,NA,NA,NA,NA,NA,NA,NA,NA,NA,NA,NA,NA,NA,NA,NA,NA,NA,NA,NA,NA
66.2,Nigeria,2001,Female,CAH17-01	Business and management,177,16/10/23 - 22/10/23,0.0,1.9636116666666668,0.0,0.0,0.0,0.0,0.007778333333333333,01:58:17,02:03:55,5,13,0.0,0.11972166666666667,0.0,0.0013883333333333332,0.0,0.0,0,7,0,4,0,0,NA,2023-10-17 01:11:11.139000,NA,2023-10-17 12:24:46.438000,NA,NA,week_3,0.5622233333333333,3.0,2023-10-17 12:24:57.676000,0.0,3.0,2023-10-17 01:11:34.892000,NA,NA,NA,NA,NA,NA,NA,NA,NA,NA,NA,NA,NA,NA,NA,NA,NA,NA,NA,NA,NA,NA
63.0,Australia,1977,Female,CAH16-01	Law,178,16/10/23 - 22/10/23,0.14833333333333334,3.5663883333333333,0.0,0.0,0.0,0.0,0.0,03:42:53,02:03:55,2,4,0.0,0.009443333333333333,0.0,0.0,0.0,0.0,0,2,0,0,0,0,NA,2023-10-16 17:19:00.156000,NA,NA,NA,NA,week_3,2.265555,2.0,2023-10-16 17:19:25.796000,0.0,0.0,NA,NA,NA,NA,NA,NA,NA,NA,NA,NA,NA,NA,NA,NA,NA,NA,NA,NA,NA,NA,NA,NA,NA
65.8,United Kingdom of Great Britain and Northern Ireland,2001,Male,CAH11-01	Computing,179,16/10/23 - 22/10/23,0.0,1.7344450000000002,0.0,0.0,0.0,0.0,0.0,01:44:04,02:03:55,3,3,0.0,0.001945,0.0,0.0,0.0,0.0,0,4,0,0,0,0,NA,2023-10-17 14:11:42.362000,NA,NA,NA,NA,week_3,1.7286116666666667,2.0,2023-10-17 14:11:47.780000,0.000555,2.0,2023-10-17 14:11:43.869000,NA,NA,NA,NA,NA,NA,NA,NA,NA,NA,NA,NA,NA,NA,NA,NA,NA,NA,NA,NA,NA,NA
73.2,India,2000,Male,CAH10-01	Engineering,180,16/10/23 - 22/10/23,0.07055499999999999,2.8375,0.0,0.0,0.0,0.0,0.0,02:54:29,02:03:55,5,8,0.0,2.838331666666667,0.0,0.0,0.001945,0.0008333333333333334,0,6,0,0,1,1,NA,2023-10-16 13:49:19.189000,NA,NA,2023-10-16 23:09:14.341000,2023-10-16 23:09:23.155000,week_3,0.0,2.0,2023-10-16 13:50:12.893000,0.011945,1.0,2023-10-16 13:49:25.223000,NA,NA,NA,NA,NA,NA,NA,NA,NA,NA,NA,NA,NA,NA,NA,NA,NA,NA,NA,NA,NA,NA
64.4,Nigeria,1976,Female,CAH17-01	Business and management,181,16/10/23 - 22/10/23,0.023888333333333334,0.4675,0.0,0.0,0.01861166666666667,0.005555000000000001,0.0,00:30:56,02:03:55,3,9,0.0,0.01139,0.0,0.0,0.0,0.0,0,6,0,0,0,0,NA,2023-10-16 20:34:06.274000,NA,NA,NA,NA,week_3,0.0,2.0,2023-10-16 20:34:43.133000,0.003055,3.0,2023-10-16 20:34:16.816000,NA,NA,NA,NA,NA,NA,NA,NA,NA,NA,NA,NA,NA,NA,NA,NA,NA,NA,NA,NA,NA,NA
63.4,Sri Lanka,2000,Female,CAH17-01	Business and management,182,16/10/23 - 22/10/23,0.0,1.68611,0.0,0.0,0.0,0.0,0.0,01:41:10,02:03:55,3,7,0.0,0.008611666666666665,0.0,0.0,0.0,0.0,0,5,0,0,0,0,NA,2023-10-17 05:02:07.130000,NA,NA,NA,NA,week_3,1.6675,4.0,2023-10-17 05:02:18.783000,0.0,1.0,2023-10-17 15:47:21.821000,NA,NA,NA,NA,NA,NA,NA,NA,NA,NA,NA,NA,NA,NA,NA,NA,NA,NA,NA,NA,NA,NA
68.6,Viet Nam,1997,Female,CAH17-01	Business and management,183,16/10/23 - 22/10/23,0.0,2.9883333333333337,0.0,0.0,0.003055,0.0033333333333333335,0.0,02:59:41,02:03:55,3,5,0.0,0.533055,0.0,0.0,0.0,0.0,0,9,0,0,0,0,NA,2023-10-17 14:10:14.847000,NA,NA,NA,NA,week_3,1.0138883333333333,3.0,2023-10-17 14:42:09.313000,1.4280549999999999,6.0,2023-10-17 14:41:51.278000,NA,NA,NA,NA,NA,NA,NA,NA,NA,NA,NA,NA,NA,NA,NA,NA,NA,NA,NA,NA,NA,NA
73.0,Thailand,2001,Male,CAH17-01	Business and management,184,16/10/23 - 22/10/23,0.07666666666666666,1.7402783333333334,0.0033333333333333335,0.0,0.0,0.0,0.018333333333333333,01:50:19,02:03:55,7,18,0.0,1.6961116666666667,0.0,0.000555,0.0,0.02361,0,13,0,1,1,3,NA,2023-10-16 14:26:35.896000,NA,2023-10-18 23:34:00.656000,2023-10-18 23:34:06.928000,2023-10-16 14:26:41.814000,week_3,0.0022216666666666665,5.0,2023-10-16 14:28:51.929000,0.0625,3.0,2023-10-16 16:04:47.767000,NA,NA,NA,NA,NA,NA,NA,NA,NA,NA,NA,NA,NA,NA,NA,NA,NA,NA,NA,NA,NA,NA
67.4,United Kingdom of Great Britain and Northern Ireland,2001,Male,CAH04-01	Psychology,185,16/10/23 - 22/10/23,0.0,1.5322216666666664,0.0,0.171945,0.0,0.0,0.0,01:42:15,02:03:55,3,5,0.0,0.008888333333333333,0.0,0.0,0.0,0.0,0,6,0,0,0,0,NA,2023-10-17 13:06:33.906000,NA,NA,NA,NA,week_3,1.2158333333333333,3.0,2023-10-17 13:06:51.749000,0.15638833333333332,2.0,2023-10-17 15:09:35.159000,NA,NA,NA,NA,NA,NA,NA,NA,NA,NA,NA,NA,NA,NA,NA,NA,NA,NA,NA,NA,NA,NA
62.4,Iran,1995,Female,CAH10-01	Engineering,186,16/10/23 - 22/10/23,1.3430549999999999,2.4202783333333335,0.0,0.0,0.0,0.0,0.0,03:45:48,02:03:55,4,6,0.0,0.005278333333333333,0.0,0.0,0.0,0.0,0,6,0,0,0,0,NA,2023-10-16 18:54:02.380000,NA,NA,NA,NA,week_3,3.0125,4.0,2023-10-16 18:54:08.889000,0.34388833333333335,2.0,2023-10-17 15:09:52.390000,NA,NA,NA,NA,NA,NA,NA,NA,NA,NA,NA,NA,NA,NA,NA,NA,NA,NA,NA,NA,NA,NA
64.8,United Kingdom of Great Britain and Northern Ireland,1997,Female,CAH09-01	Mathematical sciences,187,16/10/23 - 22/10/23,0.0,3.8155550000000003,0.0,0.0,0.0,0.0,0.0,03:48:56,02:03:55,3,7,0.0,0.014998333333333334,0.0,0.0,0.0,0.0,0,9,0,0,0,0,NA,2023-10-17 11:18:41.505000,NA,NA,NA,NA,week_3,3.4466666666666668,5.0,2023-10-17 11:18:51.477000,0.3458333333333333,2.0,2023-10-17 11:18:44.050000,NA,NA,NA,NA,NA,NA,NA,NA,NA,NA,NA,NA,NA,NA,NA,NA,NA,NA,NA,NA,NA,NA
52.4,Egypt,1986,Male,CAH10-01	Engineering,188,16/10/23 - 22/10/23,0.005278333333333333,1.2783333333333333,0.0033333333333333335,0.0,0.0,0.0,0.0,01:17:13,02:03:55,3,6,0.0,0.006943333333333333,0.0,0.004166666666666667,0.0,0.0,0,4,0,1,0,0,NA,2023-10-16 20:30:16.569000,NA,2023-10-17 14:08:51.727000,NA,NA,week_3,1.2622216666666666,3.0,2023-10-16 20:30:24.307000,0.0,0.0,NA,NA,NA,NA,NA,NA,NA,NA,NA,NA,NA,NA,NA,NA,NA,NA,NA,NA,NA,NA,NA,NA,NA
63.8,Sri Lanka,1987,Female,CAH10-01	Engineering,189,16/10/23 - 22/10/23,0.0025,1.8944450000000002,0.0,0.0,0.0,0.0,0.016666666666666666,01:54:49,02:03:55,3,9,0.0,0.009166666666666667,0.0,0.0,0.0,0.0,0,6,0,0,0,0,NA,2023-10-16 16:37:50.430000,NA,NA,NA,NA,week_3,1.3133333333333332,4.0,2023-10-16 16:37:56.517000,0.5433333333333333,3.0,2023-10-17 15:20:39.555000,NA,NA,NA,NA,NA,NA,NA,NA,NA,NA,NA,NA,NA,NA,NA,NA,NA,NA,NA,NA,NA,NA
73.8,Algeria,1996,Male,NA,190,16/10/23 - 22/10/23,0.009721666666666665,2.4752783333333337,0.0016666666666666668,0.0,0.005555000000000001,0.004166666666666667,0.0011116666666666666,02:29:51,02:03:55,4,16,0.0,0.011111666666666667,0.0,0.0,0.0,0.0,0,11,0,0,0,0,NA,2023-10-16 12:11:29.160000,NA,NA,NA,NA,week_3,2.4625,5.0,2023-10-16 12:11:39.042000,0.003055,6.0,2023-10-17 14:33:24.482000,NA,NA,NA,NA,NA,NA,NA,NA,NA,NA,NA,NA,NA,NA,NA,NA,NA,NA,NA,NA,NA,NA
62.4,Sri Lanka,1996,Female,CAH17-01	Business and management,191,16/10/23 - 22/10/23,0.22583333333333336,7.472778333333333,0.0,0.0,0.0,0.0,0.0,07:41:55,02:03:55,5,8,0.0,0.009998333333333333,0.0,0.0,0.0027783333333333336,0.003055,0,9,0,0,1,1,NA,2023-10-16 11:26:37.737000,NA,NA,2023-10-16 16:17:10.164000,2023-10-16 16:17:25.382000,week_3,7.4991666666666665,5.0,2023-10-16 16:17:40.253000,0.0027783333333333336,1.0,2023-10-16 11:26:41.016000,NA,NA,NA,NA,NA,NA,NA,NA,NA,NA,NA,NA,NA,NA,NA,NA,NA,NA,NA,NA,NA,NA
73.0,Iran,1988,Male,CAH10-01	Engineering,192,16/10/23 - 22/10/23,2.983611666666667,0.0,0.0,0.0,0.0,0.0,0.0,02:59:01,02:03:55,3,3,0.0,0.007221666666666667,0.0,0.0,0.0,0.0,0,3,0,0,0,0,NA,2023-10-16 19:27:35.063000,NA,NA,NA,NA,week_3,2.884721666666666,1.0,2023-10-16 19:31:43.831000,0.043333333333333335,2.0,2023-10-16 19:27:42.868000,NA,NA,NA,NA,NA,NA,NA,NA,NA,NA,NA,NA,NA,NA,NA,NA,NA,NA,NA,NA,NA,NA
73.0,Sri Lanka,1996,Female,CAH09-01	Mathematical sciences,193,16/10/23 - 22/10/23,0.0725,0.0,0.0,0.0,0.0,0.0,0.0,00:04:21,02:03:55,4,4,0.0,0.006666666666666667,0.0,0.0,0.0,0.018888333333333333,0,4,0,0,0,3,NA,2023-10-16 19:11:35.022000,NA,NA,NA,2023-10-16 19:11:44.409000,week_3,0.03888833333333333,2.0,2023-10-16 19:12:34.764000,0.0,0.0,NA,NA,NA,NA,NA,NA,NA,NA,NA,NA,NA,NA,NA,NA,NA,NA,NA,NA,NA,NA,NA,NA,NA
69.2,India,1996,Male,CAH17-01	Business and management,194,16/10/23 - 22/10/23,0.0,0.0,0.0,0.0,0.0,0.0,0.0,00:00:00,02:03:55,0,0,0.0,0.0,0.0,0.0,0.0,0.0,0,0,0,0,0,0,NA,NA,NA,NA,NA,NA,week_3,0.0,0.0,NA,0.0,0.0,NA,NA,NA,NA,NA,NA,NA,NA,NA,NA,NA,NA,NA,NA,NA,NA,NA,NA,NA,NA,NA,NA,NA
62.4,India,1997,Male,CAH10-01	Engineering,195,16/10/23 - 22/10/23,0.8888883333333334,2.868333333333333,0.0,0.0,1.065555,0.0,0.135555,04:57:29,02:03:55,4,11,0.0,0.007500000000000001,0.0,0.000555,0.0,0.0,0,13,0,1,0,0,NA,2023-10-16 23:23:00.393000,NA,2023-10-20 11:57:26.050000,NA,NA,week_3,2.4941666666666666,4.0,2023-10-16 23:26:21.191000,2.3983333333333334,9.0,2023-10-16 23:23:03.147000,NA,NA,NA,NA,NA,NA,NA,NA,NA,NA,NA,NA,NA,NA,NA,NA,NA,NA,NA,NA,NA,NA
70.0,Nigeria,1991,Male,CAH11-01	Computing,196,16/10/23 - 22/10/23,0.024721666666666666,0.0,0.0,0.0,0.0,0.0,0.0,00:01:29,02:03:55,1,1,0.0,0.0,0.0,0.0,0.0,0.0,0,1,0,0,0,0,NA,2023-10-16 14:52:01.426000,NA,NA,NA,NA,week_3,0.0,0.0,NA,0.0,0.0,NA,NA,NA,NA,NA,NA,NA,NA,NA,NA,NA,NA,NA,NA,NA,NA,NA,NA,NA,NA,NA,NA,NA
58.0,Nigeria,1997,Female,CAH15-02	Economics,197,16/10/23 - 22/10/23,0.023611666666666663,1.7761116666666668,0.22944333333333333,0.0036116666666666667,0.0,0.0,0.043333333333333335,02:04:34,02:03:55,6,20,0.0,0.6427766666666667,0.0,0.0008333333333333334,0.0,0.021111666666666664,0,15,0,2,0,3,NA,2023-10-16 14:05:11.200000,NA,2023-10-17 13:16:34.480000,NA,2023-10-17 13:15:03.061000,week_3,1.0958333333333334,6.0,2023-10-17 13:16:39.596000,0.21944499999999997,4.0,2023-10-17 15:55:38.996000,NA,NA,NA,NA,NA,NA,NA,NA,NA,NA,NA,NA,NA,NA,NA,NA,NA,NA,NA,NA,NA,NA
57.0,United Kingdom of Great Britain and Northern Ireland,2000,Female,CAH04-01	Psychology,198,16/10/23 - 22/10/23,0.0,0.05472166666666666,0.0,0.0,0.0,0.0,1.1822216666666665,01:14:13,02:03:55,3,6,0.0,0.007778333333333333,0.0,0.0,0.0,0.0,0,5,0,0,0,0,NA,2023-10-17 13:37:07.555000,NA,NA,NA,NA,week_3,0.576945,2.0,2023-10-17 13:37:10.486000,0.6383333333333333,3.0,2023-10-17 13:39:37.778000,NA,NA,NA,NA,NA,NA,NA,NA,NA,NA,NA,NA,NA,NA,NA,NA,NA,NA,NA,NA,NA,NA
68.6,Malaysia,2000,Female,CAH17-01	Business and management,199,16/10/23 - 22/10/23,0.0,0.0,0.0,0.0,0.0,0.0,0.0,00:00:00,02:03:55,0,0,0.0,0.0,0.0,0.0,0.0,0.0,0,0,0,0,0,0,NA,NA,NA,NA,NA,NA,week_3,0.0,0.0,NA,0.0,0.0,NA,NA,NA,NA,NA,NA,NA,NA,NA,NA,NA,NA,NA,NA,NA,NA,NA,NA,NA,NA,NA,NA,NA
63.2,United Kingdom of Great Britain and Northern Ireland,2001,Female,CAH15-02	Economics,200,16/10/23 - 22/10/23,0.0,0.0,0.0,0.0,0.0,0.0,0.014721666666666666,00:00:53,02:03:55,3,3,0.0,0.001945,0.0,0.0,0.0,0.0,0,2,0,0,0,0,NA,2023-10-22 23:15:37.332000,NA,NA,NA,NA,week_3,0.006944999999999999,1.0,2023-10-22 23:15:41.090000,0.0,1.0,2023-10-22 23:16:09.587000,NA,NA,NA,NA,NA,NA,NA,NA,NA,NA,NA,NA,NA,NA,NA,NA,NA,NA,NA,NA,NA,NA
71.2,China,2002,Male,CAH11-01	Computing,201,16/10/23 - 22/10/23,0.13944499999999999,2.6213883333333334,0.0,0.0,0.0,0.0,0.0,02:45:39,02:03:55,6,11,0.0,0.01638833333333333,0.0,0.00027833333333333334,0.0,0.07916666666666666,0,14,0,1,0,6,NA,2023-10-16 19:45:57.494000,NA,2023-10-16 21:59:06.968000,NA,2023-10-16 19:46:02.924000,week_3,2.5608333333333335,5.0,2023-10-16 22:00:51.137000,0.0011116666666666666,2.0,2023-10-16 21:53:51.742000,NA,NA,NA,NA,NA,NA,NA,NA,NA,NA,NA,NA,NA,NA,NA,NA,NA,NA,NA,NA,NA,NA
68.2,Iran,1992,Female,CAH10-01	Engineering,202,16/10/23 - 22/10/23,2.758888333333333,0.7930550000000001,0.0,0.0,0.0,0.0,3.1027783333333336,06:39:17,02:03:55,4,8,0.0,0.09000000000000001,0.0,0.0,0.0,0.0,0,10,0,0,0,0,NA,2023-10-16 21:36:01.863000,NA,NA,NA,NA,week_3,3.5386116666666667,3.0,2023-10-16 21:36:08.556000,2.076111666666667,6.0,2023-10-17 15:20:35.636000,NA,NA,NA,NA,NA,NA,NA,NA,NA,NA,NA,NA,NA,NA,NA,NA,NA,NA,NA,NA,NA,NA
73.2,Pakistan,1994,Male,CAH10-01	Engineering,203,16/10/23 - 22/10/23,0.014445000000000001,0.0,0.0,0.010278333333333334,0.0,0.0,0.0,00:01:29,02:03:55,0,0,0.0,0.0,0.0,0.0,0.0,0.0,0,0,0,0,0,0,NA,NA,NA,NA,NA,NA,week_3,0.0,0.0,NA,0.0,0.0,NA,NA,NA,NA,NA,NA,NA,NA,NA,NA,NA,NA,NA,NA,NA,NA,NA,NA,NA,NA,NA,NA,NA
52.5,India,1999,Male,CAH10-01	Engineering,204,16/10/23 - 22/10/23,0.0,0.0,0.0,0.0,0.0,0.0,0.0,00:00:00,02:03:55,0,0,0.0,0.0,0.0,0.0,0.0,0.0,0,0,0,0,0,0,NA,NA,NA,NA,NA,NA,week_3,0.0,0.0,NA,0.0,0.0,NA,NA,NA,NA,NA,NA,NA,NA,NA,NA,NA,NA,NA,NA,NA,NA,NA,NA,NA,NA,NA,NA,NA
68.6,Myanmar,2001,Female,CAH17-01	Business and management,205,16/10/23 - 22/10/23,0.0,0.0,0.0,0.0,0.0,0.0,0.0,00:00:00,02:03:55,0,0,0.0,0.0,0.0,0.0,0.0,0.0,0,0,0,0,0,0,NA,NA,NA,NA,NA,NA,week_3,0.0,0.0,NA,0.0,0.0,NA,NA,NA,NA,NA,NA,NA,NA,NA,NA,NA,NA,NA,NA,NA,NA,NA,NA,NA,NA,NA,NA,NA
73.8,Turkey,1999,Female,CAH10-01	Engineering,206,16/10/23 - 22/10/23,0.01,0.0,0.0,0.0,0.0,0.0,0.0,00:00:36,02:03:55,2,2,0.0,0.004445,0.0,0.0,0.0,0.0,0,1,0,0,0,0,NA,2023-10-16 21:22:37.665000,NA,NA,NA,NA,week_3,0.0,1.0,2023-10-16 21:22:53.153000,0.0,0.0,NA,NA,NA,NA,NA,NA,NA,NA,NA,NA,NA,NA,NA,NA,NA,NA,NA,NA,NA,NA,NA,NA,NA
71.6,Nigeria,1994,Male,CAH15-02	Economics,207,16/10/23 - 22/10/23,0.0,0.0,0.0,0.0,0.0,0.0,0.0,00:00:00,02:03:55,0,0,0.0,0.0,0.0,0.0,0.0,0.0,0,0,0,0,0,0,NA,NA,NA,NA,NA,NA,week_3,0.0,0.0,NA,0.0,0.0,NA,NA,NA,NA,NA,NA,NA,NA,NA,NA,NA,NA,NA,NA,NA,NA,NA,NA,NA,NA,NA,NA,NA
60.4,India,1992,Male,CAH19-01	English studies,208,16/10/23 - 22/10/23,0.0,3.195556666666667,0.0,0.0,0.0,0.01583333333333333,0.0,03:12:41,02:03:55,4,7,0.0,0.010833333333333334,0.0,0.006666666666666667,0.0,0.0,0,5,0,2,0,1,NA,2023-10-17 11:03:30.588000,NA,2023-10-17 11:03:12.515000,NA,2023-10-17 11:04:35.904000,week_3,3.1566666666666667,4.0,2023-10-17 11:03:50.363000,0.0,0.0,NA,NA,NA,NA,NA,NA,NA,NA,NA,NA,NA,NA,NA,NA,NA,NA,NA,NA,NA,NA,NA,NA,NA
64.0,Bangladesh,1996,Female,CAH17-01	Business and management,209,16/10/23 - 22/10/23,0.14194500000000002,1.7916666666666667,0.0,0.0,0.0,0.0,0.2913883333333333,02:13:30,02:03:55,7,20,0.0,0.025833333333333333,0.0,0.001945,0.005278333333333333,0.013889999999999998,0,13,0,2,1,2,NA,2023-10-16 22:02:12.571000,NA,2023-10-16 23:13:39.043000,2023-10-22 22:46:04.414000,2023-10-16 23:13:14.354000,week_3,1.8552783333333336,6.0,2023-10-16 22:02:21.044000,0.0,4.0,2023-10-17 15:55:57.897000,NA,NA,NA,NA,NA,NA,NA,NA,NA,NA,NA,NA,NA,NA,NA,NA,NA,NA,NA,NA,NA,NA
73.0,Sri Lanka,1996,Female,CAH11-01	Computing,210,16/10/23 - 22/10/23,0.0033333333333333335,1.6522233333333332,0.0,0.0,0.0,0.0,0.0,01:39:20,02:03:55,4,8,0.0,0.015276666666666668,0.0,0.0008333333333333334,0.0,0.0,0,7,0,1,0,0,NA,2023-10-16 18:17:25.829000,NA,2023-10-17 15:21:11.530000,NA,NA,week_3,1.5630549999999999,3.0,2023-10-16 18:17:31.494000,0.06666666666666667,4.0,2023-10-17 15:21:16.690000,NA,NA,NA,NA,NA,NA,NA,NA,NA,NA,NA,NA,NA,NA,NA,NA,NA,NA,NA,NA,NA,NA
61.8,Myanmar,1998,Female,CAH11-01	Computing,211,16/10/23 - 22/10/23,0.5927766666666667,0.06805499999999999,0.0,0.0,0.013333333333333334,0.0011116666666666666,0.0013883333333333332,00:40:35,02:03:55,6,18,0.0,0.008055,0.0,0.004166666666666667,0.0,0.0,0,9,0,2,0,1,NA,2023-10-16 02:55:08.780000,NA,2023-10-16 12:47:49.873000,NA,2023-10-16 16:08:27.832000,week_3,0.06972166666666667,5.0,2023-10-16 02:55:10.995000,0.006111666666666666,3.0,2023-10-20 23:46:46.963000,NA,NA,NA,NA,NA,NA,NA,NA,NA,NA,NA,NA,NA,NA,NA,NA,NA,NA,NA,NA,NA,NA
63.0,United States of America,2001,Male,CAH11-01	Computing,212,16/10/23 - 22/10/23,0.0,1.6869450000000001,0.0016666666666666668,0.0,0.0,0.0,0.0,01:41:19,02:03:55,5,5,0.0,0.005,0.0,0.0,0.0,0.001945,0,4,0,1,0,1,NA,2023-10-17 14:09:52.829000,NA,2023-10-17 15:50:46.822000,NA,2023-10-17 14:10:03.635000,week_3,1.6344450000000001,2.0,2023-10-17 14:10:12.836000,0.025278333333333333,1.0,2023-10-17 15:49:15.867000,NA,NA,NA,NA,NA,NA,NA,NA,NA,NA,NA,NA,NA,NA,NA,NA,NA,NA,NA,NA,NA,NA
60.0,Nigeria,1996,Male,"CAH13-01	Architecture, building and planning",1,24/10/22 - 30/10/22,0.0,1.3247216666666666,0.006944999999999999,0.0,0.0,0.0,0.0,01:19:54,02:10:52,4,6,0.0,0.008333333333333333,0.0,0.0,0.0,0.0,0,5,0,0,0,0,NA,2022-10-25 14:21:20.596000,NA,NA,NA,NA,week5,0.005555000000000001,1,2022-10-25 14:22:57.516000,NA,3,2022-10-25 14:21:29.843000,1.08889,0.0,0.0,0.0,1.0,1.0,1.0,2022-10-25 15:39:59.451000,2022-10-25 15:39:59.451000,2022-10-25 15:39:59.451000,NA,NA,NA,NA,NA,NA,NA,NA,NA,NA,NA,NA
70.0,Nigeria,1996,Male,CAH07-02	Chemistry,2,24/10/22 - 30/10/22,0.06527666666666668,1.4566666666666668,0.0,0.0,0.0,0.0,0.0,01:31:19,02:10:52,0,0,0.0,0.0,0.0,0.0,0.0,0.0,0,0,0,0,0,0,NA,NA,NA,NA,NA,NA,week5,0.0,0,NA,NA,0,NA,0.0,0.0,0.0,0.0,0.0,0.0,0.0,NA,NA,NA,NA,NA,NA,NA,NA,NA,NA,NA,NA,NA,NA,NA
65.0,Nigeria,1990,Female,CAH15-02	Economics,3,24/10/22 - 30/10/22,0.025,0.855,0.0,0.0,0.0,2.3066666666666666,0.013333333333333334,03:12:00,02:10:52,6,8,0.0,0.005,0.0013883333333333332,0.0022216666666666665,0.0,0.0,0,3,1,1,0,0,NA,2022-10-24 21:59:39.534000,2022-10-25 11:53:08.802000,2022-10-25 11:53:48.717000,NA,NA,week5,0.0,0,NA,NA,1,2022-10-24 21:59:45.768000,0.0,0.83,0.83,0.83,1.0,1.0,1.0,2022-10-30 00:08:43.882000,2022-10-30 00:08:43.882000,2022-10-30 00:08:43.882000,NA,NA,NA,NA,NA,NA,NA,NA,NA,NA,NA,NA
55.0,Nigeria,1991,Male,CAH15-02	Economics,4,24/10/22 - 30/10/22,1.716945,4.349166666666666,0.005278333333333333,0.0,0.0,0.0,0.0,06:04:17,02:10:52,0,0,0.0,0.0,0.0,0.0,0.0,0.0,0,0,0,0,0,0,NA,NA,NA,NA,NA,NA,week5,0.0,0,NA,NA,0,NA,0.0,0.0,0.0,0.0,0.0,0.0,0.0,NA,NA,NA,NA,NA,NA,NA,NA,NA,NA,NA,NA,NA,NA,NA
65.0,Pakistan,1998,Male,CAH17-01	Business and management,5,24/10/22 - 30/10/22,0.0,0.0,0.0,1.318055,2.0194433333333333,0.0,0.0,03:20:14,02:10:52,7,8,0.0,0.008888333333333333,0.0016666666666666668,0.0,0.0,0.0,0,4,2,1,0,0,NA,2022-10-27 20:11:52.558000,2022-10-28 01:54:15.120000,2022-10-27 20:13:03.813000,NA,NA,week5,0.0,0,NA,NA,0,NA,0.0,0.0,0.0025,0.0025,0.0,1.0,1.0,NA,2022-10-25 12:41:53,2022-10-25 12:41:53,NA,NA,NA,NA,NA,NA,NA,NA,NA,NA,NA,NA
62.0,Nigeria,1985,Male,CAH10-01	Engineering,6,24/10/22 - 30/10/22,0.008611666666666665,0.5222216666666667,0.0011116666666666666,0.0,0.0,0.0,0.0,00:31:55,02:10:52,5,7,0.0,0.004443333333333333,0.0,0.0,0.0,0.0,0,4,0,1,0,0,NA,2022-10-25 11:19:21.757000,NA,2022-10-25 11:22:56.160000,NA,NA,week5,0.0,0,NA,NA,4,2022-10-25 11:19:24.926000,0.0325,0.0063883333333333335,0.0,0.0,1.0,0.0,0.0,2022-10-25 15:31:33.761000,NA,NA,NA,NA,NA,NA,NA,NA,NA,NA,NA,NA,NA,NA
61.0,Nigeria,1985,Male,CAH11-01	Computing,7,24/10/22 - 30/10/22,0.0,0.39138833333333334,0.25638833333333333,0.0,0.0,0.0,0.0,00:38:52,02:10:52,6,6,0.0,0.007221666666666667,0.0,0.0,0.04138833333333333,0.016111666666666666,0,5,0,0,1,1,NA,2022-10-26 18:19:33.555000,NA,NA,2022-10-26 18:19:38.314000,2022-10-26 18:22:13.039000,week5,0.015554999999999998,1,2022-10-26 18:23:19.423000,NA,1,2022-10-26 18:24:20.264000,0.013055,0.09666666666666666,0.0,0.0,1.0,0.0,0.0,2022-10-26 18:25:09.615000,NA,NA,NA,NA,NA,NA,NA,NA,NA,NA,NA,NA,NA,NA
77.0,United Kingdom of Great Britain and Northern Ireland,2001,Female,"CAH07-04	General, applied and forensic sciences",8,24/10/22 - 30/10/22,0.10972166666666666,2.9588883333333333,0.0,0.0,0.27749999999999997,0.023611666666666663,0.0,03:22:11,02:10:52,5,17,0.0,2.3213866666666667,0.013055,0.0,0.0,0.0,0,9,4,0,0,0,NA,2022-10-24 14:56:40.001000,2022-10-25 14:21:32.466000,NA,NA,NA,week5,0.0,0,NA,NA,3,2022-10-24 14:56:41.549000,0.13111166666666665,0.25805500000000003,0.0,0.0,4.0,0.0,0.0,2022-10-25 14:42:35.359000,NA,NA,NA,NA,NA,NA,NA,NA,NA,NA,NA,NA,NA,NA
61.0,Nigeria,1976,Male,CAH03-01	Biosciences,9,24/10/22 - 30/10/22,0.0,0.021666666666666667,0.0,0.0,0.0,0.0,0.164445,00:11:10,02:10:52,2,2,0.0,0.005833333333333333,0.0,0.0,0.0,0.0,0,1,0,0,0,0,NA,2022-10-30 13:57:14.276000,NA,NA,NA,NA,week5,0.0,0,NA,NA,0,NA,0.0,0.0,0.0,0.0,1.0,0.0,0.0,2022-10-30 13:57:34.787000,NA,NA,NA,NA,NA,NA,NA,NA,NA,NA,NA,NA,NA,NA
63.0,India,1998,Female,CAH11-01	Computing,10,24/10/22 - 30/10/22,0.06194500000000001,5.191111666666667,0.0,0.0,0.0,0.0,0.0,05:15:11,02:10:52,5,11,0.0,0.022500000000000003,0.005833333333333333,0.001945,0.0,0.0,0,12,3,1,0,0,NA,2022-10-24 15:14:59.041000,2022-10-24 15:14:50.181000,2022-10-25 13:46:02.831000,NA,NA,week5,0.06833333333333333,5,2022-10-24 15:17:12.391000,NA,6,2022-10-24 15:15:03.071000,2.84611,0.0,0.0,0.0,0.0,0.0,0.0,NA,NA,NA,NA,NA,NA,NA,NA,NA,NA,NA,NA,NA,NA,NA
67.0,Nigeria,1996,Female,CAH07-02	Chemistry,11,24/10/22 - 30/10/22,0.0,3.447221666666666,0.0,0.0,0.020833333333333332,0.0,0.0,03:28:05,02:10:52,1,1,0.0,0.008888333333333333,0.0,0.0,0.0,0.0,0,1,0,0,0,0,NA,2022-10-25 13:56:34.130000,NA,NA,NA,NA,week5,0.0,0,NA,NA,0,NA,0.0,0.0,0.0,0.0,0.0,0.0,0.0,NA,NA,NA,NA,NA,NA,NA,NA,NA,NA,NA,NA,NA,NA,NA
66.0,Nigeria,1986,Female,"CAH06-01	Agriculture, food and related studies",12,24/10/22 - 30/10/22,0.0,2.7191666666666667,0.0047216666666666665,0.0,0.0,1.5461116666666668,0.012778333333333334,04:16:58,02:10:52,5,7,0.0,0.011666666666666665,0.0013883333333333332,0.000555,0.0,0.0,0,3,1,1,0,0,NA,2022-10-25 15:40:14.210000,2022-10-26 19:17:37.549000,2022-10-25 21:41:21.758000,NA,NA,week5,0.0,0,NA,NA,2,2022-10-25 21:40:38.308000,0.041666666666666664,0.21888833333333332,0.0,0.0,2.0,0.0,0.0,2022-10-25 15:40:29.584000,NA,NA,NA,NA,NA,NA,NA,NA,NA,NA,NA,NA,NA,NA
76.0,United Kingdom of Great Britain and Northern Ireland,1995,Male,CAH11-01	Computing,13,24/10/22 - 30/10/22,0.46888833333333335,2.8805549999999998,0.003055,0.8122233333333333,0.0,0.0,0.0,04:09:53,02:10:52,8,12,0.0,0.00861,0.026388333333333337,0.017221666666666666,0.059445,0.0,0,7,4,2,3,0,NA,2022-10-25 15:42:50.696000,2022-10-27 21:00:17.756000,2022-10-27 21:13:03.268000,2022-10-27 21:55:02.317000,NA,week5,0.0,0,NA,NA,0,NA,0.0,0.21638833333333335,0.0,0.0,1.0,0.0,0.0,2022-10-25 15:42:53.834000,NA,NA,NA,NA,NA,NA,NA,NA,NA,NA,NA,NA,NA,NA
57.0,Bangladesh,1997,Female,CAH10-01	Engineering,14,24/10/22 - 30/10/22,0.0,0.28777833333333336,0.0047216666666666665,0.0,0.275555,0.0,1.7052783333333335,02:16:24,02:10:52,2,2,0.0,0.004445,0.0,0.0,0.0,0.0,0,1,0,0,0,0,NA,2022-10-28 14:13:26.726000,NA,NA,NA,NA,week5,0.0,0,NA,NA,0,NA,0.0,0.030000000000000002,0.0,0.0,1.0,0.0,0.0,2022-10-28 14:13:42.257000,NA,NA,NA,NA,NA,NA,NA,NA,NA,NA,NA,NA,NA,NA
64.0,Italy,2000,Female,CAH16-01	Law,15,24/10/22 - 30/10/22,1.735555,1.2841666666666667,0.0,0.0,0.0,0.0,0.0,03:01:11,02:10:52,7,12,0.0,0.009443333333333333,0.000555,0.0022216666666666665,0.0,0.0,0,7,1,1,0,0,NA,2022-10-24 11:11:27.992000,2022-10-25 15:25:25.801000,2022-10-24 15:31:56.465000,NA,NA,week5,0.03777666666666667,2,2022-10-24 15:44:46.756000,NA,4,2022-10-24 11:11:30.163000,1.7558333333333331,0.18222166666666667,0.0,0.0,1.0,0.0,0.0,2022-10-25 15:40:08.566000,NA,NA,NA,NA,NA,NA,NA,NA,NA,NA,NA,NA,NA,NA
64.0,Sri Lanka,1993,Female,CAH17-01	Business and management,16,24/10/22 - 30/10/22,0.030000000000000002,3.0277783333333335,0.0,0.0,0.0,0.0,0.0,03:03:28,02:10:52,5,10,0.0,0.007776666666666666,0.0,0.004166666666666667,0.0,0.0,6,0,2,0,0,0,NA,2022-10-24 10:24:00.282000,NA,2022-10-24 14:22:27.972000,NA,NA,week5,0.0,0,NA,NA,6,2022-10-24 10:24:14.116000,1.1977783333333334,0.083055,0.0,0.0,1.0,0.0,0.0,2022-10-25 15:33:06.682000,NA,NA,NA,NA,NA,NA,NA,NA,NA,NA,NA,NA,NA,NA
78.0,Viet Nam,1999,Male,CAH11-01	Computing,17,24/10/22 - 30/10/22,0.0,1.6061116666666668,0.0,0.005,0.0125,0.0,0.0,01:37:25,02:10:52,4,4,0.0,0.000555,0.0,0.0,0.0,0.0,0,1,0,0,0,0,NA,2022-10-25 10:20:44.710000,NA,NA,NA,NA,week5,0.0,0,NA,NA,1,2022-10-25 10:20:47.110000,0.0,0.0,0.0,0.0,0.0,0.0,0.0,NA,NA,NA,NA,NA,NA,NA,NA,NA,NA,NA,NA,NA,NA,NA
63.0,Viet Nam,1996,Female,CAH17-01	Business and management,18,24/10/22 - 30/10/22,2.978888333333333,0.8672216666666668,5.670833333333333,0.0,0.0,0.0,0.0,09:31:01,02:10:52,10,12,0.0,0.014445000000000001,0.010833333333333334,0.0,0.0,0.0,0,14,1,1,0,0,NA,2022-10-25 14:13:55.834000,2022-10-27 19:28:25.412000,2022-10-25 14:14:16.727000,NA,NA,week5,0.0,0,NA,NA,5,2022-10-25 14:13:58.392000,0.8683333333333334,0.005555000000000001,0.0011116666666666666,1.8230549999999999,7.0,2.0,2.0,2022-10-27 19:28:09.372000,2022-10-25 13:51:05,2022-10-25 14:04:05,NA,NA,NA,NA,NA,NA,NA,NA,NA,NA,NA,NA
62.0,United Kingdom of Great Britain and Northern Ireland,2001,Male,CAH15-02	Economics,19,24/10/22 - 30/10/22,0.025278333333333333,4.606943333333333,0.0,0.0,0.0,0.0,0.0011116666666666666,04:38:00,02:10:52,8,16,0.0,0.0275,0.000555,0.0,0.0,0.0022216666666666665,0,22,1,0,1,3,NA,2022-10-24 15:56:32.283000,2022-10-25 13:54:41.340000,NA,2022-11-01 13:51:36.800000,2022-10-24 15:57:53.837000,week5,2.420555,5,2022-10-24 15:56:50.991000,NA,6,2022-10-24 15:56:36.294000,0.7313883333333333,0.5963883333333334,0.0,0.0,4.0,0.0,0.0,2022-10-25 14:51:44.005000,NA,NA,NA,NA,NA,NA,NA,NA,NA,NA,NA,NA,NA,NA
62.0,Sri Lanka,1989,Female,CAH17-01	Business and management,20,24/10/22 - 30/10/22,0.008055,1.7927783333333336,0.0,0.0,0.0,0.0,0.001945,01:48:10,02:10:52,4,8,0.0,0.008888333333333333,0.0,0.0,0.0,0.0,0,11,0,0,0,0,NA,2022-10-24 13:29:03.053000,NA,NA,NA,NA,week5,0.18416666666666667,3,2022-10-24 13:29:05.960000,NA,3,2022-10-25 13:59:39.036000,1.2083333333333333,0.22916666666666666,0.0,0.0,5.0,0.0,0.0,2022-10-25 14:39:58.409000,NA,NA,NA,NA,NA,NA,NA,NA,NA,NA,NA,NA,NA,NA
66.0,Sri Lanka,1997,Male,CAH17-01	Business and management,21,24/10/22 - 30/10/22,0.008611666666666665,4.847221666666667,0.0,0.0,0.0,0.00027833333333333334,0.0,04:51:22,02:10:52,3,6,0.0,0.005278333333333333,0.0,0.0,0.0,0.0,0,5,0,0,0,0,NA,2022-10-24 13:20:44.388000,NA,NA,NA,NA,week5,0.0,0,NA,NA,2,2022-10-24 13:20:48.292000,1.0244449999999998,0.0036116666666666667,0.0,0.0,1.0,0.0,0.0,2022-10-25 15:42:06.132000,NA,NA,NA,NA,NA,NA,NA,NA,NA,NA,NA,NA,NA,NA
59.0,Nigeria,1990,Male,"CAH07-04	General, applied and forensic sciences",22,24/10/22 - 30/10/22,0.11638833333333333,1.5627783333333334,0.0,0.0,0.0,0.0,0.0,01:40:45,02:10:52,0,0,0.0,0.0,0.0,0.0,0.0,0.0,0,0,0,0,0,0,NA,NA,NA,NA,NA,NA,week5,0.0,0,NA,NA,0,NA,0.0,0.0,0.0,0.0,0.0,0.0,0.0,NA,NA,NA,NA,NA,NA,NA,NA,NA,NA,NA,NA,NA,NA,NA
67.0,Nigeria,1993,Female,CAH09-01	Mathematical sciences,23,24/10/22 - 30/10/22,0.0,2.944166666666667,0.0,0.0,0.0,0.0,0.0,02:56:39,02:10:52,3,3,0.0,0.004166666666666667,0.0,0.0,0.0,0.0,0,3,0,0,0,0,NA,2022-10-25 14:06:57.721000,NA,NA,NA,NA,week5,0.0,0,NA,NA,1,2022-10-25 14:07:09.059000,1.288055,0.09888833333333333,0.0,0.0,2.0,0.0,0.0,2022-10-25 15:24:27.961000,NA,NA,NA,NA,NA,NA,NA,NA,NA,NA,NA,NA,NA,NA
75.0,United Kingdom of Great Britain and Northern Ireland,1988,Male,CAH03-01	Biosciences,24,24/10/22 - 30/10/22,0.8975000000000001,3.4652766666666666,0.0011116666666666666,0.034166666666666665,0.0,0.0,0.0,04:23:53,02:10:52,4,7,0.0,0.0027783333333333336,0.0,0.0,0.0,0.0,0,4,1,0,0,0,NA,2022-10-25 15:07:45.612000,2022-10-27 16:16:48.892000,NA,NA,NA,week5,0.0,0,NA,NA,2,2022-10-25 15:07:49.534000,0.01583333333333333,0.21083333333333334,0.0,0.0,2.0,0.0,0.0,2022-10-25 15:08:48.817000,NA,NA,NA,NA,NA,NA,NA,NA,NA,NA,NA,NA,NA,NA
66.0,United Kingdom of Great Britain and Northern Ireland,2000,Male,CAH17-01	Business and management,25,24/10/22 - 30/10/22,0.0,0.0063883333333333335,0.0,0.0,0.0,0.0,0.0,00:00:23,02:10:52,2,2,0.0,0.001945,0.0,0.0,0.0,0.0,0,1,0,0,0,0,NA,2022-10-25 13:11:58.596000,NA,NA,NA,NA,week5,0.0,0,NA,NA,1,2022-10-25 13:12:05.698000,0.0,0.0,0.0,0.0,0.0,0.0,0.0,NA,NA,NA,NA,NA,NA,NA,NA,NA,NA,NA,NA,NA,NA,NA
83.0,United Kingdom of Great Britain and Northern Ireland,1998,Male,CAH15-02	Economics,26,24/10/22 - 30/10/22,0.0,4.08889,0.0013883333333333332,0.0,0.0,0.0,0.0047216666666666665,04:05:42,02:10:52,4,8,0.0,0.0025,0.0,0.00027833333333333334,0.0,0.0,0,4,0,1,0,0,NA,2022-10-25 11:54:12.541000,NA,2022-10-25 12:57:22.447000,NA,NA,week5,0.0,0,NA,NA,3,2022-10-25 11:54:13.972000,1.9052766666666667,0.4,0.0,0.0,2.0,0.0,0.0,2022-10-25 15:31:38.509000,NA,NA,NA,NA,NA,NA,NA,NA,NA,NA,NA,NA,NA,NA
71.0,Switzerland,1996,Female,CAH17-01	Business and management,27,24/10/22 - 30/10/22,0.0,0.0,0.0,0.0,1.0008333333333332,0.0,0.0,01:00:03,02:10:52,2,2,0.0,0.001945,0.0,0.0,0.0,0.0,0,2,0,0,0,0,NA,2022-10-28 16:13:58.515000,NA,NA,NA,NA,week5,0.0,0,NA,NA,0,NA,0.0,0.011945,0.0,0.0,2.0,0.0,0.0,2022-10-28 16:14:02.817000,NA,NA,NA,NA,NA,NA,NA,NA,NA,NA,NA,NA,NA,NA
82.0,United Kingdom of Great Britain and Northern Ireland,1995,Non-binary / third gender,"CAH15-01	Sociology, social policy and anthropology",28,24/10/22 - 30/10/22,0.0,0.0013883333333333332,0.041945,0.005,1.1013883333333332,0.0,0.0,01:08:59,02:10:52,3,6,0.0,0.0019433333333333336,0.0,0.0,0.0,0.0,0,3,0,0,0,0,NA,2022-10-25 11:40:08.508000,NA,NA,NA,NA,week5,0.0,0,NA,NA,1,2022-10-25 11:40:10.322000,0.0,1.1308333333333331,0.0,0.0,2.0,0.0,0.0,2022-10-26 10:31:41.231000,NA,NA,NA,NA,NA,NA,NA,NA,NA,NA,NA,NA,NA,NA
81.0,United Kingdom of Great Britain and Northern Ireland,1998,Male,CAH11-01	Computing,29,24/10/22 - 30/10/22,0.0,2.454445,0.0,0.0,0.0,0.0,0.0,02:27:16,02:10:52,3,4,0.0,0.0036100000000000004,0.0,0.0,0.0,0.0,0,3,0,0,0,0,NA,2022-10-25 14:14:28.496000,NA,NA,NA,NA,week5,0.0011116666666666666,1,2022-10-25 14:14:31.498000,NA,1,2022-10-25 14:14:37.370000,0.403055,0.0,0.0,0.0,0.0,0.0,0.0,NA,NA,NA,NA,NA,NA,NA,NA,NA,NA,NA,NA,NA,NA,NA
71.0,Spain,1983,Male,CAH10-01	Engineering,30,24/10/22 - 30/10/22,0.029445,4.030555,0.11472166666666667,0.033611666666666665,0.0,0.0,0.0,04:12:30,02:10:52,8,14,0.0,0.004998333333333333,0.018609999999999998,0.0,0.0,0.0,0,5,2,0,0,0,NA,2022-10-24 17:30:10.340000,2022-10-24 21:46:47.410000,NA,NA,NA,week5,0.0,0,NA,NA,1,2022-10-24 17:30:12.756000,0.026390000000000004,0.0,0.0,0.0,3.0,0.0,0.0,2022-10-25 15:37:18.418000,NA,NA,NA,NA,NA,NA,NA,NA,NA,NA,NA,NA,NA,NA
63.0,India,1998,Male,CAH11-01	Computing,31,24/10/22 - 30/10/22,0.0,0.0,0.0027783333333333336,0.0,0.0,0.0,0.0,00:00:10,02:10:52,0,0,0.0,0.0,0.0,0.0,0.0,0.0,0,0,0,0,0,0,NA,NA,NA,NA,NA,NA,week5,0.0,0,NA,NA,0,NA,0.0,0.0,0.0,0.0,0.0,0.0,0.0,NA,NA,NA,NA,NA,NA,NA,NA,NA,NA,NA,NA,NA,NA,NA
54.0,Nigeria,1979,Female,CAH17-01	Business and management,32,24/10/22 - 30/10/22,0.0,0.0025,0.0,0.01861166666666667,0.0,0.018333333333333333,0.0,00:02:22,02:10:52,0,0,0.0,0.0,0.0,0.0,0.0,0.0,0,0,0,0,0,0,NA,NA,NA,NA,NA,NA,week5,0.0,0,NA,NA,0,NA,0.0,0.0,0.0,0.0,0.0,0.0,0.0,NA,NA,NA,NA,NA,NA,NA,NA,NA,NA,NA,NA,NA,NA,NA
62.0,Nigeria,1970,Prefer to self-describe,CAH17-01	Business and management,33,24/10/22 - 30/10/22,0.0,1.0097216666666666,0.012221666666666665,0.030000000000000002,0.0,0.18388833333333335,0.0,01:14:08,02:10:52,4,7,0.0,0.013611666666666668,0.003888333333333333,0.0,0.0,0.0275,0,8,1,0,0,3,NA,2022-10-25 20:51:58.825000,2022-10-26 17:08:37.440000,NA,NA,2022-10-26 17:08:18.849000,week5,0.0,0,NA,NA,1,2022-10-25 20:52:15.121000,0.0175,0.0,0.0,0.0,0.0,0.0,0.0,NA,NA,NA,NA,NA,NA,NA,NA,NA,NA,NA,NA,NA,NA,NA
60.0,Sri Lanka,1992,Female,CAH17-01	Business and management,34,24/10/22 - 30/10/22,0.0,0.0,0.0,0.0,0.0,0.0,0.0,00:00:00,02:10:52,0,0,0.0,0.0,0.0,0.0,0.0,0.0,0,0,0,0,0,0,NA,NA,NA,NA,NA,NA,week5,0.0,0,NA,NA,0,NA,0.0,0.0,0.0,0.0,0.0,0.0,0.0,NA,NA,NA,NA,NA,NA,NA,NA,NA,NA,NA,NA,NA,NA,NA
62.0,Nigeria,1999,Male,CAH11-01	Computing,35,24/10/22 - 30/10/22,0.0,1.7986116666666667,0.0,0.0,0.0,0.0,0.0,01:47:55,02:10:52,4,4,0.0,0.003888333333333333,0.0022216666666666665,0.0,0.0,0.0,0,3,1,0,0,0,NA,2022-10-25 14:22:38.219000,2022-10-25 15:26:42.812000,NA,NA,NA,week5,0.0,0,NA,NA,1,2022-10-25 14:22:45.547000,1.054445,0.7133333333333333,0.0,0.0,3.0,0.0,0.0,2022-10-25 15:26:04.871000,NA,NA,NA,NA,NA,NA,NA,NA,NA,NA,NA,NA,NA,NA
62.0,Nigeria,1987,Female,"CAH07-04	General, applied and forensic sciences",36,24/10/22 - 30/10/22,0.0,1.4377783333333334,0.0,0.0,0.0,0.10833333333333334,0.13472333333333336,01:40:51,02:10:52,4,10,0.0,0.012223333333333333,0.016111666666666666,0.0,0.0,0.0,0,5,2,0,0,0,NA,2022-10-25 14:09:32.740000,2022-10-29 21:02:40.900000,NA,NA,NA,week5,0.0,0,NA,NA,1,2022-10-25 14:09:45.635000,1.3827783333333334,0.07944333333333332,0.0,0.0,5.0,0.0,0.0,2022-10-29 21:03:39.411000,NA,NA,NA,NA,NA,NA,NA,NA,NA,NA,NA,NA,NA,NA
67.0,Sri Lanka,1981,Male,CAH17-01	Business and management,37,24/10/22 - 30/10/22,0.0,3.0769450000000003,0.0,0.0,0.0,0.0,0.0,03:04:37,02:10:52,2,2,0.0,0.0027783333333333336,0.0,0.0,0.0,0.0,0,1,0,0,0,0,NA,2022-10-25 14:09:45.635000,NA,NA,NA,NA,week5,0.0,0,NA,NA,1,2022-10-25 14:10:30.420000,1.3358333333333334,0.0,0.0,0.0,0.0,0.0,0.0,NA,NA,NA,NA,NA,NA,NA,NA,NA,NA,NA,NA,NA,NA,NA
65.0,Pakistan,1993,Male,CAH11-01	Computing,38,24/10/22 - 30/10/22,0.0,1.3536116666666667,0.0,0.0,0.0,0.0,0.0,01:21:13,02:10:52,1,1,0.0,0.02333333333333333,0.0,0.0,0.0,0.0,0,2,0,0,0,0,NA,2022-10-25 14:08:16.755000,NA,NA,NA,NA,week5,0.0,0,NA,NA,0,NA,0.0,0.0,0.0,0.0,0.0,0.0,0.0,NA,NA,NA,NA,NA,NA,NA,NA,NA,NA,NA,NA,NA,NA,NA
62.0,Pakistan,1991,Female,CAH11-01	Computing,39,24/10/22 - 30/10/22,0.0,0.2847216666666667,0.08,0.0,0.0,0.0,0.0,00:21:53,02:10:52,4,4,0.0,0.0008333333333333334,0.0,0.0022216666666666665,0.0,0.0,0,1,0,1,0,0,NA,2022-10-25 08:26:14.605000,NA,2022-10-25 08:28:16.254000,NA,NA,week5,0.0,0,NA,NA,2,2022-10-25 08:26:17.782000,0.04638833333333333,0.0,0.0,0.0,0.0,0.0,0.0,NA,NA,NA,NA,NA,NA,NA,NA,NA,NA,NA,NA,NA,NA,NA
63.0,Sri Lanka,1996,Male,CAH17-01	Business and management,40,24/10/22 - 30/10/22,0.0,6.468333333333334,0.17305500000000001,0.0,0.0,0.0,0.0,06:38:29,02:10:52,6,8,0.0,0.21388833333333335,0.000555,0.0,0.0,0.0,0,13,1,0,0,0,NA,2022-10-25 11:12:02.018000,2022-10-25 12:55:44.073000,NA,NA,NA,week5,0.006666666666666667,1,2022-10-25 14:27:07.415000,NA,8,2022-10-25 11:12:04.698000,0.8755550000000001,0.01,0.0,0.0,3.0,0.0,0.0,2022-10-25 14:27:32.713000,NA,NA,NA,NA,NA,NA,NA,NA,NA,NA,NA,NA,NA,NA
60.0,India,1992,Male,CAH15-02	Economics,41,24/10/22 - 30/10/22,0.0,0.0025,0.0,0.0,0.0,0.0,0.0,00:00:09,02:10:52,2,2,0.0,0.0011116666666666666,0.0,0.0,0.0,0.0,0,1,0,0,0,0,NA,2022-10-25 09:02:51.071000,NA,NA,NA,NA,week5,0.0,0,NA,NA,1,2022-10-25 09:02:54.632000,0.0,0.0,0.0,0.0,0.0,0.0,0.0,NA,NA,NA,NA,NA,NA,NA,NA,NA,NA,NA,NA,NA,NA,NA
83.0,United Kingdom of Great Britain and Northern Ireland,1975,Female,CAH07-01	Physics and astronomy,42,24/10/22 - 30/10/22,0.08222166666666667,0.363055,0.0,0.0,0.0,0.0,0.05777833333333334,00:30:11,02:10:52,3,5,0.0,0.001945,0.006111666666666666,0.0,0.0,0.0,0,1,4,0,0,0,NA,2022-10-25 23:58:51.771000,2022-10-24 23:51:30.704000,NA,NA,NA,week5,0.0,0,NA,NA,0,NA,0.0,0.0,0.0,0.0,1.0,0.0,0.0,2022-10-25 23:58:58.592000,NA,NA,NA,NA,NA,NA,NA,NA,NA,NA,NA,NA,NA,NA
62.0,Sri Lanka,1990,Female,CAH17-01	Business and management,43,24/10/22 - 30/10/22,0.28583333333333333,2.9988883333333334,0.0,0.0,0.0,0.0,0.0,03:17:05,02:10:52,5,5,0.0,0.011666666666666665,0.0,0.001945,0.0,0.0,0,3,0,1,0,0,NA,2022-10-24 14:54:32.171000,NA,2022-10-24 14:54:41.091000,NA,NA,week5,0.22333333333333333,2,2022-10-24 14:55:06.553000,NA,2,2022-10-24 14:54:36.296000,0.005278333333333333,0.0,0.0,0.0,0.0,0.0,0.0,NA,NA,NA,NA,NA,NA,NA,NA,NA,NA,NA,NA,NA,NA,NA
76.0,Malaysia,1993,Male,CAH17-01	Business and management,44,24/10/22 - 30/10/22,0.0011116666666666666,4.6413883333333334,0.014166666666666666,2.240278333333334,2.2933333333333334,0.0,0.0,09:11:25,02:10:52,8,11,0.0,0.0325,0.015831666666666667,0.26083333333333336,0.18888833333333335,0.0,0,10,5,4,2,0,NA,2022-10-25 13:19:13.696000,2022-10-25 17:52:18.462000,2022-10-25 15:13:35.544000,2022-10-25 13:19:28.583000,NA,week5,0.0,0,NA,NA,0,NA,0.0,0.15138833333333335,0.0,0.0,3.0,0.0,0.0,2022-10-25 13:19:17.746000,NA,NA,NA,NA,NA,NA,NA,NA,NA,NA,NA,NA,NA,NA
67.0,Thailand,1993,Male,CAH10-01	Engineering,45,24/10/22 - 30/10/22,0.25638833333333333,5.14861,0.0,0.18972166666666668,0.0,0.0,0.0,05:35:40,02:10:52,5,10,0.0,0.029165,0.0,0.0,0.0,0.0016666666666666668,0,9,0,0,0,1,NA,2022-10-24 01:28:58.457000,NA,NA,NA,2022-10-25 12:29:57.992000,week5,1.610555,2,2022-10-24 01:29:20.909000,NA,3,2022-10-24 01:28:59.863000,0.012776666666666667,0.215,0.0,0.0,3.0,0.0,0.0,2022-10-25 15:29:37.675000,NA,NA,NA,NA,NA,NA,NA,NA,NA,NA,NA,NA,NA,NA
65.0,India,1994,Male,CAH17-01	Business and management,46,24/10/22 - 30/10/22,0.029445,0.028055,0.0,0.0,0.0,0.0,0.0,00:03:27,02:10:52,2,2,0.0,0.0,0.0,0.0,0.0,0.0,0,0,0,0,0,0,NA,NA,NA,NA,NA,NA,week5,0.0,0,NA,NA,0,NA,0.0,0.0,0.0,0.0,0.0,0.0,0.0,NA,NA,NA,NA,NA,NA,NA,NA,NA,NA,NA,NA,NA,NA,NA
66.0,United Kingdom of Great Britain and Northern Ireland,1997,Female,"CAH26-01 Geography, earth and environmental studies",47,24/10/22 - 30/10/22,0.0,0.0,0.0,0.0,0.0,0.0,0.0,00:00:00,02:10:52,0,0,0.0,0.0,0.0,0.0,0.0,0.0,0,0,0,0,0,0,NA,NA,NA,NA,NA,NA,week5,0.0,0,NA,NA,0,NA,0.0,0.0,0.0,0.0,0.0,0.0,0.0,NA,NA,NA,NA,NA,NA,NA,NA,NA,NA,NA,NA,NA,NA,NA
60.0,Malaysia,1992,Male,CAH25-01	Creative arts and design,48,24/10/22 - 30/10/22,0.0,3.0,0.005,0.0,0.0,0.0,0.0,03:00:18,02:10:52,1,1,0.0,0.0,0.005,0.0,0.0,0.0,0,0,1,0,0,0,NA,NA,2022-10-26 10:04:31.722000,NA,NA,NA,week5,0.0,0,NA,NA,0,NA,0.0,0.0,0.0,0.0,0.0,0.0,0.0,NA,NA,NA,NA,NA,NA,NA,NA,NA,NA,NA,NA,NA,NA,NA
68.0,Nigeria,1984,Female,CAH11-01	Computing,49,24/10/22 - 30/10/22,0.0,3.1391666666666667,0.0,0.043611666666666674,0.009166666666666667,0.0,0.0,03:11:31,02:10:52,3,5,0.0,0.006944999999999999,0.0,0.0,0.0,0.0,0,2,0,0,0,0,NA,2022-10-25 15:41:16.403000,NA,NA,NA,NA,week5,0.0,0,NA,NA,0,NA,0.0,2.2408333333333332,0.0,0.0,2.0,0.0,0.0,2022-10-25 15:41:31.241000,NA,NA,NA,NA,NA,NA,NA,NA,NA,NA,NA,NA,NA,NA
57.0,Nigeria,1992,Male,CAH11-01	Computing,50,24/10/22 - 30/10/22,0.0,4.345,0.0,0.0,0.0,0.0,0.022500000000000003,04:22:03,02:10:52,5,6,0.0,0.0027783333333333336,0.0,0.0033333333333333335,0.0,0.0,0,4,0,1,0,0,NA,2022-10-25 11:41:24.011000,NA,2022-10-25 11:48:13.077000,NA,NA,week5,0.0,0,NA,NA,3,2022-10-25 11:41:26.196000,1.003055,0.0,0.0,0.0,1.0,0.0,0.0,2022-10-30 18:33:30.782000,NA,NA,NA,NA,NA,NA,NA,NA,NA,NA,NA,NA,NA,NA
67.0,Nigeria,1998,Female,CAH16-01	Law,51,24/10/22 - 30/10/22,0.0,0.12472333333333334,0.0,0.0,0.0,0.0,0.0,00:07:29,02:10:52,2,2,0.0,0.0011116666666666666,0.0,0.0,0.0,0.0,0,1,0,0,0,0,NA,2022-10-25 14:32:55.411000,NA,NA,NA,NA,week5,0.0,0,NA,NA,1,2022-10-25 14:32:59.776000,0.006111666666666666,0.0,0.0,0.0,0.0,0.0,0.0,NA,NA,NA,NA,NA,NA,NA,NA,NA,NA,NA,NA,NA,NA,NA
62.0,Nigeria,1991,Female,CAH10-03	Materials and technology,52,24/10/22 - 30/10/22,2.6197216666666665,1.08111,0.0,0.0,0.0008333333333333334,0.0,1.8997216666666668,05:36:04,02:10:52,7,7,0.0,0.0036116666666666667,0.0027783333333333336,0.13972166666666666,0.0,0.0,0,1,1,2,0,0,NA,2022-10-25 15:10:23.768000,2022-10-25 15:01:53.671000,2022-10-25 15:01:50.989000,NA,NA,week5,0.0,0,NA,NA,0,NA,0.0,0.04527833333333334,0.0,0.0,1.0,0.0,0.0,2022-10-25 15:10:36.720000,NA,NA,NA,NA,NA,NA,NA,NA,NA,NA,NA,NA,NA,NA
67.0,Nigeria,2001,Female,CAH09-01	Mathematical sciences,53,24/10/22 - 30/10/22,0.0,5.019721666666666,0.0,0.2475,0.0,0.0,0.0,05:16:02,02:10:52,2,2,0.0,0.0063883333333333335,0.008333333333333333,0.0,0.0,0.0,0,1,1,0,0,0,NA,2022-10-27 20:23:54.342000,2022-10-27 20:26:10.087000,NA,NA,NA,week5,0.0,0,NA,NA,0,NA,0.0,0.0,0.0,0.0,0.0,0.0,0.0,NA,NA,NA,NA,NA,NA,NA,NA,NA,NA,NA,NA,NA,NA,NA
68.0,Nigeria,1979,Female,CAH11-01	Computing,54,24/10/22 - 30/10/22,0.0,1.1097216666666665,0.0,0.0,0.0,0.0,0.0,01:06:35,02:10:52,4,5,0.0,0.009166666666666667,0.0,0.0,0.0,0.0,0,5,0,0,0,0,NA,2022-10-25 06:34:33.025000,NA,NA,NA,NA,week5,0.007500000000000001,2,2022-10-25 06:44:00.090000,NA,1,2022-10-25 06:34:40.822000,0.15388833333333335,0.08027833333333333,0.0,0.0,1.0,0.0,0.0,2022-10-25 15:47:17.656000,NA,NA,NA,NA,NA,NA,NA,NA,NA,NA,NA,NA,NA,NA
66.0,Nigeria,1986,Female,CAH10-03	Materials and technology,55,24/10/22 - 30/10/22,0.0,2.5080549999999997,0.0,0.0,0.0,0.0,5.5024999999999995,08:00:38,02:10:52,5,6,0.0,0.0027783333333333336,1.0961116666666666,0.000555,0.07,0.0,0,3,1,1,1,0,NA,2022-10-25 14:26:13.111000,2022-10-25 14:26:14.282000,2022-10-30 15:53:30.292000,2022-10-30 15:59:20.859000,NA,week5,0.0,0,NA,NA,0,NA,0.0,0.0,0.0,0.0,0.0,0.0,0.0,NA,NA,NA,NA,NA,NA,NA,NA,NA,NA,NA,NA,NA,NA,NA
70.0,Nigeria,1986,Female,CAH11-01	Computing,56,24/10/22 - 30/10/22,0.0,2.1988883333333336,0.0,0.0,0.0,0.0,0.0,02:11:56,02:10:52,0,0,0.0,0.0,0.0,0.0,0.0,0.0,0,0,0,0,0,0,NA,NA,NA,NA,NA,NA,week5,0.0,0,NA,NA,0,NA,0.0,0.0,0.0,0.0,0.0,0.0,0.0,NA,NA,NA,NA,NA,NA,NA,NA,NA,NA,NA,NA,NA,NA,NA
55.0,Nigeria,1990,Female,CAH17-01	Business and management,57,24/10/22 - 30/10/22,0.45249999999999996,0.6758333333333333,0.0,0.0,0.0,0.0,0.0,01:07:42,02:10:52,3,5,0.0,0.01,0.0,0.0,0.0,0.0,0,6,0,0,0,0,NA,2022-10-24 13:07:22.334000,NA,NA,NA,NA,week5,0.0,0,NA,NA,5,2022-10-24 13:07:27.543000,0.8377766666666667,0.0,0.0,0.0,0.0,0.0,0.0,NA,NA,NA,NA,NA,NA,NA,NA,NA,NA,NA,NA,NA,NA,NA
66.0,Nigeria,1992,Male,CAH03-01	Biosciences,58,24/10/22 - 30/10/22,0.0027783333333333336,0.25,0.0,0.0,0.0,0.0,0.9491666666666667,01:12:07,02:10:52,3,5,0.0,0.006666666666666667,0.0,0.0,0.0,0.0,0,3,0,0,0,0,NA,2022-10-25 15:40:02.857000,NA,NA,NA,NA,week5,0.0,0,NA,NA,1,2022-10-25 15:40:13.407000,0.014445000000000001,0.9458333333333333,0.0,0.0,2.0,0.0,0.0,2022-10-25 15:41:15.910000,NA,NA,NA,NA,NA,NA,NA,NA,NA,NA,NA,NA,NA,NA
54.0,Sri Lanka,1991,Male,CAH10-01	Engineering,59,24/10/22 - 30/10/22,0.0,3.148611666666667,0.0,0.0,0.0,0.0,0.0,03:08:55,02:10:52,4,4,0.0,0.0022216666666666665,0.0,0.0,0.0,0.0,0,2,0,2,0,0,NA,2022-10-25 14:14:01.005000,NA,2022-10-25 14:17:39.017000,NA,NA,week5,0.0,0,NA,NA,3,2022-10-25 14:14:06.042000,1.018055,0.0,0.0,0.0,1.0,0.0,0.0,2022-10-25 15:40:56.292000,NA,NA,NA,NA,NA,NA,NA,NA,NA,NA,NA,NA,NA,NA
59.0,Viet Nam,1997,Female,CAH17-01	Business and management,60,24/10/22 - 30/10/22,0.0,3.0297233333333335,0.02666666666666667,0.048054999999999994,0.0,0.04416666666666667,0.0,03:08:55,02:10:52,9,15,0.0,0.00889,0.00027833333333333334,0.000555,0.0,0.0027783333333333336,0,12,1,1,1,1,NA,2022-10-25 13:45:07.572000,2022-10-29 11:48:15.107000,2022-10-29 11:47:05.329000,2022-10-27 12:30:23.372000,2022-10-27 12:30:11.074000,week5,0.0013883333333333332,1,2022-10-27 12:30:04.748000,NA,3,2022-10-25 14:04:35.094000,1.350555,0.018055,0.0,0.0,2.0,0.0,0.0,2022-10-27 12:26:36.435000,NA,NA,NA,NA,NA,NA,NA,NA,NA,NA,NA,NA,NA,NA
60.0,India,1993,Female,CAH10-01	Engineering,61,24/10/22 - 30/10/22,0.0,2.3699999999999997,0.004445,0.0,0.0,0.0,0.06277833333333334,02:26:14,02:10:52,2,4,0.0,1.1355566666666665,0.0,0.0,0.0,0.0,0,4,0,0,0,0,NA,2022-10-25 14:02:06.624000,NA,NA,NA,NA,week5,0.0,0,NA,NA,0,NA,0.0,0.0,0.0,0.0,2.0,0.0,0.0,2022-10-25 15:50:37.211000,NA,NA,NA,NA,NA,NA,NA,NA,NA,NA,NA,NA,NA,NA
60.0,Turkey,1996,Male,CAH17-01	Business and management,62,24/10/22 - 30/10/22,0.0,0.0,0.0,0.0,0.0,0.0,0.0,00:00:00,02:10:52,0,0,0.0,0.0,0.0,0.0,0.0,0.0,0,0,0,0,0,0,NA,NA,NA,NA,NA,NA,week5,0.0,0,NA,NA,0,NA,0.0,0.0,0.0,0.0,0.0,0.0,0.0,NA,NA,NA,NA,NA,NA,NA,NA,NA,NA,NA,NA,NA,NA,NA
78.0,United Kingdom of Great Britain and Northern Ireland,1998,Female,CAH17-01	Business and management,63,24/10/22 - 30/10/22,0.495555,2.215555,0.0,0.0,0.0,0.0,0.0,02:42:40,02:10:52,5,5,0.0,0.0016666666666666668,0.00027833333333333334,0.000555,0.0,0.0,0,3,1,1,0,0,NA,2022-10-25 15:07:36.294000,2022-10-25 15:26:06.294000,2022-10-25 15:26:03.800000,NA,NA,week5,0.0,0,NA,NA,2,2022-10-25 15:07:40.428000,0.30194499999999996,0.0,0.0,0.0,0.0,0.0,0.0,NA,NA,NA,NA,NA,NA,NA,NA,NA,NA,NA,NA,NA,NA,NA
61.0,Iran,1989,Female,CAH15-04	Health and social care,64,24/10/22 - 30/10/22,0.0,3.7816666666666667,0.0,0.08499999999999999,0.0,0.0,0.0,03:52:00,02:10:52,5,7,0.0,0.007221666666666667,0.013611666666666668,0.001945,0.0,0.0,0,7,1,2,0,0,NA,2022-10-25 13:10:56.049000,2022-10-25 13:10:07.009000,2022-10-25 13:10:02.924000,NA,NA,week5,0.0,0,NA,NA,6,2022-10-25 13:11:07.240000,2.2077766666666667,0.0008333333333333334,0.0,0.0,1.0,0.0,0.0,2022-10-25 13:11:01.757000,NA,NA,NA,NA,NA,NA,NA,NA,NA,NA,NA,NA,NA,NA
55.0,Hong Kong (S.A.R.),2000,Male,"CAH13-01	Architecture, building and planning",65,24/10/22 - 30/10/22,0.0,0.0,0.0,0.0,0.0,0.0,0.0,00:00:00,02:10:52,0,0,0.0,0.0,0.0,0.0,0.0,0.0,0,0,0,0,0,0,NA,NA,NA,NA,NA,NA,week5,0.0,0,NA,NA,0,NA,0.0,0.0,0.0,0.0,0.0,0.0,0.0,NA,NA,NA,NA,NA,NA,NA,NA,NA,NA,NA,NA,NA,NA,NA
60.0,Hong Kong (S.A.R.),1995,Female,"CAH15-01	Sociology, social policy and anthropology",66,24/10/22 - 30/10/22,0.04888833333333333,1.9083333333333334,0.041666666666666664,0.0,0.0,0.0,0.0,01:59:56,02:10:52,8,14,0.0,0.022500000000000003,0.00027833333333333334,0.011110000000000002,0.0,0.000555,0,12,1,3,0,1,NA,2022-10-24 22:04:25.454000,2022-10-26 15:17:31.321000,2022-10-24 22:04:34.999000,NA,2022-10-26 15:48:57.442000,week5,0.0008333333333333334,1,2022-10-26 15:48:52.069000,NA,6,2022-10-24 22:04:27.857000,0.015278333333333335,0.08333333333333333,0.0,0.0,4.0,0.0,0.0,2022-10-25 15:44:43.665000,NA,NA,NA,NA,NA,NA,NA,NA,NA,NA,NA,NA,NA,NA
58.0,India,1987,Female,CAH17-01	Business and management,67,24/10/22 - 30/10/22,0.0,0.7697216666666667,0.0,2.476388333333333,0.0,0.0,0.0,03:14:46,02:10:52,8,11,0.0,0.007223333333333333,0.00111,0.008333333333333333,0.0,0.0,0,6,2,3,0,0,NA,2022-10-25 13:47:08.250000,2022-10-25 15:37:22.889000,2022-10-25 13:47:56.805000,NA,NA,week5,0.0,0,NA,NA,5,2022-10-25 13:47:15.955000,0.06527666666666668,0.0,0.0,0.0,0.0,0.0,0.0,NA,NA,NA,NA,NA,NA,NA,NA,NA,NA,NA,NA,NA,NA,NA
70.0,Myanmar,1996,Female,CAH11-01	Computing,68,24/10/22 - 30/10/22,0.0,0.0,0.006666666666666667,0.19833333333333333,0.0,0.0,0.0,00:12:18,02:10:52,0,0,0.0,0.0,0.0,0.0,0.0,0.0,0,0,0,0,0,0,NA,NA,NA,NA,NA,NA,week5,0.0,0,NA,NA,0,NA,0.0,0.0,0.0,0.0,0.0,0.0,0.0,NA,NA,NA,NA,NA,NA,NA,NA,NA,NA,NA,NA,NA,NA,NA
64.0,United Kingdom of Great Britain and Northern Ireland,1992,Male,CAH10-01	Engineering,69,24/10/22 - 30/10/22,0.0,0.0,0.0,0.0,0.0,0.0,0.0,00:00:00,02:10:52,0,0,0.0,0.0,0.0,0.0,0.0,0.0,0,0,0,0,0,0,NA,NA,NA,NA,NA,NA,week5,0.0,0,NA,NA,0,NA,0.0,0.0,0.0,0.0,0.0,0.0,0.0,NA,NA,NA,NA,NA,NA,NA,NA,NA,NA,NA,NA,NA,NA,NA
65.0,Nigeria,1995,Male,CAH15-02	Economics,70,24/10/22 - 30/10/22,0.26611166666666664,1.619445,0.0,0.0,0.0,0.0,0.0,01:53:08,02:10:52,2,2,0.0,0.003055,0.0,0.0,0.0,0.0,0,2,0,0,0,0,NA,2022-10-25 15:28:44.090000,NA,NA,NA,NA,week5,0.0,0,NA,NA,0,NA,0.0,0.006944999999999999,0.0,0.0,1.0,0.0,0.0,2022-10-25 15:34:22.271000,NA,NA,NA,NA,NA,NA,NA,NA,NA,NA,NA,NA,NA,NA
64.0,Viet Nam,1998,Male,CAH15-02	Economics,71,24/10/22 - 30/10/22,0.31944333333333336,1.2425,0.0,0.0,0.0,0.0,0.0,01:33:43,02:10:52,5,8,0.0,0.0030566666666666663,0.0,0.00027833333333333334,0.0,0.0,0,4,0,1,0,0,NA,2022-10-24 15:01:59.351000,NA,2022-10-24 15:02:04.127000,NA,NA,week5,0.0,0,NA,NA,4,2022-10-24 15:02:00.947000,1.2408333333333335,0.0,0.0,0.0,1.0,0.0,0.0,2022-10-25 15:37:31.092000,NA,NA,NA,NA,NA,NA,NA,NA,NA,NA,NA,NA,NA,NA
69.0,India,1984,Male,"CAH06-01	Agriculture, food and related studies",72,24/10/22 - 30/10/22,1.576945,3.1077783333333335,0.0,0.0,0.0,0.013611666666666668,0.0025,04:42:03,02:10:52,2,2,0.0,0.0008333333333333334,0.0,0.0,0.0,0.0,0,1,0,0,0,0,NA,2022-10-25 14:02:22.041000,NA,NA,NA,NA,week5,0.0,0,NA,NA,1,2022-10-25 14:02:24.812000,1.4252783333333334,0.0,0.0,0.0,0.0,0.0,0.0,NA,NA,NA,NA,NA,NA,NA,NA,NA,NA,NA,NA,NA,NA,NA
64.0,India,1997,Female,CAH10-01	Engineering,73,24/10/22 - 30/10/22,0.0,0.12583333333333332,0.0,0.0,0.0,0.0,0.0,00:07:33,02:10:52,0,0,0.0,0.0,0.0,0.0,0.0,0.0,0,0,0,0,0,0,NA,NA,NA,NA,NA,NA,week5,0.0,0,NA,NA,0,NA,0.0,0.0,0.0,0.0,0.0,0.0,0.0,NA,NA,NA,NA,NA,NA,NA,NA,NA,NA,NA,NA,NA,NA,NA
63.0,Sri Lanka,1986,Female,CAH17-01	Business and management,74,24/10/22 - 30/10/22,0.0,0.13277833333333333,0.0,0.0,0.0,0.0,0.07138833333333333,00:12:15,02:10:52,2,2,0.0,0.001945,0.0,0.0,0.0,0.0,0,1,0,0,0,0,NA,2022-10-30 15:17:10.226000,NA,NA,NA,NA,week5,0.0,0,NA,NA,0,NA,0.0,0.0,0.0,0.0,1.0,0.0,0.0,2022-10-30 15:17:17.543000,NA,NA,NA,NA,NA,NA,NA,NA,NA,NA,NA,NA,NA,NA
62.0,Sri Lanka,1980,Male,CAH17-01	Business and management,75,24/10/22 - 30/10/22,0.0,0.03166666666666666,0.17972166666666667,0.0,0.0,0.0,0.0,00:12:41,02:10:52,1,1,0.0,0.005555000000000001,0.0,0.0,0.0,0.0,0,1,0,0,0,0,NA,2022-10-25 18:46:28.697000,NA,NA,NA,NA,week5,0.0,0,NA,NA,0,NA,0.0,0.0,0.0,0.0,0.0,0.0,0.0,NA,NA,NA,NA,NA,NA,NA,NA,NA,NA,NA,NA,NA,NA,NA
61.0,Poland,1996,Male,CAH02-05	Medical sciences,76,24/10/22 - 30/10/22,0.0027783333333333336,0.0,0.0,0.016111666666666666,0.0,0.0,0.009443333333333333,00:01:42,02:10:52,2,4,0.0,0.0027783333333333336,0.0,0.0,0.0,0.0,0,2,0,0,0,0,NA,2022-10-27 22:15:27.188000,NA,NA,NA,NA,week5,0.0,0,NA,NA,0,NA,0.0,0.0,0.0,0.0,2.0,0.0,0.0,2022-10-27 22:15:33.931000,NA,NA,NA,NA,NA,NA,NA,NA,NA,NA,NA,NA,NA,NA
77.0,Sri Lanka,1990,Male,CAH17-01	Business and management,77,24/10/22 - 30/10/22,0.0,0.0,0.0,0.0,0.0,0.0,0.0,00:00:00,02:10:52,0,0,0.0,0.0,0.0,0.0,0.0,0.0,0,0,0,0,0,0,NA,NA,NA,NA,NA,NA,week5,0.0,0,NA,NA,0,NA,0.0,0.0,0.0,0.0,0.0,0.0,0.0,NA,NA,NA,NA,NA,NA,NA,NA,NA,NA,NA,NA,NA,NA,NA
56.0,Pakistan,1992,Male,CAH10-01	Engineering,78,24/10/22 - 30/10/22,0.0,0.0,0.0,0.0,0.0,0.0,0.0,00:00:00,02:10:52,0,0,0.0,0.0,0.0,0.0,0.0,0.0,0,0,0,0,0,0,NA,NA,NA,NA,NA,NA,week5,0.0,0,NA,NA,0,NA,0.0,0.0,0.0,0.0,0.0,0.0,0.0,NA,NA,NA,NA,NA,NA,NA,NA,NA,NA,NA,NA,NA,NA,NA
66.0,India,1994,Female,CAH15-02	Economics,79,24/10/22 - 30/10/22,0.5924999999999999,2.9305549999999996,0.0,0.0,0.0,0.0,0.0,03:31:23,02:10:52,4,5,0.0,0.14527833333333331,1.2513883333333333,0.0,0.0,0.0,0,5,1,0,0,0,NA,2022-10-24 16:04:25.886000,2022-10-25 15:50:41.781000,NA,NA,NA,week5,0.0,0,NA,NA,4,2022-10-24 16:04:30.569000,0.09277833333333334,0.0,0.0,0.0,0.0,0.0,0.0,NA,NA,NA,NA,NA,NA,NA,NA,NA,NA,NA,NA,NA,NA,NA
54.0,Nigeria,1988,Male,CAH10-01	Engineering,80,24/10/22 - 30/10/22,0.0,0.0,0.0,0.0,0.0,0.0,0.0,00:00:00,02:10:52,0,0,0.0,0.0,0.0,0.0,0.0,0.0,0,0,0,0,0,0,NA,NA,NA,NA,NA,NA,week5,0.0,0,NA,NA,0,NA,0.0,0.0,0.0,0.0,0.0,0.0,0.0,NA,NA,NA,NA,NA,NA,NA,NA,NA,NA,NA,NA,NA,NA,NA
73.0,India,1989,Female,CAH11-01	Computing,81,20/02/23 - 26/02/23,0.0016666666666666668,1.2658333333333334,0.0,0.0,0.048054999999999994,0.0,0.0,01:18:56,01:55:59,5,9,0.0,0.009443333333333333,0.0,0.000555,0.0008333333333333334,0.0,0,7,0,1,1,0,NA,2023-02-20 12:32:19.990000,NA,2023-02-21 14:58:42.818000,2023-02-21 14:56:16.141000,NA,week5,0.0,0,NA,NA,5,2023-02-20 12:32:23.307000,0.9647216666666666,0.325,0.0,0.0,2.0,0.0,0.0,2023-02-21 15:53:33.963000,NA,NA,NA,NA,NA,NA,NA,NA,NA,NA,NA,NA,NA,NA
63.6,Nigeria,1985,Female,CAH09-01	Mathematical sciences,82,20/02/23 - 26/02/23,0.0,1.9969450000000002,0.0,0.0,0.0,0.4477783333333333,0.0,02:26:41,01:55:59,4,4,0.0,0.025278333333333333,0.0,0.0008333333333333334,0.0,0.0,0,2,0,1,0,0,NA,2023-02-21 14:18:43.291000,NA,2023-02-21 14:57:59.595000,NA,NA,week5,0.5802783333333333,1,2023-02-21 14:19:55.550000,NA,2,2023-02-21 14:55:03.576000,1.3822216666666665,0.0,0.0,0.0,0.0,0.0,0.0,NA,NA,NA,NA,NA,NA,NA,NA,NA,NA,NA,NA,NA,NA,NA
65.2,Nigeria,1996,Female,CAH07-01	Physics and astronomy,83,20/02/23 - 26/02/23,0.0,0.0,0.0,0.0,0.009445000000000002,0.0,0.0,00:00:34,01:55:59,2,2,0.0,0.001945,0.0,0.0,0.0,0.0,0,1,0,0,0,0,NA,2023-02-24 10:34:55.882000,NA,NA,NA,NA,week5,0.0,0,NA,NA,1,2023-02-24 10:35:02.456000,0.006666666666666667,0.0,0.0,0.0,0.0,0.0,0.0,NA,NA,NA,NA,NA,NA,NA,NA,NA,NA,NA,NA,NA,NA,NA
69.0,India,1999,Male,CAH11-01	Computing,84,20/02/23 - 26/02/23,0.3052783333333334,1.9397216666666666,0.0,0.0,0.0,0.0,0.018055,02:15:47,01:55:59,5,9,0.0,0.008055,0.0008333333333333334,0.0,0.0,0.0,0,6,1,0,0,0,NA,2023-02-20 22:23:31.518000,2023-02-26 14:00:27.690000,NA,NA,NA,week5,0.2847216666666667,1,2023-02-20 22:23:36.415000,NA,3,2023-02-20 22:40:43.602000,1.9533333333333334,0.005,0.0,0.0,2.0,0.0,0.0,2023-02-26 14:00:09.873000,NA,NA,NA,NA,NA,NA,NA,NA,NA,NA,NA,NA,NA,NA
56.8,Nigeria,1993,Male,"CAH02-02	Pharmacology, toxicology and pharmacy",85,20/02/23 - 26/02/23,0.0,0.0,0.0,0.0,0.0,0.0,0.0,00:00:00,01:55:59,0,0,0.0,0.0,0.0,0.0,0.0,0.0,0,0,0,0,0,0,NA,NA,NA,NA,NA,NA,week5,0.0,0,NA,NA,0,NA,0.0,0.0,0.0,0.0,0.0,0.0,0.0,NA,NA,NA,NA,NA,NA,NA,NA,NA,NA,NA,NA,NA,NA,NA
74.0,Cameroon,1997,Male,CAH10-03	Materials and technology,86,20/02/23 - 26/02/23,0.0,1.7722216666666666,0.0,0.0,0.0,0.0,0.0,01:46:20,01:55:59,4,4,0.0,0.016111666666666666,0.0,0.0,0.0,0.0,0,6,0,0,0,0,NA,2023-02-21 14:23:24.969000,NA,NA,NA,NA,week5,0.4875,2,2023-02-21 14:23:53.694000,NA,3,2023-02-21 14:23:40.605000,0.9600000000000001,0.26888833333333334,0.0,0.0,1.0,0.0,0.0,2023-02-21 15:53:17.295000,NA,NA,NA,NA,NA,NA,NA,NA,NA,NA,NA,NA,NA,NA
74.6,Egypt,1996,Male,CAH10-01	Engineering,87,20/02/23 - 26/02/23,0.0,0.0,0.0,0.0,0.0,0.0,0.0,00:00:00,01:55:59,0,0,0.0,0.0,0.0,0.0,0.0,0.0,0,0,0,0,0,0,NA,NA,NA,NA,NA,NA,week5,0.0,0,NA,NA,0,NA,0.0,0.0,0.0,0.0,0.0,0.0,0.0,NA,NA,NA,NA,NA,NA,NA,NA,NA,NA,NA,NA,NA,NA,NA
62.6,Nigeria,1980,Male,CAH10-01	Engineering,88,20/02/23 - 26/02/23,5.308611666666667,1.6163883333333333,0.0,0.0,0.039445,0.0,0.025,06:59:22,01:55:59,7,21,0.0,0.03833166666666667,0.0,0.007500000000000001,0.0,0.44916666666666666,0,20,1,1,0,3,NA,2023-02-20 11:48:31.771000,2023-02-20 17:05:22.827000,2023-02-20 16:07:15.497000,NA,2023-02-20 11:48:50.851000,week5,4.111945,5,2023-02-20 12:15:45.006000,NA,5,2023-02-20 16:03:29.930000,2.2044433333333333,0.06611166666666667,0.0,0.0,6.0,0.0,0.0,2023-02-21 15:47:19.345000,NA,NA,NA,NA,NA,NA,NA,NA,NA,NA,NA,NA,NA,NA
70.0,Thailand,1997,Male,CAH11-01	Computing,89,20/02/23 - 26/02/23,0.16416666666666666,1.9097216666666665,0.03138833333333333,0.0,0.0,0.0,0.0025,02:06:28,01:55:59,7,7,0.0,0.0027783333333333336,0.000555,0.001945,0.0,0.001945,0,3,2,1,0,1,NA,2023-02-21 14:13:26.720000,2023-02-22 23:01:20.089000,2023-02-22 23:01:22.422000,NA,2023-02-21 15:10:55.813000,week5,0.059445,1,2023-02-21 14:13:31.842000,NA,2,2023-02-21 15:09:47.637000,0.566945,0.395555,0.0,0.0,1.0,0.0,0.0,2023-02-21 15:43:58.766000,NA,NA,NA,NA,NA,NA,NA,NA,NA,NA,NA,NA,NA,NA
68.2,Pakistan,1995,Male,CAH11-01	Computing,90,20/02/23 - 26/02/23,0.0047216666666666665,2.1794450000000003,0.0,0.0,0.0,0.0,0.0,02:11:03,01:55:59,3,3,0.0,0.0013883333333333332,0.0033333333333333335,0.0,0.0,0.0,0,1,1,0,0,0,NA,2023-02-21 13:53:52.242000,2023-02-20 23:25:12.829000,NA,NA,NA,week5,0.0,0,NA,NA,1,2023-02-21 13:53:57.706000,2.1769450000000004,0.0,0.0,0.0,0.0,0.0,0.0,NA,NA,NA,NA,NA,NA,NA,NA,NA,NA,NA,NA,NA,NA,NA
73.6,Sri Lanka,1994,Male,CAH17-01	Business and management,91,20/02/23 - 26/02/23,3.658333333333333,1.8083333333333333,0.0,0.0,0.0,0.0,0.0,05:28:00,01:55:59,5,10,0.0,0.011666666666666665,0.0,0.003055,0.0,0.0,0,10,0,1,0,0,NA,2023-02-20 19:22:25.900000,NA,2023-02-21 14:50:18.449000,NA,NA,week5,3.3800000000000003,5,2023-02-20 19:22:31.146000,NA,6,2023-02-20 19:38:35.352000,1.5316666666666667,0.498055,0.0,0.0,1.0,0.0,0.0,2023-02-21 15:43:25.190000,NA,NA,NA,NA,NA,NA,NA,NA,NA,NA,NA,NA,NA,NA
57.0,Nigeria,1992,Male,NA,92,20/02/23 - 26/02/23,0.0,0.5413883333333334,0.0,0.0,0.0,0.0,0.0,00:32:29,01:55:59,4,4,0.0,0.0047216666666666665,0.0,0.0,0.000555,0.0,0,3,0,0,1,0,NA,2023-02-21 14:23:39.786000,NA,NA,2023-02-21 14:56:00.203000,NA,week5,0.5352783333333334,1,2023-02-21 14:23:48.953000,NA,1,2023-02-21 14:56:04.882000,0.0,0.0,0.0,0.0,0.0,0.0,0.0,NA,NA,NA,NA,NA,NA,NA,NA,NA,NA,NA,NA,NA,NA,NA
66.4,Sri Lanka,1986,Male,CAH11-01	Computing,93,20/02/23 - 26/02/23,3.3205549999999997,0.0,0.0,0.0,0.0,0.0,0.0,03:19:14,01:55:59,3,3,0.0,0.004445,0.0,0.0,0.0,0.0,0,4,0,0,0,0,NA,2023-02-20 19:32:11.543000,NA,NA,NA,NA,week5,0.48027833333333336,3,2023-02-20 19:32:15.720000,NA,1,2023-02-20 19:38:07.847000,0.018055,0.0,0.0,0.0,0.0,0.0,0.0,NA,NA,NA,NA,NA,NA,NA,NA,NA,NA,NA,NA,NA,NA,NA
74.8,India,1984,Female,CAH10-01	Engineering,94,20/02/23 - 26/02/23,0.07305500000000001,1.2677783333333335,0.0,0.0,0.0036116666666666667,0.0,0.0,01:20:40,01:55:59,3,4,0.0,0.07277666666666667,0.0,0.0,0.0,0.0,0,2,0,0,0,0,NA,2023-02-20 22:06:54.402000,NA,NA,NA,NA,week5,0.0,0,NA,NA,1,2023-02-20 22:11:11.834000,0.0,0.0,0.0,0.0,1.0,0.0,0.0,2023-02-24 23:28:57.767000,NA,NA,NA,NA,NA,NA,NA,NA,NA,NA,NA,NA,NA,NA
68.4,Nigeria,1980,Female,CAH03-01	Biosciences,95,20/02/23 - 26/02/23,0.0,1.9627783333333333,0.0022216666666666665,0.0,0.0,0.043054999999999996,0.0,02:00:29,01:55:59,5,9,0.0,0.015000000000000001,0.0,0.0,0.0,0.006111666666666666,0,12,0,0,0,1,NA,2023-02-21 14:18:26.258000,NA,NA,NA,2023-02-21 14:19:54.991000,week5,0.0033333333333333335,2,2023-02-21 14:19:35.133000,NA,6,2023-02-21 14:18:31.047000,0.9361116666666667,0.2852783333333333,0.0,0.0,3.0,0.0,0.0,2023-02-21 15:53:12.215000,NA,NA,NA,NA,NA,NA,NA,NA,NA,NA,NA,NA,NA,NA
73.4,Sri Lanka,1998,Male,CAH11-01	Computing,96,20/02/23 - 26/02/23,1.7852783333333335,1.5977783333333335,0.0,0.0,0.0,0.0,0.025278333333333333,03:24:30,01:55:59,7,10,0.0,0.008333333333333333,0.00027833333333333334,0.0,0.0,0.0027783333333333336,0,10,1,1,0,1,NA,2023-02-20 18:14:56.911000,2023-02-20 19:33:20.216000,2023-02-20 21:49:08.743000,NA,2023-02-20 19:34:06.054000,week5,0.7811116666666666,4,2023-02-20 18:15:01.236000,NA,5,2023-02-20 18:15:24.320000,1.9572216666666664,0.43194499999999997,0.0,0.0,1.0,0.0,0.0,2023-02-21 15:43:34.382000,NA,NA,NA,NA,NA,NA,NA,NA,NA,NA,NA,NA,NA,NA
72.4,Bolivia,1998,Male,CAH10-01	Engineering,97,20/02/23 - 26/02/23,0.0,1.866945,0.0,0.0,0.0,0.0,0.0,01:52:01,01:55:59,6,6,0.0,0.005833333333333333,0.016944999999999998,0.0016666666666666668,0.0,0.00027833333333333334,0,4,3,2,0,1,NA,2023-02-21 14:18:42.848000,2023-02-21 14:19:12.719000,2023-02-21 14:51:17.033000,NA,2023-02-21 14:50:49.556000,week5,0.513055,1,2023-02-21 14:19:24.960000,NA,4,2023-02-21 14:18:48.681000,1.2402783333333334,0.0,0.0,0.0,0.0,0.0,0.0,NA,NA,NA,NA,NA,NA,NA,NA,NA,NA,NA,NA,NA,NA,NA
76.0,Spain,1994,Female,"CAH24-01	Media, journalism and communications",98,20/02/23 - 26/02/23,0.0,1.788611666666667,0.0,0.0,0.0,0.0,0.0,01:47:19,01:55:59,4,4,0.0,0.0063883333333333335,0.0,0.0,0.0,0.0,0,6,0,0,0,0,NA,2023-02-21 14:29:03.899000,NA,NA,NA,NA,week5,0.41722166666666666,1,2023-02-21 14:29:57.756000,NA,4,2023-02-21 14:29:12.745000,0.9774999999999999,0.3761116666666667,0.0,0.0,1.0,0.0,0.0,2023-02-21 15:53:09.336000,NA,NA,NA,NA,NA,NA,NA,NA,NA,NA,NA,NA,NA,NA
73.8,Turkey,1987,Male,CAH17-01	Business and management,99,20/02/23 - 26/02/23,0.3272233333333333,0.0008333333333333334,0.0,0.0,0.0,0.006111666666666666,0.0,00:20:03,01:55:59,4,5,0.0,0.0011116666666666666,0.006666666666666667,0.00027833333333333334,0.0,0.0,0,1,2,1,0,0,NA,2023-02-20 12:54:24.885000,2023-02-20 13:13:35.445000,2023-02-20 22:08:16.785000,NA,NA,week5,0.0,0,NA,NA,2,2023-02-20 12:54:28.735000,0.3186116666666666,0.0,0.0,0.0,0.0,0.0,0.0,NA,NA,NA,NA,NA,NA,NA,NA,NA,NA,NA,NA,NA,NA,NA
76.4,Turkey,1990,Male,CAH15-02	Economics,100,20/02/23 - 26/02/23,1.82,1.8061116666666668,0.0,0.0,0.0,0.0,0.0,03:37:34,01:55:59,5,8,0.0,0.005833333333333333,0.00027833333333333334,1.3983333333333334,0.0,0.0,0,6,1,2,0,0,NA,2023-02-20 13:53:10.232000,2023-02-20 14:52:26.335000,2023-02-20 15:11:56.390000,NA,NA,week5,0.7677783333333333,2,2023-02-20 13:53:13.036000,NA,5,2023-02-20 13:55:42.471000,1.3861116666666669,0.0,0.0,0.0,0.0,0.0,0.0,NA,NA,NA,NA,NA,NA,NA,NA,NA,NA,NA,NA,NA,NA,NA
60.0,Nigeria,1999,Male,CAH10-01	Engineering,101,20/02/23 - 26/02/23,0.21555500000000002,2.6275,0.0,0.009166666666666667,0.0033333333333333335,0.0,0.017221666666666666,02:52:22,01:55:59,4,9,0.0,0.06666666666666667,0.0,0.0,0.0,0.0,0,10,0,0,0,0,NA,2023-02-20 21:27:50.526000,NA,NA,NA,NA,week5,1.3252783333333333,4,2023-02-20 21:28:04.803000,NA,4,2023-02-21 14:18:47.120000,1.1313883333333334,0.2758333333333333,0.0,0.0,2.0,0.0,0.0,2023-02-21 15:55:20.600000,NA,NA,NA,NA,NA,NA,NA,NA,NA,NA,NA,NA,NA,NA
65.0,Nigeria,1995,Male,CAH07-01	Physics and astronomy,102,20/02/23 - 26/02/23,0.015554999999999998,1.3297216666666667,0.0,0.0,0.0,0.0,0.0,01:20:43,01:55:59,6,9,0.0,0.0033333333333333335,0.70139,0.0022216666666666665,0.0,0.0,0,5,2,1,0,0,NA,2023-02-20 22:20:44.088000,2023-02-20 22:21:33.200000,2023-02-21 14:57:34.675000,NA,NA,week5,0.0,1,2023-02-20 22:21:36.802000,NA,7,2023-02-20 22:20:46.084000,0.6333333333333333,0.0011116666666666666,0.0,0.0,1.0,0.0,0.0,2023-02-21 15:32:31.122000,NA,NA,NA,NA,NA,NA,NA,NA,NA,NA,NA,NA,NA,NA
69.6,Nigeria,1997,Female,CAH07-02	Chemistry,103,20/02/23 - 26/02/23,0.0,1.3747216666666666,0.0,0.0,0.0,0.0,0.0,01:22:29,01:55:59,5,8,0.0,0.006111666666666666,0.000555,0.006666666666666667,0.0,0.0,0,5,2,3,0,0,NA,2023-02-21 11:13:51.626000,2023-02-21 15:38:53.546000,2023-02-21 11:15:17.136000,NA,NA,week5,0.0,0,NA,NA,7,2023-02-21 11:14:06.995000,0.51,0.8111116666666667,0.0,0.0,1.0,0.0,0.0,2023-02-21 15:44:18.286000,NA,NA,NA,NA,NA,NA,NA,NA,NA,NA,NA,NA,NA,NA
62.8,Nigeria,1976,Male,CAH11-01	Computing,104,20/02/23 - 26/02/23,0.0,2.8425000000000002,0.0,0.0,0.0,0.0,0.08222166666666667,02:55:29,01:55:59,6,9,0.0,0.0775,0.0,0.0,0.009445000000000002,0.0027783333333333336,0,12,0,0,1,1,NA,2023-02-21 11:12:23.869000,NA,NA,2023-02-21 15:49:29.958000,2023-02-21 15:50:09.917000,week5,0.511945,2,2023-02-21 14:24:19.180000,NA,5,2023-02-21 11:12:48.370000,1.80639,0.4644433333333334,0.0,0.0,3.0,0.0,0.0,2023-02-21 15:50:42.845000,NA,NA,NA,NA,NA,NA,NA,NA,NA,NA,NA,NA,NA,NA
71.8,Sri Lanka,1977,Male,CAH09-01	Mathematical sciences,105,20/02/23 - 26/02/23,0.353055,0.5488883333333334,0.0,0.0,0.0,0.0,0.0,00:54:07,01:55:59,4,6,0.0,0.007500000000000001,0.0,0.0,0.0,0.0,0,5,0,0,0,0,NA,2023-02-20 19:22:50.955000,NA,NA,NA,NA,week5,0.2527783333333333,2,2023-02-20 19:22:55.393000,NA,2,2023-02-20 19:38:08.915000,0.5627783333333334,0.0,0.0,0.0,1.0,0.0,0.0,2023-02-21 15:43:34.357000,NA,NA,NA,NA,NA,NA,NA,NA,NA,NA,NA,NA,NA,NA
66.0,Nigeria,1986,Female,CAH03-01	Biosciences,106,20/02/23 - 26/02/23,0.028611666666666664,2.979721666666667,0.0,0.0,0.0,0.0,0.0,03:00:30,01:55:59,4,6,0.0,0.03333333333333333,0.0,0.0,0.0,0.0,0,6,0,0,0,0,NA,2023-02-20 22:27:26.442000,NA,NA,NA,NA,week5,0.0125,1,2023-02-21 11:31:58.822000,NA,4,2023-02-20 22:27:29.826000,1.4025,0.475,0.0,0.0,1.0,0.0,0.0,2023-02-21 15:44:19.669000,NA,NA,NA,NA,NA,NA,NA,NA,NA,NA,NA,NA,NA,NA
63.4,Bangladesh,1999,Male,CAH11-01	Computing,107,20/02/23 - 26/02/23,0.004445,1.2408333333333335,0.007221666666666667,0.0,0.0,0.103055,0.0,01:21:20,01:55:59,4,9,0.0,0.021388333333333336,0.0,0.0,0.0,0.0,0,8,0,0,0,0,NA,2023-02-21 00:06:56.616000,NA,NA,NA,NA,week5,0.5236116666666667,1,2023-02-21 14:24:46.808000,NA,4,2023-02-21 00:06:58.322000,0.69111,0.0375,0.0,0.0,2.0,0.0,0.0,2023-02-22 20:20:43.258000,NA,NA,NA,NA,NA,NA,NA,NA,NA,NA,NA,NA,NA,NA
74.0,India,1997,Female,CAH11-01	Computing,108,20/02/23 - 26/02/23,0.0,2.9852783333333335,0.0,0.0,0.0,0.0,0.0,02:59:07,01:55:59,3,3,0.0,0.005833333333333333,0.0,0.0,0.0,0.0,0,7,0,0,0,0,NA,2023-02-21 10:46:17.484000,NA,NA,NA,NA,week5,0.265,4,2023-02-21 10:46:22.299000,NA,3,2023-02-21 14:17:35.459000,2.601945,0.0,0.0,0.0,0.0,0.0,0.0,NA,NA,NA,NA,NA,NA,NA,NA,NA,NA,NA,NA,NA,NA,NA
52.6,United States of America,1997,Male,CAH03-02	Sport and exercise sciences,109,20/02/23 - 26/02/23,0.0,0.0,0.0,0.0,0.0,0.0,0.0,00:00:00,01:55:59,0,0,0.0,0.0,0.0,0.0,0.0,0.0,0,0,0,0,0,0,NA,NA,NA,NA,NA,NA,week5,0.0,0,NA,NA,0,NA,0.0,0.0,0.0,0.0,0.0,0.0,0.0,NA,NA,NA,NA,NA,NA,NA,NA,NA,NA,NA,NA,NA,NA,NA
68.0,United Kingdom of Great Britain and Northern Ireland,1998,Female,CAH03-01	Biosciences,110,20/02/23 - 26/02/23,2.571111666666667,4.0772216666666665,0.0,0.21916666666666668,0.0,0.0,0.0,06:52:03,01:55:59,4,6,0.0,0.010555,0.0008333333333333334,0.0,0.0,0.0,0,8,1,0,0,0,NA,2023-02-20 16:28:40.333000,2023-02-20 16:28:37.797000,NA,NA,NA,week5,0.42583333333333334,2,2023-02-21 14:25:26.751000,NA,6,2023-02-20 16:28:43.706000,6.1,0.0,0.0,0.0,0.0,0.0,0.0,NA,NA,NA,NA,NA,NA,NA,NA,NA,NA,NA,NA,NA,NA,NA
62.6,Nigeria,1980,Male,CAH15-02	Economics,111,23/10/23 - 29/10/23,0.05416666666666667,0.155,0.0,0.0,0.0,0.03777833333333334,0.0,00:14:49,01:42:01,5,7,0.0,0.03916666666666667,0.0,0.0,0.0,0.0,0,4,0,0,0,0,NA,2023-10-24 04:02:24.222000,NA,NA,NA,NA,week5,0.0,0,NA,NA,1,2023-10-28 11:33:53.550000,0.0,0.055555,0.0,0.0,3.0,0.0,0.0,2023-10-24 04:02:35.704000,NA,NA,NA,NA,NA,NA,NA,NA,NA,NA,NA,NA,NA,NA
73.0,Sri Lanka,1992,Female,CAH09-01	Mathematical sciences,112,23/10/23 - 29/10/23,0.04611166666666667,1.2166666666666666,0.0,0.0,0.0,0.0,0.0,01:15:46,01:42:01,5,7,0.0,0.0125,0.0,0.0,0.0,0.0,0,5,0,0,0,0,NA,2023-10-23 19:54:06.509000,NA,NA,NA,NA,week5,0.007500000000000001,1,2023-10-23 19:54:28.802000,NA,3,2023-10-23 19:54:58.895000,0.955555,0.25305500000000003,0.0,0.0,1.0,0.0,0.0,2023-10-24 15:29:55.607000,NA,NA,NA,NA,NA,NA,NA,NA,NA,NA,NA,NA,NA,NA
59.0,Nigeria,1990,Male,CAH16-01	Law,113,23/10/23 - 29/10/23,0.3625,2.0316666666666667,0.0,0.00027833333333333334,0.00027833333333333334,0.0,0.0,02:23:41,01:42:01,4,6,0.0,0.03166666666666666,0.0,0.007221666666666667,0.0,0.0,0,5,0,1,0,0,NA,2023-10-23 20:26:59.975000,NA,2023-10-23 20:27:37.613000,NA,NA,week5,0.0,0,NA,NA,4,2023-10-23 20:27:06.296000,1.9980566666666666,0.004166666666666667,0.0,0.0,1.0,0.0,0.0,2023-10-24 12:03:13.525000,NA,NA,NA,NA,NA,NA,NA,NA,NA,NA,NA,NA,NA,NA
58.0,Nigeria,1996,Female,CAH19-01	English studies,114,23/10/23 - 29/10/23,0.0,1.1116666666666668,0.0,0.0,0.0,0.0,0.0,01:06:42,01:42:01,5,9,0.0,0.021665,0.0,0.0,0.0,0.0,0,7,0,0,0,0,NA,2023-10-24 03:26:51.419000,NA,NA,NA,NA,week5,0.0027783333333333336,1,2023-10-24 03:26:55.874000,NA,5,2023-10-24 03:27:09.938000,0.9052783333333333,0.17277833333333334,0.0,0.0,1.0,0.0,0.0,2023-10-24 15:33:23.132000,NA,NA,NA,NA,NA,NA,NA,NA,NA,NA,NA,NA,NA,NA
58.0,Nigeria,2001,Male,CAH07-01	Physics and astronomy,115,23/10/23 - 29/10/23,0.9997216666666666,0.0,0.0,0.0,0.0,0.07527833333333334,0.0,01:04:30,01:42:01,3,5,0.0,0.01583333333333333,0.0,0.0,0.0,0.0,0,4,0,0,0,0,NA,2023-10-23 13:58:06.501000,NA,NA,NA,NA,week5,0.0,0,NA,NA,2,2023-10-23 13:59:34.714000,0.9286116666666666,0.011388333333333332,0.0,0.0,2.0,0.0,0.0,2023-10-23 13:58:17.290000,NA,NA,NA,NA,NA,NA,NA,NA,NA,NA,NA,NA,NA,NA
70.6,Ghana,1992,Male,CAH04-01	Psychology,116,23/10/23 - 29/10/23,2.4194450000000005,0.0,0.0,0.0,0.32305500000000004,0.4327783333333333,0.0,03:10:31,01:42:01,9,11,0.0,0.06888833333333334,0.0,0.004445,0.009166666666666667,0.445555,0,8,0,4,1,2,NA,2023-10-23 22:08:54.543000,NA,2023-10-23 23:07:02.814000,2023-10-23 22:21:20.019000,2023-10-23 22:21:57.032000,week5,0.17916666666666667,2,2023-10-23 22:09:16.589000,NA,2,2023-10-23 22:09:02.828000,0.004166666666666667,0.43305666666666665,0.0,0.0,2.0,0.0,0.0,2023-10-23 23:04:34.132000,NA,NA,NA,NA,NA,NA,NA,NA,NA,NA,NA,NA,NA,NA
66.4,Pakistan,1999,Female,CAH11-01	Computing,117,23/10/23 - 29/10/23,0.0,3.238055,0.0,0.0,0.0,0.0,0.0,03:14:17,01:42:01,3,5,0.0,0.18277833333333332,0.0,0.0,0.0,0.0,0,3,0,0,0,0,NA,2023-10-24 14:03:07.770000,NA,NA,NA,NA,week5,0.0,0,NA,NA,2,2023-10-24 14:03:10.976000,1.9477783333333334,1.104445,0.0,0.0,1.0,0.0,0.0,2023-10-24 15:59:55.900000,NA,NA,NA,NA,NA,NA,NA,NA,NA,NA,NA,NA,NA,NA
73.0,Myanmar,1991,Female,CAH17-01	Business and management,118,23/10/23 - 29/10/23,0.0,2.9694450000000003,0.0047216666666666665,0.0,0.0,0.0,0.0,02:58:27,01:42:01,3,3,0.0,0.0022216666666666665,0.0,0.0,0.0,0.0,0,3,0,0,0,0,NA,2023-10-24 13:01:15.113000,NA,NA,NA,NA,week5,0.0,0,NA,NA,2,2023-10-24 13:01:18.945000,2.963888333333333,0.0,0.0,0.0,1.0,0.0,0.0,2023-10-24 15:59:22.435000,NA,NA,NA,NA,NA,NA,NA,NA,NA,NA,NA,NA,NA,NA
64.4,Nigeria,1994,Male,"CAH26-01 Geography, earth and environmental studies",119,23/10/23 - 29/10/23,0.0,0.38611166666666663,0.0,0.0,0.0,0.0,0.0,00:23:10,01:42:01,5,5,0.0,0.009721666666666665,0.0,0.0022216666666666665,0.0,0.0,0,2,0,1,0,0,NA,2023-10-24 14:16:37.149000,NA,2023-10-24 14:16:29.302000,NA,NA,week5,0.0,0,NA,NA,1,2023-10-24 14:17:03.247000,0.35694499999999996,0.0016666666666666668,0.0,0.0,1.0,0.0,0.0,2023-10-24 14:38:44.386000,NA,NA,NA,NA,NA,NA,NA,NA,NA,NA,NA,NA,NA,NA
52.0,United Kingdom of Great Britain and Northern Ireland,2000,Male,CAH04-01	Psychology,120,23/10/23 - 29/10/23,0.0,0.0,0.0,0.0,0.0,0.0,0.0,00:00:00,01:42:01,0,0,0.0,0.0,0.0,0.0,0.0,0.0,0,0,0,0,0,0,NA,NA,NA,NA,NA,NA,week5,0.0,0,NA,NA,0,NA,0.0,0.0,0.0,0.0,0.0,0.0,0.0,NA,NA,NA,NA,NA,NA,NA,NA,NA,NA,NA,NA,NA,NA,NA
64.0,United Kingdom of Great Britain and Northern Ireland,2002,Male,CAH11-01	Computing,121,23/10/23 - 29/10/23,0.0,0.0,0.0,0.0,0.0,0.0,0.0,00:00:00,01:42:01,0,0,0.0,0.0,0.0,0.0,0.0,0.0,0,0,0,0,0,0,NA,NA,NA,NA,NA,NA,week5,0.0,0,NA,NA,0,NA,0.0,0.0,0.0,0.0,0.0,0.0,0.0,NA,NA,NA,NA,NA,NA,NA,NA,NA,NA,NA,NA,NA,NA,NA
64.0,Poland,2001,Male,CAH17-01	Business and management,122,23/10/23 - 29/10/23,0.12333333333333334,1.0916666666666666,0.0,0.0,0.0,0.0,0.0,01:12:54,01:42:01,5,7,0.0,0.0027783333333333336,0.0,0.00027833333333333334,0.0,0.0,0,4,0,1,0,0,NA,2023-10-23 13:58:06.501000,NA,2023-10-24 14:11:03.657000,NA,NA,week5,0.0,0,NA,NA,1,2023-10-23 17:34:06.971000,1.1697233333333332,0.0022216666666666665,0.0,0.0,1.0,0.0,0.0,2023-10-24 16:20:41.906000,NA,NA,NA,NA,NA,NA,NA,NA,NA,NA,NA,NA,NA,NA
74.2,Iran,1982,Male,CAH10-01	Engineering,123,23/10/23 - 29/10/23,0.0,2.528611666666667,0.0,0.0,0.0,0.0,0.03388833333333333,02:33:45,01:42:01,3,6,0.0,0.010555,0.0,0.0,0.0,0.0,0,8,0,0,0,0,NA,2023-10-24 14:11:03.518000,NA,NA,NA,NA,week5,0.0,0,NA,NA,2,2023-10-24 14:12:25.244000,1.2097233333333333,0.047223333333333326,0.0,0.0,6.0,0.0,0.0,2023-10-24 14:11:15.618000,NA,NA,NA,NA,NA,NA,NA,NA,NA,NA,NA,NA,NA,NA
73.2,Malaysia,1992,Male,CAH17-01	Business and management,124,23/10/23 - 29/10/23,0.0,1.0675,0.0,0.008055,0.0,0.0063883333333333335,0.28583333333333333,01:22:04,01:42:01,4,14,0.0,0.096665,0.0,0.0,0.0,0.0,0,11,0,0,0,0,NA,2023-10-24 14:07:45.751000,NA,NA,NA,NA,week5,0.0,0,NA,NA,3,2023-10-24 14:07:49.612000,0.8708333333333333,0.315555,0.0,0.0,6.0,0.0,0.0,2023-10-24 16:28:11.684000,NA,NA,NA,NA,NA,NA,NA,NA,NA,NA,NA,NA,NA,NA
63.0,United Kingdom of Great Britain and Northern Ireland,1987,Male,CAH10-01	Engineering,125,23/10/23 - 29/10/23,0.07527833333333334,1.4572216666666664,0.0,0.07388833333333333,0.0,0.0,0.32527833333333334,01:55:54,01:42:01,5,12,0.0,0.007778333333333333,0.0,0.0,0.0,0.0,0,10,0,0,0,0,NA,2023-10-23 18:28:49.790000,NA,NA,NA,NA,week5,0.0,0,NA,NA,6,2023-10-23 18:28:52.243000,1.46361,0.36444499999999996,0.0,0.0,4.0,0.0,0.0,2023-10-24 14:39:58.977000,NA,NA,NA,NA,NA,NA,NA,NA,NA,NA,NA,NA,NA,NA
73.2,Algeria,2002,Female,"CAH07-04	General, applied and forensic sciences",126,23/10/23 - 29/10/23,0.3602783333333333,3.3008333333333337,0.016111666666666666,0.0,0.0,1.7950000000000002,0.009445000000000002,05:28:54,01:42:01,12,28,0.0,0.1755533333333333,0.0,0.0,0.6172216666666668,0.11638833333333333,0,31,0,0,4,6,NA,2023-10-23 17:57:23.606000,NA,NA,2023-10-23 18:05:44.356000,2023-10-28 16:36:48.138000,week5,0.700555,9,2023-10-23 18:12:08.585000,NA,13,2023-10-23 18:10:40.065000,2.645,0.209445,0.0,0.0,4.0,0.0,0.0,2023-10-24 15:28:03.125000,NA,NA,NA,NA,NA,NA,NA,NA,NA,NA,NA,NA,NA,NA
72.0,United Kingdom of Great Britain and Northern Ireland,1980,Female,CAH07-01	Physics and astronomy,127,23/10/23 - 29/10/23,0.36222333333333334,1.8672216666666666,0.0,0.0,0.0,0.0,0.0033333333333333335,02:13:58,01:42:01,3,12,0.0,0.007500000000000001,0.0,0.0,0.0,0.0,0,8,0,0,0,0,NA,2023-10-23 07:31:58.783000,NA,NA,NA,NA,week5,0.0,0,NA,NA,5,2023-10-23 07:32:00.982000,2.031945,0.0033333333333333335,0.0,0.0,3.0,0.0,0.0,2023-10-23 16:36:34.056000,NA,NA,NA,NA,NA,NA,NA,NA,NA,NA,NA,NA,NA,NA
73.8,United Kingdom of Great Britain and Northern Ireland,1984,Female,CAH04-01	Psychology,128,23/10/23 - 29/10/23,0.0,1.8177783333333335,0.0,0.0,0.0,0.0,0.0,01:49:04,01:42:01,3,3,0.0,0.0033333333333333335,0.0,0.0,0.0,0.0,0,4,0,0,0,0,NA,2023-10-24 13:56:36.736000,NA,NA,NA,NA,week5,0.0,0,NA,NA,3,2023-10-24 13:56:41.215000,1.8002783333333334,0.0,0.0,0.0,1.0,0.0,0.0,2023-10-24 15:45:54.010000,NA,NA,NA,NA,NA,NA,NA,NA,NA,NA,NA,NA,NA,NA
72.0,United Kingdom of Great Britain and Northern Ireland,1988,Male,NA,129,23/10/23 - 29/10/23,0.018055,1.5258333333333334,0.0011116666666666666,0.0,0.0,0.0,0.0,01:32:42,01:42:01,3,11,0.0,0.00889,0.0,0.0,0.0,0.0,0,9,0,0,0,0,NA,2023-10-23 19:54:50.603000,NA,NA,NA,NA,week5,0.0,0,NA,NA,4,2023-10-23 19:54:57.165000,1.1472233333333333,0.35972166666666666,0.0,0.0,5.0,0.0,0.0,2023-10-23 19:55:46.941000,NA,NA,NA,NA,NA,NA,NA,NA,NA,NA,NA,NA,NA,NA
56.2,China,2001,Male,CAH11-01	Computing,130,23/10/23 - 29/10/23,0.0,0.22083333333333333,0.0,0.0,0.0,0.0,0.0,00:13:15,01:42:01,2,2,0.0,0.0022216666666666665,0.0,0.0,0.0,0.0,0,2,0,0,0,0,NA,2023-10-24 12:21:04.931000,NA,NA,NA,NA,week5,0.0,0,NA,NA,2,2023-10-24 12:21:09.442000,0.214445,0.0,0.0,0.0,0.0,0.0,0.0,NA,NA,NA,NA,NA,NA,NA,NA,NA,NA,NA,NA,NA,NA,NA
74.0,Singapore,1988,Female,CAH04-01	Psychology,131,23/10/23 - 29/10/23,0.0,3.0002783333333336,0.0,0.0,0.0,0.0,0.0,03:00:01,01:42:01,3,3,0.0,0.022778333333333334,0.0,0.0,0.0,0.0,0,4,0,0,0,0,NA,2023-10-24 14:03:11.822000,NA,NA,NA,NA,week5,0.0,0,NA,NA,2,2023-10-24 14:03:24.191000,1.775,1.1947216666666665,0.0,0.0,1.0,0.0,0.0,2023-10-24 15:51:09.070000,NA,NA,NA,NA,NA,NA,NA,NA,NA,NA,NA,NA,NA,NA
65.8,India,1990,Male,CAH11-01	Computing,132,23/10/23 - 29/10/23,0.05416666666666667,0.003888333333333333,0.0,0.011111666666666667,0.0,0.0,0.0,00:04:09,01:42:01,2,4,0.0,0.0025,0.0,0.0,0.0,0.0,0,2,0,0,0,0,NA,2023-10-23 19:58:52.876000,NA,NA,NA,NA,week5,0.0,0,NA,NA,2,2023-10-23 19:58:58.689000,0.02333333333333333,0.0,0.0,0.0,0.0,0.0,0.0,NA,NA,NA,NA,NA,NA,NA,NA,NA,NA,NA,NA,NA,NA,NA
61.8,Philippines,1984,Male,CAH17-01	Business and management,133,23/10/23 - 29/10/23,0.0,8.356111666666667,0.0,0.0,0.0,0.0,0.0,08:21:22,01:42:01,4,4,0.0,0.006111666666666666,0.0,0.00027833333333333334,0.0,0.0,0,5,0,1,0,0,NA,2023-10-24 09:20:20.296000,NA,2023-10-24 15:06:00.830000,NA,NA,week5,0.0,0,NA,NA,4,2023-10-24 09:20:26.803000,6.630833333333333,1.711945,0.0,0.0,1.0,0.0,0.0,2023-10-24 15:59:02.748000,NA,NA,NA,NA,NA,NA,NA,NA,NA,NA,NA,NA,NA,NA
62.2,Turkey,1982,Male,CAH11-01	Computing,134,23/10/23 - 29/10/23,0.0,3.075,0.0,0.0,0.0,0.0,0.0,03:04:30,01:42:01,2,2,0.0,0.003055,0.0,0.0,0.0,0.0,0,2,0,0,0,0,NA,2023-10-24 14:05:47.410000,NA,NA,NA,NA,week5,0.0,0,NA,NA,2,2023-10-24 14:05:55.856000,3.008888333333333,0.0,0.0,0.0,0.0,0.0,0.0,NA,NA,NA,NA,NA,NA,NA,NA,NA,NA,NA,NA,NA,NA,NA
70.6,Viet Nam,1995,Male,NA,135,23/10/23 - 29/10/23,0.21166666666666664,2.4125,0.0,0.0033333333333333335,0.0,0.0,0.0,02:37:39,01:42:01,3,7,0.0,0.090555,0.0,0.0,0.0,0.0,0,7,0,0,0,0,NA,2023-10-23 15:17:31.725000,NA,NA,NA,NA,week5,0.0,0,NA,NA,2,2023-10-23 15:17:33.808000,0.209445,2.3052783333333333,0.0,0.0,5.0,0.0,0.0,2023-10-24 12:18:22.751000,NA,NA,NA,NA,NA,NA,NA,NA,NA,NA,NA,NA,NA,NA
72.0,United Kingdom of Great Britain and Northern Ireland,1974,Male,CAH11-01	Computing,136,23/10/23 - 29/10/23,0.0,2.8766666666666665,0.0,0.0,0.0,0.0,0.0,02:52:36,01:42:01,5,5,0.0,0.005555000000000001,0.0,0.003055,0.0,0.0,0,5,0,3,0,0,NA,2023-10-24 14:10:43.599000,NA,2023-10-24 14:11:03.657000,NA,NA,week5,0.0025,1,2023-10-24 14:11:10.498000,NA,3,2023-10-24 14:10:46.730000,1.7011116666666668,1.1563883333333331,0.0,0.0,1.0,0.0,0.0,2023-10-24 15:53:45.768000,NA,NA,NA,NA,NA,NA,NA,NA,NA,NA,NA,NA,NA,NA
58.0,Nigeria,1991,Female,CAH17-01	Business and management,137,23/10/23 - 29/10/23,0.001945,1.9305566666666667,0.0,0.0,0.0,0.0,0.0,01:55:57,01:42:01,3,11,0.0,0.010555,0.0,0.0,0.0,0.0,0,8,0,0,0,0,NA,2023-10-23 10:00:57.223000,NA,NA,NA,NA,week5,0.0,0,NA,NA,7,2023-10-23 10:01:00.356000,1.6844450000000002,0.10777833333333334,0.0,0.0,1.0,0.0,0.0,2023-10-24 15:33:34.317000,NA,NA,NA,NA,NA,NA,NA,NA,NA,NA,NA,NA,NA,NA
58.0,Morocco,2001,Male,CAH11-01	Computing,138,23/10/23 - 29/10/23,0.0,0.0,0.0,0.0,0.0,0.0,0.0,00:00:00,01:42:01,0,0,0.0,0.0,0.0,0.0,0.0,0.0,0,0,0,0,0,0,NA,NA,NA,NA,NA,NA,week5,0.0,0,NA,NA,0,NA,0.0,0.0,0.0,0.0,0.0,0.0,0.0,NA,NA,NA,NA,NA,NA,NA,NA,NA,NA,NA,NA,NA,NA,NA
63.0,Nigeria,2000,Male,CAH03-01	Biosciences,139,23/10/23 - 29/10/23,0.0,0.0,0.0,0.0,0.0,0.0,0.0,00:00:00,01:42:01,0,0,0.0,0.0,0.0,0.0,0.0,0.0,0,0,0,0,0,0,NA,NA,NA,NA,NA,NA,week5,0.0,0,NA,NA,0,NA,0.0,0.0,0.0,0.0,0.0,0.0,0.0,NA,NA,NA,NA,NA,NA,NA,NA,NA,NA,NA,NA,NA,NA,NA
75.2,United Kingdom of Great Britain and Northern Ireland,1988,Female,CAH04-01	Psychology,140,23/10/23 - 29/10/23,0.0,0.003888333333333333,0.0,0.0,0.0,0.0,0.0,00:00:14,01:42:01,3,3,0.0,0.0008333333333333334,0.0,0.0,0.0,0.0,0,1,0,0,0,0,NA,2023-10-24 09:00:37.540000,NA,NA,NA,NA,week5,0.0,0,NA,NA,1,2023-10-24 09:00:40.944000,0.0,0.0,0.0,0.0,0.0,0.0,0.0,NA,NA,NA,NA,NA,NA,NA,NA,NA,NA,NA,NA,NA,NA,NA
51.8,China,2001,Male,CAH11-01	Computing,141,23/10/23 - 29/10/23,2.1022216666666664,0.0,0.0,0.0,0.0,0.0,0.0,02:06:08,01:42:01,3,3,0.0,0.003055,0.0,0.0,0.0,0.0,0,6,0,0,0,0,NA,2023-10-23 20:04:41.405000,NA,NA,NA,NA,week5,0.0,0,NA,NA,3,2023-10-23 20:04:48.925000,2.091388333333333,0.0047216666666666665,0.0,0.0,3.0,0.0,0.0,2023-10-23 20:04:42.983000,NA,NA,NA,NA,NA,NA,NA,NA,NA,NA,NA,NA,NA,NA
60.0,Jordan,1994,Female,CAH04-01	Psychology,142,23/10/23 - 29/10/23,0.0,2.578055,0.0,0.0,0.0,0.0,0.009445000000000002,02:35:15,01:42:01,3,9,0.0,0.006111666666666666,0.0,0.0,0.0,0.0,0,5,0,0,0,0,NA,2023-10-24 10:31:32.841000,NA,NA,NA,NA,week5,0.0,0,NA,NA,4,2023-10-24 10:31:36.835000,2.556388333333333,0.0,0.0,0.0,1.0,0.0,0.0,2023-10-29 11:42:27.747000,NA,NA,NA,NA,NA,NA,NA,NA,NA,NA,NA,NA,NA,NA
64.0,United Kingdom of Great Britain and Northern Ireland,1990,Male,CAH02-05	Medical sciences,143,23/10/23 - 29/10/23,1.2602766666666667,3.6472216666666664,0.0,0.0,0.0,0.0,0.0,04:54:26,01:42:01,4,10,0.0,0.006946666666666667,0.0,0.0,0.0,0.0,0,5,0,0,0,0,NA,2023-10-23 17:01:23.159000,NA,NA,NA,NA,week5,0.0,0,NA,NA,3,2023-10-23 17:02:20.704000,2.7666666666666666,0.013055,0.0,0.0,2.0,0.0,0.0,2023-10-23 17:01:30.344000,NA,NA,NA,NA,NA,NA,NA,NA,NA,NA,NA,NA,NA,NA
64.4,Bangladesh,1995,Female,CAH17-01	Business and management,144,23/10/23 - 29/10/23,1.74,3.153611666666667,0.0,0.0,0.0,0.0,0.0,04:53:37,01:42:01,4,10,0.0,0.008888333333333333,0.0,0.0,0.0,0.0,0,10,0,0,0,0,NA,2023-10-23 21:26:22.146000,NA,NA,NA,NA,week5,0.0,0,NA,NA,7,2023-10-23 21:26:31.242000,2.6352766666666665,0.0011116666666666666,0.0,0.0,2.0,0.0,0.0,2023-10-23 21:26:24.993000,NA,NA,NA,NA,NA,NA,NA,NA,NA,NA,NA,NA,NA,NA
64.0,United Kingdom of Great Britain and Northern Ireland,2002,Male,CAH20-01	History and archaeology,145,23/10/23 - 29/10/23,0.04833333333333333,3.81,0.0,0.0,0.0,0.0,0.019444999999999997,03:52:40,01:42:01,6,11,0.0,0.021665,0.0,0.0011116666666666666,0.0,0.0,0,12,0,2,0,0,NA,2023-10-23 14:36:37.636000,NA,2023-10-23 14:36:29.799000,NA,NA,week5,0.001945,1,2023-10-24 14:08:48.240000,NA,8,2023-10-23 14:36:40.440000,1.6888883333333333,0.019166666666666665,0.0,0.0,3.0,0.0,0.0,2023-10-24 14:10:03.190000,NA,NA,NA,NA,NA,NA,NA,NA,NA,NA,NA,NA,NA,NA
74.0,United Kingdom of Great Britain and Northern Ireland,1979,Female,CAH22-01	Education and teaching,146,23/10/23 - 29/10/23,0.0,1.8225,1.8608333333333333,1.2427783333333335,0.0,0.0,0.0016666666666666668,04:55:40,01:42:01,3,9,0.0,0.010833333333333334,0.0,0.0,0.0,0.0,0,8,0,0,0,0,NA,2023-10-24 14:01:11.082000,NA,NA,NA,NA,week5,0.0,0,NA,NA,1,2023-10-24 14:01:16.027000,1.770555,3.118888333333333,0.0,0.0,6.0,0.0,0.0,2023-10-24 15:47:31.772000,NA,NA,NA,NA,NA,NA,NA,NA,NA,NA,NA,NA,NA,NA
76.2,United Kingdom of Great Britain and Northern Ireland,1983,Male,CAH09-01	Mathematical sciences,147,23/10/23 - 29/10/23,0.014721666666666666,4.759721666666667,0.0,0.0,0.008055,0.0,0.0,04:46:56,01:42:01,6,13,0.0,0.04666666666666666,0.0,0.000555,0.0,0.0,0,12,0,1,0,0,NA,2023-10-23 12:58:34.289000,NA,2023-10-23 12:58:58.478000,NA,NA,week5,0.0,0,NA,NA,3,2023-10-24 12:02:20.063000,0.9002783333333333,1.4802783333333336,0.0,0.0,4.0,0.0,0.0,2023-10-24 15:31:43.423000,NA,NA,NA,NA,NA,NA,NA,NA,NA,NA,NA,NA,NA,NA
73.4,Sri Lanka,1983,Male,CAH10-01	Engineering,148,23/10/23 - 29/10/23,0.028055,1.1747216666666667,0.0,0.0,0.0,0.0,0.005833333333333333,01:12:31,01:42:01,4,9,0.0,0.0033333333333333335,0.0,0.0,0.0,0.0,0,6,0,0,0,0,NA,2023-10-23 21:51:37.710000,NA,NA,NA,NA,week5,0.0,0,NA,NA,3,2023-10-23 21:51:40.192000,1.1702783333333333,0.00389,0.0,0.0,3.0,0.0,0.0,2023-10-23 21:51:54.621000,NA,NA,NA,NA,NA,NA,NA,NA,NA,NA,NA,NA,NA,NA
60.4,Sri Lanka,1993,Male,CAH17-01	Business and management,149,23/10/23 - 29/10/23,0.029166666666666667,0.395555,0.0,0.0,0.0,0.0,0.0,00:25:29,01:42:01,2,4,0.0,0.0027766666666666664,0.0,0.0,0.0,0.0,0,2,0,0,0,0,NA,2023-10-23 15:49:46.323000,NA,NA,NA,NA,week5,0.0,0,NA,NA,2,2023-10-23 15:49:51.138000,0.0,0.0,0.0,0.0,0.0,0.0,0.0,NA,NA,NA,NA,NA,NA,NA,NA,NA,NA,NA,NA,NA,NA,NA
61.8,United Kingdom of Great Britain and Northern Ireland,2000,Male,CAH09-01	Mathematical sciences,150,23/10/23 - 29/10/23,0.023888333333333334,1.7950000000000002,0.0,0.0,0.0,0.0,0.0,01:49:08,01:42:01,3,4,0.0,0.00889,0.0,0.0,0.0,0.0,0,4,0,0,0,0,NA,2023-10-23 09:43:22.952000,NA,NA,NA,NA,week5,0.0,0,NA,NA,1,2023-10-23 09:43:25.933000,0.01583333333333333,1.6088883333333333,0.0,0.0,2.0,0.0,0.0,2023-10-24 14:30:11.884000,NA,NA,NA,NA,NA,NA,NA,NA,NA,NA,NA,NA,NA,NA
63.6,United Kingdom of Great Britain and Northern Ireland,1996,Male,CAH04-01	Psychology,151,23/10/23 - 29/10/23,0.0,2.395278333333333,0.0,0.0,0.0,0.0,1.075,03:28:13,01:42:01,3,5,0.0,0.0019433333333333336,0.0,0.0,0.0,0.0,0,3,0,0,0,0,NA,2023-10-24 14:11:49.493000,NA,NA,NA,NA,week5,0.0,0,NA,NA,1,2023-10-24 14:11:51.844000,1.5952783333333334,1.8427783333333336,0.0,0.0,2.0,0.0,0.0,2023-10-24 15:47:37.478000,NA,NA,NA,NA,NA,NA,NA,NA,NA,NA,NA,NA,NA,NA
61.2,Bangladesh,1999,Male,CAH10-01	Engineering,152,23/10/23 - 29/10/23,0.0,4.2769449999999996,0.0,0.0,0.0,0.0,0.0,04:16:37,01:42:01,3,3,0.0,0.0025,0.0,0.0,0.0,0.0,0,3,0,0,0,0,NA,2023-10-24 13:27:30.701000,NA,NA,NA,NA,week5,0.0,0,NA,NA,2,2023-10-24 13:27:34.734000,2.5302783333333334,1.7411116666666666,0.0,0.0,1.0,0.0,0.0,2023-10-24 15:59:30.609000,NA,NA,NA,NA,NA,NA,NA,NA,NA,NA,NA,NA,NA,NA
58.0,Nigeria,1976,Female,CAH25-01	Creative arts and design,153,23/10/23 - 29/10/23,0.03388833333333333,0.003055,0.0,0.0,0.0,0.0,0.0,00:02:13,01:42:01,3,3,0.0,0.0022216666666666665,0.0,0.0,0.0,0.0,0,1,0,0,0,0,NA,2023-10-24 14:11:17.083000,NA,NA,NA,NA,week5,0.0,0,NA,NA,1,2023-10-24 14:11:25.379000,0.0,0.0,0.0,0.0,0.0,0.0,0.0,NA,NA,NA,NA,NA,NA,NA,NA,NA,NA,NA,NA,NA,NA,NA
71.0,Pakistan,1998,Male,CAH11-01	Computing,154,23/10/23 - 29/10/23,0.007778333333333333,0.0,0.0,0.0,0.0,0.0,0.0,00:00:28,01:42:01,2,2,0.0,0.0,0.0,0.0008333333333333334,0.0,0.0,0,0,0,1,0,0,NA,NA,NA,2023-10-23 12:55:31.386000,NA,NA,week5,0.0,0,NA,NA,0,NA,0.0,0.0,0.0,0.0,0.0,0.0,0.0,NA,NA,NA,NA,NA,NA,NA,NA,NA,NA,NA,NA,NA,NA,NA
68.2,Turkey,1969,Female,CAH22-01	Education and teaching,155,23/10/23 - 29/10/23,0.0,0.27694499999999994,0.0,3.4566666666666666,0.0,0.0022216666666666665,0.0,03:44:09,01:42:01,3,9,0.0,0.010276666666666667,0.0,0.0,0.0,0.0,0,7,0,0,0,0,NA,2023-10-24 09:36:06.640000,NA,NA,NA,NA,week5,0.0,0,NA,NA,1,2023-10-24 09:36:20.808000,0.0027783333333333336,3.693611666666667,0.0,0.0,6.0,0.0,0.0,2023-10-24 09:36:36.773000,NA,NA,NA,NA,NA,NA,NA,NA,NA,NA,NA,NA,NA,NA
73.0,Sri Lanka,2001,Male,CAH17-01	Business and management,156,23/10/23 - 29/10/23,0.0,0.0,0.0,0.048054999999999994,0.005,0.0,0.0,00:03:11,01:42:01,2,2,0.0,0.0011116666666666666,0.0,0.0,0.0,0.0,0,1,0,0,0,0,NA,2023-10-27 15:00:23.911000,NA,NA,NA,NA,week5,0.0,0,NA,NA,0,NA,0.0,0.0,0.0,0.0,1.0,0.0,0.0,2023-10-27 15:00:27.911000,NA,NA,NA,NA,NA,NA,NA,NA,NA,NA,NA,NA,NA,NA
61.4,Sri Lanka,1986,Male,CAH17-01	Business and management,157,23/10/23 - 29/10/23,0.0,0.028055,0.0,0.0,0.0,0.01639,0.0025,00:02:49,01:42:01,3,13,0.0,0.010555,0.0,0.0,0.0,0.0,0,8,0,0,0,0,NA,2023-10-24 12:42:41.156000,NA,NA,NA,NA,week5,0.0,0,NA,NA,3,2023-10-24 12:42:50.090000,0.0033333333333333335,0.0036116666666666667,0.0,0.0,5.0,0.0,0.0,2023-10-28 13:22:54.700000,NA,NA,NA,NA,NA,NA,NA,NA,NA,NA,NA,NA,NA,NA
60.6,India,1995,Male,CAH10-01	Engineering,158,23/10/23 - 29/10/23,0.029166666666666667,0.675,0.0,0.0,0.0,0.35194499999999995,0.9152766666666667,01:58:17,01:42:01,4,15,0.0,0.7977783333333334,0.0,0.0022216666666666665,0.0,0.0,0,13,0,2,0,0,NA,2023-10-23 23:25:55.546000,NA,2023-10-23 23:25:21.033000,NA,NA,week5,0.0,0,NA,NA,5,2023-10-23 23:26:12.142000,0.5202783333333333,0.26749833333333334,0.0,0.0,6.0,0.0,0.0,2023-10-24 15:25:54.065000,NA,NA,NA,NA,NA,NA,NA,NA,NA,NA,NA,NA,NA,NA
48.2,Cameroon,1991,Female,CAH17-01	Business and management,159,23/10/23 - 29/10/23,0.0,0.042221666666666664,0.0,0.005833333333333333,0.019444999999999997,0.006111666666666666,0.0,00:04:25,01:42:01,2,10,0.0,0.02389,0.0,0.0,0.0,0.0,0,5,0,0,0,0,NA,2023-10-24 15:51:08.083000,NA,NA,NA,NA,week5,0.0,0,NA,NA,0,NA,0.0,0.0,0.0,0.0,5.0,0.0,0.0,2023-10-24 15:51:11.530000,NA,NA,NA,NA,NA,NA,NA,NA,NA,NA,NA,NA,NA,NA
61.8,United Kingdom of Great Britain and Northern Ireland,2001,Male,CAH09-01	Mathematical sciences,160,23/10/23 - 29/10/23,0.0033333333333333335,1.4063883333333331,0.0,0.0,0.0,0.0,0.0,01:24:35,01:42:01,3,5,0.0,0.4375,0.0,0.0,0.0,0.0,0,3,0,0,0,0,NA,2023-10-23 22:06:52.520000,NA,NA,NA,NA,week5,0.0,0,NA,NA,2,2023-10-23 22:06:58.291000,0.725,0.24333333333333332,0.0,0.0,1.0,0.0,0.0,2023-10-24 15:47:37.461000,NA,NA,NA,NA,NA,NA,NA,NA,NA,NA,NA,NA,NA,NA
64.4,Egypt,2000,Male,CAH11-01	Computing,161,23/10/23 - 29/10/23,0.0,0.2027783333333333,0.0,0.0,0.0,0.0,0.0,00:12:10,01:42:01,2,2,0.0,0.0008333333333333334,0.0,0.0,0.0,0.0,0,1,0,0,0,0,NA,2023-10-24 14:37:00.082000,NA,NA,NA,NA,week5,0.0,0,NA,NA,1,2023-10-24 14:37:02.748000,0.20138833333333336,0.0,0.0,0.0,0.0,0.0,0.0,NA,NA,NA,NA,NA,NA,NA,NA,NA,NA,NA,NA,NA,NA,NA
69.4,Myanmar,1995,Male,CAH11-01	Computing,162,23/10/23 - 29/10/23,0.0,3.606666666666667,0.0,0.0,0.0,0.0,0.0,03:36:24,01:42:01,2,2,0.0,1.3486116666666668,0.0,0.0,0.0,0.0,0,3,0,0,0,0,NA,2023-10-24 14:07:08.447000,NA,NA,NA,NA,week5,0.0,0,NA,NA,0,NA,0.0,2.2522216666666663,0.0,0.0,3.0,0.0,0.0,2023-10-24 14:07:14.545000,NA,NA,NA,NA,NA,NA,NA,NA,NA,NA,NA,NA,NA,NA
72.0,United Kingdom of Great Britain and Northern Ireland,1991,Male,CAH15-03	Politics,163,23/10/23 - 29/10/23,0.0,3.8602783333333335,0.0,0.0,0.0,0.0,0.0022216666666666665,03:51:45,01:42:01,3,7,0.0,0.0063883333333333335,0.0,0.0,0.0,0.0,0,7,0,0,0,0,NA,2023-10-24 12:24:43.292000,NA,NA,NA,NA,week5,0.0,0,NA,NA,3,2023-10-24 12:58:38.138000,1.7841666666666667,2.0,0.0,0.0,3.0,0.0,0.0,2023-10-24 13:58:26.098000,NA,NA,NA,NA,NA,NA,NA,NA,NA,NA,NA,NA,NA,NA
65.0,Sri Lanka,1994,Male,CAH11-01	Computing,164,23/10/23 - 29/10/23,0.0,0.056666666666666664,0.0,0.0,0.0,0.0,0.0,00:03:24,01:42:01,3,5,0.0,0.0036116666666666667,0.0,0.0,0.0,0.0,0,3,0,0,0,0,NA,2023-10-24 01:12:40.265000,NA,NA,NA,NA,week5,0.0,0,NA,NA,2,2023-10-24 01:12:46.388000,0.0,0.0013883333333333332,0.0,0.0,1.0,0.0,0.0,2023-10-24 15:14:37.885000,NA,NA,NA,NA,NA,NA,NA,NA,NA,NA,NA,NA,NA,NA
61.6,Turkey,1984,Male,CAH17-01	Business and management,165,23/10/23 - 29/10/23,0.0,2.3072216666666665,0.0,0.0,0.0,0.0,0.0,02:18:26,01:42:01,3,3,0.0,0.006111666666666666,0.0,0.0,0.0,0.0,0,5,0,0,0,0,NA,2023-10-24 14:09:23.829000,NA,NA,NA,NA,week5,0.0,0,NA,NA,4,2023-10-24 14:09:28.170000,1.391945,0.8938883333333333,0.0,0.0,1.0,0.0,0.0,2023-10-24 15:47:52.030000,NA,NA,NA,NA,NA,NA,NA,NA,NA,NA,NA,NA,NA,NA
68.6,Malaysia,1998,Female,CAH17-01	Business and management,166,23/10/23 - 29/10/23,0.0,3.1141666666666667,0.059445,0.0,0.0,0.0,0.0,03:10:25,01:42:01,5,10,0.0,0.014445000000000001,0.0,0.0013883333333333332,0.0,0.0,0,8,0,2,0,0,NA,2023-10-24 10:26:02.332000,NA,2023-10-24 10:26:14.766000,NA,NA,week5,0.007500000000000001,2,2023-10-24 10:26:50.132000,NA,4,2023-10-24 10:26:06.662000,3.087776666666666,0.051666666666666666,0.0,0.0,2.0,0.0,0.0,2023-10-25 00:25:20.497000,NA,NA,NA,NA,NA,NA,NA,NA,NA,NA,NA,NA,NA,NA
74.6,Pakistan,1995,Male,CAH10-01	Engineering,167,23/10/23 - 29/10/23,0.0,0.4172233333333333,0.0,0.0,0.0,0.0,0.0,00:25:02,01:42:01,2,4,0.0,0.0019433333333333336,0.0,0.0,0.0,0.0,0,2,0,0,0,0,NA,2023-10-24 09:38:29.183000,NA,NA,NA,NA,week5,0.0,0,NA,NA,2,2023-10-24 09:38:34.331000,0.39499999999999996,0.0,0.0,0.0,0.0,0.0,0.0,NA,NA,NA,NA,NA,NA,NA,NA,NA,NA,NA,NA,NA,NA,NA
63.0,United Kingdom of Great Britain and Northern Ireland,2001,Female,CAH17-01	Business and management,168,23/10/23 - 29/10/23,0.09249833333333334,0.521945,0.0,0.0,0.0,0.0,0.0,00:36:52,01:42:01,4,13,0.0,0.014165,0.0,0.0,0.0,0.0,0,13,0,0,0,0,NA,2023-10-23 14:57:37.362000,NA,NA,NA,NA,week5,0.0022216666666666665,1,2023-10-23 14:57:38.401000,NA,8,2023-10-23 14:58:13.100000,0.018333333333333333,0.47861000000000004,0.0,0.0,4.0,0.0,0.0,2023-10-23 14:57:55.958000,NA,NA,NA,NA,NA,NA,NA,NA,NA,NA,NA,NA,NA,NA
76.2,Sweden,1977,Male,"CAH15-01	Sociology, social policy and anthropology",169,23/10/23 - 29/10/23,0.0,0.0,0.0,0.1075,0.0,0.0,0.0,00:06:27,01:42:01,2,2,0.0,0.0011116666666666666,0.0,0.0,0.0,0.0,0,1,0,0,0,0,NA,2023-10-26 11:41:56.781000,NA,NA,NA,NA,week5,0.0,0,NA,NA,0,NA,0.0,0.0,0.0,0.0,1.0,0.0,0.0,2023-10-26 11:42:00.951000,NA,NA,NA,NA,NA,NA,NA,NA,NA,NA,NA,NA,NA,NA
73.4,Pakistan,1987,Male,CAH11-01	Computing,170,23/10/23 - 29/10/23,0.0,0.0,0.0,0.0,0.0,0.0,0.014445000000000001,00:00:52,01:42:01,3,3,0.0,0.0011116666666666666,0.0,0.0,0.0,0.0,0,2,0,0,0,0,NA,2023-10-29 21:14:05.175000,NA,NA,NA,NA,week5,0.0,0,NA,NA,1,2023-10-29 21:14:07.385000,0.006111666666666666,0.0,0.0,0.0,1.0,0.0,0.0,2023-10-29 21:14:31.381000,NA,NA,NA,NA,NA,NA,NA,NA,NA,NA,NA,NA,NA,NA
73.2,India,2001,Male,CAH10-01	Engineering,171,23/10/23 - 29/10/23,0.09638833333333333,2.03639,0.0,0.0,0.0,0.0,0.32361166666666663,02:27:23,01:42:01,4,12,0.0,0.006666666666666667,0.0,0.0,0.0,0.0,0,9,0,0,0,0,NA,2023-10-23 15:19:21.128000,NA,NA,NA,NA,week5,0.0,0,NA,NA,4,2023-10-23 15:19:31.545000,1.7180549999999999,0.6213883333333334,0.0,0.0,5.0,0.0,0.0,2023-10-23 15:19:25.247000,NA,NA,NA,NA,NA,NA,NA,NA,NA,NA,NA,NA,NA,NA
63.8,Nigeria,2001,Male,"CAH26-01 Geography, earth and environmental studies",172,23/10/23 - 29/10/23,0.003055,0.0,0.0,0.0,0.0,0.0,0.0,00:00:11,01:42:01,1,1,0.0,0.0025,0.0,0.0,0.0,0.0,0,1,0,0,0,0,NA,2023-10-23 14:03:20.599000,NA,NA,NA,NA,week5,0.0,0,NA,NA,0,NA,0.0,0.0,0.0,0.0,0.0,0.0,0.0,NA,NA,NA,NA,NA,NA,NA,NA,NA,NA,NA,NA,NA,NA,NA
74.0,Viet Nam,1998,Male,CAH11-01	Computing,173,23/10/23 - 29/10/23,0.0,3.836945,0.0,0.0,0.0,0.0,0.8716666666666666,04:42:31,01:42:01,7,7,0.0,0.8977783333333333,0.0,0.00027833333333333334,0.003055,0.08,0,20,0,1,1,2,NA,2023-10-24 12:01:42.168000,NA,2023-10-24 12:01:47.939000,2023-10-24 12:16:49.265000,2023-10-24 12:02:43.121000,week5,0.0125,3,2023-10-24 12:01:56.508000,NA,6,2023-10-24 12:01:50.917000,1.6241666666666668,0.008611666666666665,0.0,0.0,5.0,0.0,0.0,2023-10-24 12:01:45.706000,NA,NA,NA,NA,NA,NA,NA,NA,NA,NA,NA,NA,NA,NA
64.6,China,2002,Male,CAH11-01	Computing,174,23/10/23 - 29/10/23,0.0,0.0011116666666666666,0.0,0.0,0.0047216666666666665,0.0,0.0,00:00:21,01:42:01,3,5,0.0,0.0016666666666666668,0.0,0.0,0.0,0.0,0,3,0,0,0,0,NA,2023-10-24 14:19:11.816000,NA,NA,NA,NA,week5,0.0,0,NA,NA,2,2023-10-24 14:19:14.482000,0.0036116666666666667,0.0,0.0,0.0,1.0,0.0,0.0,2023-10-27 16:46:08.582000,NA,NA,NA,NA,NA,NA,NA,NA,NA,NA,NA,NA,NA,NA
71.2,Nigeria,1996,Female,CAH17-01	Business and management,175,23/10/23 - 29/10/23,0.0,0.0047216666666666665,0.0,0.0,2.1077766666666666,0.0,0.0,02:06:44,01:42:01,3,5,0.0,0.001945,0.0,0.0,0.0,0.0,0,2,0,0,0,0,NA,2023-10-24 15:19:40.045000,NA,NA,NA,NA,week5,0.0,0,NA,NA,0,NA,0.0,0.6113883333333334,0.0,0.0,2.0,0.0,0.0,2023-10-24 15:19:43.628000,NA,NA,NA,NA,NA,NA,NA,NA,NA,NA,NA,NA,NA,NA
64.4,Nigeria,1980,Female,CAH09-01	Mathematical sciences,176,23/10/23 - 29/10/23,0.7572233333333334,1.1933333333333331,0.0,0.0,0.005278333333333333,2.7224999999999997,1.2655549999999998,05:56:38,01:42:01,10,24,0.0,0.14555333333333334,0.0,0.0,0.009445000000000002,0.9769450000000001,0,24,0,1,4,6,NA,2023-10-23 12:24:55.250000,NA,2023-10-28 13:47:17.601000,2023-10-23 12:25:15.874000,2023-10-23 12:25:49.662000,week5,1.2630566666666667,3,2023-10-23 12:24:58.123000,NA,8,2023-10-23 12:26:06.168000,0.0022216666666666665,1.0733333333333335,0.0,0.0,1.0,0.0,0.0,2023-10-24 15:49:22.837000,NA,NA,NA,NA,NA,NA,NA,NA,NA,NA,NA,NA,NA,NA
66.2,Nigeria,2001,Female,CAH17-01	Business and management,177,23/10/23 - 29/10/23,0.8586116666666667,0.004445,0.0,0.0,0.0,0.0,0.0,00:51:47,01:42:01,4,7,0.0,0.00389,0.0,0.00111,0.0,0.0,0,4,0,2,0,0,NA,2023-10-23 18:55:45.096000,NA,2023-10-23 19:46:38.744000,NA,NA,week5,0.0,0,NA,NA,1,2023-10-23 18:55:48.081000,0.8388883333333333,0.006666666666666667,0.0,0.0,2.0,0.0,0.0,2023-10-23 19:46:12.409000,NA,NA,NA,NA,NA,NA,NA,NA,NA,NA,NA,NA,NA,NA
63.0,Australia,1977,Female,CAH16-01	Law,178,23/10/23 - 29/10/23,0.0,0.9397216666666667,0.06611166666666667,0.0,0.0,0.0,0.0,01:00:21,01:42:01,3,4,0.0,0.004723333333333334,0.0,0.0,0.0,0.0,0,2,0,0,0,0,NA,2023-10-24 15:19:16.784000,NA,NA,NA,NA,week5,0.0,0,NA,NA,1,2023-10-24 15:19:26.802000,0.933055,0.060000000000000005,0.0,0.0,1.0,0.0,0.0,2023-10-25 10:10:23.518000,NA,NA,NA,NA,NA,NA,NA,NA,NA,NA,NA,NA,NA,NA
65.8,United Kingdom of Great Britain and Northern Ireland,2001,Male,CAH11-01	Computing,179,23/10/23 - 29/10/23,0.0,0.0,0.0,0.0,0.0,0.0,0.0,00:00:00,01:42:01,0,0,0.0,0.0,0.0,0.0,0.0,0.0,0,0,0,0,0,0,NA,NA,NA,NA,NA,NA,week5,0.0,0,NA,NA,0,NA,0.0,0.0,0.0,0.0,0.0,0.0,0.0,NA,NA,NA,NA,NA,NA,NA,NA,NA,NA,NA,NA,NA,NA,NA
73.2,India,2000,Male,CAH10-01	Engineering,180,23/10/23 - 29/10/23,0.0925,4.986666666666666,0.0,0.0,0.0,0.0,0.0,05:04:45,01:42:01,4,7,0.0,0.0052766666666666665,0.0,0.0005566666666666667,0.0,0.0,0,6,0,2,0,0,NA,2023-10-23 14:01:31.675000,NA,2023-10-23 14:18:33.982000,NA,NA,week5,0.0,0,NA,NA,6,2023-10-23 14:01:35.869000,5.025833333333334,0.0,0.0,0.0,0.0,0.0,0.0,NA,NA,NA,NA,NA,NA,NA,NA,NA,NA,NA,NA,NA,NA,NA
64.4,Nigeria,1976,Female,CAH17-01	Business and management,181,23/10/23 - 29/10/23,0.012778333333333334,0.0,0.0,0.0,0.0,0.0,0.0,00:00:46,01:42:01,2,2,0.0,0.000555,0.0,0.0,0.0,0.0,0,1,0,0,0,0,NA,2023-10-23 07:29:50.031000,NA,NA,NA,NA,week5,0.0,0,NA,NA,1,2023-10-23 07:29:52.290000,0.0,0.0,0.0,0.0,0.0,0.0,0.0,NA,NA,NA,NA,NA,NA,NA,NA,NA,NA,NA,NA,NA,NA,NA
63.4,Sri Lanka,2000,Female,CAH17-01	Business and management,182,23/10/23 - 29/10/23,0.0,1.6741666666666668,0.0,0.0,0.0,0.0,0.0,01:40:27,01:42:01,3,3,0.0,0.0063883333333333335,0.0,0.0,0.0,0.0,0,5,0,0,0,0,NA,2023-10-24 10:50:07.001000,NA,NA,NA,NA,week5,0.0,0,NA,NA,4,2023-10-24 10:50:14.534000,1.6572216666666664,0.0,0.0,0.0,1.0,0.0,0.0,2023-10-24 15:47:47.882000,NA,NA,NA,NA,NA,NA,NA,NA,NA,NA,NA,NA,NA,NA
68.6,Viet Nam,1997,Female,CAH17-01	Business and management,183,23/10/23 - 29/10/23,0.0,0.6188883333333333,0.004166666666666667,0.0,0.0,0.0,0.0,00:37:23,01:42:01,3,4,0.0,0.005833333333333333,0.0,0.0,0.0,0.0,0,5,0,0,0,0,NA,2023-10-24 15:18:13.896000,NA,NA,NA,NA,week5,0.0,0,NA,NA,1,2023-10-24 15:18:20.780000,0.5597216666666667,0.05388833333333333,0.0,0.0,3.0,0.0,0.0,2023-10-24 15:18:15.747000,NA,NA,NA,NA,NA,NA,NA,NA,NA,NA,NA,NA,NA,NA
73.0,Thailand,2001,Male,CAH17-01	Business and management,184,23/10/23 - 29/10/23,0.004445,1.970555,0.0,0.0,0.0,0.0,0.0013883333333333332,01:58:35,01:42:01,3,9,0.0,0.009166666666666667,0.0,0.0,0.0,0.0,0,9,0,0,0,0,NA,2023-10-23 16:17:36.998000,NA,NA,NA,NA,week5,0.0,0,NA,NA,4,2023-10-23 16:17:42.433000,1.790555,0.15583333333333332,0.0,0.0,4.0,0.0,0.0,2023-10-24 14:02:55.436000,NA,NA,NA,NA,NA,NA,NA,NA,NA,NA,NA,NA,NA,NA
67.4,United Kingdom of Great Britain and Northern Ireland,2001,Male,CAH04-01	Psychology,185,23/10/23 - 29/10/23,0.007221666666666667,2.0227783333333336,0.0,0.0,0.0,0.0,0.0,02:01:48,01:42:01,3,6,0.0,0.009723333333333332,0.0,0.0,0.0,0.0,0,16,0,0,0,0,NA,2023-10-23 15:24:33.575000,NA,NA,NA,NA,week5,0.0,0,NA,NA,6,2023-10-23 15:24:35.310000,1.7277766666666667,0.27749999999999997,0.0,0.0,10.0,0.0,0.0,2023-10-23 15:24:38.035000,NA,NA,NA,NA,NA,NA,NA,NA,NA,NA,NA,NA,NA,NA
62.4,Iran,1995,Female,CAH10-01	Engineering,186,23/10/23 - 29/10/23,0.56,3.4466666666666668,0.0,0.0,0.0,0.0,0.0,04:00:24,01:42:01,5,9,0.0,0.0036116666666666667,0.0,0.0,0.0,0.0,0,5,0,0,0,0,NA,2023-10-23 18:44:00.448000,NA,NA,NA,NA,week5,0.0011116666666666666,1,2023-10-23 23:02:09.483000,NA,3,2023-10-23 18:44:04.094000,1.83389,2.154166666666667,0.0,0.0,1.0,0.0,0.0,2023-10-24 15:32:15.696000,NA,NA,NA,NA,NA,NA,NA,NA,NA,NA,NA,NA,NA,NA
64.8,United Kingdom of Great Britain and Northern Ireland,1997,Female,CAH09-01	Mathematical sciences,187,23/10/23 - 29/10/23,0.0,3.292221666666667,0.0,0.0,0.0,0.0,0.0,03:17:32,01:42:01,3,5,0.0,0.0036116666666666667,0.0,0.0,0.0,0.0,0,4,0,0,0,0,NA,2023-10-24 13:05:59.184000,NA,NA,NA,NA,week5,0.0,0,NA,NA,3,2023-10-24 13:06:01.077000,2.0638883333333333,1.2155549999999997,0.0,0.0,1.0,0.0,0.0,2023-10-24 15:47:43.723000,NA,NA,NA,NA,NA,NA,NA,NA,NA,NA,NA,NA,NA,NA
52.4,Egypt,1986,Male,CAH10-01	Engineering,188,23/10/23 - 29/10/23,0.0,0.008888333333333333,0.0,0.0,0.0,0.0,0.0,00:00:32,01:42:01,3,3,0.0,0.0013883333333333332,0.0,0.0,0.0,0.0,0,2,0,0,0,0,NA,2023-10-24 15:21:51.477000,NA,NA,NA,NA,week5,0.00027833333333333334,1,2023-10-24 15:21:53.418000,NA,1,2023-10-24 15:21:57.082000,0.0,0.0,0.0,0.0,0.0,0.0,0.0,NA,NA,NA,NA,NA,NA,NA,NA,NA,NA,NA,NA,NA,NA,NA
63.8,Sri Lanka,1987,Female,CAH10-01	Engineering,189,23/10/23 - 29/10/23,0.04777833333333334,0.0022216666666666665,0.0,0.0,0.0,0.22611166666666666,0.0025,00:16:43,01:42:01,3,9,0.0,0.007778333333333333,0.0,0.0,0.0,0.0,0,7,0,0,0,0,NA,2023-10-23 22:09:45.431000,NA,NA,NA,NA,week5,0.0,0,NA,NA,4,2023-10-23 22:09:51.441000,0.03277833333333333,0.05416666666666667,0.0,0.0,3.0,0.0,0.0,2023-10-28 19:43:40.310000,NA,NA,NA,NA,NA,NA,NA,NA,NA,NA,NA,NA,NA,NA
73.8,Algeria,1996,Male,NA,190,23/10/23 - 29/10/23,0.0,2.2852783333333333,0.0,0.0,0.0,0.0,0.0016666666666666668,02:17:13,01:42:01,3,10,0.0,0.005833333333333333,0.0,0.0,0.0,0.0,0,6,0,0,0,0,NA,2023-10-24 04:04:27.937000,NA,NA,NA,NA,week5,0.0,0,NA,NA,3,2023-10-24 04:04:39.589000,1.995,0.27166666666666667,0.0,0.0,3.0,0.0,0.0,2023-10-24 04:04:30.871000,NA,NA,NA,NA,NA,NA,NA,NA,NA,NA,NA,NA,NA,NA
62.4,Sri Lanka,1996,Female,CAH17-01	Business and management,191,23/10/23 - 29/10/23,0.18361166666666665,6.839721666666667,0.0,0.0,0.0,0.0,0.0,07:01:24,01:42:01,3,5,0.0,0.007221666666666667,0.0,0.0,0.0,0.0,0,5,0,0,0,0,NA,2023-10-23 14:28:02.952000,NA,NA,NA,NA,week5,0.0,0,NA,NA,3,2023-10-23 14:28:10.998000,4.149166666666667,0.46638833333333335,0.0,0.0,2.0,0.0,0.0,2023-10-24 15:59:09.119000,NA,NA,NA,NA,NA,NA,NA,NA,NA,NA,NA,NA,NA,NA
73.0,Iran,1988,Male,CAH10-01	Engineering,192,23/10/23 - 29/10/23,0.0,0.0,0.0,0.0,0.0,0.0,0.0,00:00:00,01:42:01,0,0,0.0,0.0,0.0,0.0,0.0,0.0,0,0,0,0,0,0,NA,NA,NA,NA,NA,NA,week5,0.0,0,NA,NA,0,NA,0.0,0.0,0.0,0.0,0.0,0.0,0.0,NA,NA,NA,NA,NA,NA,NA,NA,NA,NA,NA,NA,NA,NA,NA
73.0,Sri Lanka,1996,Female,CAH09-01	Mathematical sciences,193,23/10/23 - 29/10/23,0.19,1.0244433333333334,0.0,0.0,0.0,0.0,0.0,01:12:52,01:42:01,7,12,0.0,0.023888333333333334,0.0,0.0,0.0,0.0,0,16,0,0,0,0,NA,2023-10-23 20:00:24.569000,NA,NA,NA,NA,week5,0.0475,4,2023-10-23 20:01:50.982000,NA,10,2023-10-23 20:00:36.274000,1.0052766666666666,0.060555,0.0,0.0,2.0,0.0,0.0,2023-10-24 14:43:46.245000,NA,NA,NA,NA,NA,NA,NA,NA,NA,NA,NA,NA,NA,NA
69.2,India,1996,Male,CAH17-01	Business and management,194,23/10/23 - 29/10/23,0.0,0.0,0.0,0.0,0.0,0.0,0.0,00:00:00,01:42:01,0,0,0.0,0.0,0.0,0.0,0.0,0.0,0,0,0,0,0,0,NA,NA,NA,NA,NA,NA,week5,0.0,0,NA,NA,0,NA,0.0,0.0,0.0,0.0,0.0,0.0,0.0,NA,NA,NA,NA,NA,NA,NA,NA,NA,NA,NA,NA,NA,NA,NA
62.4,India,1997,Male,CAH10-01	Engineering,195,23/10/23 - 29/10/23,1.3802783333333335,5.8966666666666665,0.004445,0.0,0.009166666666666667,0.0,0.0,07:17:26,01:42:01,3,8,0.0,0.006666666666666667,0.0,0.0,0.0,0.0,0,9,0,0,0,0,NA,2023-10-23 22:06:08.354000,NA,NA,NA,NA,week5,0.0,0,NA,NA,5,2023-10-23 22:06:11.625000,6.114443333333333,1.1077766666666666,0.0,0.0,4.0,0.0,0.0,2023-10-23 22:25:00.456000,NA,NA,NA,NA,NA,NA,NA,NA,NA,NA,NA,NA,NA,NA
70.0,Nigeria,1991,Male,CAH11-01	Computing,196,23/10/23 - 29/10/23,0.12416666666666668,2.486945,0.0,0.0,0.0,0.0,0.17305500000000001,02:47:03,01:42:01,6,7,0.0,0.018888333333333333,0.0,0.0,0.0,0.008888333333333333,0,4,0,0,0,1,NA,2023-10-24 13:24:48.069000,NA,NA,NA,2023-10-29 15:14:21.025000,week5,0.0,0,NA,NA,1,2023-10-24 13:25:41.139000,1.875,0.018333333333333333,0.0,0.0,1.0,0.0,0.0,2023-10-29 15:15:17.625000,NA,NA,NA,NA,NA,NA,NA,NA,NA,NA,NA,NA,NA,NA
58.0,Nigeria,1997,Female,CAH15-02	Economics,197,23/10/23 - 29/10/23,0.0,1.8016666666666665,0.0,0.0,0.0,0.0,0.0,01:48:06,01:42:01,3,5,0.0,0.7841666666666666,0.0,0.0,0.0,0.0,0,5,0,0,0,0,NA,2023-10-24 13:13:10.502000,NA,NA,NA,NA,week5,0.0,0,NA,NA,2,2023-10-24 13:13:15.892000,0.3722216666666667,0.6338883333333334,0.0,0.0,3.0,0.0,0.0,2023-10-24 14:33:38.737000,NA,NA,NA,NA,NA,NA,NA,NA,NA,NA,NA,NA,NA,NA
57.0,United Kingdom of Great Britain and Northern Ireland,2000,Female,CAH04-01	Psychology,198,23/10/23 - 29/10/23,0.0,0.5866666666666667,0.0,0.0,0.0,0.0,0.0,00:35:12,01:42:01,2,2,0.0,0.0008333333333333334,0.0,0.0,0.0,0.0,0,1,0,0,0,0,NA,2023-10-24 18:48:46.076000,NA,NA,NA,NA,week5,0.0,0,NA,NA,1,2023-10-24 18:48:49.575000,0.4436116666666666,0.0,0.0,0.0,0.0,0.0,0.0,NA,NA,NA,NA,NA,NA,NA,NA,NA,NA,NA,NA,NA,NA,NA
68.6,Malaysia,2000,Female,CAH17-01	Business and management,199,23/10/23 - 29/10/23,0.008055,1.6772216666666666,0.0,0.0,0.0,0.0,0.0,01:41:07,01:42:01,3,5,0.0,0.0036116666666666667,0.0,0.0,0.0,0.0,0,4,0,0,0,0,NA,2023-10-23 21:51:36.709000,NA,NA,NA,NA,week5,0.0,0,NA,NA,2,2023-10-23 21:51:40.835000,1.658055,0.004445,0.0,0.0,2.0,0.0,0.0,2023-10-24 15:47:48.007000,NA,NA,NA,NA,NA,NA,NA,NA,NA,NA,NA,NA,NA,NA
63.2,United Kingdom of Great Britain and Northern Ireland,2001,Female,CAH15-02	Economics,200,23/10/23 - 29/10/23,3.016388333333333,0.9088883333333334,0.0,0.0,0.0,3.0261116666666665,0.0,06:57:05,01:42:01,6,16,0.0,0.00861,0.0,0.00027833333333333334,0.0,0.0,0,13,0,1,0,0,NA,2023-10-23 13:49:44.888000,NA,2023-10-23 15:52:00.836000,NA,NA,week5,0.023611666666666663,3,2023-10-23 13:49:48.995000,NA,7,2023-10-23 14:56:44.724000,3.80472,3.0058333333333334,0.0,0.0,4.0,0.0,0.0,2023-10-23 15:52:09.669000,NA,NA,NA,NA,NA,NA,NA,NA,NA,NA,NA,NA,NA,NA
71.2,China,2002,Male,CAH11-01	Computing,201,23/10/23 - 29/10/23,0.07583333333333334,2.355,0.0013883333333333332,0.0,0.0,0.006666666666666667,0.0,02:26:20,01:42:01,7,16,0.0,0.016668333333333334,0.0,0.0022216666666666665,0.0008333333333333334,0.0,0,13,0,1,1,0,NA,2023-10-23 22:17:56.340000,NA,2023-10-24 13:34:48.311000,2023-10-24 15:31:55.599000,NA,week5,0.004445,2,2023-10-23 22:18:03.752000,NA,5,2023-10-23 22:18:18.686000,2.3144433333333327,0.025833333333333333,0.0,0.0,4.0,0.0,0.0,2023-10-24 15:30:14.574000,NA,NA,NA,NA,NA,NA,NA,NA,NA,NA,NA,NA,NA,NA
68.2,Iran,1992,Female,CAH10-01	Engineering,202,23/10/23 - 29/10/23,0.0,0.0013883333333333332,0.014445000000000001,2.5322233333333335,0.0,0.2002783333333333,0.0,02:44:54,01:42:01,3,7,0.0,0.006944999999999999,0.0,0.0,0.0,0.0,0,4,0,0,0,0,NA,2023-10-25 14:07:29.919000,NA,NA,NA,NA,week5,0.0,0,NA,NA,0,NA,0.0,2.711943333333333,0.0,0.0,4.0,0.0,0.0,2023-10-25 14:07:35.638000,NA,NA,NA,NA,NA,NA,NA,NA,NA,NA,NA,NA,NA,NA
73.2,Pakistan,1994,Male,CAH10-01	Engineering,203,23/10/23 - 29/10/23,0.0,0.004445,0.0,0.0,0.0,0.0,0.0,00:00:16,01:42:01,0,0,0.0,0.0,0.0,0.0,0.0,0.0,0,0,0,0,0,0,NA,NA,NA,NA,NA,NA,week5,0.0,0,NA,NA,0,NA,0.0,0.0,0.0,0.0,0.0,0.0,0.0,NA,NA,NA,NA,NA,NA,NA,NA,NA,NA,NA,NA,NA,NA,NA
52.5,India,1999,Male,CAH10-01	Engineering,204,23/10/23 - 29/10/23,0.0,0.0,0.0,0.0,0.0,0.0,0.0,00:00:00,01:42:01,0,0,0.0,0.0,0.0,0.0,0.0,0.0,0,0,0,0,0,0,NA,NA,NA,NA,NA,NA,week5,0.0,0,NA,NA,0,NA,0.0,0.0,0.0,0.0,0.0,0.0,0.0,NA,NA,NA,NA,NA,NA,NA,NA,NA,NA,NA,NA,NA,NA,NA
68.6,Myanmar,2001,Female,CAH17-01	Business and management,205,23/10/23 - 29/10/23,0.0,0.0,0.0,0.0,0.0,0.0,0.0,00:00:00,01:42:01,0,0,0.0,0.0,0.0,0.0,0.0,0.0,0,0,0,0,0,0,NA,NA,NA,NA,NA,NA,week5,0.0,0,NA,NA,0,NA,0.0,0.0,0.0,0.0,0.0,0.0,0.0,NA,NA,NA,NA,NA,NA,NA,NA,NA,NA,NA,NA,NA,NA,NA
73.8,Turkey,1999,Female,CAH10-01	Engineering,206,23/10/23 - 29/10/23,0.0,0.41833333333333333,0.0,0.0,0.0,0.0,0.0,00:25:06,01:42:01,2,2,0.0,0.0022216666666666665,0.0,0.0,0.0,0.0,0,2,0,0,0,0,NA,2023-10-24 12:59:41.575000,NA,NA,NA,NA,week5,0.0,0,NA,NA,1,2023-10-24 12:59:49.208000,0.26638833333333334,0.0,0.0,0.0,0.0,0.0,0.0,NA,NA,NA,NA,NA,NA,NA,NA,NA,NA,NA,NA,NA,NA,NA
71.6,Nigeria,1994,Male,CAH15-02	Economics,207,23/10/23 - 29/10/23,0.0,0.0,0.0,0.0,0.0,0.0,0.0,00:00:00,01:42:01,0,0,0.0,0.0,0.0,0.0,0.0,0.0,0,0,0,0,0,0,NA,NA,NA,NA,NA,NA,week5,0.0,0,NA,NA,0,NA,0.0,0.0,0.0,0.0,0.0,0.0,0.0,NA,NA,NA,NA,NA,NA,NA,NA,NA,NA,NA,NA,NA,NA,NA
60.4,India,1992,Male,CAH19-01	English studies,208,23/10/23 - 29/10/23,0.0,0.1408333333333333,0.0,0.0,0.0,0.0,0.0,00:08:27,01:42:01,3,3,0.0,0.003055,0.0,0.0,0.0,0.0,0,2,0,0,0,0,NA,2023-10-24 15:00:43.795000,NA,NA,NA,NA,week5,0.0,0,NA,NA,1,2023-10-24 15:01:01.083000,0.0,0.001945,0.0,0.0,1.0,0.0,0.0,2023-10-24 15:00:52.378000,NA,NA,NA,NA,NA,NA,NA,NA,NA,NA,NA,NA,NA,NA
64.0,Bangladesh,1996,Female,CAH17-01	Business and management,209,23/10/23 - 29/10/23,0.0,4.450555,0.0,0.0,0.0,0.0,0.0,04:27:02,01:42:01,5,11,0.0,0.033335000000000004,0.0,0.0022216666666666665,0.0,0.0,0,13,0,1,0,0,NA,2023-10-24 01:00:11.952000,NA,2023-10-24 12:42:41.438000,NA,NA,week5,0.007500000000000001,1,2023-10-24 01:25:22.278000,NA,7,2023-10-24 01:00:16.477000,0.9227783333333334,2.551388333333333,0.0,0.0,3.0,0.0,0.0,2023-10-24 01:25:55.414000,NA,NA,NA,NA,NA,NA,NA,NA,NA,NA,NA,NA,NA,NA
73.0,Sri Lanka,1996,Female,CAH11-01	Computing,210,23/10/23 - 29/10/23,0.0,0.6761116666666667,0.0,0.0,0.0,0.0,0.0,00:40:34,01:42:01,3,3,0.0,0.4927783333333334,0.0,0.0,0.0,0.0,0,2,0,0,0,0,NA,2023-10-24 14:29:34.796000,NA,NA,NA,NA,week5,0.0,0,NA,NA,1,2023-10-24 14:29:38.227000,0.1752783333333333,0.0,0.0,0.0,1.0,0.0,0.0,2023-10-24 15:45:48.389000,NA,NA,NA,NA,NA,NA,NA,NA,NA,NA,NA,NA,NA,NA
61.8,Myanmar,1998,Female,CAH11-01	Computing,211,23/10/23 - 29/10/23,0.006666666666666667,0.0036116666666666667,0.0,0.6672216666666667,0.0,0.0,0.0,00:40:39,01:42:01,4,9,0.0,0.005,0.0,0.0,0.0,0.0,0,6,0,0,0,0,NA,2023-10-23 23:34:38.269000,NA,NA,NA,NA,week5,0.0,0,NA,NA,2,2023-10-23 23:34:41.401000,0.0,0.66,0.0,0.0,4.0,0.0,0.0,2023-10-26 19:58:12.805000,NA,NA,NA,NA,NA,NA,NA,NA,NA,NA,NA,NA,NA,NA
63.0,United States of America,2001,Male,CAH11-01	Computing,212,23/10/23 - 29/10/23,0.0,0.0,0.0,0.0,0.0,0.0,0.0,00:00:00,01:42:01,0,0,0.0,0.0,0.0,0.0,0.0,0.0,0,0,0,0,0,0,NA,NA,NA,NA,NA,NA,week5,0.0,0,NA,NA,0,NA,0.0,0.0,0.0,0.0,0.0,0.0,0.0,NA,NA,NA,NA,NA,NA,NA,NA,NA,NA,NA,NA,NA,NA,NA
60.0,Nigeria,1996,Male,"CAH13-01	Architecture, building and planning",1,31/10/22 - 06/11/22,0.018888333333333333,0.8583333333333333,0.0,0.0,0.8158333333333334,0.0,0.0,01:41:35,02:07:03,4,9,0.0,0.0175,0.0,0.0,0.0,0.0,0,4,0,0,0,0,NA,2022-10-31 22:50:30.265000,NA,NA,NA,NA,week_fve,0.0,0,NA,NA,0,NA,0.0,0.7830566666666666,0.6111116666666666,NA,3,1,NA,2022-10-31 22:50:45.725000,2022-11-04 18:51:40.719000,NA,NA,NA,NA,NA,NA,NA,NA,NA,NA,NA,NA,NA
70.0,Nigeria,1996,Male,CAH07-02	Chemistry,2,31/10/22 - 06/11/22,0.03388833333333333,4.594166666666666,0.0,0.41083333333333333,0.0,0.0,0.0,05:02:20,02:07:03,6,8,0.0,0.021943333333333332,0.004166666666666667,0.0,0.0,0.0,0,8,5,0,0,0,NA,2022-10-31 22:09:25.432000,2022-11-03 16:02:01.873000,NA,NA,NA,week_fve,0.0,0,NA,NA,2,2022-11-03 16:04:07.241000,0.004445,0.01583333333333333,2.2847216666666665,NA,1,1,NA,2022-10-31 22:09:30.364000,2022-11-01 15:53:48.528000,NA,NA,NA,NA,NA,NA,NA,NA,NA,NA,NA,NA,NA
65.0,Nigeria,1990,Female,CAH15-02	Economics,3,31/10/22 - 06/11/22,0.259445,1.75,0.29861166666666666,0.0,0.0,0.0,0.0,02:18:29,02:07:03,5,8,0.0,0.007221666666666667,0.0013883333333333332,0.0,0.0,0.0,0,5,1,0,0,0,NA,2022-11-01 14:14:14.853000,2022-11-01 14:48:44.368000,NA,NA,NA,week_fve,0.0,0,NA,NA,0,NA,0.0,0.5738883333333333,0.005556666666666667,NA,1,4,NA,2022-11-01 14:14:18.845000,2022-11-01 14:48:56.144000,NA,NA,NA,NA,NA,NA,NA,NA,NA,NA,NA,NA,NA
55.0,Nigeria,1991,Male,CAH15-02	Economics,4,31/10/22 - 06/11/22,0.0,0.0,0.0,0.0,0.0,0.0,0.0,00:00:00,02:07:03,0,0,0.0,0.0,0.0,0.0,0.0,0.0,0,0,0,0,0,0,NA,NA,NA,NA,NA,NA,week_fve,0.0,0,NA,NA,0,NA,0.0,0.0,0.0,NA,0,0,NA,NA,NA,NA,NA,NA,NA,NA,NA,NA,NA,NA,NA,NA,NA,NA
65.0,Pakistan,1998,Male,CAH17-01	Business and management,5,31/10/22 - 06/11/22,0.03888833333333333,1.8141666666666665,0.0,0.0,0.0,0.0,0.0,01:51:11,02:07:03,2,2,0.0,0.006111666666666666,0.0,0.0,0.0,0.0,0,2,0,0,0,0,NA,2022-11-01 15:33:03.182000,NA,NA,NA,NA,week_fve,0.0,0,NA,NA,0,NA,0.0,0.0,0.0,NA,0,0,NA,NA,NA,NA,NA,NA,NA,NA,NA,NA,NA,NA,NA,NA,NA,NA
62.0,Nigeria,1985,Male,CAH10-01	Engineering,6,31/10/22 - 06/11/22,0.06333333333333332,0.27861166666666665,0.6719449999999999,0.0,0.0,0.24666666666666667,0.0,01:15:38,02:07:03,6,8,0.0,0.005833333333333333,0.0016666666666666668,0.000555,0.0,0.0,0,5,2,1,0,0,NA,2022-10-31 00:36:16.177000,2022-11-02 12:31:02.642000,2022-11-02 12:31:09.123000,NA,NA,week_fve,0.0,0,NA,NA,0,NA,0.0,0.0,0.09416666666666668,NA,0,2,NA,NA,2022-11-05 15:05:08.219000,NA,NA,NA,NA,NA,NA,NA,NA,NA,NA,NA,NA,NA
61.0,Nigeria,1985,Male,CAH11-01	Computing,7,31/10/22 - 06/11/22,0.0,0.0,0.0,0.0,0.0,0.0,0.0,00:00:00,02:07:03,0,0,0.0,0.0,0.0,0.0,0.0,0.0,0,0,0,0,0,0,NA,NA,NA,NA,NA,NA,week_fve,0.0,0,NA,NA,0,NA,0.0,0.0,0.0,NA,0,0,NA,NA,NA,NA,NA,NA,NA,NA,NA,NA,NA,NA,NA,NA,NA,NA
77.0,United Kingdom of Great Britain and Northern Ireland,2001,Female,"CAH07-04	General, applied and forensic sciences",8,31/10/22 - 06/11/22,0.0,2.7975,0.0,0.033055,0.0,0.0,0.0,02:49:50,02:07:03,5,9,0.0,0.006111666666666666,0.0,0.0,0.0,0.0,0,10,0,0,0,0,NA,2022-11-01 14:04:46.128000,NA,NA,NA,NA,week_fve,0.0,0,NA,NA,1,2022-11-03 15:58:48.014000,0.0047216666666666665,0.9072216666666667,1.1922216666666665,NA,4,5,NA,2022-11-01 14:15:42.213000,2022-11-01 14:04:48.041000,NA,NA,NA,NA,NA,NA,NA,NA,NA,NA,NA,NA,NA
61.0,Nigeria,1976,Male,CAH03-01	Biosciences,9,31/10/22 - 06/11/22,0.0,1.2477783333333334,0.0,0.7211116666666667,0.007500000000000001,0.0,0.0,01:58:35,02:07:03,4,6,0.0,0.056666666666666664,0.0,0.0,0.0,0.0,0,4,0,0,0,0,NA,2022-11-01 14:41:57.907000,NA,NA,NA,NA,week_fve,0.0,0,NA,NA,0,NA,0.0,1.1516666666666666,0.6558333333333334,NA,1,3,NA,2022-11-01 14:42:05.511000,2022-11-01 15:55:57.570000,NA,NA,NA,NA,NA,NA,NA,NA,NA,NA,NA,NA,NA
63.0,India,1998,Female,CAH11-01	Computing,10,31/10/22 - 06/11/22,0.0,0.4547216666666667,0.0,0.0,0.0,0.0,0.0,00:27:17,02:07:03,2,2,0.0,0.0036116666666666667,0.0,0.0,0.0,0.0,0,2,0,0,0,0,NA,2022-11-01 18:34:32.979000,NA,NA,NA,NA,week_fve,0.0,0,NA,NA,0,NA,0.0,0.0,0.021945,NA,0,1,NA,NA,2022-11-01 18:34:36.516000,NA,NA,NA,NA,NA,NA,NA,NA,NA,NA,NA,NA,NA
67.0,Nigeria,1996,Female,CAH07-02	Chemistry,11,31/10/22 - 06/11/22,0.0,2.866388333333333,0.0,0.0,0.0,0.0,0.0,02:51:59,02:07:03,1,1,0.0,2.2527783333333335,0.0,0.0,0.0,0.0,0,3,0,0,0,0,NA,2022-11-01 14:05:45.012000,NA,NA,NA,NA,week_fve,0.0,0,NA,NA,0,NA,0.0,0.0,0.0,NA,0,0,NA,NA,NA,NA,NA,NA,NA,NA,NA,NA,NA,NA,NA,NA,NA,NA
66.0,Nigeria,1986,Female,"CAH06-01	Agriculture, food and related studies",12,31/10/22 - 06/11/22,0.0,0.49889,0.39111166666666664,0.0,0.0,0.0,0.07333333333333333,00:57:48,02:07:03,4,6,0.0,0.011666666666666665,0.0,0.0,0.0,0.0,0,6,0,0,0,0,NA,2022-11-02 16:37:01.936000,NA,NA,NA,NA,week_fve,0.0,0,NA,NA,0,NA,0.0,0.029443333333333332,0.0033333333333333335,NA,4,2,NA,2022-11-02 16:37:09.679000,2022-11-06 15:12:28.243000,NA,NA,NA,NA,NA,NA,NA,NA,NA,NA,NA,NA,NA
76.0,United Kingdom of Great Britain and Northern Ireland,1995,Male,CAH11-01	Computing,13,31/10/22 - 06/11/22,0.59,1.275,0.0,0.0,0.0,0.0,0.0,01:51:54,02:07:03,4,6,0.0,0.027778333333333332,0.0,0.0,0.0,0.0,0,5,0,0,0,0,NA,2022-10-31 19:51:41.593000,NA,NA,NA,NA,week_fve,0.0,0,NA,NA,0,NA,0.0,0.16944499999999998,0.010833333333333334,NA,2,3,NA,2022-10-31 19:51:48.868000,2022-11-01 15:33:34.026000,NA,NA,NA,NA,NA,NA,NA,NA,NA,NA,NA,NA,NA
57.0,Bangladesh,1997,Female,CAH10-01	Engineering,14,31/10/22 - 06/11/22,0.0,0.04111166666666667,0.0,0.0,0.0,0.0,0.0,00:02:28,02:07:03,3,3,0.0,0.0008333333333333334,0.0,0.0,0.0,0.0,0,1,0,0,0,0,NA,2022-11-01 15:05:26.451000,NA,NA,NA,NA,week_fve,0.0,0,NA,NA,0,NA,0.0,0.0,0.0008333333333333334,NA,0,1,NA,NA,2022-11-01 15:05:29.458000,NA,NA,NA,NA,NA,NA,NA,NA,NA,NA,NA,NA,NA
64.0,Italy,2000,Female,CAH16-01	Law,15,31/10/22 - 06/11/22,1.0233333333333332,0.9133333333333333,0.0,0.0,0.035833333333333335,0.0,0.0,01:58:21,02:07:03,5,13,0.0,0.005556666666666667,0.000555,0.0,0.0,0.0,0,7,1,0,0,0,NA,2022-10-31 16:09:56.455000,2022-11-01 14:40:05.115000,NA,NA,NA,week_fve,0.0,0,NA,NA,0,NA,0.0,0.0,0.4391666666666667,NA,2,4,NA,2022-10-31 16:09:59.228000,2022-11-01 14:40:10.383000,NA,NA,NA,NA,NA,NA,NA,NA,NA,NA,NA,NA,NA
64.0,Sri Lanka,1993,Female,CAH17-01	Business and management,16,31/10/22 - 06/11/22,1.08111,0.0,0.0,0.011666666666666665,0.0,0.0,0.0,01:05:34,02:07:03,2,4,0.0,0.0013883333333333332,0.0,0.0,0.0,0.0,0,2,0,0,0,0,NA,2022-10-31 13:27:25.459000,NA,NA,NA,NA,week_fve,0.0,0,NA,NA,0,NA,0.0,1.0722216666666666,0.0,NA,2,0,NA,2022-10-31 13:27:28.026000,NA,NA,NA,NA,NA,NA,NA,NA,NA,NA,NA,NA,NA,NA
78.0,Viet Nam,1999,Male,CAH11-01	Computing,17,31/10/22 - 06/11/22,1.4344450000000002,6.525,0.955555,0.0,0.0,0.0,0.0,08:54:54,02:07:03,7,17,0.0,1.3661116666666666,0.000555,0.0,0.0,0.0,0,14,2,0,0,0,NA,2022-10-31 09:13:16.123000,2022-10-31 09:13:14.521000,NA,NA,NA,week_fve,0.0,0,NA,NA,1,2022-11-01 14:21:38.859000,0.0013883333333333332,3.638055,0.14666833333333332,NA,7,5,NA,2022-10-31 09:13:18.839000,2022-11-01 14:02:05.871000,NA,NA,NA,NA,NA,NA,NA,NA,NA,NA,NA,NA,NA
63.0,Viet Nam,1996,Female,CAH17-01	Business and management,18,31/10/22 - 06/11/22,0.0,1.8158333333333334,0.0,0.10694500000000001,1.5125,0.0,0.0,03:26:07,02:07:03,5,9,0.0,0.008611666666666665,0.1625,0.0,0.0,0.0,0,6,3,0,0,0,NA,2022-11-01 14:10:06.651000,2022-11-01 14:54:33.830000,NA,NA,NA,week_fve,0.0,0,NA,NA,0,NA,0.0,0.030000000000000002,0.026388333333333337,NA,1,3,NA,2022-11-01 14:10:10.527000,2022-11-01 15:57:28.140000,NA,NA,NA,NA,NA,NA,NA,NA,NA,NA,NA,NA,NA
62.0,United Kingdom of Great Britain and Northern Ireland,2001,Male,CAH15-02	Economics,19,31/10/22 - 06/11/22,0.0013883333333333332,1.8566666666666667,0.079445,0.0,0.0,0.0,0.0,01:56:15,02:07:03,5,10,0.0,0.004443333333333333,0.0011116666666666666,0.0,0.0,0.0,0,7,1,0,0,0,NA,2022-10-31 15:59:43.990000,2022-11-02 15:30:42.441000,NA,NA,NA,week_fve,0.0,0,NA,NA,0,NA,0.0,1.2538883333333333,0.18888833333333335,NA,4,2,NA,2022-10-31 15:59:45.543000,2022-11-01 15:43:11.173000,NA,NA,NA,NA,NA,NA,NA,NA,NA,NA,NA,NA,NA
62.0,Sri Lanka,1989,Female,CAH17-01	Business and management,20,31/10/22 - 06/11/22,0.0,1.668888333333333,0.044721666666666667,0.0,0.0,0.0,0.0,01:42:49,02:07:03,3,3,0.0,0.011111666666666667,0.0,0.0,0.0,0.0,0,4,0,0,0,0,NA,2022-11-01 14:16:46.757000,NA,NA,NA,NA,week_fve,0.0,0,NA,NA,0,NA,0.0,1.2852783333333335,0.06027833333333334,NA,1,2,NA,2022-11-01 14:17:13.462000,2022-11-01 15:46:38.689000,NA,NA,NA,NA,NA,NA,NA,NA,NA,NA,NA,NA,NA
66.0,Sri Lanka,1997,Male,CAH17-01	Business and management,21,31/10/22 - 06/11/22,0.030833333333333334,4.094166666666667,0.0,0.0,0.07055499999999999,0.0,0.0,04:11:44,02:07:03,4,4,0.0,0.007778333333333333,0.0,0.0,0.0,0.0,0,9,0,0,0,0,NA,2022-11-01 12:00:53.039000,NA,NA,NA,NA,week_fve,0.0,0,NA,NA,0,NA,0.0,2.2027783333333337,0.28777833333333336,NA,5,5,NA,2022-11-01 12:00:55.997000,2022-11-01 14:27:41.687000,NA,NA,NA,NA,NA,NA,NA,NA,NA,NA,NA,NA,NA
59.0,Nigeria,1990,Male,"CAH07-04	General, applied and forensic sciences",22,31/10/22 - 06/11/22,0.0,5.110555000000001,0.628055,0.0,0.0,0.0,0.0,05:44:19,02:07:03,5,6,0.0,0.007500000000000001,0.000555,0.0,0.0,0.0,0,3,1,0,0,0,NA,2022-11-01 15:58:28.635000,2022-11-02 11:46:46.033000,NA,NA,NA,week_fve,0.0,0,NA,NA,0,NA,0.0,0.03916666666666667,1.0936116666666666,NA,2,1,NA,2022-11-02 11:40:04.033000,2022-11-01 15:58:36.515000,NA,NA,NA,NA,NA,NA,NA,NA,NA,NA,NA,NA,NA
67.0,Nigeria,1993,Female,CAH09-01	Mathematical sciences,23,31/10/22 - 06/11/22,0.0,2.7633333333333336,2.351388333333333,0.0,0.0,0.0,0.3775,05:29:32,02:07:03,9,14,0.0,0.009445000000000002,0.000555,0.0,0.0036116666666666667,0.766945,0,8,1,0,1,1,NA,2022-11-01 13:11:32.803000,2022-11-06 11:27:42.773000,NA,2022-11-01 13:11:34.548000,2022-11-01 15:06:14.210000,week_fve,0.0,0,NA,NA,1,2022-11-06 11:27:48.580000,0.11111166666666668,0.004166666666666667,1.21389,NA,1,4,NA,2022-11-06 11:12:06.687000,2022-11-01 15:52:38.664000,NA,NA,NA,NA,NA,NA,NA,NA,NA,NA,NA,NA,NA
75.0,United Kingdom of Great Britain and Northern Ireland,1988,Male,CAH03-01	Biosciences,24,31/10/22 - 06/11/22,0.0,6.573611666666666,0.21722166666666667,0.056945,0.0,0.0,0.0,06:50:52,02:07:03,7,10,0.0,0.005555000000000001,0.00027833333333333334,0.0,0.0016666666666666668,0.0027783333333333336,0,6,1,0,1,1,NA,2022-11-01 14:09:42.522000,2022-11-02 13:26:30.988000,NA,2022-11-01 15:08:41.059000,2022-11-01 15:08:28.622000,week_fve,0.0,0,NA,NA,0,NA,0.0,0.8383333333333333,0.0011116666666666666,NA,1,2,NA,2022-11-01 14:09:44.831000,2022-11-01 15:54:24.730000,NA,NA,NA,NA,NA,NA,NA,NA,NA,NA,NA,NA,NA
66.0,United Kingdom of Great Britain and Northern Ireland,2000,Male,CAH17-01	Business and management,25,31/10/22 - 06/11/22,0.0,0.0,0.0,0.0,0.0,0.0,0.0,00:00:00,02:07:03,0,0,0.0,0.0,0.0,0.0,0.0,0.0,0,0,0,0,0,0,NA,NA,NA,NA,NA,NA,week_fve,0.0,0,NA,NA,0,NA,0.0,0.0,0.0,NA,0,0,NA,NA,NA,NA,NA,NA,NA,NA,NA,NA,NA,NA,NA,NA,NA,NA
83.0,United Kingdom of Great Britain and Northern Ireland,1998,Male,CAH15-02	Economics,26,31/10/22 - 06/11/22,0.0,0.59,0.0,0.0,0.0,0.0,0.0,00:35:24,02:07:03,3,3,0.0,0.0011116666666666666,0.0,0.0,0.0,0.0,0,1,0,0,0,0,NA,2022-11-01 15:56:55.461000,NA,NA,NA,NA,week_fve,0.0,0,NA,NA,0,NA,0.0,0.0,0.0025,NA,0,1,NA,NA,2022-11-01 15:56:59.323000,NA,NA,NA,NA,NA,NA,NA,NA,NA,NA,NA,NA,NA
71.0,Switzerland,1996,Female,CAH17-01	Business and management,27,31/10/22 - 06/11/22,0.0016666666666666668,0.018333333333333333,1.5083333333333333,5.383888333333333,0.0,0.0,0.0,06:54:44,02:07:03,4,12,0.0,0.007221666666666667,0.0,0.0,0.0,0.0,0,8,0,0,0,0,NA,2022-10-31 13:14:22.939000,NA,NA,NA,NA,week_fve,0.0,0,NA,NA,0,NA,0.0,0.0027783333333333336,3.387778333333334,NA,3,5,NA,2022-10-31 13:14:24.518000,2022-11-02 12:48:45.698000,NA,NA,NA,NA,NA,NA,NA,NA,NA,NA,NA,NA,NA
82.0,United Kingdom of Great Britain and Northern Ireland,1995,Non-binary / third gender,"CAH15-01	Sociology, social policy and anthropology",28,31/10/22 - 06/11/22,0.0,0.12361166666666668,0.0,0.0,0.0008333333333333334,0.0,0.023055,00:08:51,02:07:03,3,5,0.0,0.0036100000000000004,0.0,0.0,0.0,0.0,0,3,0,0,0,0,NA,2022-11-01 16:22:47.696000,NA,NA,NA,NA,week_fve,0.0,0,NA,NA,0,NA,0.0,0.0,0.12861166666666668,NA,0,2,NA,NA,2022-11-01 16:22:49.520000,NA,NA,NA,NA,NA,NA,NA,NA,NA,NA,NA,NA,NA
81.0,United Kingdom of Great Britain and Northern Ireland,1998,Male,CAH11-01	Computing,29,31/10/22 - 06/11/22,0.0,5.495833333333334,0.0,0.0,0.0,0.17111166666666663,0.0,05:40:01,02:07:03,5,6,0.0,0.4325,0.0,0.0,0.0,0.0,0,19,0,0,0,0,NA,2022-11-01 12:01:09.797000,NA,NA,NA,NA,week_fve,0.0,0,NA,NA,3,2022-11-01 12:01:13.814000,0.00027833333333333334,2.0013883333333333,0.00027833333333333334,NA,6,4,NA,2022-11-01 12:01:12.126000,2022-11-01 14:54:59.976000,NA,NA,NA,NA,NA,NA,NA,NA,NA,NA,NA,NA,NA
71.0,Spain,1983,Male,CAH10-01	Engineering,30,31/10/22 - 06/11/22,0.0,0.7441666666666666,0.0,0.0,0.0,0.03805499999999999,0.0,00:46:56,02:07:03,4,6,0.0,0.0022216666666666665,0.0008333333333333334,0.0,0.0,0.0,0,3,1,0,0,0,NA,2022-11-01 20:35:37.024000,2022-11-01 20:38:32.218000,NA,NA,NA,week_fve,0.0,0,NA,NA,0,NA,0.0,0.0,0.024444999999999998,NA,0,3,NA,NA,2022-11-01 20:35:39.592000,NA,NA,NA,NA,NA,NA,NA,NA,NA,NA,NA,NA,NA
63.0,India,1998,Male,CAH11-01	Computing,31,31/10/22 - 06/11/22,0.0,0.0,0.0,0.0,0.0,0.0,0.0,00:00:00,02:07:03,0,0,0.0,0.0,0.0,0.0,0.0,0.0,0,0,0,0,0,0,NA,NA,NA,NA,NA,NA,week_fve,0.0,0,NA,NA,0,NA,0.0,0.0,0.0,NA,0,0,NA,NA,NA,NA,NA,NA,NA,NA,NA,NA,NA,NA,NA,NA,NA,NA
54.0,Nigeria,1979,Female,CAH17-01	Business and management,32,31/10/22 - 06/11/22,0.10250000000000001,0.7269450000000001,0.0025,0.0,1.5975,0.0,0.274445,02:42:14,02:07:03,8,12,0.0,0.024166666666666666,0.0,0.0,0.0,0.0,0,5,0,0,1,0,NA,2022-10-31 15:38:25.137000,NA,NA,2022-11-04 20:57:51.796000,NA,week_fve,0.0,0,NA,NA,0,NA,0.0,0.0,0.8094433333333334,NA,1,5,NA,2022-10-31 15:38:40.329000,2022-11-04 18:49:51.004000,NA,NA,NA,NA,NA,NA,NA,NA,NA,NA,NA,NA,NA
62.0,Nigeria,1970,Prefer to self-describe,CAH17-01	Business and management,33,31/10/22 - 06/11/22,0.0,1.14111,0.0,0.0,0.41055500000000006,0.0,0.0,01:33:05,02:07:03,5,5,0.0,0.0033333333333333335,0.012221666666666665,0.000555,0.0,0.006111666666666666,0,1,1,1,0,1,NA,2022-11-04 13:33:55.143000,2022-11-04 13:35:28.331000,2022-11-04 13:35:26.353000,NA,2022-11-04 13:34:07.619000,week_fve,0.0,0,NA,NA,0,NA,0.0,0.0,0.0,NA,0,0,NA,NA,NA,NA,NA,NA,NA,NA,NA,NA,NA,NA,NA,NA,NA,NA
60.0,Sri Lanka,1992,Female,CAH17-01	Business and management,34,31/10/22 - 06/11/22,0.02,3.165,0.08333333333333333,0.0,0.13694499999999998,0.0,0.0,03:24:19,02:07:03,4,16,0.0,0.05305666666666666,0.0,0.0,0.0,0.0,0,6,0,0,0,0,NA,2022-11-01 12:58:28.734000,NA,NA,NA,NA,week_fve,0.0,0,NA,NA,0,NA,0.0,0.06805499999999999,0.2797216666666667,NA,3,8,NA,2022-11-01 12:58:33.812000,2022-11-01 14:15:57.478000,NA,NA,NA,NA,NA,NA,NA,NA,NA,NA,NA,NA,NA
62.0,Nigeria,1999,Male,CAH11-01	Computing,35,31/10/22 - 06/11/22,0.0,2.8225,0.0,0.0016666666666666668,0.06277833333333334,0.0,0.0,02:53:13,02:07:03,5,5,0.0,0.005833333333333333,0.0013883333333333332,0.0,0.0,0.0,0,4,1,0,0,0,NA,2022-11-01 14:07:36.643000,2022-11-01 15:13:53.984000,NA,NA,NA,week_fve,0.0,0,NA,NA,0,NA,0.0,1.0933333333333333,1.1238883333333334,NA,1,4,NA,2022-11-01 14:08:03.291000,2022-11-01 14:07:44.545000,NA,NA,NA,NA,NA,NA,NA,NA,NA,NA,NA,NA,NA
62.0,Nigeria,1987,Female,"CAH07-04	General, applied and forensic sciences",36,31/10/22 - 06/11/22,0.0,0.07166666666666667,2.3269450000000003,0.0,0.5472233333333333,0.0,0.078055,03:01:26,02:07:03,5,14,0.0,0.009446666666666667,0.0011116666666666666,0.0,0.0,0.0,0,7,1,0,0,0,NA,2022-11-01 15:18:25.485000,2022-11-01 15:18:21.475000,NA,NA,NA,week_fve,0.0,0,NA,NA,0,NA,0.0,0.0,0.5258333333333334,NA,1,5,NA,2022-11-01 15:18:29.953000,2022-11-01 21:03:43.174000,NA,NA,NA,NA,NA,NA,NA,NA,NA,NA,NA,NA,NA
67.0,Sri Lanka,1981,Male,CAH17-01	Business and management,37,31/10/22 - 06/11/22,0.048054999999999994,0.115,1.9347216666666667,0.11638833333333333,0.0,0.808055,0.0,03:01:19,02:07:03,5,7,0.0,0.005555000000000001,0.007223333333333333,0.0,0.0,0.0,0,4,2,0,0,0,NA,2022-11-05 20:49:41.783000,2022-11-02 12:22:43.729000,NA,NA,NA,week_fve,0.0,0,NA,NA,0,NA,0.0,0.19138833333333335,0.006666666666666667,NA,1,3,NA,2022-11-05 20:52:44.640000,2022-11-05 20:49:52.303000,NA,NA,NA,NA,NA,NA,NA,NA,NA,NA,NA,NA,NA
65.0,Pakistan,1993,Male,CAH11-01	Computing,38,31/10/22 - 06/11/22,0.0,0.004166666666666667,0.04027833333333333,0.29611166666666666,0.003055,0.0,0.0,00:20:37,02:07:03,0,0,0.0,0.0,0.0,0.0,0.0,0.0,0,0,0,0,0,0,NA,NA,NA,NA,NA,NA,week_fve,0.0,0,NA,NA,0,NA,0.0,0.0,0.0,NA,0,0,NA,NA,NA,NA,NA,NA,NA,NA,NA,NA,NA,NA,NA,NA,NA,NA
62.0,Pakistan,1991,Female,CAH11-01	Computing,39,31/10/22 - 06/11/22,0.0,4.271943333333334,0.0016666666666666668,0.0,0.0,0.0,0.0,04:16:25,02:07:03,5,5,0.0,0.010555,0.0,0.0,0.0,0.0,0,2,0,0,0,0,NA,2022-11-01 15:38:24.858000,NA,NA,NA,NA,week_fve,0.0,0,NA,NA,0,NA,0.0,0.005,0.0,NA,1,1,NA,2022-11-01 15:38:29.903000,2022-11-01 15:39:20.849000,NA,NA,NA,NA,NA,NA,NA,NA,NA,NA,NA,NA,NA
63.0,Sri Lanka,1996,Male,CAH17-01	Business and management,40,31/10/22 - 06/11/22,0.0,0.0,1.9538883333333332,0.0,0.0,0.0,0.0,01:57:14,02:07:03,1,1,0.0,0.0008333333333333334,0.0,0.0,0.0,0.0,0,2,0,0,0,0,NA,2022-11-02 21:00:05.808000,NA,NA,NA,NA,week_fve,0.0,0,NA,NA,0,NA,0.0,0.0,0.0,NA,0,0,NA,NA,NA,NA,NA,NA,NA,NA,NA,NA,NA,NA,NA,NA,NA,NA
60.0,India,1992,Male,CAH15-02	Economics,41,31/10/22 - 06/11/22,0.0,0.0,0.0,0.0,0.0,0.0,0.0,00:00:00,02:07:03,0,0,0.0,0.0,0.0,0.0,0.0,0.0,0,0,0,0,0,0,NA,NA,NA,NA,NA,NA,week_fve,0.0,0,NA,NA,0,NA,0.0,0.0,0.0,NA,0,0,NA,NA,NA,NA,NA,NA,NA,NA,NA,NA,NA,NA,NA,NA,NA,NA
83.0,United Kingdom of Great Britain and Northern Ireland,1975,Female,CAH07-01	Physics and astronomy,42,31/10/22 - 06/11/22,0.015000000000000001,2.19111,0.0,0.2027783333333333,0.0,0.0,0.0,02:24:32,02:07:03,4,7,0.0,0.0027766666666666664,0.0,0.0,0.0,0.0,0,4,0,0,0,0,NA,2022-10-31 16:26:43.691000,NA,NA,NA,NA,week_fve,0.0,0,NA,NA,0,NA,0.0,0.0,0.003888333333333333,NA,2,2,NA,2022-10-31 16:26:45.673000,2022-11-03 13:44:50.741000,NA,NA,NA,NA,NA,NA,NA,NA,NA,NA,NA,NA,NA
62.0,Sri Lanka,1990,Female,CAH17-01	Business and management,43,31/10/22 - 06/11/22,0.0,0.6622216666666667,0.445555,0.0,0.0,0.0,0.0,01:06:28,02:07:03,4,6,0.0,0.005278333333333333,0.0,0.0,0.0,0.0,0,4,0,0,0,0,NA,2022-11-01 09:09:18.022000,NA,NA,NA,NA,week_fve,0.0,0,NA,NA,0,NA,0.0,0.034444999999999996,0.014721666666666666,NA,2,3,NA,2022-11-01 09:09:21.038000,2022-11-01 15:32:55.977000,NA,NA,NA,NA,NA,NA,NA,NA,NA,NA,NA,NA,NA
76.0,Malaysia,1993,Male,CAH17-01	Business and management,44,31/10/22 - 06/11/22,0.0,2.6708333333333334,0.0,0.0,0.0011116666666666666,0.0,0.0,02:40:19,02:07:03,6,7,0.0,0.12138833333333333,0.0011116666666666666,0.0,0.0,0.0,0,8,2,0,0,0,NA,2022-11-01 13:42:45.288000,2022-11-01 15:13:55.998000,NA,NA,NA,week_fve,0.0,0,NA,NA,0,NA,0.0,0.48027833333333336,0.016666666666666666,NA,2,4,NA,2022-11-01 13:42:48.470000,2022-11-01 14:04:56.939000,NA,NA,NA,NA,NA,NA,NA,NA,NA,NA,NA,NA,NA
67.0,Thailand,1993,Male,CAH10-01	Engineering,45,31/10/22 - 06/11/22,0.016111666666666666,3.0055549999999998,0.0,0.0,0.0,0.0,0.0027783333333333336,03:01:28,02:07:03,4,4,0.0,0.005,0.0,0.0,0.0,0.0,0,4,0,0,0,0,NA,2022-11-01 14:08:02.271000,NA,NA,NA,NA,week_fve,0.0,0,NA,NA,0,NA,0.0,0.9077783333333332,0.0033333333333333335,NA,2,2,NA,2022-11-01 14:08:11.785000,2022-11-01 15:19:22.067000,NA,NA,NA,NA,NA,NA,NA,NA,NA,NA,NA,NA,NA
65.0,India,1994,Male,CAH17-01	Business and management,46,31/10/22 - 06/11/22,0.0,0.04833333333333333,0.26833333333333337,0.0,0.0,1.49361,0.0,01:48:37,02:07:03,3,9,0.0,0.005556666666666667,0.0,0.0,0.0,0.0,0,3,0,0,0,0,NA,2022-11-05 12:26:26.760000,NA,NA,NA,NA,week_fve,0.0,0,NA,NA,0,NA,0.0,0.0,0.03666833333333333,NA,0,5,NA,NA,2022-11-02 15:42:35.940000,NA,NA,NA,NA,NA,NA,NA,NA,NA,NA,NA,NA,NA
66.0,United Kingdom of Great Britain and Northern Ireland,1997,Female,"CAH26-01 Geography, earth and environmental studies",47,31/10/22 - 06/11/22,3.508888333333333,0.0,0.0,0.18861166666666665,0.0,0.0,0.0,03:41:51,02:07:03,5,8,0.0,0.007500000000000001,0.00027833333333333334,0.0,0.0,0.0,0,5,1,0,0,0,NA,2022-10-31 12:19:58.624000,2022-10-31 12:19:57.795000,NA,NA,NA,week_fve,0.0,0,NA,NA,0,NA,0.0,3.478055,0.001945,NA,3,2,NA,2022-10-31 12:20:00.760000,2022-11-03 11:00:24.454000,NA,NA,NA,NA,NA,NA,NA,NA,NA,NA,NA,NA,NA
60.0,Malaysia,1992,Male,CAH25-01	Creative arts and design,48,31/10/22 - 06/11/22,0.0,1.376945,0.05527833333333333,0.0,0.0,0.0,0.0,01:25:56,02:07:03,4,4,0.0,0.0027783333333333336,0.0,0.0,0.0,0.0,0,2,0,0,0,0,NA,2022-11-01 10:45:24,NA,NA,NA,NA,week_fve,0.0,0,NA,NA,1,2022-11-01 10:46:56.174000,0.005833333333333333,0.023055,0.0,NA,1,0,NA,2022-11-01 10:45:30.406000,NA,NA,NA,NA,NA,NA,NA,NA,NA,NA,NA,NA,NA,NA
68.0,Nigeria,1984,Female,CAH11-01	Computing,49,31/10/22 - 06/11/22,0.0,0.2808333333333334,0.21083333333333334,0.0,0.0,0.0,1.1366666666666667,01:37:42,02:07:03,8,12,0.0,0.13833333333333334,0.09861166666666668,0.0016666666666666668,0.0,0.0,0,5,1,2,0,0,NA,2022-11-01 11:16:55.215000,2022-11-01 15:44:59.528000,2022-11-01 11:17:41.044000,NA,NA,week_fve,0.0,0,NA,NA,0,NA,0.0,0.007221666666666667,0.9011116666666666,NA,1,3,NA,2022-11-01 11:17:07.757000,2022-11-01 15:44:11.589000,NA,NA,NA,NA,NA,NA,NA,NA,NA,NA,NA,NA,NA
57.0,Nigeria,1992,Male,CAH11-01	Computing,50,31/10/22 - 06/11/22,0.0,2.9858333333333333,0.0,0.0,0.0,0.0,0.0,02:59:09,02:07:03,3,3,0.0,0.001945,0.0,0.0,0.0,0.0,0,1,0,0,0,0,NA,2022-11-01 15:44:45.079000,NA,NA,NA,NA,week_fve,0.0,0,NA,NA,0,NA,0.0,0.0,1.2283333333333333,NA,0,2,NA,NA,2022-11-01 15:44:52.406000,NA,NA,NA,NA,NA,NA,NA,NA,NA,NA,NA,NA,NA
67.0,Nigeria,1998,Female,CAH16-01	Law,51,31/10/22 - 06/11/22,0.0,1.1466666666666667,0.0,0.4972233333333333,0.0,0.020555,0.0,01:39:52,02:07:03,3,4,0.0,0.009445000000000002,0.0,0.0,0.0,0.0,0,1,0,0,0,0,NA,2022-11-04 00:04:44.356000,NA,NA,NA,NA,week_fve,0.0,0,NA,NA,0,NA,0.0,0.0,0.005278333333333333,NA,0,1,NA,NA,2022-11-04 00:05:18.058000,NA,NA,NA,NA,NA,NA,NA,NA,NA,NA,NA,NA,NA
62.0,Nigeria,1991,Female,CAH10-03	Materials and technology,52,31/10/22 - 06/11/22,0.0,1.4533333333333334,0.009721666666666665,0.0,0.0,0.0,0.0,01:27:47,02:07:03,5,8,0.0,0.0016666666666666668,0.0013883333333333332,0.0,0.0,0.0,0,1,1,0,0,0,NA,2022-11-01 14:38:09.181000,2022-11-01 14:38:04.202000,NA,NA,NA,week_fve,0.0,0,NA,NA,0,NA,0.0,0.0,0.0025,NA,0,1,NA,NA,2022-11-01 14:38:14.813000,NA,NA,NA,NA,NA,NA,NA,NA,NA,NA,NA,NA,NA
67.0,Nigeria,2001,Female,CAH09-01	Mathematical sciences,53,31/10/22 - 06/11/22,0.8647216666666666,2.8777783333333335,0.0,0.0,0.0,0.0,0.16194499999999998,03:54:16,02:07:03,5,9,0.0,0.007778333333333333,0.0016666666666666668,0.0,0.0,0.0,0,6,1,0,0,0,NA,2022-10-31 10:51:07.462000,2022-11-06 18:07:44.352000,NA,NA,NA,week_fve,0.0,0,NA,NA,0,NA,0.0,0.9436116666666667,2.1597216666666665,NA,3,4,NA,2022-10-31 10:51:11.767000,2022-11-01 14:22:46.453000,NA,NA,NA,NA,NA,NA,NA,NA,NA,NA,NA,NA,NA
68.0,Nigeria,1979,Female,CAH11-01	Computing,54,31/10/22 - 06/11/22,0.09416666666666668,4.246111666666667,0.0,0.0,0.0,0.026388333333333337,0.0,04:22:00,02:07:03,6,10,0.0,0.7677766666666667,0.0036116666666666667,0.0,0.0,0.0,0,13,3,0,0,0,NA,2022-10-31 16:35:46.336000,2022-11-01 14:15:25.778000,NA,NA,NA,week_fve,0.0,0,NA,NA,0,NA,0.0,2.664445,0.19638833333333333,NA,4,5,NA,2022-10-31 16:35:51.408000,2022-11-01 14:49:47.760000,NA,NA,NA,NA,NA,NA,NA,NA,NA,NA,NA,NA,NA
66.0,Nigeria,1986,Female,CAH10-03	Materials and technology,55,31/10/22 - 06/11/22,0.0,0.24416666666666667,0.0016666666666666668,0.111945,0.0,0.0,0.0,00:21:28,02:07:03,5,7,0.0,0.007223333333333333,0.0,0.0,0.0,0.0,0,5,1,0,0,0,NA,2022-11-01 15:49:47.619000,2022-11-03 19:48:48.096000,NA,NA,NA,week_fve,0.0,0,NA,NA,0,NA,0.0,0.14611000000000002,0.010555,NA,3,2,NA,2022-11-01 15:49:51.785000,2022-11-03 19:44:26.481000,NA,NA,NA,NA,NA,NA,NA,NA,NA,NA,NA,NA,NA
70.0,Nigeria,1986,Female,CAH11-01	Computing,56,31/10/22 - 06/11/22,0.0,1.5327783333333334,0.0,0.0,0.0,0.0,0.0,01:31:58,02:07:03,4,4,0.0,0.0036116666666666667,0.0,0.0,0.0,0.0,0,3,0,0,0,0,NA,2022-11-01 15:32:54.740000,NA,NA,NA,NA,week_fve,0.0,0,NA,NA,0,NA,0.0,0.15722166666666668,0.9863883333333334,NA,2,2,NA,2022-11-01 15:33:00.206000,2022-11-01 16:01:42.888000,NA,NA,NA,NA,NA,NA,NA,NA,NA,NA,NA,NA,NA
55.0,Nigeria,1990,Female,CAH17-01	Business and management,57,31/10/22 - 06/11/22,0.0,1.7044433333333333,0.0,0.0,0.0,0.0,0.0,01:42:16,02:07:03,0,0,0.0,0.0,0.0,0.0,0.0,0.0,0,0,0,0,0,0,NA,NA,NA,NA,NA,NA,week_fve,0.0,0,NA,NA,0,NA,0.0,0.0,0.0,NA,0,0,NA,NA,NA,NA,NA,NA,NA,NA,NA,NA,NA,NA,NA,NA,NA,NA
66.0,Nigeria,1992,Male,CAH03-01	Biosciences,58,31/10/22 - 06/11/22,0.0,2.2819450000000003,0.0,0.0,0.0,0.0,0.0,02:16:55,02:07:03,3,3,0.0,0.0027783333333333336,0.0,0.0,0.0,0.0,0,2,0,0,0,0,NA,2022-11-01 15:45:52.492000,NA,NA,NA,NA,week_fve,0.0,0,NA,NA,0,NA,0.0,0.0,1.6719450000000002,NA,0,2,NA,NA,2022-11-01 15:45:55.074000,NA,NA,NA,NA,NA,NA,NA,NA,NA,NA,NA,NA,NA
54.0,Sri Lanka,1991,Male,CAH10-01	Engineering,59,31/10/22 - 06/11/22,0.0,0.0,0.0,0.0,0.0,0.0,0.0,00:00:00,02:07:03,0,0,0.0,0.0,0.0,0.0,0.0,0.0,0,0,0,0,0,0,NA,NA,NA,NA,NA,NA,week_fve,0.0,0,NA,NA,0,NA,0.0,0.0,0.0,NA,0,0,NA,NA,NA,NA,NA,NA,NA,NA,NA,NA,NA,NA,NA,NA,NA,NA
59.0,Viet Nam,1997,Female,CAH17-01	Business and management,60,31/10/22 - 06/11/22,0.010555,1.880555,2.5363883333333335,1.3063883333333333,0.9188883333333333,0.0011116666666666666,0.0,06:39:13,02:07:03,8,25,0.0,0.1780533333333333,0.0011116666666666666,0.00027833333333333334,0.0,0.0,0,20,2,1,0,0,NA,2022-10-31 14:57:51.448000,2022-11-01 15:33:19.555000,2022-11-01 14:05:44.767000,NA,NA,week_fve,0.0,0,NA,NA,0,NA,0.0,0.8947216666666667,1.1697216666666665,NA,3,12,NA,2022-10-31 14:57:53.234000,2022-11-01 14:04:46.187000,NA,NA,NA,NA,NA,NA,NA,NA,NA,NA,NA,NA,NA
60.0,India,1993,Female,CAH10-01	Engineering,61,31/10/22 - 06/11/22,0.01361,1.424445,0.004166666666666667,0.0,0.015554999999999998,0.0,0.10222166666666667,01:33:35,02:07:03,3,3,0.0,0.001945,0.0,0.0,0.0,0.0,0,1,0,0,0,0,NA,2022-10-31 08:47:34.831000,NA,NA,NA,NA,week_fve,0.0,0,NA,NA,0,NA,0.0,0.0,0.0,NA,1,0,NA,NA,2022-10-31 08:47:42.209000,NA,NA,NA,NA,NA,NA,NA,NA,NA,NA,NA,NA,NA
60.0,Turkey,1996,Male,CAH17-01	Business and management,62,31/10/22 - 06/11/22,0.0,0.006944999999999999,0.0,0.0,0.0,0.0,0.49444499999999997,00:30:05,02:07:03,3,3,0.0,0.0016666666666666668,0.0,0.0,0.0,0.0,0,2,0,0,0,0,NA,2022-11-06 23:02:53.097000,NA,NA,NA,NA,week_fve,0.0,0,NA,NA,0,NA,0.0,0.0,0.013055,NA,0,4,NA,NA,2022-11-06 23:02:57.131000,NA,NA,NA,NA,NA,NA,NA,NA,NA,NA,NA,NA,NA
78.0,United Kingdom of Great Britain and Northern Ireland,1998,Female,CAH17-01	Business and management,63,31/10/22 - 06/11/22,0.0,3.560555,0.005555000000000001,0.0,0.0,0.0,0.0,03:33:58,02:07:03,1,1,0.0,0.07027833333333335,0.0,0.0,0.0,0.0,0,1,0,0,0,0,NA,2022-11-01 18:47:55.973000,NA,NA,NA,NA,week_fve,0.0,0,NA,NA,0,NA,0.0,0.0,0.0,NA,0,0,NA,NA,NA,NA,NA,NA,NA,NA,NA,NA,NA,NA,NA,NA,NA,NA
61.0,Iran,1989,Female,CAH15-04	Health and social care,64,31/10/22 - 06/11/22,0.0,0.5088883333333334,0.0,0.0,0.0,0.0,1.4302783333333335,01:56:21,02:07:03,5,9,0.0,0.003055,0.0,0.0,0.0,0.0,0,4,0,0,0,0,NA,2022-11-01 14:50:05.019000,NA,NA,NA,NA,week_fve,0.0,0,NA,NA,1,2022-11-01 14:50:08.025000,0.05777833333333334,0.003888333333333333,0.036388333333333335,NA,2,3,NA,2022-11-06 17:56:03.668000,2022-11-01 15:01:10.340000,NA,NA,NA,NA,NA,NA,NA,NA,NA,NA,NA,NA,NA
55.0,Hong Kong (S.A.R.),2000,Male,"CAH13-01	Architecture, building and planning",65,31/10/22 - 06/11/22,0.0,0.0,0.0,0.0,0.0,0.0,0.0,00:00:00,02:07:03,0,0,0.0,0.0,0.0,0.0,0.0,0.0,0,0,0,0,0,0,NA,NA,NA,NA,NA,NA,week_fve,0.0,0,NA,NA,0,NA,0.0,0.0,0.0,NA,0,0,NA,NA,NA,NA,NA,NA,NA,NA,NA,NA,NA,NA,NA,NA,NA,NA
60.0,Hong Kong (S.A.R.),1995,Female,"CAH15-01	Sociology, social policy and anthropology",66,31/10/22 - 06/11/22,0.0,1.9397216666666666,0.012778333333333334,0.0,0.0,0.0,0.02389,01:58:35,02:07:03,5,11,0.0,0.006390000000000001,0.0008333333333333334,0.0,0.0,0.0,0,9,1,0,0,0,NA,2022-11-01 13:50:06.468000,2022-11-06 11:59:04.943000,NA,NA,NA,week_fve,0.0,0,NA,NA,0,NA,0.0,0.034721666666666665,0.009166666666666667,NA,1,6,NA,2022-11-01 15:01:21.038000,2022-11-01 13:50:10.415000,NA,NA,NA,NA,NA,NA,NA,NA,NA,NA,NA,NA,NA
58.0,India,1987,Female,CAH17-01	Business and management,67,31/10/22 - 06/11/22,0.07972166666666666,3.811111666666667,0.04138833333333333,0.0,0.0,0.0,0.0,03:55:56,02:07:03,7,16,0.0,0.011111666666666667,0.00111,0.0027783333333333336,0.0,0.0,0,7,2,1,0,0,NA,2022-10-31 22:59:35.107000,2022-10-31 22:59:32.614000,2022-11-02 08:40:23.221000,NA,NA,week_fve,0.0,0,NA,NA,0,NA,0.0,0.03916666666666667,0.0030566666666666663,NA,4,2,NA,2022-10-31 22:59:38.414000,2022-11-01 16:01:46.656000,NA,NA,NA,NA,NA,NA,NA,NA,NA,NA,NA,NA,NA
70.0,Myanmar,1996,Female,CAH11-01	Computing,68,31/10/22 - 06/11/22,0.0,0.6572216666666667,0.0,0.0,0.0,0.0,0.0,00:39:26,02:07:03,3,3,0.0,0.0027783333333333336,0.0,0.0,0.0,0.0,0,3,0,0,0,0,NA,2022-11-01 16:54:38.605000,NA,NA,NA,NA,week_fve,0.0,0,NA,NA,0,NA,0.0,0.003055,0.010555,NA,1,1,NA,2022-11-01 16:55:23.074000,2022-11-01 16:54:41.803000,NA,NA,NA,NA,NA,NA,NA,NA,NA,NA,NA,NA,NA
64.0,United Kingdom of Great Britain and Northern Ireland,1992,Male,CAH10-01	Engineering,69,31/10/22 - 06/11/22,0.0,0.124445,0.0,0.0,0.0,0.0,0.0,00:07:28,02:07:03,0,0,0.0,0.0,0.0,0.0,0.0,0.0,0,0,0,0,0,0,NA,NA,NA,NA,NA,NA,week_fve,0.0,0,NA,NA,0,NA,0.0,0.0,0.0,NA,0,0,NA,NA,NA,NA,NA,NA,NA,NA,NA,NA,NA,NA,NA,NA,NA,NA
65.0,Nigeria,1995,Male,CAH15-02	Economics,70,31/10/22 - 06/11/22,0.042221666666666664,0.52,0.0,0.0,0.004445,0.0,0.0,00:34:00,02:07:03,3,5,0.0,0.0025,0.0,0.0,0.0,0.0,0,2,0,0,0,0,NA,2022-11-01 16:07:20.300000,NA,NA,NA,NA,week_fve,0.0,0,NA,NA,0,NA,0.0,0.0,0.0033333333333333335,NA,0,2,NA,NA,2022-11-01 16:07:23.955000,NA,NA,NA,NA,NA,NA,NA,NA,NA,NA,NA,NA,NA
64.0,Viet Nam,1998,Male,CAH15-02	Economics,71,31/10/22 - 06/11/22,0.019444999999999997,1.0297216666666666,0.0008333333333333334,0.001945,1.4427783333333335,0.0,0.0,02:29:41,02:07:03,7,10,0.0,0.0033333333333333335,0.0063883333333333335,0.0,0.007500000000000001,0.0033333333333333335,0,6,1,0,1,2,NA,2022-10-31 22:43:34.321000,2022-11-01 13:43:38.824000,NA,2022-11-01 13:42:59.788000,2022-11-01 13:42:58.182000,week_fve,0.0,0,NA,NA,0,NA,0.0,0.6911116666666666,0.164445,NA,2,2,NA,2022-10-31 22:43:35.757000,2022-11-01 15:47:34.376000,NA,NA,NA,NA,NA,NA,NA,NA,NA,NA,NA,NA,NA
69.0,India,1984,Male,"CAH06-01	Agriculture, food and related studies",72,31/10/22 - 06/11/22,0.0,2.153888333333333,0.2772216666666667,0.7166666666666667,0.0,0.014445000000000001,0.0,03:09:44,02:07:03,3,9,0.0,0.007221666666666667,0.0,0.0,0.0,0.0,0,4,0,0,0,0,NA,2022-11-01 15:50:14.373000,NA,NA,NA,NA,week_fve,0.0,0,NA,NA,0,NA,0.0,0.0,1.7252783333333332,NA,0,5,NA,NA,2022-11-01 15:50:19.538000,NA,NA,NA,NA,NA,NA,NA,NA,NA,NA,NA,NA,NA
64.0,India,1997,Female,CAH10-01	Engineering,73,31/10/22 - 06/11/22,0.019166666666666665,2.4527783333333337,3.783888333333333,0.0,0.0,0.0,0.0,06:15:21,02:07:03,4,5,0.0,0.0025,0.0,0.0,0.0,0.0,0,3,0,0,0,0,NA,2022-11-01 14:07:03.027000,NA,NA,NA,NA,week_fve,0.0,0,NA,NA,0,NA,0.0,1.3608333333333333,0.8991666666666667,NA,2,1,NA,2022-11-01 14:07:08.507000,2022-11-02 09:17:18.086000,NA,NA,NA,NA,NA,NA,NA,NA,NA,NA,NA,NA,NA
63.0,Sri Lanka,1986,Female,CAH17-01	Business and management,74,31/10/22 - 06/11/22,0.025,3.385,1.2216666666666667,0.0,0.0,0.0,0.0,04:37:54,02:07:03,9,13,0.0,0.025278333333333333,0.00889,0.000555,0.0,0.0,0,8,3,1,0,0,NA,2022-11-01 11:03:06.045000,2022-11-01 12:57:04.722000,2022-11-02 09:05:36.335000,NA,NA,week_fve,0.0,0,NA,NA,1,2022-11-01 15:33:47.570000,0.0016666666666666668,0.17083333333333334,0.27749999999999997,NA,3,9,NA,2022-11-01 11:03:08.503000,2022-11-01 15:46:15.974000,NA,NA,NA,NA,NA,NA,NA,NA,NA,NA,NA,NA,NA
62.0,Sri Lanka,1980,Male,CAH17-01	Business and management,75,31/10/22 - 06/11/22,0.0,0.05722333333333333,0.034444999999999996,0.0,0.0,0.0,0.0,00:05:30,02:07:03,1,1,0.0,0.0027783333333333336,0.0,0.0,0.0,0.0,0,1,0,0,0,0,NA,2022-11-01 14:20:13.687000,NA,NA,NA,NA,week_fve,0.0,0,NA,NA,0,NA,0.0,0.0,0.0,NA,0,0,NA,NA,NA,NA,NA,NA,NA,NA,NA,NA,NA,NA,NA,NA,NA,NA
61.0,Poland,1996,Male,CAH02-05	Medical sciences,76,31/10/22 - 06/11/22,0.1680566666666667,1.6455566666666668,0.0,0.0,0.0,0.0,0.0,01:48:49,02:07:03,5,7,0.0,0.0016666666666666668,0.020556666666666668,0.0,0.0,0.0,0,3,2,0,0,0,NA,2022-10-31 13:03:08.712000,2022-11-01 13:53:25.386000,NA,NA,NA,week_fve,0.0,0,NA,NA,0,NA,0.0,0.011945,1.2127783333333333,NA,1,1,NA,2022-10-31 13:03:10.719000,2022-11-01 15:58:34.253000,NA,NA,NA,NA,NA,NA,NA,NA,NA,NA,NA,NA,NA
77.0,Sri Lanka,1990,Male,CAH17-01	Business and management,77,31/10/22 - 06/11/22,0.0,0.0,0.0,0.0,0.0,0.0,0.0,00:00:00,02:07:03,0,0,0.0,0.0,0.0,0.0,0.0,0.0,0,0,0,0,0,0,NA,NA,NA,NA,NA,NA,week_fve,0.0,0,NA,NA,0,NA,0.0,0.0,0.0,NA,0,0,NA,NA,NA,NA,NA,NA,NA,NA,NA,NA,NA,NA,NA,NA,NA,NA
56.0,Pakistan,1992,Male,CAH10-01	Engineering,78,31/10/22 - 06/11/22,0.0,0.0,0.01583333333333333,0.0,0.0,0.0,0.0,00:00:57,02:07:03,2,2,0.0,0.001945,0.0,0.0,0.0,0.0,0,1,0,0,0,0,NA,2022-11-02 11:30:37.732000,NA,NA,NA,NA,week_fve,0.0,0,NA,NA,0,NA,0.0,0.0,0.0022216666666666665,NA,0,1,NA,NA,2022-11-02 11:30:44.526000,NA,NA,NA,NA,NA,NA,NA,NA,NA,NA,NA,NA,NA
66.0,India,1994,Female,CAH15-02	Economics,79,31/10/22 - 06/11/22,0.0,0.0,0.0,0.036388333333333335,0.0,0.0,0.0,00:02:11,02:07:03,0,0,0.0,0.0,0.0,0.0,0.0,0.0,0,0,0,0,0,0,NA,NA,NA,NA,NA,NA,week_fve,0.0,0,NA,NA,0,NA,0.0,0.0,0.0,NA,0,0,NA,NA,NA,NA,NA,NA,NA,NA,NA,NA,NA,NA,NA,NA,NA,NA
54.0,Nigeria,1988,Male,CAH10-01	Engineering,80,31/10/22 - 06/11/22,0.0,0.22222166666666668,0.0,0.0,0.0,0.0,0.0,00:13:20,02:07:03,4,5,0.0,0.008888333333333333,0.0,0.0,0.061388333333333336,0.0,0,5,0,0,1,1,NA,2022-11-01 01:31:31.561000,NA,NA,2022-11-01 01:31:34.841000,2022-11-01 01:35:19.296000,week_fve,0.0,0,NA,NA,0,NA,0.0,0.013055,0.0,NA,2,0,NA,2022-11-01 12:14:10.973000,NA,NA,NA,NA,NA,NA,NA,NA,NA,NA,NA,NA,NA,NA
73.0,India,1989,Female,CAH11-01	Computing,81,27/02/23 - 05/03/23,0.06472166666666666,1.8319450000000002,0.0,0.468055,0.0,0.0,0.11777833333333333,02:28:57,01:54:07,8,15,0.0,0.01583333333333333,0.20861166666666664,0.07222166666666666,0.0,0.0,0,10,2,2,0,0,NA,2023-02-28 14:10:55.480000,2023-03-02 12:57:04.002000,2023-03-05 20:50:02.430000,NA,NA,week_fve,0.0,0,NA,NA,1,2023-02-28 15:30:38.880000,0.0011116666666666666,1.304445,0.755,NA,2,6,NA,2023-02-28 14:11:07.166000,2023-02-28 15:20:05.201000,NA,NA,NA,NA,NA,NA,NA,NA,NA,NA,NA,NA,NA
63.6,Nigeria,1985,Female,CAH09-01	Mathematical sciences,82,27/02/23 - 05/03/23,0.0,2.9022216666666667,0.0,0.0,0.0,0.0,0.0,02:54:08,01:54:07,3,3,0.0,0.0016666666666666668,0.004445,0.0,0.0,0.0,0,1,1,0,0,0,NA,2023-02-28 15:31:55.817000,2023-02-28 15:31:39.727000,NA,NA,NA,week_fve,0.0,0,NA,NA,0,NA,0.0,0.5961116666666667,0.0,NA,1,0,NA,2023-02-28 15:32:01.979000,NA,NA,NA,NA,NA,NA,NA,NA,NA,NA,NA,NA,NA,NA
65.2,Nigeria,1996,Female,CAH07-01	Physics and astronomy,83,27/02/23 - 05/03/23,0.0,0.0,0.0,0.0,0.0,0.0,0.7236116666666667,00:43:25,01:54:07,5,8,0.0,0.01639,0.13777833333333334,0.0011116666666666666,0.0,0.0,0,13,3,1,0,0,NA,2023-03-05 10:30:51.673000,2023-03-05 11:02:18.171000,2023-03-05 11:02:08.956000,NA,NA,week_fve,0.0,0,NA,NA,0,NA,0.0,0.008055,0.5525,NA,4,8,NA,2023-03-05 10:30:57.787000,2023-03-05 10:31:09.275000,NA,NA,NA,NA,NA,NA,NA,NA,NA,NA,NA,NA,NA
69.0,India,1999,Male,CAH11-01	Computing,84,27/02/23 - 05/03/23,0.06666666666666667,0.0,0.010278333333333334,0.0,0.0,0.0,0.023055,00:06:00,01:54:07,5,8,0.0,0.07611166666666666,0.000555,0.0,0.0,0.0,0,4,1,0,0,0,NA,2023-02-27 13:06:31.710000,2023-03-05 20:23:24.864000,NA,NA,NA,week_fve,0.0,0,NA,NA,0,NA,0.0,0.0,0.0,NA,1,2,NA,2023-02-27 13:10:29.699000,2023-03-05 20:24:18.090000,NA,NA,NA,NA,NA,NA,NA,NA,NA,NA,NA,NA,NA
56.8,Nigeria,1993,Male,"CAH02-02	Pharmacology, toxicology and pharmacy",85,27/02/23 - 05/03/23,0.0,0.0,0.0,0.0,0.0,0.0047216666666666665,0.655555,00:39:37,01:54:07,3,4,0.0,0.014166666666666666,0.0,0.0,0.0,0.0,0,3,0,0,0,0,NA,2023-03-04 21:55:45.222000,NA,NA,NA,NA,week_fve,0.0,0,NA,NA,0,NA,0.0,0.0,0.6375,NA,0,2,NA,NA,2023-03-05 15:01:25.807000,NA,NA,NA,NA,NA,NA,NA,NA,NA,NA,NA,NA,NA
74.0,Cameroon,1997,Male,CAH10-03	Materials and technology,86,27/02/23 - 05/03/23,0.0,2.1022216666666664,0.0,0.0,0.0,0.0,0.0,02:06:08,01:54:07,4,4,0.0,0.006944999999999999,0.0,0.0,0.0,0.0,0,3,0,0,0,0,NA,2023-02-28 11:53:14.321000,NA,NA,NA,NA,week_fve,0.0,0,NA,NA,1,2023-02-28 11:53:26.801000,0.163055,1.1863883333333332,0.6719449999999999,NA,1,1,NA,2023-02-28 14:17:19.687000,2023-02-28 15:28:44.107000,NA,NA,NA,NA,NA,NA,NA,NA,NA,NA,NA,NA,NA
74.6,Egypt,1996,Male,CAH10-01	Engineering,87,27/02/23 - 05/03/23,0.0,0.0,0.0,0.0,0.0,0.0,0.005833333333333333,00:00:21,01:54:07,0,0,0.0,0.0,0.0,0.0,0.0,0.0,0,0,0,0,0,0,NA,NA,NA,NA,NA,NA,week_fve,0.0,0,NA,NA,0,NA,0.0,0.0,0.0,NA,0,0,NA,NA,NA,NA,NA,NA,NA,NA,NA,NA,NA,NA,NA,NA,NA,NA
62.6,Nigeria,1980,Male,CAH10-01	Engineering,88,27/02/23 - 05/03/23,0.0,2.1574999999999998,0.0,0.0,0.0,0.0,0.0,02:09:27,01:54:07,2,4,0.0,0.11055666666666666,0.0,0.0,0.0,0.0,0,2,0,0,0,0,NA,2023-02-28 07:01:38.934000,NA,NA,NA,NA,week_fve,0.0,0,NA,NA,0,NA,0.0,2.021945,0.0,NA,2,0,NA,2023-02-28 07:01:57.595000,NA,NA,NA,NA,NA,NA,NA,NA,NA,NA,NA,NA,NA,NA
70.0,Thailand,1997,Male,CAH11-01	Computing,89,27/02/23 - 05/03/23,0.12916666666666668,1.9261116666666669,0.0,0.0,0.3211116666666667,0.0,0.0,02:22:35,01:54:07,5,8,0.0,0.004723333333333334,0.034721666666666665,0.0,0.0,0.0,0,3,3,0,0,0,NA,2023-02-27 18:19:03.840000,2023-02-27 18:18:29.793000,NA,NA,NA,week_fve,0.0,0,NA,NA,0,NA,0.0,0.10472166666666666,0.299445,NA,1,2,NA,2023-02-27 18:19:35.023000,2023-02-27 18:19:12.100000,NA,NA,NA,NA,NA,NA,NA,NA,NA,NA,NA,NA,NA
68.2,Pakistan,1995,Male,CAH11-01	Computing,90,27/02/23 - 05/03/23,0.0,0.0,0.0,0.0,0.0,0.0,0.0,00:00:00,01:54:07,0,0,0.0,0.0,0.0,0.0,0.0,0.0,0,0,0,0,0,0,NA,NA,NA,NA,NA,NA,week_fve,0.0,0,NA,NA,0,NA,0.0,0.0,0.0,NA,0,0,NA,NA,NA,NA,NA,NA,NA,NA,NA,NA,NA,NA,NA,NA,NA,NA
73.6,Sri Lanka,1994,Male,CAH17-01	Business and management,91,27/02/23 - 05/03/23,1.1186116666666666,0.008611666666666665,0.43833333333333335,0.0,0.0,0.0,0.0,01:33:56,01:54:07,4,10,0.0,0.4352783333333333,0.0,0.0,0.0,0.0,0,3,0,0,0,0,NA,2023-02-28 13:06:21.884000,NA,NA,NA,NA,week_fve,0.0,0,NA,NA,0,NA,0.0,1.1147216666666668,0.0033333333333333335,NA,1,4,NA,2023-02-27 23:01:38.622000,2023-02-28 13:06:45.397000,NA,NA,NA,NA,NA,NA,NA,NA,NA,NA,NA,NA,NA
57.0,Nigeria,1992,Male,NA,92,27/02/23 - 05/03/23,0.007500000000000001,0.0,0.0,0.0,1.1597216666666665,0.0,0.0,01:10:02,01:54:07,3,5,0.0,0.031111666666666666,0.0,0.0,0.0,0.0,0,4,0,0,0,0,NA,2023-02-27 18:02:38.600000,NA,NA,NA,NA,week_fve,0.0,0,NA,NA,0,NA,0.0,0.0,1.086945,NA,0,2,NA,NA,2023-03-03 10:02:39.096000,NA,NA,NA,NA,NA,NA,NA,NA,NA,NA,NA,NA,NA
66.4,Sri Lanka,1986,Male,CAH11-01	Computing,93,27/02/23 - 05/03/23,0.05333333333333334,0.0,0.0,0.0,0.5972216666666667,0.0,0.0,00:39:02,01:54:07,4,7,0.0,0.00611,0.0,0.0,0.0,0.0,0,3,0,0,0,0,NA,2023-02-27 16:18:19.846000,NA,NA,NA,NA,week_fve,0.0,0,NA,NA,0,NA,0.0,0.08694500000000001,0.5488883333333334,NA,4,4,NA,2023-02-27 16:18:38.189000,2023-02-27 16:18:24.915000,NA,NA,NA,NA,NA,NA,NA,NA,NA,NA,NA,NA,NA
74.8,India,1984,Female,CAH10-01	Engineering,94,27/02/23 - 05/03/23,0.0,1.285,0.0,0.0,0.0,0.6880550000000001,0.0,01:58:23,01:54:07,4,7,0.0,0.09611166666666666,0.0,0.0,0.0,0.0,0,6,0,0,0,0,NA,2023-02-28 15:28:21.153000,NA,NA,NA,NA,week_fve,0.0,0,NA,NA,0,NA,0.0,1.2505549999999999,0.6141666666666666,NA,2,5,NA,2023-02-28 15:30:30.467000,2023-02-28 15:28:25.078000,NA,NA,NA,NA,NA,NA,NA,NA,NA,NA,NA,NA,NA
68.4,Nigeria,1980,Female,CAH03-01	Biosciences,95,27/02/23 - 05/03/23,0.0,1.941945,0.0,0.0,0.0,0.0,0.0,01:56:31,01:54:07,3,3,0.0,0.001945,0.0,0.0,0.0,0.0,0,2,0,0,0,0,NA,2023-02-28 15:29:06.492000,NA,NA,NA,NA,week_fve,0.0,0,NA,NA,0,NA,0.0,0.5316666666666666,0.01972166666666667,NA,1,1,NA,2023-02-28 15:30:30.721000,2023-02-28 15:29:09.674000,NA,NA,NA,NA,NA,NA,NA,NA,NA,NA,NA,NA,NA
73.4,Sri Lanka,1998,Male,CAH11-01	Computing,96,27/02/23 - 05/03/23,0.0,2.540833333333333,0.21305500000000002,0.0,0.0,0.0,0.0,02:45:14,01:54:07,5,9,0.0,0.7747233333333333,0.00027833333333333334,0.0,0.0,0.0,0,4,1,0,0,0,NA,2023-02-27 13:23:54.112000,2023-02-28 11:52:24.142000,NA,NA,NA,week_fve,0.0,0,NA,NA,0,NA,0.0,0.0,0.19666666666666668,NA,0,2,NA,NA,2023-02-28 11:52:39.716000,NA,NA,NA,NA,NA,NA,NA,NA,NA,NA,NA,NA,NA
72.4,Bolivia,1998,Male,CAH10-01	Engineering,97,27/02/23 - 05/03/23,1.3013883333333331,1.9133333333333333,0.0,0.0,0.0,0.0,0.0,03:12:53,01:54:07,4,7,0.0,0.005833333333333333,0.0005566666666666667,0.0,0.0,0.0,0,7,2,0,0,0,NA,2023-02-27 16:17:16.807000,2023-02-27 16:17:15.347000,NA,NA,NA,week_fve,0.0,0,NA,NA,0,NA,0.0,1.18,1.7497216666666666,NA,2,5,NA,2023-02-28 14:13:28.194000,2023-02-27 16:17:20.894000,NA,NA,NA,NA,NA,NA,NA,NA,NA,NA,NA,NA,NA
76.0,Spain,1994,Female,"CAH24-01	Media, journalism and communications",98,27/02/23 - 05/03/23,0.0,2.6694450000000005,0.0,0.0,0.0,0.0,0.0,02:40:10,01:54:07,4,4,0.0,0.01,0.0,0.0,0.0,0.0,0,5,0,0,0,0,NA,2023-02-28 14:17:01.060000,NA,NA,NA,NA,week_fve,0.0,0,NA,NA,0,NA,0.0,2.585555,0.060000000000000005,NA,2,3,NA,2023-02-28 14:17:06.830000,2023-02-28 15:29:15.909000,NA,NA,NA,NA,NA,NA,NA,NA,NA,NA,NA,NA,NA
73.8,Turkey,1987,Male,CAH17-01	Business and management,99,27/02/23 - 05/03/23,0.13027833333333333,2.1416666666666666,0.0,2.5702783333333334,0.0,0.0,0.0,04:50:32,01:54:07,10,15,0.0,0.017221666666666666,0.0013883333333333332,0.0047216666666666665,0.0013883333333333332,0.013333333333333334,0,10,1,2,1,1,NA,2023-02-27 16:14:16.286000,2023-02-28 00:19:35.482000,2023-02-28 00:19:40.686000,2023-02-27 16:18:01.662000,2023-02-27 16:17:12.375000,week_fve,0.0008333333333333334,1,2023-02-27 16:18:08.004000,NA,1,2023-02-27 16:18:12.813000,0.0063883333333333335,0.004445,2.583335,NA,1,5,NA,2023-02-27 16:16:52.149000,2023-02-27 16:14:25.013000,NA,NA,NA,NA,NA,NA,NA,NA,NA,NA,NA,NA,NA
76.4,Turkey,1990,Male,CAH15-02	Economics,100,27/02/23 - 05/03/23,0.034721666666666665,4.170554999999999,0.0,0.0,0.0,0.0,0.3211116666666667,04:31:35,01:54:07,4,8,0.0,0.003888333333333333,0.0,0.0,0.0,0.0,0,5,0,0,0,0,NA,2023-02-27 18:56:40.038000,NA,NA,NA,NA,week_fve,0.0,0,NA,NA,0,NA,0.0,2.045555,2.40361,NA,2,4,NA,2023-02-27 18:56:42.523000,2023-02-28 12:01:59.443000,NA,NA,NA,NA,NA,NA,NA,NA,NA,NA,NA,NA,NA
60.0,Nigeria,1999,Male,CAH10-01	Engineering,101,27/02/23 - 05/03/23,0.0,0.004166666666666667,0.0,0.0,0.0,0.14138833333333334,0.0,00:08:44,01:54:07,4,4,0.0,0.0013883333333333332,0.0,0.0,0.0,0.0,0,1,0,0,0,0,NA,2023-02-28 11:18:14.328000,NA,NA,NA,NA,week_fve,0.0,0,NA,NA,0,NA,0.0,0.0,0.015554999999999998,NA,1,1,NA,2023-02-28 11:18:19.769000,2023-03-04 22:06:01.152000,NA,NA,NA,NA,NA,NA,NA,NA,NA,NA,NA,NA,NA
65.0,Nigeria,1995,Male,CAH07-01	Physics and astronomy,102,27/02/23 - 05/03/23,0.0,0.9233333333333333,0.010833333333333334,0.0,0.3891666666666667,0.0,0.0,01:19:24,01:54:07,6,11,0.0,0.006944999999999999,0.0025,0.0,0.0,0.0,0,8,2,0,0,0,NA,2023-02-28 12:03:41.609000,2023-03-01 17:34:24.402000,NA,NA,NA,week_fve,0.0,0,NA,NA,0,NA,0.0,0.30666666666666664,0.29611,NA,4,4,NA,2023-02-28 12:03:45.844000,2023-02-28 12:03:57.741000,NA,NA,NA,NA,NA,NA,NA,NA,NA,NA,NA,NA,NA
69.6,Nigeria,1997,Female,CAH07-02	Chemistry,103,27/02/23 - 05/03/23,0.3763883333333334,0.3408333333333333,0.029721666666666667,0.0,0.0,0.18194499999999997,0.0,00:55:44,01:54:07,7,11,0.0,0.006665,0.0,0.0036116666666666667,0.0,0.0,0,5,1,1,0,0,NA,2023-02-27 12:23:27.798000,2023-02-28 02:46:46.883000,2023-02-28 02:46:26.687000,NA,NA,week_fve,0.0,0,NA,NA,0,NA,0.0,0.6616666666666667,0.029166666666666667,NA,4,3,NA,2023-02-27 12:23:34.568000,2023-03-01 17:34:10.961000,NA,NA,NA,NA,NA,NA,NA,NA,NA,NA,NA,NA,NA
62.8,Nigeria,1976,Male,CAH11-01	Computing,104,27/02/23 - 05/03/23,0.0,1.9791666666666667,0.0,1.1238899999999998,0.0,0.0,0.0,03:06:11,01:54:07,5,10,0.0,0.04416666666666667,0.0,0.0,0.0,0.0,0,9,0,0,0,0,NA,2023-02-28 14:11:38.711000,NA,NA,NA,NA,week_fve,0.0,0,NA,NA,1,2023-02-28 14:12:32.867000,0.0022216666666666665,1.9158333333333333,1.0061116666666667,NA,3,5,NA,2023-02-28 14:12:11.654000,2023-02-28 14:12:45.172000,NA,NA,NA,NA,NA,NA,NA,NA,NA,NA,NA,NA,NA
71.8,Sri Lanka,1977,Male,CAH09-01	Mathematical sciences,105,27/02/23 - 05/03/23,1.5358333333333334,1.768611666666667,0.0,0.0,0.0,2.5477783333333335,0.0,05:51:08,01:54:07,4,7,0.0,0.9005566666666667,0.0,0.0,0.0,0.0,0,6,0,0,0,0,NA,2023-02-27 17:28:51.461000,NA,NA,NA,NA,week_fve,0.0,0,NA,NA,0,NA,0.0,1.7486116666666667,1.4930549999999998,NA,2,3,NA,2023-02-27 17:29:10.092000,2023-03-04 19:58:01.343000,NA,NA,NA,NA,NA,NA,NA,NA,NA,NA,NA,NA,NA
66.0,Nigeria,1986,Female,CAH03-01	Biosciences,106,27/02/23 - 05/03/23,0.0,2.026945,0.0,0.0,0.0,0.0,0.0,02:01:37,01:54:07,0,0,0.0,0.0,0.0,0.0,0.0,0.0,0,0,0,0,0,0,NA,NA,NA,NA,NA,NA,week_fve,0.0,0,NA,NA,0,NA,0.0,0.0,0.0,NA,0,0,NA,NA,NA,NA,NA,NA,NA,NA,NA,NA,NA,NA,NA,NA,NA,NA
63.4,Bangladesh,1999,Male,CAH11-01	Computing,107,27/02/23 - 05/03/23,0.06305666666666666,3.5305549999999997,0.0,0.010555,0.10611166666666666,0.17277833333333334,0.0,03:52:59,01:54:07,9,19,0.0,0.006943333333333333,0.000555,0.0008333333333333334,0.0,0.0,0,8,1,1,0,0,NA,2023-02-28 11:30:38.496000,2023-03-03 11:32:50.187000,2023-03-03 11:33:06.013000,NA,NA,week_fve,0.0,0,NA,NA,0,NA,0.0,0.83,0.6802783333333333,NA,3,5,NA,2023-02-28 11:30:42.498000,2023-02-28 10:42:24.005000,NA,NA,NA,NA,NA,NA,NA,NA,NA,NA,NA,NA,NA
74.0,India,1997,Female,CAH11-01	Computing,108,27/02/23 - 05/03/23,2.834445,1.8299999999999998,0.0,0.0,0.0,0.0,0.0,04:39:52,01:54:07,7,10,0.0,0.024721666666666666,0.0013883333333333332,0.0,0.0,0.0,0,11,2,0,0,0,NA,2023-02-27 16:12:01.774000,2023-02-27 16:16:45.370000,NA,NA,NA,week_fve,0.0,0,NA,NA,2,2023-02-27 16:12:41.132000,0.007778333333333333,3.784445,0.18083333333333332,NA,5,2,NA,2023-02-27 16:12:19.091000,2023-02-28 11:51:59.134000,NA,NA,NA,NA,NA,NA,NA,NA,NA,NA,NA,NA,NA
52.6,United States of America,1997,Male,CAH03-02	Sport and exercise sciences,109,27/02/23 - 05/03/23,0.0,0.0,0.17750000000000002,0.0,0.0,0.0,0.0,00:10:39,01:54:07,1,1,0.0,0.17750000000000002,0.0,0.0,0.0,0.0,0,1,0,0,0,0,NA,2023-03-01 14:25:33.822000,NA,NA,NA,NA,week_fve,0.0,0,NA,NA,0,NA,0.0,0.0,0.0,NA,0,0,NA,NA,NA,NA,NA,NA,NA,NA,NA,NA,NA,NA,NA,NA,NA,NA
68.0,United Kingdom of Great Britain and Northern Ireland,1998,Female,CAH03-01	Biosciences,110,27/02/23 - 05/03/23,2.6483333333333334,1.3638883333333331,0.0275,0.42416666666666664,0.0,0.0,0.0,04:27:50,01:54:07,5,14,0.0,0.005833333333333333,0.5183333333333333,0.0,0.0,0.0,0,6,2,0,0,0,NA,2023-02-27 16:11:22.739000,2023-02-27 18:18:38.733000,NA,NA,NA,week_fve,0.0,0,NA,NA,0,NA,0.0,3.425,0.4311116666666666,NA,2,4,NA,2023-02-27 16:11:27.991000,2023-02-28 15:28:28.308000,NA,NA,NA,NA,NA,NA,NA,NA,NA,NA,NA,NA,NA
62.6,Nigeria,1980,Male,CAH15-02	Economics,111,30/10/23 - 05/11/23,0.0,1.8383333333333334,0.08777833333333333,3.6838883333333334,0.0,3.256666666666667,0.0,08:52:00,01:46:35,7,8,0.0,0.011945,0.0,0.0019433333333333336,0.0,0.0,0,3,0,2,0,0,NA,2023-10-31 17:31:01.202000,NA,2023-10-31 19:10:00.226000,NA,NA,week_fve,0.0,0,NA,NA,0,NA,0.0,1.6036116666666667,0.0011116666666666666,NA,2,2,NA,2023-10-31 17:31:12.912000,2023-10-31 19:08:57.780000,NA,NA,NA,NA,NA,NA,NA,NA,NA,NA,NA,NA,NA
73.0,Sri Lanka,1992,Female,CAH09-01	Mathematical sciences,112,30/10/23 - 05/11/23,0.24444499999999997,1.9766666666666666,0.013333333333333334,0.5788883333333333,0.0022216666666666665,0.0,0.0013883333333333332,02:49:01,01:46:35,6,16,0.0,0.15527666666666665,0.0,0.0,0.0,0.0,0,10,0,0,0,0,NA,2023-10-30 17:04:21.662000,NA,NA,NA,NA,week_fve,0.0,0,NA,NA,0,NA,0.0,1.8480549999999998,0.09027833333333334,NA,5,10,NA,2023-10-30 17:05:05.423000,2023-10-30 17:01:12.412000,NA,NA,NA,NA,NA,NA,NA,NA,NA,NA,NA,NA,NA
59.0,Nigeria,1990,Male,CAH16-01	Law,113,30/10/23 - 05/11/23,0.0,0.9927766666666666,0.08388833333333333,0.0,0.0,0.0,0.0,01:04:35,01:46:35,6,17,0.0,0.01861166666666667,0.0,0.0008333333333333334,0.007778333333333333,0.0,0,16,0,1,1,0,NA,2023-10-31 05:59:40.994000,NA,2023-10-31 15:13:23.655000,2023-10-31 15:15:40.963000,NA,week_fve,0.0,0,NA,NA,0,NA,0.0,0.3575016666666667,0.5636116666666666,NA,6,6,NA,2023-10-31 05:59:52.361000,2023-10-31 06:03:55.166000,NA,NA,NA,NA,NA,NA,NA,NA,NA,NA,NA,NA,NA
58.0,Nigeria,1996,Female,CAH19-01	English studies,114,30/10/23 - 05/11/23,0.0,0.09111166666666667,0.0,0.0,0.0,0.0,0.0,00:05:28,01:46:35,4,10,0.0,0.009721666666666665,0.0,0.0,0.0,0.0,0,6,0,0,0,0,NA,NA,2023-10-31 10:22:14.607000,NA,NA,NA,week_fve,0.0,0,NA,NA,0,NA,0.0,0.0013883333333333332,0.008888333333333333,NA,5,1,NA,2023-10-31 10:22:21.378000,2023-10-31 12:02:05.519000,NA,NA,NA,NA,NA,NA,NA,NA,NA,NA,NA,NA,NA
58.0,Nigeria,2001,Male,CAH07-01	Physics and astronomy,115,30/10/23 - 05/11/23,0.0,0.043054999999999996,0.0,0.0,0.025833333333333333,0.0,0.0,00:04:08,01:46:35,4,5,0.0,0.003055,0.0,0.0,0.0,0.0,0,3,0,0,0,0,NA,2023-10-31 13:12:30.079000,NA,NA,NA,NA,week_fve,0.0,0,NA,NA,0,NA,0.0,0.0,0.012221666666666665,NA,1,2,NA,2023-10-31 13:12:33.266000,2023-11-03 23:02:26.963000,NA,NA,NA,NA,NA,NA,NA,NA,NA,NA,NA,NA,NA
70.6,Ghana,1992,Male,CAH04-01	Psychology,116,30/10/23 - 05/11/23,0.2536116666666667,0.027778333333333332,0.0,0.027778333333333332,0.676945,0.0,0.0,00:59:10,01:46:35,5,11,0.0,0.042499999999999996,0.0,0.0,0.0,0.0,0,7,0,0,0,0,NA,2023-10-30 23:25:06.284000,NA,NA,NA,NA,week_fve,0.0,0,NA,NA,1,2023-10-31 06:53:57.546000,0.0027783333333333336,0.014166666666666666,0.01638833333333333,NA,2,3,NA,2023-10-30 23:26:49.548000,2023-10-30 23:25:20.409000,NA,NA,NA,NA,NA,NA,NA,NA,NA,NA,NA,NA,NA
66.4,Pakistan,1999,Female,CAH11-01	Computing,117,30/10/23 - 05/11/23,0.0027783333333333336,0.764445,0.0,0.0,0.0,0.0,0.0,00:46:02,01:46:35,3,5,0.0,0.004166666666666667,0.0,0.0,0.0,0.0,0,5,0,0,0,0,NA,2023-10-30 13:24:30.708000,NA,NA,NA,NA,week_fve,0.0,0,NA,NA,0,NA,0.0,0.755555,0.0027783333333333336,NA,4,1,NA,2023-10-30 13:24:34.170000,2023-10-31 15:15:30.127000,NA,NA,NA,NA,NA,NA,NA,NA,NA,NA,NA,NA,NA
73.0,Myanmar,1991,Female,CAH17-01	Business and management,118,30/10/23 - 05/11/23,0.0,3.749445,0.0,0.0,0.012778333333333334,0.06972166666666667,0.0,03:49:55,01:46:35,5,8,0.0,0.012778333333333334,0.0,0.0,0.0,0.0,0,8,0,0,0,0,NA,2023-10-31 12:07:49.291000,NA,NA,NA,NA,week_fve,0.0,0,NA,NA,1,2023-10-31 12:12:19.603000,0.003055,1.981388333333333,0.005555000000000001,NA,4,2,NA,2023-10-31 12:08:59.120000,2023-11-03 22:49:18.686000,NA,NA,NA,NA,NA,NA,NA,NA,NA,NA,NA,NA,NA
64.4,Nigeria,1994,Male,"CAH26-01 Geography, earth and environmental studies",119,30/10/23 - 05/11/23,0.0,1.8058333333333332,0.0,0.0,0.0,0.0,0.0,01:48:21,01:46:35,2,2,0.0,0.0013883333333333332,0.0,0.0,0.0,0.0,0,1,0,0,0,0,NA,2023-10-31 14:04:29.701000,NA,NA,NA,NA,week_fve,0.0,0,NA,NA,0,NA,0.0,0.0,0.0,NA,1,0,NA,2023-10-31 14:04:34.589000,NA,NA,NA,NA,NA,NA,NA,NA,NA,NA,NA,NA,NA,NA
52.0,United Kingdom of Great Britain and Northern Ireland,2000,Male,CAH04-01	Psychology,120,30/10/23 - 05/11/23,0.0,0.0,0.0,0.0,0.0,0.0,0.0,00:00:00,01:46:35,0,0,0.0,0.0,0.0,0.0,0.0,0.0,0,0,0,0,0,0,NA,NA,NA,NA,NA,NA,week_fve,0.0,0,NA,NA,0,NA,0.0,0.0,0.0,NA,0,0,NA,NA,NA,NA,NA,NA,NA,NA,NA,NA,NA,NA,NA,NA,NA,NA
64.0,United Kingdom of Great Britain and Northern Ireland,2002,Male,CAH11-01	Computing,121,30/10/23 - 05/11/23,0.012778333333333334,0.18111166666666667,0.0,0.0,0.0,0.0,0.0,00:11:38,01:46:35,4,6,0.0,0.0016666666666666668,0.0,0.0,0.0,0.0,0,3,0,0,0,0,NA,2023-10-30 23:22:17.090000,NA,NA,NA,NA,week_fve,0.0,0,NA,NA,0,NA,0.0,0.0,0.1472216666666667,NA,0,1,NA,NA,2023-10-31 12:30:02.771000,NA,NA,NA,NA,NA,NA,NA,NA,NA,NA,NA,NA,NA
64.0,Poland,2001,Male,CAH17-01	Business and management,122,30/10/23 - 05/11/23,0.0,0.198055,0.0,2.069445,0.0,0.0,0.0,02:16:03,01:46:35,5,7,0.0,0.004166666666666667,0.0,0.0011116666666666666,0.0,0.0,0,6,0,2,0,0,NA,2023-10-31 11:04:23.703000,NA,2023-10-31 11:04:56.089000,NA,NA,week_fve,0.0,0,NA,NA,0,NA,0.0,0.007778333333333333,0.26111166666666663,NA,3,4,NA,2023-10-31 11:04:27.294000,2023-10-31 11:04:35.869000,NA,NA,NA,NA,NA,NA,NA,NA,NA,NA,NA,NA,NA
74.2,Iran,1982,Male,CAH10-01	Engineering,123,30/10/23 - 05/11/23,0.0,1.7716666666666667,0.007500000000000001,0.0,0.7344449999999999,0.005555000000000001,0.0,02:31:09,01:46:35,5,9,0.0,0.004443333333333333,0.0,0.0,0.0,0.0,0,5,0,0,0,0,NA,2023-10-31 15:16:33.609000,NA,NA,NA,NA,week_fve,0.0,0,NA,NA,0,NA,0.0,1.7988883333333332,0.66,NA,3,3,NA,2023-10-31 15:16:46.947000,2023-10-31 15:16:37.760000,NA,NA,NA,NA,NA,NA,NA,NA,NA,NA,NA,NA,NA
73.2,Malaysia,1992,Male,CAH17-01	Business and management,124,30/10/23 - 05/11/23,0.0,0.9091666666666666,0.14777833333333332,0.009445000000000002,0.0,0.0,0.0,01:03:59,01:46:35,4,8,0.0,0.004443333333333333,0.0,0.0,0.0,0.0,0,6,0,0,0,0,NA,2023-10-31 14:01:19.086000,NA,NA,NA,NA,week_fve,0.0,0,NA,NA,0,NA,0.0,0.8955566666666666,0.13472166666666666,NA,2,4,NA,2023-10-31 14:01:24.551000,2023-10-31 15:57:14.282000,NA,NA,NA,NA,NA,NA,NA,NA,NA,NA,NA,NA,NA
63.0,United Kingdom of Great Britain and Northern Ireland,1987,Male,CAH10-01	Engineering,125,30/10/23 - 05/11/23,0.0,0.055555,0.0,0.0,0.02666666666666667,0.0,0.365,00:26:50,01:46:35,5,9,0.0,0.008333333333333333,0.0,0.000555,0.0,0.0,0,6,0,1,0,0,NA,2023-10-31 15:41:13.277000,NA,2023-11-03 23:41:56.654000,NA,NA,week_fve,0.0,0,NA,NA,0,NA,0.0,0.055555,0.35333333333333333,NA,2,3,NA,2023-10-31 15:41:15.451000,2023-10-31 15:44:30.832000,NA,NA,NA,NA,NA,NA,NA,NA,NA,NA,NA,NA,NA
73.2,Algeria,2002,Female,"CAH07-04	General, applied and forensic sciences",126,30/10/23 - 05/11/23,0.08361166666666667,2.3561116666666666,0.0,0.0,0.0,0.0,0.0,02:26:23,01:46:35,6,10,0.0,0.103055,0.0,0.0,0.0,0.0,0,5,0,0,0,0,NA,2023-10-30 13:14:47.221000,NA,NA,NA,NA,week_fve,0.0,0,NA,NA,1,2023-10-31 14:26:47.218000,0.873055,1.3236116666666669,0.0,NA,3,1,NA,2023-10-30 13:15:15.256000,2023-10-31 15:19:12.588000,NA,NA,NA,NA,NA,NA,NA,NA,NA,NA,NA,NA,NA
72.0,United Kingdom of Great Britain and Northern Ireland,1980,Female,CAH07-01	Physics and astronomy,127,30/10/23 - 05/11/23,0.010278333333333334,3.406111666666667,0.0,0.0,0.050278333333333335,0.0,0.0,03:28:00,01:46:35,4,14,0.0,0.014721666666666666,0.0,0.0,0.0,0.0,0,7,0,0,0,0,NA,2023-10-31 13:53:38.848000,NA,NA,NA,NA,week_fve,0.0,0,NA,NA,0,NA,0.0,3.3102766666666663,0.088055,NA,3,7,NA,2023-10-31 13:53:41.640000,2023-10-31 14:10:39.325000,NA,NA,NA,NA,NA,NA,NA,NA,NA,NA,NA,NA,NA
73.8,United Kingdom of Great Britain and Northern Ireland,1984,Female,CAH04-01	Psychology,128,30/10/23 - 05/11/23,0.0,1.7433333333333332,0.0,0.0,0.0,0.0,0.0,01:44:36,01:46:35,4,4,0.0,0.010555,0.0,0.0,0.0,0.0,0,8,0,0,0,0,NA,2023-10-31 14:01:58.031000,NA,NA,NA,NA,week_fve,0.0,0,NA,NA,0,NA,0.0,0.575278333333333,0.048054999999999994,NA,4,4,NA,2023-10-31 14:02:00.670000,2023-10-31 14:02:20.599000,NA,NA,NA,NA,NA,NA,NA,NA,NA,NA,NA,NA,NA
72.0,United Kingdom of Great Britain and Northern Ireland,1988,Male,NA,129,30/10/23 - 05/11/23,0.08472166666666665,1.9786116666666667,0.0,0.0,0.007221666666666667,0.0,0.0,02:04:14,01:46:35,3,10,0.0,0.030278333333333334,0.0,0.0,0.0,0.0,0,10,0,0,0,0,NA,2023-10-30 12:53:12.840000,NA,NA,NA,NA,week_fve,0.0,0,NA,NA,0,NA,0.0,0.6133333333333333,1.416945,NA,5,3,NA,2023-10-30 12:53:14.294000,2023-10-30 16:32:14.549000,NA,NA,NA,NA,NA,NA,NA,NA,NA,NA,NA,NA,NA
56.2,China,2001,Male,CAH11-01	Computing,130,30/10/23 - 05/11/23,0.11361166666666667,2.57,0.21416666666666667,0.0,0.0027783333333333336,0.8861100000000001,0.0,03:47:12,01:46:35,6,22,0.0,0.018335,0.0,0.0,0.0,0.0,0,11,0,1,0,0,NA,2023-10-30 22:44:54.493000,NA,2023-10-31 16:46:28.475000,NA,NA,week_fve,0.0,0,NA,NA,1,2023-10-30 22:45:24.649000,0.101945,2.5125,0.019444999999999997,NA,5,4,NA,2023-10-30 22:51:39.736000,2023-10-30 22:45:07.415000,NA,NA,NA,NA,NA,NA,NA,NA,NA,NA,NA,NA,NA
74.0,Singapore,1988,Female,CAH04-01	Psychology,131,30/10/23 - 05/11/23,0.0016666666666666668,0.0,0.0,0.0,0.0,0.0,0.0,00:00:06,01:46:35,2,2,0.0,0.000555,0.0,0.0,0.0,0.0,0,1,0,0,0,0,NA,2023-10-30 20:57:25.237000,NA,NA,NA,NA,week_fve,0.0,0,NA,NA,0,NA,0.0,0.0,0.0,NA,1,0,NA,2023-10-30 20:57:27.656000,NA,NA,NA,NA,NA,NA,NA,NA,NA,NA,NA,NA,NA,NA
65.8,India,1990,Male,CAH11-01	Computing,132,30/10/23 - 05/11/23,0.12111166666666667,0.12388833333333334,0.0,0.0,0.0,0.0,0.6533333333333334,00:53:54,01:46:35,5,8,0.0,0.001945,0.0,0.0011116666666666666,0.0,0.0,0,1,0,1,0,0,NA,2023-10-30 21:07:18.489000,NA,2023-10-30 21:07:18.489000,NA,NA,week_fve,0.0,0,NA,NA,0,NA,0.0,0.0,0.10472333333333333,NA,0,3,NA,NA,2023-10-31 19:06:37.255000,NA,NA,NA,NA,NA,NA,NA,NA,NA,NA,NA,NA,NA
61.8,Philippines,1984,Male,CAH17-01	Business and management,133,30/10/23 - 05/11/23,0.0,3.4011116666666665,0.0,0.0,0.0,0.0,0.2983333333333333,03:41:58,01:46:35,6,8,0.0,0.009721666666666665,0.0,0.0,0.0,0.0,0,8,0,1,0,0,NA,2023-10-31 10:45:53.743000,NA,2023-10-31 10:46:29.993000,NA,NA,week_fve,0.0,0,NA,NA,0,NA,0.0,0.4041666666666667,0.20666666666666667,NA,4,5,NA,2023-10-31 10:46:18.008000,2023-10-31 10:45:59.096000,NA,NA,NA,NA,NA,NA,NA,NA,NA,NA,NA,NA,NA
62.2,Turkey,1982,Male,CAH11-01	Computing,134,30/10/23 - 05/11/23,0.0,0.007221666666666667,0.0,0.0,0.0,0.0,0.0,00:00:26,01:46:35,2,2,0.0,0.0027783333333333336,0.0,0.0,0.0,0.0,0,1,0,0,0,0,NA,2023-10-31 10:29:34.803000,NA,NA,NA,NA,week_fve,0.0,0,NA,NA,0,NA,0.0,0.0,0.0,NA,1,0,NA,2023-10-31 10:29:44.653000,NA,NA,NA,NA,NA,NA,NA,NA,NA,NA,NA,NA,NA,NA
70.6,Viet Nam,1995,Male,NA,135,30/10/23 - 05/11/23,0.0,3.698056666666667,0.0,0.0,0.0,0.0,0.0,03:41:53,01:46:35,9,11,0.0,0.06638833333333333,0.0,0.000555,0.012221666666666665,1.600555,0,20,0,2,2,2,NA,2023-10-31 01:48:26.729000,NA,2023-10-31 12:08:55.898000,2023-10-31 12:30:34.156000,2023-10-31 10:33:59.317000,week_fve,0.006111666666666666,1,2023-10-31 12:31:18.794000,NA,1,2023-10-31 12:25:10.966000,0.053055,1.0558333333333334,0.006666666666666667,NA,7,2,NA,2023-10-31 01:48:31.714000,2023-10-31 12:08:43.199000,NA,NA,NA,NA,NA,NA,NA,NA,NA,NA,NA,NA,NA
72.0,United Kingdom of Great Britain and Northern Ireland,1974,Male,CAH11-01	Computing,136,30/10/23 - 05/11/23,0.0,2.7088883333333333,0.0,0.0,0.324445,0.0,0.0,03:02:00,01:46:35,4,7,0.0,0.006111666666666666,0.0,0.0,0.0,0.0,0,6,0,0,0,0,NA,2023-10-31 14:12:29.771000,NA,NA,NA,NA,week_fve,0.0,0,NA,NA,0,NA,0.0,2.091388333333333,0.25861166666666663,NA,3,3,NA,2023-10-31 14:12:32.546000,2023-10-31 15:37:13.062000,NA,NA,NA,NA,NA,NA,NA,NA,NA,NA,NA,NA,NA
58.0,Nigeria,1991,Female,CAH17-01	Business and management,137,30/10/23 - 05/11/23,0.0,1.7225,0.0,0.0,0.0,0.0,1.215,02:56:15,01:46:35,3,6,0.0,0.00611,0.0,0.0,0.0,0.0,0,3,0,0,0,0,NA,2023-10-31 08:55:29.220000,NA,NA,NA,NA,week_fve,0.0,0,NA,NA,0,NA,0.0,1.711388333333333,0.0,NA,3,0,NA,2023-10-31 08:55:34.343000,NA,NA,NA,NA,NA,NA,NA,NA,NA,NA,NA,NA,NA,NA
58.0,Morocco,2001,Male,CAH11-01	Computing,138,30/10/23 - 05/11/23,0.0,0.0,0.0,0.0,0.0,0.0,0.0,00:00:00,01:46:35,0,0,0.0,0.0,0.0,0.0,0.0,0.0,0,0,0,0,0,0,NA,NA,NA,NA,NA,NA,week_fve,0.0,0,NA,NA,0,NA,0.0,0.0,0.0,NA,0,0,NA,NA,NA,NA,NA,NA,NA,NA,NA,NA,NA,NA,NA,NA,NA,NA
63.0,Nigeria,2000,Male,CAH03-01	Biosciences,139,30/10/23 - 05/11/23,0.0,0.0,0.0,0.0,0.0,0.0,0.0,00:00:00,01:46:35,0,0,0.0,0.0,0.0,0.0,0.0,0.0,0,0,0,0,0,0,NA,NA,NA,NA,NA,NA,week_fve,0.0,0,NA,NA,0,NA,0.0,0.0,0.0,NA,0,0,NA,NA,NA,NA,NA,NA,NA,NA,NA,NA,NA,NA,NA,NA,NA,NA
75.2,United Kingdom of Great Britain and Northern Ireland,1988,Female,CAH04-01	Psychology,140,30/10/23 - 05/11/23,0.005833333333333333,0.0,0.0,0.0,0.0,0.0,0.027778333333333332,00:02:01,01:46:35,3,3,0.0,0.012221666666666665,0.0,0.0,0.0,0.0,0,4,0,0,0,0,NA,2023-11-05 17:11:47.910000,NA,NA,NA,NA,week_fve,0.0,0,NA,NA,2,2023-11-05 17:12:26.562000,0.011666666666666665,0.0,0.0033333333333333335,NA,0,1,NA,NA,2023-11-05 17:13:13.009000,NA,NA,NA,NA,NA,NA,NA,NA,NA,NA,NA,NA,NA
51.8,China,2001,Male,CAH11-01	Computing,141,30/10/23 - 05/11/23,0.559445,0.03166666666666666,1.9158333333333333,0.0375,0.04527833333333334,0.06333333333333332,0.008333333333333333,02:39:41,01:46:35,5,26,0.0,0.011110000000000002,0.0,0.0008333333333333334,0.0,0.0,0,13,0,1,0,0,NA,2023-10-30 17:54:11.288000,NA,2023-11-04 15:32:42.867000,NA,NA,week_fve,0.0,0,NA,NA,0,NA,0.0,0.5486116666666666,0.12222333333333334,NA,4,17,NA,2023-10-30 17:54:30.299000,2023-10-30 17:54:15.459000,NA,NA,NA,NA,NA,NA,NA,NA,NA,NA,NA,NA,NA
60.0,Jordan,1994,Female,CAH04-01	Psychology,142,30/10/23 - 05/11/23,0.0008333333333333334,5.5375,0.0,0.0,0.0,0.0,0.0,05:32:18,01:46:35,3,4,0.0,0.13111166666666665,0.0,0.0,0.0,0.0,0,7,0,0,0,0,NA,2023-10-30 15:36:35.602000,NA,NA,NA,NA,week_fve,0.0,0,NA,NA,0,NA,0.0,2.4875,0.001945,NA,4,1,NA,2023-10-31 09:46:34.231000,2023-10-31 12:16:06.295000,NA,NA,NA,NA,NA,NA,NA,NA,NA,NA,NA,NA,NA
64.0,United Kingdom of Great Britain and Northern Ireland,1990,Male,CAH02-05	Medical sciences,143,30/10/23 - 05/11/23,0.0,0.0,0.025555,0.0,0.059721666666666666,0.0,0.0,00:05:07,01:46:35,4,6,0.0,0.018055,0.0,0.0,0.0,0.0,0,6,0,0,0,0,NA,2023-11-01 16:29:45.518000,NA,NA,NA,NA,week_fve,0.0,0,NA,NA,0,NA,0.0,0.0033333333333333335,0.017776666666666666,NA,2,3,NA,2023-11-03 22:12:32.484000,2023-11-01 16:30:36.491000,NA,NA,NA,NA,NA,NA,NA,NA,NA,NA,NA,NA,NA
64.4,Bangladesh,1995,Female,CAH17-01	Business and management,144,30/10/23 - 05/11/23,0.09416666666666668,2.390556666666667,0.0,0.0,0.028333333333333332,0.0,0.6402783333333333,03:09:12,01:46:35,4,10,0.0,0.6572216666666667,0.0,0.0,0.0,0.0,0,16,0,0,0,0,NA,2023-10-30 19:25:57.320000,NA,NA,NA,NA,week_fve,0.0,0,NA,NA,0,NA,0.0,0.7080566666666666,0.026388333333333337,NA,7,8,NA,2023-10-30 19:26:04.309000,2023-10-31 15:15:58.641000,NA,NA,NA,NA,NA,NA,NA,NA,NA,NA,NA,NA,NA
64.0,United Kingdom of Great Britain and Northern Ireland,2002,Male,CAH20-01	History and archaeology,145,30/10/23 - 05/11/23,0.050278333333333335,1.7325000000000002,0.0,0.0,0.0,0.0,0.0,01:46:58,01:46:35,4,7,0.0,0.005556666666666667,0.0,0.0,0.0,0.0,0,7,0,0,0,0, ,2023-10-30 16:23:50.097000,NA,NA,NA,NA,week_fve,0.0,0,NA,NA,0,NA,0.0,0.50361,0.08666666666666667,NA,4,4,NA,2023-10-30 16:23:53.057000,2023-10-30 16:23:15.209000,NA,NA,NA,NA,NA,NA,NA,NA,NA,NA,NA,NA,NA
74.0,United Kingdom of Great Britain and Northern Ireland,1979,Female,CAH22-01	Education and teaching,146,30/10/23 - 05/11/23,1.524445,1.4030549999999997,0.0,1.255,0.0,0.0,0.035,04:13:03,01:46:35,5,14,0.0,0.123055,0.0,0.0,0.0,0.0,0,14,0,0,0,0,NA,2023-10-30 20:32:52.516000,NA,NA,NA,NA,week_fve,0.0,0,NA,NA,1,2023-10-30 21:59:01.989000,0.024166666666666666,2.679443333333333,0.6458349999999999,NA,7,5,NA,2023-10-30 20:32:55.065000,2023-10-30 21:53:37.448000,NA,NA,NA,NA,NA,NA,NA,NA,NA,NA,NA,NA,NA
76.2,United Kingdom of Great Britain and Northern Ireland,1983,Male,CAH09-01	Mathematical sciences,147,30/10/23 - 05/11/23,0.0013883333333333332,2.8902783333333337,0.0,0.0,0.0,0.0,0.0,02:53:30,01:46:35,4,6,0.0,0.005833333333333333,0.0,0.0,0.0,0.0,0,7,0,0,0,0,NA,2023-10-30 11:57:57.268000,NA,NA,NA,NA,week_fve,0.0,0,NA,NA,1,2023-10-31 14:26:37.398000,2.173888333333333,0.6972216666666667,0.0036116666666666667,NA,5,1,NA,2023-10-30 11:57:59.470000,2023-10-31 16:37:05.527000,NA,NA,NA,NA,NA,NA,NA,NA,NA,NA,NA,NA,NA
73.4,Sri Lanka,1983,Male,CAH10-01	Engineering,148,30/10/23 - 05/11/23,0.0022216666666666665,2.1297216666666667,0.0047216666666666665,0.0,0.0,0.0,0.0,02:08:11,01:46:35,3,5,0.0,0.0033333333333333335,0.0,0.0,0.0,0.0,0,3,0,0,0,0,NA,2023-10-30 18:56:47.628000,NA,NA,NA,NA,week_fve,0.0,0,NA,NA,0,NA,0.0,2.1194450000000002,0.0,NA,3,0,NA,2023-10-30 18:56:52.686000,NA,NA,NA,NA,NA,NA,NA,NA,NA,NA,NA,NA,NA,NA
60.4,Sri Lanka,1993,Male,CAH17-01	Business and management,149,30/10/23 - 05/11/23,0.016111666666666666,1.2611116666666669,0.0,0.0,0.0,0.0,0.07972166666666666,01:21:25,01:46:35,5,12,0.0,0.015556666666666667,0.0,0.003055,0.0,0.0,0,10,0,1,0,0,NA,2023-10-30 10:09:15.812000,NA,2023-10-31 08:39:07.108000,NA,NA,week_fve,0.0,0,NA,NA,0,NA,0.0,0.09444333333333334,0.5091666666666667,NA,4,4,NA,2023-10-30 10:09:20.333000,2023-10-31 08:46:35.096000,NA,NA,NA,NA,NA,NA,NA,NA,NA,NA,NA,NA,NA
61.8,United Kingdom of Great Britain and Northern Ireland,2000,Male,CAH09-01	Mathematical sciences,150,30/10/23 - 05/11/23,0.0,0.0,0.0,0.0,0.0,0.0,0.0,00:00:00,01:46:35,0,0,0.0,0.0,0.0,0.0,0.0,0.0,0,0,0,0,0,0,NA,NA,NA,NA,NA,NA,week_fve,0.0,0,NA,NA,0,NA,0.0,0.0,0.0,NA,0,0,NA,NA,NA,NA,NA,NA,NA,NA,NA,NA,NA,NA,NA,NA,NA,NA
63.6,United Kingdom of Great Britain and Northern Ireland,1996,Male,CAH04-01	Psychology,151,30/10/23 - 05/11/23,0.0,1.981945,0.0,0.004166666666666667,0.07722166666666667,0.0,0.0,02:03:48,01:46:35,4,7,0.0,0.004998333333333333,0.0,0.0,0.0,0.0,0,6,0,0,0,0,NA,2023-10-31 14:01:12.373000,NA,NA,NA,NA,week_fve,0.0,0,NA,NA,0,NA,0.0,1.966945,0.00027833333333333334,NA,3,2,NA,2023-10-31 14:01:15.238000,2023-11-02 16:47:03.293000,NA,NA,NA,NA,NA,NA,NA,NA,NA,NA,NA,NA,NA
61.2,Bangladesh,1999,Male,CAH10-01	Engineering,152,30/10/23 - 05/11/23,0.0,2.845833333333333,0.0,0.0,0.0,0.0,0.0,02:50:45,01:46:35,2,2,0.0,0.9769450000000001,0.0,0.0,0.0,0.0,0,2,0,0,0,0,NA,2023-10-31 14:10:55.382000,NA,NA,NA,NA,week_fve,0.0,0,NA,NA,0,NA,0.0,1.8575000000000002,0.0,NA,2,0,NA,2023-10-31 14:10:59.614000,NA,NA,NA,NA,NA,NA,NA,NA,NA,NA,NA,NA,NA,NA
58.0,Nigeria,1976,Female,CAH25-01	Creative arts and design,153,30/10/23 - 05/11/23,0.04416666666666667,0.24527833333333332,0.0,0.45611166666666664,0.0,0.0,0.0,00:44:44,01:46:35,4,8,0.0,0.010833333333333334,0.0,0.0,0.0,0.0,0,6,0,0,0,0,NA,2023-10-30 17:56:59.244000,NA,NA,NA,NA,week_fve,0.0,0,NA,NA,0,NA,0.0,0.0,0.051388333333333334,NA,1,4,NA,2023-10-30 17:58:40.049000,2023-10-30 17:58:21.595000,NA,NA,NA,NA,NA,NA,NA,NA,NA,NA,NA,NA,NA
71.0,Pakistan,1998,Male,CAH11-01	Computing,154,30/10/23 - 05/11/23,0.0,0.028888333333333335,0.0,0.0,0.0,0.0,0.0,00:01:44,01:46:35,2,2,0.0,0.001945,0.0,0.0,0.0,0.0,0,1,0,0,0,0,NA,2023-10-31 14:13:17.796000,NA,NA,NA,NA,week_fve,0.0,0,NA,NA,0,NA,0.0,0.0,0.0,NA,1,0,NA,2023-10-31 14:13:25.177000,NA,NA,NA,NA,NA,NA,NA,NA,NA,NA,NA,NA,NA,NA
68.2,Turkey,1969,Female,CAH22-01	Education and teaching,155,30/10/23 - 05/11/23,0.0,0.14472333333333334,0.0,0.0,0.0,0.0,0.0,00:08:41,01:46:35,4,4,0.0,0.0027783333333333336,0.0,0.0,0.0,0.0,0,1,0,0,0,0,NA,2023-10-31 14:39:58.680000,NA,NA,NA,NA,week_fve,0.0,0,NA,NA,0,NA,0.0,0.0,0.0,NA,1,0,NA,2023-10-31 14:40:08.686000,NA,NA,NA,NA,NA,NA,NA,NA,NA,NA,NA,NA,NA,NA
73.0,Sri Lanka,2001,Male,CAH17-01	Business and management,156,30/10/23 - 05/11/23,0.13388833333333333,1.0247216666666668,0.0,0.6047216666666667,0.0,0.0,0.0,01:45:47,01:46:35,3,6,0.0,0.008055,0.0,0.0,0.0,0.0,0,6,0,0,0,0,NA,2023-10-30 23:47:53.327000,NA,NA,NA,NA,week_fve,0.0,0,NA,NA,0,NA,0.0,1.1433333333333333,0.0,NA,4,1,NA,2023-10-30 23:48:02.167000,2023-10-30 23:55:51.863000,NA,NA,NA,NA,NA,NA,NA,NA,NA,NA,NA,NA,NA
61.4,Sri Lanka,1986,Male,CAH17-01	Business and management,157,30/10/23 - 05/11/23,0.025278333333333333,0.0,0.0,0.0,0.0,0.0,0.0,00:01:31,01:46:35,5,5,0.0,0.0027783333333333336,0.0,0.000555,0.0,0.0,0,3,0,1,0,0,NA,2023-10-30 17:14:41.247000,NA,2023-10-30 17:15:49.443000,NA,NA,week_fve,0.0,0,NA,NA,0,NA,0.0,0.0,0.005,NA,1,3,NA,2023-10-30 17:16:04.048000,2023-10-30 17:14:43.387000,NA,NA,NA,NA,NA,NA,NA,NA,NA,NA,NA,NA,NA
60.6,India,1995,Male,CAH10-01	Engineering,158,30/10/23 - 05/11/23,0.0,3.011945,0.0027783333333333336,0.0,0.0,0.0,0.0,03:00:53,01:46:35,4,5,0.0,0.010555,0.0,0.0,0.0,0.0,0,5,0,0,0,0,NA,2023-10-31 14:09:56.947000,NA,NA,NA,NA,week_fve,0.0,0,NA,NA,1,2023-10-31 14:25:59.068000,2.7419450000000003,0.2575,0.0013883333333333332,NA,2,1,NA,2023-10-31 14:10:23.075000,2023-10-31 14:10:12.996000,NA,NA,NA,NA,NA,NA,NA,NA,NA,NA,NA,NA,NA
48.2,Cameroon,1991,Female,CAH17-01	Business and management,159,30/10/23 - 05/11/23,0.028333333333333332,1.93111,0.0,0.185,0.7302783333333333,0.0,0.3147216666666667,03:11:22,01:46:35,4,19,0.0,0.15888833333333335,0.0,0.0,0.0,0.0,0,20,0,0,0,0,NA,2023-10-30 10:29:20.702000,NA,NA,NA,NA,week_fve,0.0,0,NA,NA,0,NA,0.0,1.7941666666666667,0.47861000000000004,NA,8,10,NA,2023-10-30 10:30:14.035000,2023-10-31 07:50:03.193000,NA,NA,NA,NA,NA,NA,NA,NA,NA,NA,NA,NA,NA
61.8,United Kingdom of Great Britain and Northern Ireland,2001,Male,CAH09-01	Mathematical sciences,160,30/10/23 - 05/11/23,0.0,0.46111166666666664,0.0,0.0,0.0,0.0,0.0,00:27:40,01:46:35,2,2,0.0,0.0013883333333333332,0.0,0.0,0.0,0.0,0,1,0,0,0,0,NA,2023-10-31 13:06:05.815000,NA,NA,NA,NA,week_fve,0.0,0,NA,NA,0,NA,0.0,0.45888833333333334,0.0,NA,1,0,NA,2023-10-31 13:06:11.040000,NA,NA,NA,NA,NA,NA,NA,NA,NA,NA,NA,NA,NA,NA
64.4,Egypt,2000,Male,CAH11-01	Computing,161,30/10/23 - 05/11/23,0.0,0.007221666666666667,0.0,0.0,0.0,0.0,0.0,00:00:26,01:46:35,1,1,0.0,0.0027783333333333336,0.0,0.0,0.0,0.0,0,1,0,0,0,0,NA,2023-10-31 17:09:12.343000,NA,NA,NA,NA,week_fve,0.0,0,NA,NA,0,NA,0.0,0.0,0.0,NA,0,0,NA,NA,NA,NA,NA,NA,NA,NA,NA,NA,NA,NA,NA,NA,NA,NA
69.4,Myanmar,1995,Male,CAH11-01	Computing,162,30/10/23 - 05/11/23,0.0025,0.0,0.0,0.363055,0.0,0.0,0.0,00:21:56,01:46:35,3,3,0.0,0.0013883333333333332,0.0,0.0,0.0,0.0,0,2,0,0,0,0,NA,2023-10-30 14:09:41.795000,NA,NA,NA,NA,week_fve,0.0,0,NA,NA,0,NA,0.0,0.000555,0.0,NA,2,0,NA,2023-10-30 14:09:44.942000,NA,NA,NA,NA,NA,NA,NA,NA,NA,NA,NA,NA,NA,NA
72.0,United Kingdom of Great Britain and Northern Ireland,1991,Male,CAH15-03	Politics,163,30/10/23 - 05/11/23,0.0,2.4747216666666665,0.4058333333333334,0.0,0.0,0.0,0.0,02:52:50,01:46:35,5,8,0.0,0.010278333333333334,0.0,0.0013883333333333332,0.0,0.0,0,8,0,1,0,0,NA,2023-10-31 14:28:48.645000,NA,2023-10-31 14:34:20.476000,NA,NA,week_fve,0.0,0,NA,NA,0,NA,0.0,1.4002783333333333,0.39611,NA,3,4,NA,2023-10-31 14:28:54.250000,2023-10-31 14:30:48.666000,NA,NA,NA,NA,NA,NA,NA,NA,NA,NA,NA,NA,NA
65.0,Sri Lanka,1994,Male,CAH11-01	Computing,164,30/10/23 - 05/11/23,0.278055,0.04666666666666666,0.0,0.0,0.0,0.4097216666666667,0.0,00:44:04,01:46:35,7,12,0.0,0.030276666666666667,0.0,0.0,0.0,0.0,0,15,0,0,0,0,NA,2023-10-30 22:57:21.698000,NA,NA,NA,NA,week_fve,0.06416666666666666,1,2023-10-30 23:13:14.936000,NA,1,2023-10-30 23:10:31.688000,0.044445,0.016666666666666666,0.029166666666666667,NA,5,2,NA,2023-10-30 23:17:15.349000,2023-11-04 15:01:08.039000,NA,NA,NA,NA,NA,NA,NA,NA,NA,NA,NA,NA,NA
61.6,Turkey,1984,Male,CAH17-01	Business and management,165,30/10/23 - 05/11/23,0.0,4.386388333333333,0.0,0.0,0.0,0.0,0.569445,04:57:21,01:46:35,4,6,0.0,0.0047216666666666665,0.0,0.0,0.0,0.0,0,6,0,0,0,0,NA,2023-10-31 14:37:13.343000,NA,NA,NA,NA,week_fve,0.0,0,NA,NA,0,NA,0.0,2.0530549999999996,0.0875,NA,3,4,NA,2023-10-31 14:37:15.437000,2023-10-31 15:32:46.861000,NA,NA,NA,NA,NA,NA,NA,NA,NA,NA,NA,NA,NA
68.6,Malaysia,1998,Female,CAH17-01	Business and management,166,30/10/23 - 05/11/23,0.0,1.090555,0.0,0.08888833333333332,0.0,0.0,0.03722166666666667,01:12:59,01:46:35,5,9,0.0,0.010833333333333334,0.0,0.009166666666666667,0.049721666666666664,0.0,0,5,0,3,1,0,NA,2023-10-31 12:13:24.615000,NA,2023-10-31 12:13:22.461000,2023-11-02 10:28:39.714000,NA,week_fve,0.0,0,NA,NA,0,NA,0.0,1.0427783333333334,0.0013883333333333332,NA,1,1,NA,2023-10-31 12:13:35.279000,2023-10-31 12:13:28.091000,NA,NA,NA,NA,NA,NA,NA,NA,NA,NA,NA,NA,NA
74.6,Pakistan,1995,Male,CAH10-01	Engineering,167,30/10/23 - 05/11/23,0.091945,3.266945,0.0,0.0,0.0,0.0,0.0,03:21:32,01:46:35,4,8,0.0,0.005555000000000001,0.0,0.0,0.0,0.0,0,8,0,0,0,0,NA,2023-10-30 09:38:48.103000,NA,NA,NA,NA,week_fve,0.0,0,NA,NA,0,NA,0.0,3.2425,0.0016666666666666668,NA,6,2,NA,2023-10-30 09:38:50.431000,2023-10-31 08:30:31.432000,NA,NA,NA,NA,NA,NA,NA,NA,NA,NA,NA,NA,NA
63.0,United Kingdom of Great Britain and Northern Ireland,2001,Female,CAH17-01	Business and management,168,30/10/23 - 05/11/23,0.07861166666666668,0.05388833333333333,0.0025,0.0,0.13361166666666666,0.0,0.0,00:16:07,01:46:35,4,12,0.0,0.007223333333333333,0.0,0.0,0.0,0.0,0,6,0,0,0,0,NA,2023-10-30 15:32:16.357000,NA,NA,NA,NA,week_fve,0.0,0,NA,NA,0,NA,0.0,0.027221666666666665,0.011666666666666665,NA,4,3,NA,2023-10-30 15:32:26.567000,2023-10-30 15:31:56.845000,NA,NA,NA,NA,NA,NA,NA,NA,NA,NA,NA,NA,NA
76.2,Sweden,1977,Male,"CAH15-01	Sociology, social policy and anthropology",169,30/10/23 - 05/11/23,0.1875,2.2580549999999997,0.0,0.28388833333333335,0.016666666666666666,0.004166666666666667,0.034444999999999996,02:47:05,01:46:35,7,20,0.0,0.02222166666666667,0.0,0.0,0.0,0.0,0,15,0,0,0,0,NA,2023-10-30 14:50:41.650000,NA,NA,NA,NA,week_fve,0.01861166666666667,1,2023-10-30 21:56:12.239000,NA,1,2023-10-30 14:51:04.761000,0.00861,0.009721666666666665,0.19388833333333333,NA,4,3,NA,2023-10-30 14:50:56.509000,2023-10-30 21:57:43.619000,NA,NA,NA,NA,NA,NA,NA,NA,NA,NA,NA,NA,NA
73.4,Pakistan,1987,Male,CAH11-01	Computing,170,30/10/23 - 05/11/23,0.0,4.8430550000000006,0.011388333333333332,0.0,0.0,0.9697216666666667,0.0,05:49:26,01:46:35,5,10,0.0,0.013056666666666666,0.0,0.0013883333333333332,0.0,0.0,0,7,0,1,0,0,NA,2023-10-31 12:11:15.001000,NA,2023-10-31 12:11:22.955000,NA,NA,week_fve,0.0,0,NA,NA,0,NA,0.0,2.8658333333333332,0.014721666666666666,NA,2,4,NA,2023-10-31 14:08:39.936000,2023-10-31 14:08:09.788000,NA,NA,NA,NA,NA,NA,NA,NA,NA,NA,NA,NA,NA
73.2,India,2001,Male,CAH10-01	Engineering,171,30/10/23 - 05/11/23,0.003888333333333333,1.3544433333333332,0.011666666666666665,0.3386116666666667,0.033056666666666665,0.0,0.0,01:44:30,01:46:35,6,23,0.0,0.009445000000000002,0.0,0.000555,0.0,0.0,0,12,0,1,0,0,NA,2023-10-30 17:28:59.687000,NA,2023-10-31 06:07:36.859000,NA,NA,week_fve,0.0,0,NA,NA,0,NA,0.0,1.2933333333333332,0.25722333333333336,NA,4,7,NA,2023-10-30 17:29:07.253000,2023-10-31 20:24:45.207000,NA,NA,NA,NA,NA,NA,NA,NA,NA,NA,NA,NA,NA
63.8,Nigeria,2001,Male,"CAH26-01 Geography, earth and environmental studies",172,30/10/23 - 05/11/23,0.0,0.0,0.0,0.0,0.0,0.01972166666666667,0.40388833333333335,00:25:25,01:46:35,3,4,0.0,0.0027783333333333336,0.0,0.0,0.0,0.0,0,2,0,0,0,0,NA,2023-11-05 14:00:44.011000,NA,NA,NA,NA,week_fve,0.0,0,NA,NA,0,NA,0.0,0.0,0.0008333333333333334,NA,0,1,NA,NA,2023-11-05 14:00:55.552000,NA,NA,NA,NA,NA,NA,NA,NA,NA,NA,NA,NA,NA
74.0,Viet Nam,1998,Male,CAH11-01	Computing,173,30/10/23 - 05/11/23,2.53861,2.559166666666667,0.0,0.041945,0.2758333333333333,0.0,0.008055,05:25:25,01:46:35,10,23,0.0,0.07222,0.0,0.10638833333333333,0.13222166666666665,2.3269450000000003,0,19,0,2,2,2,NA,2023-10-30 11:36:44.207000,NA,2023-10-31 16:10:53.258000,2023-10-30 11:36:46.595000,2023-10-30 11:40:00.587000,week_fve,0.005833333333333333,1,2023-10-30 11:40:54.633000,NA,2,2023-10-30 11:41:16.898000,0.0063883333333333335,0.4119433333333334,0.08833333333333333,NA,6,4,NA,2023-10-30 11:41:41.563000,2023-10-31 15:44:35.458000,NA,NA,NA,NA,NA,NA,NA,NA,NA,NA,NA,NA,NA
64.6,China,2002,Male,CAH11-01	Computing,174,30/10/23 - 05/11/23,0.0,1.6847216666666667,0.0,0.263055,0.0,0.0,0.0,01:56:52,01:46:35,7,11,0.0,0.011388333333333332,0.0,0.0013883333333333332,0.0,0.0,0,9,0,1,0,0,NA,2023-10-31 14:08:07.785000,NA,2023-10-31 15:17:02.637000,NA,NA,week_fve,0.0,0,NA,NA,1,2023-10-31 14:08:26.657000,0.0022216666666666665,0.6116666666666667,0.11083333333333334,NA,4,4,NA,2023-10-31 14:08:11.699000,2023-10-31 15:51:48.364000,NA,NA,NA,NA,NA,NA,NA,NA,NA,NA,NA,NA,NA
71.2,Nigeria,1996,Female,CAH17-01	Business and management,175,30/10/23 - 05/11/23,0.0,1.161945,0.0,0.023055,0.0,0.0,0.0,01:11:06,01:46:35,4,4,0.0,0.005555000000000001,0.0,0.0,0.0,0.0,0,2,0,0,0,0,NA,2023-10-31 15:34:51.345000,NA,NA,NA,NA,week_fve,0.0,0,NA,NA,0,NA,0.0,0.7202783333333332,0.33249999999999996,NA,1,2,NA,2023-10-31 15:34:54.010000,2023-10-31 16:18:30.116000,NA,NA,NA,NA,NA,NA,NA,NA,NA,NA,NA,NA,NA
64.4,Nigeria,1980,Female,CAH09-01	Mathematical sciences,176,30/10/23 - 05/11/23,2.6333333333333333,0.0,0.0,0.05333333333333334,0.19083333333333333,0.031944999999999994,0.23194499999999998,03:08:29,01:46:35,10,15,0.0,0.07472333333333334,0.0,0.003055,1.1241666666666668,0.005833333333333333,0,13,0,2,1,3,NA,2023-10-30 05:05:29.893000,NA,2023-11-05 07:23:58.005000,2023-10-30 05:06:49.210000,2023-10-30 06:15:42.981000,week_fve,0.0,1,2023-10-30 10:45:02.542000,NA,3,2023-10-30 14:17:32.435000,1.1319450000000002,0.001945,0.0,NA,2,0,NA,2023-10-30 14:17:55.073000,NA,NA,NA,NA,NA,NA,NA,NA,NA,NA,NA,NA,NA,NA
66.2,Nigeria,2001,Female,CAH17-01	Business and management,177,30/10/23 - 05/11/23,4.161945,0.9130550000000001,0.0,0.0,0.0,0.0,0.39861166666666664,05:28:25,01:46:35,6,10,0.0,0.009166666666666667,0.0,0.0008333333333333334,0.0,0.0,0,7,0,2,0,0,NA,2023-10-30 13:48:19.846000,NA,2023-10-30 15:15:06.344000,NA,NA,week_fve,0.0,0,NA,NA,0,NA,0.0,1.4322216666666665,2.9627783333333335,NA,1,6,NA,2023-10-30 13:48:26.149000,2023-10-30 15:15:13.783000,NA,NA,NA,NA,NA,NA,NA,NA,NA,NA,NA,NA,NA
63.0,Australia,1977,Female,CAH16-01	Law,178,30/10/23 - 05/11/23,0.0,0.0,0.0,0.0,0.0,0.0,0.0,00:00:00,01:46:35,0,0,0.0,0.0,0.0,0.0,0.0,0.0,0,0,0,0,0,0,NA,NA,NA,NA,NA,NA,week_fve,0.0,0,NA,NA,0,NA,0.0,0.0,0.0,NA,0,0,NA,NA,NA,NA,NA,NA,NA,NA,NA,NA,NA,NA,NA,NA,NA,NA
65.8,United Kingdom of Great Britain and Northern Ireland,2001,Male,CAH11-01	Computing,179,30/10/23 - 05/11/23,0.0,0.0,0.0,0.0,0.0,0.0,0.0,00:00:00,01:46:35,0,0,0.0,0.0,0.0,0.0,0.0,0.0,0,0,0,0,0,0,NA,NA,NA,NA,NA,NA,week_fve,0.0,0,NA,NA,0,NA,0.0,0.0,0.0,NA,0,0,NA,NA,NA,NA,NA,NA,NA,NA,NA,NA,NA,NA,NA,NA,NA,NA
73.2,India,2000,Male,CAH10-01	Engineering,180,30/10/23 - 05/11/23,0.23249999999999998,4.185278333333334,0.0033333333333333335,0.04527833333333334,0.0,0.0,0.0,04:27:59,01:46:35,5,16,0.0,0.02694333333333333,0.0,0.0,0.0,0.0,0,13,0,0,0,0,NA,2023-10-30 19:40:48.135000,NA,NA,NA,NA,week_fve,0.0,0,NA,NA,1,2023-10-31 12:22:36.628000,0.000555,0.9958333333333333,0.08639000000000001,NA,7,3,NA,2023-10-30 19:41:20.618000,2023-10-31 13:57:47.339000,NA,NA,NA,NA,NA,NA,NA,NA,NA,NA,NA,NA,NA
64.4,Nigeria,1976,Female,CAH17-01	Business and management,181,30/10/23 - 05/11/23,0.0,0.0,0.0,0.0,0.0,0.0,0.0,00:00:00,01:46:35,0,0,0.0,0.0,0.0,0.0,0.0,0.0,0,0,0,0,0,0,NA,NA,NA,NA,NA,NA,week_fve,0.0,0,NA,NA,0,NA,0.0,0.0,0.0,NA,0,0,NA,NA,NA,NA,NA,NA,NA,NA,NA,NA,NA,NA,NA,NA,NA,NA
63.4,Sri Lanka,2000,Female,CAH17-01	Business and management,182,30/10/23 - 05/11/23,0.0,0.018333333333333333,0.0,0.0,0.270555,0.014721666666666666,4.835278333333333,05:08:20,01:46:35,7,11,0.0,1.39611,0.0,0.0,0.0,0.0,0,6,0,0,0,0,NA,2023-10-31 07:33:36.651000,NA,NA,NA,NA,week_fve,0.0,0,NA,NA,0,NA,0.0,0.21611,0.0025,NA,3,3,NA,2023-10-31 07:34:20.027000,2023-11-03 11:51:17.278000,NA,NA,NA,NA,NA,NA,NA,NA,NA,NA,NA,NA,NA
68.6,Viet Nam,1997,Female,CAH17-01	Business and management,183,30/10/23 - 05/11/23,0.0,0.0,0.0,0.25166666666666665,0.007778333333333333,0.0,0.7141666666666667,00:58:25,01:46:35,5,6,0.0,0.005833333333333333,0.0,0.0,0.06777833333333333,0.0,0,5,0,0,1,0,NA,2023-11-02 16:19:49.560000,NA,NA,2023-11-02 16:19:57.752000,NA,week_fve,0.0,0,NA,NA,0,NA,0.0,0.04861166666666667,0.590555,NA,2,2,NA,2023-11-05 13:12:44.015000,2023-11-05 13:16:33.383000,NA,NA,NA,NA,NA,NA,NA,NA,NA,NA,NA,NA,NA
73.0,Thailand,2001,Male,CAH17-01	Business and management,184,30/10/23 - 05/11/23,0.0,0.7005566666666667,0.0,0.0,0.004445,0.0,0.005555000000000001,00:42:38,01:46:35,4,12,0.0,0.0033333333333333335,0.0,0.0,0.0,0.0,0,6,0,0,0,0,NA,2023-10-31 00:26:01.642000,NA,NA,NA,NA,week_fve,0.0,0,NA,NA,0,NA,0.0,0.01638833333333333,0.010833333333333334,NA,2,4,NA,2023-10-31 00:26:48.209000,2023-10-31 00:26:04.034000,NA,NA,NA,NA,NA,NA,NA,NA,NA,NA,NA,NA,NA
67.4,United Kingdom of Great Britain and Northern Ireland,2001,Male,CAH04-01	Psychology,185,30/10/23 - 05/11/23,0.6288883333333334,4.04,0.0,0.11361166666666667,0.0,0.0,0.0,04:46:57,01:46:35,4,8,0.0,0.0063883333333333335,0.0,0.0,0.0,0.0,0,10,0,0,0,0,NA,2023-10-30 13:44:32.044000,NA,NA,NA,NA,week_fve,0.0,0,NA,NA,0,NA,0.0,2.2944450000000005,1.3552783333333336,NA,5,5,NA,2023-10-30 13:44:33.680000,2023-10-31 12:16:57.102000,NA,NA,NA,NA,NA,NA,NA,NA,NA,NA,NA,NA,NA
62.4,Iran,1995,Female,CAH10-01	Engineering,186,30/10/23 - 05/11/23,0.0,2.3833333333333333,0.0,0.0,0.0,0.0,0.0,02:23:00,01:46:35,4,4,0.0,0.005555000000000001,0.0,0.0,0.0,0.0,0,6,0,0,0,0,NA,2023-10-31 14:08:38.722000,NA,NA,NA,NA,week_fve,0.0,0,NA,NA,1,2023-10-31 14:26:34.842000,1.5222216666666666,0.27666666666666667,0.5708333333333333,NA,2,3,NA,2023-10-31 14:09:44.634000,2023-10-31 14:08:43.176000,NA,NA,NA,NA,NA,NA,NA,NA,NA,NA,NA,NA,NA
64.8,United Kingdom of Great Britain and Northern Ireland,1997,Female,CAH09-01	Mathematical sciences,187,30/10/23 - 05/11/23,0.0,1.5138883333333333,0.0,0.0,0.0,0.0,0.0,01:30:50,01:46:35,3,3,0.0,0.007778333333333333,0.0,0.0,0.0,0.0,0,5,0,0,0,0,NA,2023-10-31 13:06:24.794000,NA,NA,NA,NA,week_fve,0.0,0,NA,NA,0,NA,0.0,0.8975000000000001,0.5922216666666668,NA,4,1,NA,2023-10-31 13:06:31.689000,2023-10-31 15:44:48.632000,NA,NA,NA,NA,NA,NA,NA,NA,NA,NA,NA,NA,NA
52.4,Egypt,1986,Male,CAH10-01	Engineering,188,30/10/23 - 05/11/23,0.0,0.02611,0.0,0.0,0.0,0.0,0.0,00:01:34,01:46:35,2,4,0.0,0.0063883333333333335,0.0,0.0,0.0,0.0,0,5,0,0,0,0,NA,2023-10-31 14:12:41.315000,NA,NA,NA,NA,week_fve,0.0,0,NA,NA,0,NA,0.0,0.011111666666666667,0.0,NA,4,0,NA,2023-10-31 14:13:00.340000,NA,NA,NA,NA,NA,NA,NA,NA,NA,NA,NA,NA,NA,NA
63.8,Sri Lanka,1987,Female,CAH10-01	Engineering,189,30/10/23 - 05/11/23,0.0,0.025278333333333333,0.7902783333333333,0.0,0.003055,0.1875,0.0,01:00:22,01:46:35,6,12,0.0,0.020555,0.0,0.0027783333333333336,0.0,0.0,0,5,0,3,0,0,NA,2023-10-31 13:56:17.882000,NA,2023-11-01 14:38:10.281000,NA,NA,week_fve,0.0,0,NA,NA,0,NA,0.0,0.0,0.486945,NA,0,1,NA,NA,2023-11-01 18:03:07.311000,NA,NA,NA,NA,NA,NA,NA,NA,NA,NA,NA,NA,NA
73.8,Algeria,1996,Male,NA,190,30/10/23 - 05/11/23,0.0047216666666666665,3.6430549999999995,0.2319433333333333,0.0013883333333333332,0.0,0.005,0.0,03:53:09,01:46:35,5,16,0.0,0.013055,0.0,0.0,0.0,0.0,0,10,0,0,0,0,NA,2023-10-30 19:06:30.310000,NA,NA,NA,NA,week_fve,0.0,0,NA,NA,1,2023-10-31 14:28:27.617000,0.105,3.0297216666666666,0.20139,NA,3,8,NA,2023-10-30 19:06:44.825000,2023-11-01 17:41:27.862000,NA,NA,NA,NA,NA,NA,NA,NA,NA,NA,NA,NA,NA
62.4,Sri Lanka,1996,Female,CAH17-01	Business and management,191,30/10/23 - 05/11/23,0.015554999999999998,0.001945,0.0033333333333333335,0.0,0.0,0.0,0.0,00:01:15,01:46:35,4,5,0.0,0.003055,0.0,0.0,0.0,0.0,0,3,0,0,1,0,NA,2023-10-31 09:29:27.837000,NA,NA,2023-11-01 22:20:47.355000,NA,week_fve,0.0,0,NA,NA,0,NA,0.0,0.0,0.0011116666666666666,NA,1,1,NA,2023-10-31 09:29:32.779000,2023-11-01 22:20:40.874000,NA,NA,NA,NA,NA,NA,NA,NA,NA,NA,NA,NA,NA
73.0,Iran,1988,Male,CAH10-01	Engineering,192,30/10/23 - 05/11/23,0.0,0.0,0.0,0.0,0.0,0.0,0.0,00:00:00,01:46:35,0,0,0.0,0.0,0.0,0.0,0.0,0.0,0,0,0,0,0,0,NA,NA,NA,NA,NA,NA,week_fve,0.0,0,NA,NA,0,NA,0.0,0.0,0.0,NA,0,0,NA,NA,NA,NA,NA,NA,NA,NA,NA,NA,NA,NA,NA,NA,NA,NA
73.0,Sri Lanka,1996,Female,CAH09-01	Mathematical sciences,193,30/10/23 - 05/11/23,0.0,0.0,0.0,0.7313883333333333,0.026945,0.0,0.006944999999999999,00:45:55,01:46:35,2,3,0.0,0.003055,0.0,0.0,0.0,0.0,0,1,0,0,0,0,NA,2023-11-02 13:29:32.695000,NA,NA,NA,NA,week_fve,0.0,0,NA,NA,0,NA,0.0,0.0,0.0,NA,0,0,NA,NA,NA,NA,NA,NA,NA,NA,NA,NA,NA,NA,NA,NA,NA,NA
69.2,India,1996,Male,CAH17-01	Business and management,194,30/10/23 - 05/11/23,0.0,0.0,0.0,0.0,0.0,0.0,0.0,00:00:00,01:46:35,0,0,0.0,0.0,0.0,0.0,0.0,0.0,0,0,0,0,0,0,NA,NA,NA,NA,NA,NA,week_fve,0.0,0,NA,NA,0,NA,0.0,0.0,0.0,NA,0,0,NA,NA,NA,NA,NA,NA,NA,NA,NA,NA,NA,NA,NA,NA,NA,NA
62.4,India,1997,Male,CAH10-01	Engineering,195,30/10/23 - 05/11/23,0.3122216666666667,3.2952783333333335,0.0,0.0,0.0,0.0,0.0033333333333333335,03:36:39,01:46:35,5,11,0.0,0.004445,0.0,0.0008333333333333334,0.0,0.0,0,6,0,1,0,0,NA,2023-10-30 14:49:38.268000,NA,2023-10-31 11:35:49.005000,NA,NA,week_fve,0.0,0,NA,NA,0,NA,0.0,0.455,2.8747216666666664,NA,2,4,NA,2023-10-30 14:49:41.597000,2023-10-31 11:10:30.602000,NA,NA,NA,NA,NA,NA,NA,NA,NA,NA,NA,NA,NA
70.0,Nigeria,1991,Male,CAH11-01	Computing,196,30/10/23 - 05/11/23,0.0,1.0975,0.0,0.0,1.4175,0.0,0.0,02:30:54,01:46:35,4,7,0.0,0.019166666666666665,0.0,0.0,0.0,0.0,0,6,0,0,0,0,NA,2023-10-31 14:42:14.422000,NA,NA,NA,NA,week_fve,0.0,0,NA,NA,0,NA,0.0,1.018055,1.2925,NA,1,5,NA,2023-10-31 14:46:26.738000,2023-10-31 14:42:28.966000,NA,NA,NA,NA,NA,NA,NA,NA,NA,NA,NA,NA,NA
58.0,Nigeria,1997,Female,CAH15-02	Economics,197,30/10/23 - 05/11/23,0.005278333333333333,0.5008333333333334,0.03888833333333333,0.0,0.0,0.0,0.0,00:32:42,01:46:35,4,8,0.0,0.008611666666666665,0.0,0.0,0.0,0.0,0,4,0,0,0,0,NA,2023-10-30 07:47:05.299000,NA,NA,NA,NA,week_fve,0.0,0,NA,NA,0,NA,0.0,0.48500000000000004,0.024166666666666666,NA,4,1,NA,2023-10-30 07:47:09.741000,2023-11-01 10:22:11.568000,NA,NA,NA,NA,NA,NA,NA,NA,NA,NA,NA,NA,NA
57.0,United Kingdom of Great Britain and Northern Ireland,2000,Female,CAH04-01	Psychology,198,30/10/23 - 05/11/23,0.6577766666666667,1.0586116666666667,0.29083333333333333,0.0,0.0,0.0,0.0,02:00:26,01:46:35,5,12,0.0,0.007778333333333333,0.0,0.0,0.0,0.0,0,8,0,0,0,0,NA,2023-10-30 18:28:54.087000,NA,NA,NA,NA,week_fve,0.0,0,NA,NA,0,NA,0.0,0.693055,0.24444333333333332,NA,4,3,NA,2023-10-30 18:29:00.962000,2023-10-30 18:30:28.073000,NA,NA,NA,NA,NA,NA,NA,NA,NA,NA,NA,NA,NA
68.6,Malaysia,2000,Female,CAH17-01	Business and management,199,30/10/23 - 05/11/23,0.0,4.484445,0.0,0.0,0.01638833333333333,0.0,0.0,04:30:03,01:46:35,5,8,0.0,0.010278333333333334,0.0,0.0,0.0016666666666666668,0.0,0,7,0,0,1,0,NA,2023-10-31 11:06:59.414000,NA,NA,2023-11-03 09:08:52.634000,NA,week_fve,0.0,0,NA,NA,0,NA,0.0,3.3108333333333335,0.006944999999999999,NA,2,2,NA,2023-10-31 11:07:03.532000,2023-10-31 15:33:35.738000,NA,NA,NA,NA,NA,NA,NA,NA,NA,NA,NA,NA,NA
63.2,United Kingdom of Great Britain and Northern Ireland,2001,Female,CAH15-02	Economics,200,30/10/23 - 05/11/23,0.0022216666666666665,0.06749999999999999,0.0,0.025,0.0,0.0,0.0,00:05:41,01:46:35,4,5,0.0,0.004166666666666667,0.0,0.0,0.0,0.0,0,2,0,0,0,0,NA,2023-10-31 12:04:59.703000,NA,NA,NA,NA,week_fve,0.0,0,NA,NA,0,NA,0.0,0.012221666666666665,0.003888333333333333,NA,1,1,NA,2023-10-31 12:05:06.017000,2023-11-02 14:09:49.516000,NA,NA,NA,NA,NA,NA,NA,NA,NA,NA,NA,NA,NA
71.2,China,2002,Male,CAH11-01	Computing,201,30/10/23 - 05/11/23,0.06666666666666667,2.9716666666666667,0.004445,0.005,4.694445,0.0,0.0,07:44:32,01:46:35,6,17,0.0,0.011666666666666665,0.0,0.0,0.0016666666666666668,0.0,0,14,0,0,2,0,NA,2023-10-30 22:45:12.360000,NA,NA,2023-11-02 19:41:56.325000,NA,week_fve,0.0,0,NA,NA,1,2023-11-03 21:19:17.769000,0.0016666666666666668,3.018333333333333,0.03611166666666667,NA,9,4,NA,2023-10-30 22:45:14.229000,2023-11-03 18:54:20.354000,NA,NA,NA,NA,NA,NA,NA,NA,NA,NA,NA,NA,NA
68.2,Iran,1992,Female,CAH10-01	Engineering,202,30/10/23 - 05/11/23,0.0,0.47472166666666665,0.0,0.0,0.0,0.018055,0.286945,00:46:47,01:46:35,4,5,0.0,0.00861,0.0,0.0,0.0,0.0,0,4,0,0,0,0,NA,2023-10-31 22:04:29.270000,NA,NA,NA,NA,week_fve,0.0,0,NA,NA,0,NA,0.0,0.014445000000000001,0.26611166666666664,NA,2,2,NA,2023-10-31 22:04:34.963000,2023-11-05 15:01:42.633000,NA,NA,NA,NA,NA,NA,NA,NA,NA,NA,NA,NA,NA
73.2,Pakistan,1994,Male,CAH10-01	Engineering,203,30/10/23 - 05/11/23,0.21166666666666664,0.08222166666666667,0.0,0.0,0.22250166666666665,0.0,0.023888333333333334,00:32:25,01:46:35,7,24,0.0,0.016111666666666666,0.0,0.0,0.0,0.0,0,6,0,0,0,0,NA,2023-10-31 00:14:22.656000,NA,NA,NA,NA,week_fve,0.0,0,NA,NA,0,NA,0.0,0.0,0.10055499999999999,NA,0,9,NA,NA,2023-10-30 21:40:48.809000,NA,NA,NA,NA,NA,NA,NA,NA,NA,NA,NA,NA,NA
52.5,India,1999,Male,CAH10-01	Engineering,204,30/10/23 - 05/11/23,0.0,0.0,0.0,0.0,0.0,0.0,0.0,00:00:00,01:46:35,0,0,0.0,0.0,0.0,0.0,0.0,0.0,0,0,0,0,0,0,NA,NA,NA,NA,NA,NA,week_fve,0.0,0,NA,NA,0,NA,0.0,0.0,0.0,NA,0,0,NA,NA,NA,NA,NA,NA,NA,NA,NA,NA,NA,NA,NA,NA,NA,NA
68.6,Myanmar,2001,Female,CAH17-01	Business and management,205,30/10/23 - 05/11/23,0.0,0.0,0.0,0.0,0.0,0.0,0.0,00:00:00,01:46:35,0,0,0.0,0.0,0.0,0.0,0.0,0.0,0,0,0,0,0,0,NA,NA,NA,NA,NA,NA,week_fve,0.0,0,NA,NA,0,NA,0.0,0.0,0.0,NA,0,0,NA,NA,NA,NA,NA,NA,NA,NA,NA,NA,NA,NA,NA,NA,NA,NA
73.8,Turkey,1999,Female,CAH10-01	Engineering,206,30/10/23 - 05/11/23,0.014166666666666666,0.18305666666666667,0.0,0.0,0.0,0.0,0.0,00:11:50,01:46:35,4,5,0.0,0.0016666666666666668,0.0,0.0,0.0,0.0,0,1,0,0,0,0,NA,2023-10-30 21:39:19.031000,NA,NA,NA,NA,week_fve,0.0,0,NA,NA,0,NA,0.0,0.0,0.0,NA,1,0,NA,2023-10-30 21:39:25.229000,NA,NA,NA,NA,NA,NA,NA,NA,NA,NA,NA,NA,NA,NA
71.6,Nigeria,1994,Male,CAH15-02	Economics,207,30/10/23 - 05/11/23,0.0,0.16888833333333333,0.0,0.0,0.0,0.0,0.0,00:10:08,01:46:35,2,2,0.0,0.001945,0.0,0.0,0.0,0.0,0,1,0,0,0,0,NA,2023-10-31 13:59:59.831000,NA,NA,NA,NA,week_fve,0.0,0,NA,NA,0,NA,0.0,0.0,0.0,NA,1,0,NA,2023-10-31 14:00:06.583000,NA,NA,NA,NA,NA,NA,NA,NA,NA,NA,NA,NA,NA,NA
60.4,India,1992,Male,CAH19-01	English studies,208,30/10/23 - 05/11/23,0.6297216666666667,0.0,0.0,0.0,0.0,0.0,0.0,00:37:47,01:46:35,4,4,0.0,0.0027783333333333336,0.0,0.0,0.0,0.0,0,1,0,0,0,0,NA,2023-10-31 00:02:09.848000,NA,NA,NA,NA,week_fve,0.0,0,NA,NA,0,NA,0.0,0.0,0.0,NA,1,0,NA,2023-10-31 00:02:20.235000,NA,NA,NA,NA,NA,NA,NA,NA,NA,NA,NA,NA,NA,NA
64.0,Bangladesh,1996,Female,CAH17-01	Business and management,209,30/10/23 - 05/11/23,0.11944500000000001,0.018888333333333333,0.0,0.0,0.0,0.04138833333333333,0.0,00:10:47,01:46:35,6,11,0.0,0.007778333333333333,0.0,0.003055,0.0,0.0,0,5,0,1,0,0,NA,2023-10-30 21:10:31.655000,NA,2023-10-31 15:16:16.049000,NA,NA,week_fve,0.0,0,NA,NA,0,NA,0.0,0.0,0.025833333333333333,NA,3,2,NA,2023-10-30 21:11:53.446000,2023-10-30 21:10:36.557000,NA,NA,NA,NA,NA,NA,NA,NA,NA,NA,NA,NA,NA
73.0,Sri Lanka,1996,Female,CAH11-01	Computing,210,30/10/23 - 05/11/23,0.0,0.0,0.0,0.36166666666666664,0.0,0.0,0.0,00:21:42,01:46:35,5,5,0.0,0.0016666666666666668,0.0,0.0008333333333333334,0.0,0.0,0,2,0,1,0,0,NA,2023-11-02 11:51:31.829000,NA,2023-11-02 12:12:33.315000,NA,NA,week_fve,0.0,0,NA,NA,0,NA,0.0,0.003055,0.033611666666666665,NA,1,2,NA,2023-11-02 12:08:27.859000,2023-11-02 11:51:35.059000,NA,NA,NA,NA,NA,NA,NA,NA,NA,NA,NA,NA,NA
61.8,Myanmar,1998,Female,CAH11-01	Computing,211,30/10/23 - 05/11/23,2.7383333333333337,0.4066666666666666,0.0,0.0,0.007500000000000001,0.016666666666666666,0.0,03:10:09,01:46:35,4,15,0.0,0.014441666666666667,0.0,0.0,0.0,0.0,0,9,0,0,0,0,NA,2023-10-30 15:01:54.240000,NA,NA,NA,NA,week_fve,0.0,0,NA,NA,0,NA,0.0,2.733611666666667,0.39805500000000005,NA,5,3,NA,2023-10-30 15:02:05.027000,2023-10-31 13:56:38.227000,NA,NA,NA,NA,NA,NA,NA,NA,NA,NA,NA,NA,NA
63.0,United States of America,2001,Male,CAH11-01	Computing,212,30/10/23 - 05/11/23,0.0,0.5158333333333334,0.0,0.0,0.0,0.0,0.0,00:30:57,01:46:35,2,2,0.0,0.0275,0.0,0.0,0.0,0.0,0,2,0,0,0,0,NA,2023-10-31 14:08:07.575000,NA,NA,NA,NA,week_fve,0.0,0,NA,NA,0,NA,0.0,0.48111166666666666,0.0,NA,2,0,NA,2023-10-31 14:09:44.761000,NA,NA,NA,NA,NA,NA,NA,NA,NA,NA,NA,NA,NA,NA
60.0,Nigeria,1996,Male,"CAH13-01	Architecture, building and planning",1,07/11/22 - 13/11/22,0.0,0.066945,0.005278333333333333,0.0,0.09749999999999999,0.0,0.0,00:10:11,01:39:23,4,4,0.0,0.0033333333333333335,0.0008333333333333334,0.005,0.0,0.0,0,2,1,1,0,0,NA,2022-11-08 00:07:53.827000,2022-11-08 00:08:23.712000,2022-11-08 00:08:51.226000,NA,NA,week_six,0.0,0,NA,NA,0,NA,0.0,0.0,0.00472166666666667,0.0,0,1,0,NA,2022-11-08 00:08:03.995000,NA,NA,NA,NA,NA,NA,NA,NA,NA,NA,NA,NA,NA
70.0,Nigeria,1996,Male,CAH07-02	Chemistry,2,07/11/22 - 13/11/22,2.675555,0.06166666666666667,0.0,0.0,0.0,0.0,0.0,02:44:14,01:39:23,4,6,0.0,0.001945,0.0008333333333333334,0.0,0.0,0.0,0,3,1,0,0,0,NA,2022-11-07 19:21:57.721000,2022-11-08 11:23:14.102000,NA,NA,NA,week_six,0.0,0,NA,NA,0,NA,0.0,0.0,0.16416666666666666,0.0,0,4,0,NA,2022-11-07 19:22:00.056000,NA,NA,NA,NA,NA,NA,NA,NA,NA,NA,NA,NA,NA
65.0,Nigeria,1990,Female,CAH15-02	Economics,3,07/11/22 - 13/11/22,0.9283333333333333,0.03805499999999999,0.0,0.0,0.0,0.0,0.04916666666666667,01:00:56,01:39:23,3,3,0.0,0.0027783333333333336,0.0008333333333333334,0.0,0.0,0.0,0,2,1,0,0,0,NA,2022-11-07 12:18:50.643000,2022-11-07 12:19:09.320000,NA,NA,NA,week_six,0.0,0,NA,NA,0,NA,0.0,0.0,0.003055,0.0,0,1,0,NA,2022-11-07 12:18:58.014000,NA,NA,NA,NA,NA,NA,NA,NA,NA,NA,NA,NA,NA
55.0,Nigeria,1991,Male,CAH15-02	Economics,4,07/11/22 - 13/11/22,0.0,0.9641666666666667,0.0,0.0,0.0,0.0,0.0,00:57:51,01:39:23,3,3,0.0,0.007221666666666667,0.0,0.0,0.0,0.0,0,4,0,0,0,0,NA,2022-11-08 14:04:16.947000,NA,NA,NA,NA,week_six,0.0,0,NA,NA,0,NA,0.0,0.0,0.6313883333333333,0.0,0,4,0,NA,2022-11-08 14:04:22.760000,NA,NA,NA,NA,NA,NA,NA,NA,NA,NA,NA,NA,NA
65.0,Pakistan,1998,Male,CAH17-01	Business and management,5,07/11/22 - 13/11/22,0.0,1.5616666666666668,0.0,0.0,0.0,0.0,0.0,01:33:42,01:39:23,4,7,0.0,0.005278333333333333,0.0,0.0,0.0,0.0,0,11,0,0,0,0,NA,2022-11-08 14:19:31.715000,NA,NA,NA,NA,week_six,0.0,0,NA,NA,0,NA,0.0,0.0008333333333333334,0.16999999999999998,0.0,1,10,0,2022-11-08 14:19:59.292000,2022-11-08 14:20:03.496000,NA,NA,NA,NA,NA,NA,NA,NA,NA,NA,NA,NA,NA
62.0,Nigeria,1985,Male,CAH10-01	Engineering,6,07/11/22 - 13/11/22,0.0,3.7925,0.004445,0.0,0.0,0.0,0.010555,03:48:27,01:39:23,2,2,0.0,0.001945,0.0,0.0,0.0,0.0,0,2,0,0,0,0,NA,2022-11-08 14:07:57.490000,NA,NA,NA,NA,week_six,0.0,0,NA,NA,0,NA,0.0,0.0,0.7486116666666667,0.0,0,2,0,NA,2022-11-08 14:08:00.772000,NA,NA,NA,NA,NA,NA,NA,NA,NA,NA,NA,NA,NA
61.0,Nigeria,1985,Male,CAH11-01	Computing,7,07/11/22 - 13/11/22,0.6144433333333333,0.0,0.0,0.0,0.0,0.0,0.0,00:36:52,01:39:23,0,0,0.0,0.0,0.0,0.0,0.0,0.0,0,0,0,0,0,0,NA,NA,NA,NA,NA,NA,week_six,0.0,0,NA,NA,0,NA,0.0,0.0,0.0,0.0,0,0,0,NA,NA,NA,NA,NA,NA,NA,NA,NA,NA,NA,NA,NA,NA,NA
77.0,United Kingdom of Great Britain and Northern Ireland,2001,Female,"CAH07-04	General, applied and forensic sciences",8,07/11/22 - 13/11/22,0.01972166666666667,2.91111,0.041945,0.0,0.010555,0.0,0.0,02:58:59,01:39:23,3,4,0.0,0.040556666666666664,0.0,0.0,0.0,0.0,0,3,0,0,0,0,NA,2022-11-08 14:35:18.368000,NA,NA,NA,NA,week_six,0.0,0,NA,NA,0,NA,0.0,0.0,2.581945,0.0,0,2,0,NA,2022-11-08 14:35:20.083000,NA,NA,NA,NA,NA,NA,NA,NA,NA,NA,NA,NA,NA
61.0,Nigeria,1976,Male,CAH03-01	Biosciences,9,07/11/22 - 13/11/22,0.0,0.10777833333333334,0.0,0.0,0.0,0.0,0.0,00:06:28,01:39:23,3,3,0.0,0.09722166666666666,0.0,0.0,0.0,0.0,0,1,0,0,0,0,NA,2022-11-08 14:03:49.406000,NA,NA,NA,NA,week_six,0.0,0,NA,NA,0,NA,0.0,0.0,0.005278333333333333,0.0,0,1,0,NA,2022-11-08 14:09:39.682000,NA,NA,NA,NA,NA,NA,NA,NA,NA,NA,NA,NA,NA
63.0,India,1998,Female,CAH11-01	Computing,10,07/11/22 - 13/11/22,0.0,0.025555,0.0,0.0,0.0,0.0,0.030278333333333334,00:03:21,01:39:23,0,0,0.0,0.0,0.0,0.0,0.0,0.0,0,0,0,0,0,0,NA,NA,NA,NA,NA,NA,week_six,0.0,0,NA,NA,0,NA,0.0,0.0,0.0,0.0,0,0,0,NA,NA,NA,NA,NA,NA,NA,NA,NA,NA,NA,NA,NA,NA,NA
67.0,Nigeria,1996,Female,CAH07-02	Chemistry,11,07/11/22 - 13/11/22,0.0,3.479721666666667,0.0,0.0,0.0,0.0,0.0,03:28:47,01:39:23,1,1,0.0,0.746945,0.0,0.0,0.0,0.0,0,1,0,0,0,0,NA,2022-11-08 14:11:26.979000,NA,NA,NA,NA,week_six,0.0,0,NA,NA,0,NA,0.0,0.0,0.0,0.0,0,0,0,NA,NA,NA,NA,NA,NA,NA,NA,NA,NA,NA,NA,NA,NA,NA
66.0,Nigeria,1986,Female,"CAH06-01	Agriculture, food and related studies",12,07/11/22 - 13/11/22,0.0,0.0,0.0,0.0,0.0,0.0,0.0,00:00:00,01:39:23,0,0,0.0,0.0,0.0,0.0,0.0,0.0,0,0,0,0,0,0,NA,NA,NA,NA,NA,NA,week_six,0.0,0,NA,NA,0,NA,0.0,0.0,0.0,0.0,0,0,0,NA,NA,NA,NA,NA,NA,NA,NA,NA,NA,NA,NA,NA,NA,NA
76.0,United Kingdom of Great Britain and Northern Ireland,1995,Male,CAH11-01	Computing,13,07/11/22 - 13/11/22,3.983611666666667,5.338888333333333,0.000555,0.0,0.0,0.0,0.0,09:19:23,01:39:23,5,8,0.0,0.006111666666666666,0.0008333333333333334,0.0,0.0,0.0,0,7,1,0,0,0,NA,2022-11-08 13:56:42.543000,2022-11-08 14:34:38.579000,NA,NA,NA,week_six,0.0,0,NA,NA,0,NA,0.0,0.98,3.330833333333333,0.0,1,5,0,2022-11-08 13:57:04.470000,2022-11-08 13:56:46.123000,NA,NA,NA,NA,NA,NA,NA,NA,NA,NA,NA,NA,NA
57.0,Bangladesh,1997,Female,CAH10-01	Engineering,14,07/11/22 - 13/11/22,0.0,1.5841666666666667,0.0,0.0,0.0,0.0,0.0,01:35:03,01:39:23,3,3,0.0,0.006111666666666666,0.0,0.0,0.0,0.0,0,4,0,0,0,0,NA,2022-11-08 12:40:15.903000,NA,NA,NA,NA,week_six,0.0,0,NA,NA,0,NA,0.0,0.0,0.1627783333333333,0.0,0,4,0,NA,2022-11-08 12:40:21.073000,NA,NA,NA,NA,NA,NA,NA,NA,NA,NA,NA,NA,NA
64.0,Italy,2000,Female,CAH16-01	Law,15,07/11/22 - 13/11/22,0.0,0.24000000000000002,0.008611666666666665,0.0,0.008055,0.0025,0.0,00:15:33,01:39:23,3,4,0.0,0.0033333333333333335,0.0,0.0,0.0,0.0,0,2,0,0,0,0,NA,2022-11-08 14:14:10.832000,NA,NA,NA,NA,week_six,0.0,0,NA,NA,0,NA,0.0,0.003055,0.0,0.0,1,1,0,2022-11-08 17:13:28.957000,2022-11-08 14:14:15.542000,NA,NA,NA,NA,NA,NA,NA,NA,NA,NA,NA,NA,NA
64.0,Sri Lanka,1993,Female,CAH17-01	Business and management,16,07/11/22 - 13/11/22,0.014445000000000001,2.0508333333333333,0.0,0.0,0.0,0.0,0.19499833333333336,02:15:37,01:39:23,3,8,0.0,0.010556666666666666,0.0,0.0,0.0,0.0,0,6,0,0,0,0,NA,2022-11-07 20:28:16.547000,NA,NA,NA,NA,week_six,0.0,0,NA,NA,0,NA,0.0,0.0,0.3088883333333333,0.0,0,4,0,NA,2022-11-08 08:13:29.189000,NA,NA,NA,NA,NA,NA,NA,NA,NA,NA,NA,NA,NA
78.0,Viet Nam,1999,Male,CAH11-01	Computing,17,07/11/22 - 13/11/22,0.0,4.777221666666667,0.0,0.0,0.0,0.0,0.0,04:46:38,01:39:23,2,2,0.0,0.004166666666666667,0.0,0.0,0.0,0.0,0,4,0,0,0,0,NA,2022-11-08 10:15:04.792000,NA,NA,NA,NA,week_six,0.0,0,NA,NA,0,NA,0.0,0.0,0.029445,0.0,0,2,0,NA,2022-11-08 12:58:19.233000,NA,NA,NA,NA,NA,NA,NA,NA,NA,NA,NA,NA,NA
63.0,Viet Nam,1996,Female,CAH17-01	Business and management,18,07/11/22 - 13/11/22,0.0,3.178611666666667,0.0011116666666666666,0.0,0.0,0.0,0.0,03:10:47,01:39:23,3,3,0.0,0.003888333333333333,0.0,0.0,0.0,0.0,0,5,0,0,0,0,NA,2022-11-08 13:59:01.215000,NA,NA,NA,NA,week_six,0.0,0,NA,NA,0,NA,0.0,0.0,2.328333333333333,0.0,0,5,0,NA,2022-11-08 13:59:03.176000,NA,NA,NA,NA,NA,NA,NA,NA,NA,NA,NA,NA,NA
62.0,United Kingdom of Great Britain and Northern Ireland,2001,Male,CAH15-02	Economics,19,07/11/22 - 13/11/22,0.0,0.001945,0.165,0.0,0.0,0.0,0.0,00:10:01,01:39:23,2,2,0.0,0.0011116666666666666,0.0,0.0,0.0,0.0,0,1,0,0,0,0,NA,2022-11-08 13:53:37.601000,NA,NA,NA,NA,week_six,0.0,0,NA,NA,0,NA,0.0,0.0,0.0,0.0,0,1,0,NA,2022-11-08 13:53:41.721000,NA,NA,NA,NA,NA,NA,NA,NA,NA,NA,NA,NA,NA
62.0,Sri Lanka,1989,Female,CAH17-01	Business and management,20,07/11/22 - 13/11/22,0.3675,1.7925,0.0,0.0,0.0,0.0,0.0,02:09:36,01:39:23,4,7,0.0,0.013055,0.0,0.0,0.0,0.0,0,7,0,0,0,0,NA,2022-11-07 12:03:54.725000,NA,NA,NA,NA,week_six,0.0,0,NA,NA,0,NA,0.0,0.14666666666666667,1.8752783333333334,0.0,2,6,0,2022-11-08 13:56:00.764000,2022-11-07 12:03:57.493000,NA,NA,NA,NA,NA,NA,NA,NA,NA,NA,NA,NA,NA
66.0,Sri Lanka,1997,Male,CAH17-01	Business and management,21,07/11/22 - 13/11/22,0.0,2.1286116666666666,0.0,0.0,0.0,0.0,0.0,02:07:43,01:39:23,4,4,0.0,0.0008333333333333334,0.005555000000000001,0.0,0.0,0.0,0,1,2,0,0,0,NA,2022-11-08 14:21:05.710000,2022-11-08 17:23:11.591000,NA,NA,NA,week_six,0.0,0,NA,NA,0,NA,0.0,0.0,1.9266666666666665,0.0,0,1,0,NA,2022-11-08 14:21:09.141000,NA,NA,NA,NA,NA,NA,NA,NA,NA,NA,NA,NA,NA
59.0,Nigeria,1990,Male,"CAH07-04	General, applied and forensic sciences",22,07/11/22 - 13/11/22,0.0,3.5525,0.0,0.0,0.0,0.0,0.0,03:33:09,01:39:23,0,0,0.0,0.0,0.0,0.0,0.0,0.0,0,0,0,0,0,0,NA,NA,NA,NA,NA,NA,week_six,0.0,0,NA,NA,0,NA,0.0,0.0,0.0,0.0,0,0,0,NA,NA,NA,NA,NA,NA,NA,NA,NA,NA,NA,NA,NA,NA,NA
67.0,Nigeria,1993,Female,CAH09-01	Mathematical sciences,23,07/11/22 - 13/11/22,0.0,3.896945,0.0008333333333333334,0.0,0.0,0.0,0.018888333333333333,03:55:00,01:39:23,3,4,0.0,0.05333333333333334,0.0016666666666666668,0.0,0.0,0.0,0,3,1,0,0,0,NA,2022-11-08 14:30:11.933000,2022-11-08 14:33:05.813000,NA,NA,NA,week_six,0.0,0,NA,NA,0,NA,0.0,0.0,2.1505549999999998,0.0,0,1,0,NA,2022-11-08 14:55:53.360000,NA,NA,NA,NA,NA,NA,NA,NA,NA,NA,NA,NA,NA
75.0,United Kingdom of Great Britain and Northern Ireland,1988,Male,CAH03-01	Biosciences,24,07/11/22 - 13/11/22,0.8625,2.163056666666667,0.0,0.0,0.0,0.0,0.0,03:01:32,01:39:23,3,7,0.0,0.004164999999999999,0.0,0.0,0.0,0.0,0,4,0,0,0,0,NA,2022-11-07 18:48:03.856000,NA,NA,NA,NA,week_six,0.0,0,NA,NA,0,NA,0.0,0.8522216666666667,2.055,0.0,1,3,0,2022-11-07 18:48:13.176000,2022-11-07 19:39:23.147000,NA,NA,NA,NA,NA,NA,NA,NA,NA,NA,NA,NA,NA
66.0,United Kingdom of Great Britain and Northern Ireland,2000,Male,CAH17-01	Business and management,25,07/11/22 - 13/11/22,0.0,1.4358333333333335,0.0,0.0,0.0,0.0,0.0,01:26:09,01:39:23,0,0,0.0,0.0,0.0,0.0,0.0,0.0,0,0,0,0,0,0,NA,NA,NA,NA,NA,NA,week_six,0.0,0,NA,NA,0,NA,0.0,0.0,0.0,0.0,0,0,0,NA,NA,NA,NA,NA,NA,NA,NA,NA,NA,NA,NA,NA,NA,NA
83.0,United Kingdom of Great Britain and Northern Ireland,1998,Male,CAH15-02	Economics,26,07/11/22 - 13/11/22,0.0,3.451388333333333,0.0,0.0,0.035276666666666665,0.0,0.0,03:29:11,01:39:23,4,6,0.0,0.025833333333333333,0.0,0.0,0.0,0.0,0,8,0,0,0,0,NA,2022-11-08 14:01:53.030000,NA,NA,NA,NA,week_six,0.0,0,NA,NA,0,NA,0.0,0.0013883333333333332,2.7897233333333338,0.0,1,6,0,2022-11-09 11:21:49.453000,2022-11-08 14:01:55.546000,NA,NA,NA,NA,NA,NA,NA,NA,NA,NA,NA,NA,NA
71.0,Switzerland,1996,Female,CAH17-01	Business and management,27,07/11/22 - 13/11/22,0.004166666666666667,0.009445000000000002,0.0,0.0,0.0,0.0,0.0,00:00:49,01:39:23,3,5,0.0,0.005,0.0,0.0,0.0,0.0,0,3,0,0,0,0,NA,2022-11-07 21:50:24.612000,NA,NA,NA,NA,week_six,0.0,0,NA,NA,1,2022-11-08 13:43:21.008000,0.0,0.0,0.0013883333333333332,0.0,0,2,0,NA,2022-11-07 21:50:30.688000,NA,NA,NA,NA,NA,NA,NA,NA,NA,NA,NA,NA,NA
82.0,United Kingdom of Great Britain and Northern Ireland,1995,Non-binary / third gender,"CAH15-01	Sociology, social policy and anthropology",28,07/11/22 - 13/11/22,0.0,0.06777833333333333,0.0,0.0,0.0,0.001945,0.0,00:04:11,01:39:23,2,3,0.0,0.0008333333333333334,0.0,0.0,0.0,0.0,0,2,0,0,0,0,NA,2022-11-08 10:28:19.386000,NA,NA,NA,NA,week_six,0.0,0,NA,NA,0,NA,0.0,0.0,0.0011116666666666666,0.0,0,1,0,NA,2022-11-08 10:28:22.105000,NA,NA,NA,NA,NA,NA,NA,NA,NA,NA,NA,NA,NA
81.0,United Kingdom of Great Britain and Northern Ireland,1998,Male,CAH11-01	Computing,29,07/11/22 - 13/11/22,0.0,2.616388333333333,0.0,0.0,0.0,0.0,0.0,02:36:59,01:39:23,1,1,0.0,1.1122216666666667,0.0,0.0,0.0,0.0,0,1,0,0,0,0,NA,2022-11-08 12:59:51.913000,NA,NA,NA,NA,week_six,0.0,0,NA,NA,0,NA,0.0,0.0,0.0,0.0,0,0,0,NA,NA,NA,NA,NA,NA,NA,NA,NA,NA,NA,NA,NA,NA,NA
71.0,Spain,1983,Male,CAH10-01	Engineering,30,07/11/22 - 13/11/22,0.009166666666666667,0.9783333333333334,0.0,0.0,0.0,0.034444999999999996,0.0,01:01:19,01:39:23,6,7,0.0,0.0125,0.0,0.0,0.0,0.0,0,5,0,0,0,0,NA,2022-11-07 22:28:15.853000,NA,NA,NA,NA,week_six,0.0,0,NA,NA,0,NA,0.0,0.0,0.0,0.013055,0,1,1,NA,2022-11-07 22:28:30.319000,2022-11-07 22:28:30.319000,NA,NA,NA,NA,NA,NA,NA,NA,NA,NA,NA,NA
63.0,India,1998,Male,CAH11-01	Computing,31,07/11/22 - 13/11/22,0.0,0.0,0.0,0.0,0.0,0.0,1.4508333333333332,01:27:03,01:39:23,0,0,0.0,0.0,0.0,0.0,0.0,0.0,0,0,0,0,0,0,NA,NA,NA,NA,NA,NA,week_six,0.0,0,NA,NA,0,NA,0.0,0.0,0.0,0.0,0,0,0,NA,NA,NA,NA,NA,NA,NA,NA,NA,NA,NA,NA,NA,NA,NA
54.0,Nigeria,1979,Female,CAH17-01	Business and management,32,07/11/22 - 13/11/22,0.0,0.6405566666666667,0.0,0.0,0.045000000000000005,0.0,0.0,00:41:08,01:39:23,3,3,0.0,0.005555000000000001,0.0,0.0,0.0,0.0,0,2,0,0,0,0,NA,2022-11-08 14:10:58.798000,NA,NA,NA,NA,week_six,0.0,0,NA,NA,0,NA,0.0,0.0,0.16583333333333333,0.0,0,2,0,NA,2022-11-08 14:11:10.018000,NA,NA,NA,NA,NA,NA,NA,NA,NA,NA,NA,NA,NA
62.0,Nigeria,1970,Prefer to self-describe,CAH17-01	Business and management,33,07/11/22 - 13/11/22,0.0,0.35194499999999995,0.0,0.0,0.0,0.0,0.0,00:21:07,01:39:23,4,8,0.0,0.008056666666666667,0.0,0.0,0.0,0.0,0,7,0,0,0,0,NA,2022-11-08 11:00:46.125000,NA,NA,NA,NA,week_six,0.0,0,NA,NA,0,NA,0.0,0.008333333333333333,0.057221666666666664,0.0,3,5,0,2022-11-08 11:04:21.753000,2022-11-08 11:00:51.881000,NA,NA,NA,NA,NA,NA,NA,NA,NA,NA,NA,NA,NA
60.0,Sri Lanka,1992,Female,CAH17-01	Business and management,34,07/11/22 - 13/11/22,0.0,0.6327783333333332,0.13583333333333333,0.0,0.0,0.0,0.0,00:46:07,01:39:23,11,16,0.0,0.012223333333333333,0.0025,0.0008333333333333334,0.0022216666666666665,0.0,0,8,2,2,1,0,NA,2022-11-08 13:38:43.842000,2022-11-09 15:37:10.260000,2022-11-09 15:39:35.570000,2022-11-09 15:38:56.060000,NA,week_six,0.0,0,NA,NA,0,NA,0.0,0.0,0.09388833333333334,0.0,0,4,0,NA,2022-11-08 13:38:52.958000,NA,NA,NA,NA,NA,NA,NA,NA,NA,NA,NA,NA,NA
62.0,Nigeria,1999,Male,CAH11-01	Computing,35,07/11/22 - 13/11/22,0.0,1.22,0.0,0.0,0.0,0.0,0.0,01:13:12,01:39:23,2,2,0.0,0.0033333333333333335,0.0,0.0,0.0,0.0,0,2,0,0,0,0,NA,2022-11-08 14:54:25.146000,NA,NA,NA,NA,week_six,0.0,0,NA,NA,0,NA,0.0,0.0,1.1825,0.0,0,2,0,NA,2022-11-08 14:54:33.698000,NA,NA,NA,NA,NA,NA,NA,NA,NA,NA,NA,NA,NA
62.0,Nigeria,1987,Female,"CAH07-04	General, applied and forensic sciences",36,07/11/22 - 13/11/22,0.0,0.9533333333333334,0.101945,0.0,0.0,0.0,0.005278333333333333,01:03:38,01:39:23,2,2,0.0,0.006666666666666667,0.025,0.0,0.0,0.0,0,2,1,0,0,0,NA,2022-11-09 22:05:34.344000,2022-11-09 22:04:04.437000,NA,NA,NA,week_six,0.0,0,NA,NA,0,NA,0.0,0.0,0.0,0.0,0,0,0,NA,NA,NA,NA,NA,NA,NA,NA,NA,NA,NA,NA,NA,NA,NA
67.0,Sri Lanka,1981,Male,CAH17-01	Business and management,37,07/11/22 - 13/11/22,0.190555,0.14611166666666664,0.0,0.0,0.0,0.0,0.0,00:20:12,01:39:23,3,3,0.0,0.0036116666666666667,0.0,0.0,0.0,0.0,0,3,0,0,0,0,NA,2022-11-07 11:44:22.596000,NA,NA,NA,NA,week_six,0.0,0,NA,NA,0,NA,0.0,0.0,0.007778333333333333,0.0,0,3,0,NA,2022-11-07 11:44:28.612000,NA,NA,NA,NA,NA,NA,NA,NA,NA,NA,NA,NA,NA
65.0,Pakistan,1993,Male,CAH11-01	Computing,38,07/11/22 - 13/11/22,0.0,0.014445000000000001,0.0,0.0,0.0,0.0,0.0,00:00:52,01:39:23,0,0,0.0,0.0,0.0,0.0,0.0,0.0,0,0,0,0,0,0,NA,NA,NA,NA,NA,NA,week_six,0.0,0,NA,NA,0,NA,0.0,0.0,0.0,0.0,0,0,0,NA,NA,NA,NA,NA,NA,NA,NA,NA,NA,NA,NA,NA,NA,NA
62.0,Pakistan,1991,Female,CAH11-01	Computing,39,07/11/22 - 13/11/22,0.0,0.30138833333333337,0.009721666666666665,0.0,0.0,0.0,0.7858333333333333,01:05:49,01:39:23,4,6,0.0,0.0047216666666666665,0.0,0.0,0.0,0.0,0,4,0,0,0,0,NA,2022-11-08 13:51:17.947000,NA,NA,NA,NA,week_six,0.0,0,NA,NA,0,NA,0.0,0.006111666666666666,0.29250000000000004,0.0,1,2,0,2022-11-08 13:51:26.827000,2022-11-08 13:51:51.346000,NA,NA,NA,NA,NA,NA,NA,NA,NA,NA,NA,NA,NA
63.0,Sri Lanka,1996,Male,CAH17-01	Business and management,40,07/11/22 - 13/11/22,0.0,0.044445,0.0,0.0,0.0,0.0,0.0,00:02:40,01:39:23,0,0,0.0,0.0,0.0,0.0,0.0,0.0,0,0,0,0,0,0,NA,NA,NA,NA,NA,NA,week_six,0.0,0,NA,NA,0,NA,0.0,0.0,0.0,0.0,0,0,0,NA,NA,NA,NA,NA,NA,NA,NA,NA,NA,NA,NA,NA,NA,NA
60.0,India,1992,Male,CAH15-02	Economics,41,07/11/22 - 13/11/22,0.0,0.64,0.0,0.0,0.0,0.0,0.0,00:38:24,01:39:23,3,3,0.0,0.003055,0.0,0.0,0.0,0.0,0,2,0,0,0,0,NA,2022-11-08 13:47:11.690000,NA,NA,NA,NA,week_six,0.0,0,NA,NA,0,NA,0.0,0.0,0.10250000000000001,0.0,0,2,0,NA,2022-11-08 13:47:18.707000,NA,NA,NA,NA,NA,NA,NA,NA,NA,NA,NA,NA,NA
83.0,United Kingdom of Great Britain and Northern Ireland,1975,Female,CAH07-01	Physics and astronomy,42,07/11/22 - 13/11/22,0.0,0.09666666666666666,0.001945,0.0,0.0,0.0,0.0,00:05:55,01:39:23,3,3,0.0,0.005555000000000001,0.0013883333333333332,0.0,0.005,0.0,0,2,1,0,1,0,NA,2022-11-08 10:25:06.093000,2022-11-08 10:24:19.153000,NA,2022-11-08 10:25:13.315000,NA,week_six,0.0,0,NA,NA,0,NA,0.0,0.0,0.0,0.0,0,0,0,NA,NA,NA,NA,NA,NA,NA,NA,NA,NA,NA,NA,NA,NA,NA
62.0,Sri Lanka,1990,Female,CAH17-01	Business and management,43,07/11/22 - 13/11/22,0.0,0.0,0.0,0.0,0.0,0.0,0.0,00:00:00,01:39:23,0,0,0.0,0.0,0.0,0.0,0.0,0.0,0,0,0,0,0,0,NA,NA,NA,NA,NA,NA,week_six,0.0,0,NA,NA,0,NA,0.0,0.0,0.0,0.0,0,0,0,NA,NA,NA,NA,NA,NA,NA,NA,NA,NA,NA,NA,NA,NA,NA
76.0,Malaysia,1993,Male,CAH17-01	Business and management,44,07/11/22 - 13/11/22,5.520278333333334,4.464723333333334,0.0016666666666666668,0.0,0.005833333333333333,0.0,0.0,09:59:33,01:39:23,10,17,0.0,0.026111666666666665,0.0016666666666666668,0.003055,0.0,0.0,0,11,4,5,0,0,NA,2022-11-07 17:24:18.674000,2022-11-07 19:46:19.186000,2022-11-07 19:42:47.455000,NA,NA,week_six,0.0,0,NA,NA,0,NA,0.0,0.0008333333333333334,1.7530566666666665,0.0,1,5,0,2022-11-08 10:20:41.272000,2022-11-08 10:17:20.686000,NA,NA,NA,NA,NA,NA,NA,NA,NA,NA,NA,NA,NA
67.0,Thailand,1993,Male,CAH10-01	Engineering,45,07/11/22 - 13/11/22,0.0,0.7572233333333334,0.0,0.0,0.0,0.0,0.0,00:45:26,01:39:23,3,5,0.0,0.005,0.0,0.0,0.0,0.0,0,5,0,0,0,0,NA,2022-11-08 00:06:40.023000,NA,NA,NA,NA,week_six,0.0,0,NA,NA,0,NA,0.0,0.0,0.16722166666666669,0.0,0,4,0,NA,2022-11-08 00:06:43.891000,NA,NA,NA,NA,NA,NA,NA,NA,NA,NA,NA,NA,NA
65.0,India,1994,Male,CAH17-01	Business and management,46,07/11/22 - 13/11/22,0.0,0.46277833333333335,0.0,0.0,0.0,0.0,0.0,00:27:46,01:39:23,3,6,0.0,0.009723333333333332,0.0,0.0,0.0,0.0,0,4,0,0,0,0,NA,2022-11-08 11:38:23.683000,NA,NA,NA,NA,week_six,0.0,0,NA,NA,0,NA,0.0,0.0,0.28722166666666665,0.0,0,3,0,NA,2022-11-08 11:38:28.010000,NA,NA,NA,NA,NA,NA,NA,NA,NA,NA,NA,NA,NA
66.0,United Kingdom of Great Britain and Northern Ireland,1997,Female,"CAH26-01 Geography, earth and environmental studies",47,07/11/22 - 13/11/22,0.0,0.0,0.0,0.0,0.0,0.0,0.050554999999999996,00:03:02,01:39:23,2,2,0.0,0.0011116666666666666,0.001945,0.0,0.0,0.0,0,1,1,0,0,0,NA,2022-11-13 20:25:02.580000,2022-11-13 20:25:06.403000,NA,NA,NA,week_six,0.0,0,NA,NA,0,NA,0.0,0.0,0.0,0.0,0,0,0,NA,NA,NA,NA,NA,NA,NA,NA,NA,NA,NA,NA,NA,NA,NA
60.0,Malaysia,1992,Male,CAH25-01	Creative arts and design,48,07/11/22 - 13/11/22,0.0,0.15361166666666665,0.010278333333333334,0.0,0.0,0.0,0.0,00:09:50,01:39:23,2,2,0.0,0.0022216666666666665,0.0,0.0,0.0,0.0,0,1,0,0,0,0,NA,2022-11-08 12:19:01.085000,NA,NA,NA,NA,week_six,0.0,0,NA,NA,0,NA,0.0,0.0,0.0,0.0,0,0,0,NA,NA,NA,NA,NA,NA,NA,NA,NA,NA,NA,NA,NA,NA,NA
68.0,Nigeria,1984,Female,CAH11-01	Computing,49,07/11/22 - 13/11/22,0.0,0.0,0.0,0.0,0.0,0.0,0.0,00:00:00,01:39:23,0,0,0.0,0.0,0.0,0.0,0.0,0.0,0,0,0,0,0,0,NA,NA,NA,NA,NA,NA,week_six,0.0,0,NA,NA,0,NA,0.0,0.0,0.0,0.0,0,0,0,NA,NA,NA,NA,NA,NA,NA,NA,NA,NA,NA,NA,NA,NA,NA
57.0,Nigeria,1992,Male,CAH11-01	Computing,50,07/11/22 - 13/11/22,0.0036116666666666667,3.833611666666667,0.0,0.0,0.0,0.0,0.0,03:50:14,01:39:23,4,5,0.0,0.0016666666666666668,0.0,0.0,0.0,0.0,0,2,0,0,0,0,NA,2022-11-07 22:02:46.070000,NA,NA,NA,NA,week_six,0.0,0,NA,NA,0,NA,0.0,0.0,2.8572216666666668,0.0,1,1,0,2022-11-07 22:02:49.312000,2022-11-08 14:55:13.964000,NA,NA,NA,NA,NA,NA,NA,NA,NA,NA,NA,NA,NA
67.0,Nigeria,1998,Female,CAH16-01	Law,51,07/11/22 - 13/11/22,0.0,0.0,0.0,0.0,0.0,0.0,0.0,00:00:00,01:39:23,0,0,0.0,0.0,0.0,0.0,0.0,0.0,0,0,0,0,0,0,NA,NA,NA,NA,NA,NA,week_six,0.0,0,NA,NA,0,NA,0.0,0.0,0.0,0.0,0,0,0,NA,NA,NA,NA,NA,NA,NA,NA,NA,NA,NA,NA,NA,NA,NA
62.0,Nigeria,1991,Female,CAH10-03	Materials and technology,52,07/11/22 - 13/11/22,0.0,0.0,0.020833333333333332,0.0,0.011945,0.0,0.0,00:01:58,01:39:23,1,2,0.0,0.025833333333333333,0.0,0.0,0.0,0.0,0,3,0,0,0,0,NA,2022-11-09 11:33:01.802000,NA,NA,NA,NA,week_six,0.0,0,NA,NA,0,NA,0.0,0.0,0.0,0.0,0,0,0,NA,NA,NA,NA,NA,NA,NA,NA,NA,NA,NA,NA,NA,NA,NA
67.0,Nigeria,2001,Female,CAH09-01	Mathematical sciences,53,07/11/22 - 13/11/22,0.0,5.3933333333333335,0.0,0.0,0.0,0.0,0.0,05:23:36,01:39:23,3,3,0.0,0.0016666666666666668,0.04583333333333333,0.0,0.005555000000000001,0.0,0,1,1,0,1,0,NA,2022-11-08 14:09:10.344000,2022-11-08 14:05:57.221000,NA,NA,NA,week_six,0.0,0,NA,NA,0,NA,0.0,0.0,0.0,0.0,0,0,0,NA,2022-11-08 14:09:16.205000,NA,NA,NA,NA,NA,NA,NA,NA,NA,NA,NA,NA,NA
68.0,Nigeria,1979,Female,CAH11-01	Computing,54,07/11/22 - 13/11/22,0.0,2.2427783333333333,0.0,0.0,0.0,0.059445,0.0,02:18:08,01:39:23,7,7,0.0,0.02,0.000555,0.01583333333333333,0.0,0.0,0,12,1,2,0,0,NA,2022-11-08 12:04:11.511000,2022-11-08 14:41:50.335000,2022-11-12 02:35:17.019000,NA,NA,week_six,0.0,0,NA,NA,0,NA,0.0,0.0,0.388055,0.0,0,10,0,NA,2022-11-08 12:04:19.654000,NA,NA,NA,NA,NA,NA,NA,NA,NA,NA,NA,NA,NA
66.0,Nigeria,1986,Female,CAH10-03	Materials and technology,55,07/11/22 - 13/11/22,0.018055,6.404723333333334,0.0,0.0,0.0,0.0,0.0,06:25:22,01:39:23,7,10,0.0,0.019166666666666665,0.011666666666666665,0.0008333333333333334,0.0,0.0,0,9,4,1,0,0,NA,2022-11-07 14:41:28.405000,2022-11-08 19:10:42.281000,2022-11-08 19:18:50.175000,NA,NA,week_six,0.0,0,NA,NA,1,2022-11-08 19:16:08.672000,0.013333333333333334,0.0,2.061388333333333,0.0,0,6,0,NA,2022-11-07 14:41:33.698000,NA,NA,NA,NA,NA,NA,NA,NA,NA,NA,NA,NA,NA
70.0,Nigeria,1986,Female,CAH11-01	Computing,56,07/11/22 - 13/11/22,0.0,0.0,1.6400000000000001,0.0,0.7602783333333334,0.5313883333333334,0.01639,02:56:53,01:39:23,2,2,0.0,0.005278333333333333,0.0,0.0,0.0,0.0,0,2,0,0,0,0,NA,2022-11-11 02:29:43.216000,NA,NA,NA,NA,week_six,0.0,0,NA,NA,0,NA,0.0,0.0,0.018888333333333333,0.0,0,2,0,NA,2022-11-11 02:29:57.677000,NA,NA,NA,NA,NA,NA,NA,NA,NA,NA,NA,NA,NA
55.0,Nigeria,1990,Female,CAH17-01	Business and management,57,07/11/22 - 13/11/22,0.0,0.0,0.0,0.0175,0.0,0.0,0.0,00:01:03,01:39:23,0,0,0.0,0.0,0.0,0.0,0.0,0.0,0,0,0,0,0,0,NA,NA,NA,NA,NA,NA,week_six,0.0,0,NA,NA,0,NA,0.0,0.0,0.0,0.0,0,0,0,NA,NA,NA,NA,NA,NA,NA,NA,NA,NA,NA,NA,NA,NA,NA
66.0,Nigeria,1992,Male,CAH03-01	Biosciences,58,07/11/22 - 13/11/22,0.0,1.1433333333333333,0.0,0.071945,0.0,0.0,0.0,01:12:55,01:39:23,3,3,0.0,0.000555,0.0,0.0,0.0,0.0,0,1,0,0,0,0,NA,2022-11-08 15:10:08.982000,NA,NA,NA,NA,week_six,0.0,0,NA,NA,0,NA,0.0,0.0,0.2472216666666667,0.0,0,2,0,NA,2022-11-08 14:27:51.702000,NA,NA,NA,NA,NA,NA,NA,NA,NA,NA,NA,NA,NA
54.0,Sri Lanka,1991,Male,CAH10-01	Engineering,59,07/11/22 - 13/11/22,0.0,1.0641666666666667,0.0,0.0,0.0,0.0,0.0,01:03:51,01:39:23,3,5,0.0,0.08333333333333333,0.0,0.0,0.0,0.0,0,4,0,0,0,0,NA,2022-11-08 14:22:11.849000,NA,NA,NA,NA,week_six,0.0,0,NA,NA,0,NA,0.0,0.0,0.7241666666666667,0.0,0,6,0,NA,2022-11-08 14:28:35.144000,NA,NA,NA,NA,NA,NA,NA,NA,NA,NA,NA,NA,NA
59.0,Viet Nam,1997,Female,CAH17-01	Business and management,60,07/11/22 - 13/11/22,0.027778333333333332,2.2449999999999997,0.0,0.0,0.003888333333333333,2.029166666666667,0.0,04:18:21,01:39:23,4,14,0.0,2.0066683333333333,0.0005566666666666667,0.0,0.0,0.0,0,13,2,0,0,0,NA,2022-11-07 18:23:38.941000,2022-11-12 09:11:48.131000,NA,NA,NA,week_six,0.0,0,NA,NA,0,NA,0.0,0.0,0.5288883333333333,0.0,0,6,0,NA,2022-11-07 18:23:40.355000,NA,NA,NA,NA,NA,NA,NA,NA,NA,NA,NA,NA,NA
60.0,India,1993,Female,CAH10-01	Engineering,61,07/11/22 - 13/11/22,0.042221666666666664,2.259721666666666,0.0,0.0,0.0,0.007778333333333333,0.0,02:18:35,01:39:23,1,2,0.0,0.015554999999999998,0.0,0.0,0.0,0.0,0,2,0,0,0,0,NA,2022-11-07 23:44:09.744000,NA,NA,NA,NA,week_six,0.0,0,NA,NA,0,NA,0.0,0.0,0.0,0.0,0,0,0,NA,NA,NA,NA,NA,NA,NA,NA,NA,NA,NA,NA,NA,NA,NA
60.0,Turkey,1996,Male,CAH17-01	Business and management,62,07/11/22 - 13/11/22,0.0,0.32305500000000004,0.0,0.0,0.0,0.0,0.04777833333333334,00:22:15,01:39:23,8,9,0.0,0.003888333333333333,0.000555,0.0025,0.0,0.0,0,4,1,2,0,0,NA,2022-11-08 12:16:37.875000,2022-11-08 12:27:18.730000,2022-11-08 12:16:28.108000,NA,NA,week_six,0.0,0,NA,NA,0,NA,0.0,0.0036116666666666667,0.15972166666666668,0.0,1,3,0,2022-11-08 12:33:55.961000,2022-11-08 12:16:41.481000,NA,NA,NA,NA,NA,NA,NA,NA,NA,NA,NA,NA,NA
78.0,United Kingdom of Great Britain and Northern Ireland,1998,Female,CAH17-01	Business and management,63,07/11/22 - 13/11/22,0.0,2.14,0.0,0.0,0.0,0.0,0.0,02:08:24,01:39:23,6,6,0.0,0.008055,0.0036116666666666667,0.0,0.0,0.0,0,6,2,0,0,0,NA,2022-11-08 11:39:57.713000,2022-11-08 11:39:52.811000,NA,NA,NA,week_six,0.0,0,NA,NA,1,2022-11-08 11:42:09.219000,0.004445,0.0033333333333333335,0.0033333333333333335,0.0,2,2,0,2022-11-08 11:41:52.079000,2022-11-08 11:40:04.491000,NA,NA,NA,NA,NA,NA,NA,NA,NA,NA,NA,NA,NA
61.0,Iran,1989,Female,CAH15-04	Health and social care,64,07/11/22 - 13/11/22,0.0,0.7366666666666667,0.0,0.005833333333333333,0.0,0.0,0.0,00:44:33,01:39:23,4,5,0.0,0.0016666666666666668,0.0,0.0,0.0,0.0,0,2,0,0,0,0,NA,2022-11-08 15:00:33.274000,NA,NA,NA,NA,week_six,0.0,0,NA,NA,0,NA,0.0,0.0,0.7108333333333333,0.0,1,1,0,2022-11-08 15:44:32.928000,2022-11-08 15:00:36.034000,NA,NA,NA,NA,NA,NA,NA,NA,NA,NA,NA,NA,NA
55.0,Hong Kong (S.A.R.),2000,Male,"CAH13-01	Architecture, building and planning",65,07/11/22 - 13/11/22,0.0,0.0,0.0,0.0,0.0,0.0,0.0,00:00:00,01:39:23,0,0,0.0,0.0,0.0,0.0,0.0,0.0,0,0,0,0,0,0,NA,NA,NA,NA,NA,NA,week_six,0.0,0,NA,NA,0,NA,0.0,0.0,0.0,0.0,0,0,0,NA,NA,NA,NA,NA,NA,NA,NA,NA,NA,NA,NA,NA,NA,NA
60.0,Hong Kong (S.A.R.),1995,Female,"CAH15-01	Sociology, social policy and anthropology",66,07/11/22 - 13/11/22,0.103055,0.806945,0.39138833333333334,0.0,0.0,0.0,0.07166666666666667,01:22:23,01:39:23,4,6,0.0,0.003055,0.0,0.0,0.0,0.0,0,6,0,0,0,0,NA,2022-11-07 20:05:24.330000,NA,NA,NA,NA,week_six,0.0,0,NA,NA,0,NA,0.0,0.0,0.5511116666666667,0.0,0,7,0,NA,2022-11-07 20:05:26.289000,NA,NA,NA,NA,NA,NA,NA,NA,NA,NA,NA,NA,NA
58.0,India,1987,Female,CAH17-01	Business and management,67,07/11/22 - 13/11/22,0.0,3.379445,0.01861166666666667,0.0,0.0,0.0,0.0,03:23:53,01:39:23,4,7,0.0,0.0025,0.0016666666666666668,0.0,0.0,0.0,0,2,2,0,0,0,NA,2022-11-08 16:53:17.015000,2022-11-08 16:53:01.419000,NA,NA,NA,week_six,0.0,0,NA,NA,0,NA,0.0,0.0,0.0027783333333333336,0.0,0,1,0,NA,2022-11-09 08:37:05.545000,NA,NA,NA,NA,NA,NA,NA,NA,NA,NA,NA,NA,NA
70.0,Myanmar,1996,Female,CAH11-01	Computing,68,07/11/22 - 13/11/22,0.015278333333333335,0.9727783333333334,0.0,0.0,0.005833333333333333,0.0,0.0,00:59:38,01:39:23,4,7,0.0,0.004443333333333333,0.0,0.0,0.0,0.0,0,4,0,0,0,0,NA,2022-11-07 12:01:33.614000,NA,NA,NA,NA,week_six,0.0,0,NA,NA,0,NA,0.0,0.0011116666666666666,0.0025,0.0,1,4,0,2022-11-07 12:01:37.527000,2022-11-07 12:01:45.609000,NA,NA,NA,NA,NA,NA,NA,NA,NA,NA,NA,NA,NA
64.0,United Kingdom of Great Britain and Northern Ireland,1992,Male,CAH10-01	Engineering,69,07/11/22 - 13/11/22,0.0,0.1652783333333333,0.09305499999999998,0.0,0.0,0.0,0.0,00:15:30,01:39:23,5,8,0.0,0.004166666666666667,0.0022216666666666665,0.0,0.0,0.0,0,6,3,0,0,0,NA,2022-11-08 11:03:43.980000,2022-11-08 11:11:07.329000,NA,NA,NA,week_six,0.0,0,NA,NA,0,NA,0.0,0.003055,0.10777833333333334,0.0,1,5,0,2022-11-09 21:07:00.955000,2022-11-08 11:03:47.719000,NA,NA,NA,NA,NA,NA,NA,NA,NA,NA,NA,NA,NA
65.0,Nigeria,1995,Male,CAH15-02	Economics,70,07/11/22 - 13/11/22,0.0,0.09139000000000001,0.0,2.991388333333333,0.0,0.0,0.014721666666666666,03:05:51,01:39:23,4,6,0.0,0.0036100000000000004,0.0,0.0,0.0,0.0,0,4,0,0,0,0,NA,2022-11-08 13:50:31.594000,NA,NA,NA,NA,week_six,0.0,0,NA,NA,0,NA,0.0,0.0,0.024723333333333333,0.0,0,4,0,NA,2022-11-08 13:50:34.761000,NA,NA,NA,NA,NA,NA,NA,NA,NA,NA,NA,NA,NA
64.0,Viet Nam,1998,Male,CAH15-02	Economics,71,07/11/22 - 13/11/22,0.0,0.03972166666666666,0.0,0.0,0.0,0.0,0.0,00:02:23,01:39:23,2,2,0.0,0.000555,0.0,0.0,0.0,0.0,0,1,0,0,0,0,NA,2022-11-08 15:37:56.855000,NA,NA,NA,NA,week_six,0.0,0,NA,NA,0,NA,0.0,0.0,0.0,0.0,0,1,0,NA,2022-11-08 15:37:58.524000,NA,NA,NA,NA,NA,NA,NA,NA,NA,NA,NA,NA,NA
69.0,India,1984,Male,"CAH06-01	Agriculture, food and related studies",72,07/11/22 - 13/11/22,0.0,5.003055,0.0,0.0,0.0,0.0,0.0,05:00:11,01:39:23,3,4,0.0,0.0027783333333333336,0.0,0.0,0.0,0.0,0,2,0,0,0,0,NA,2022-11-08 14:09:22.726000,NA,NA,NA,NA,week_six,0.0,0,NA,NA,0,NA,0.0,0.0,2.1333333333333333,0.0,0,2,0,NA,2022-11-08 14:09:28.557000,NA,NA,NA,NA,NA,NA,NA,NA,NA,NA,NA,NA,NA
64.0,India,1997,Female,CAH10-01	Engineering,73,07/11/22 - 13/11/22,0.0,4.295554999999999,0.0,0.0,0.027221666666666665,0.0,0.0,04:19:22,01:39:23,3,3,0.0,0.0027783333333333336,0.0,0.0,0.0,0.0,0,3,0,0,0,0,NA,2022-11-08 10:46:46.749000,NA,NA,NA,NA,week_six,0.0,0,NA,NA,0,NA,0.0,0.0,0.21888833333333332,0.0,0,4,0,NA,2022-11-08 10:46:50.810000,NA,NA,NA,NA,NA,NA,NA,NA,NA,NA,NA,NA,NA
63.0,Sri Lanka,1986,Female,CAH17-01	Business and management,74,07/11/22 - 13/11/22,0.0,2.4508333333333336,0.0,0.0,0.0,0.0,0.0,02:27:03,01:39:23,4,4,0.0,0.007221666666666667,0.0027783333333333336,0.0,0.0,0.0,0,5,1,0,0,0,NA,2022-11-08 10:25:02.661000,2022-11-08 11:57:55.830000,NA,NA,NA,week_six,0.0,0,NA,NA,0,NA,0.0,0.0,0.24611166666666665,0.0,0,9,0,NA,2022-11-08 10:25:08.486000,NA,NA,NA,NA,NA,NA,NA,NA,NA,NA,NA,NA,NA
62.0,Sri Lanka,1980,Male,CAH17-01	Business and management,75,07/11/22 - 13/11/22,0.0,3.8605549999999997,0.0,0.0,0.0,0.0,0.0,03:51:38,01:39:23,3,3,0.0,0.0022216666666666665,0.0,0.0,0.0,0.0,0,3,0,0,0,0,NA,2022-11-08 11:00:50.761000,NA,NA,NA,NA,week_six,0.0,0,NA,NA,0,NA,0.0,0.0,0.555555,0.0,0,4,0,NA,2022-11-08 11:00:54.687000,NA,NA,NA,NA,NA,NA,NA,NA,NA,NA,NA,NA,NA
61.0,Poland,1996,Male,CAH02-05	Medical sciences,76,07/11/22 - 13/11/22,0.0,0.0,0.0008333333333333334,0.0,0.0,0.0,0.0,00:00:03,01:39:23,0,0,0.0,0.0,0.0,0.0,0.0,0.0,0,0,0,0,0,0,NA,NA,NA,NA,NA,NA,week_six,0.0,0,NA,NA,0,NA,0.0,0.0,0.0,0.0,0,0,0,NA,NA,NA,NA,NA,NA,NA,NA,NA,NA,NA,NA,NA,NA,NA
77.0,Sri Lanka,1990,Male,CAH17-01	Business and management,77,07/11/22 - 13/11/22,0.0,0.008333333333333333,0.0,0.0,0.0,0.0,0.0,00:00:30,01:39:23,0,0,0.0,0.0,0.0,0.0,0.0,0.0,0,0,0,0,0,0,NA,NA,NA,NA,NA,NA,week_six,0.0,0,NA,NA,0,NA,0.0,0.0,0.0,0.0,0,0,0,NA,NA,NA,NA,NA,NA,NA,NA,NA,NA,NA,NA,NA,NA,NA
56.0,Pakistan,1992,Male,CAH10-01	Engineering,78,07/11/22 - 13/11/22,0.0,0.38083333333333336,0.0,0.0,0.0,0.0,0.0,00:22:51,01:39:23,4,5,0.0,0.0016666666666666668,0.0,0.0,0.0,0.0,0,1,0,0,0,0,NA,2022-11-08 14:04:39.391000,NA,NA,NA,NA,week_six,0.0,0,NA,NA,0,NA,0.0,0.0,0.24250000000000002,0.0,0,1,0,NA,2022-11-08 14:04:45.045000,NA,NA,NA,NA,NA,NA,NA,NA,NA,NA,NA,NA,NA
66.0,India,1994,Female,CAH15-02	Economics,79,07/11/22 - 13/11/22,0.058054999999999995,1.0627766666666667,0.0,0.0,0.0,0.0,0.05611166666666667,01:10:37,01:39:23,7,9,0.0,0.007500000000000001,0.0175,0.0,0.0,0.0,0,4,1,0,0,0,NA,2022-11-08 13:53:47.702000,2022-11-13 20:01:33.403000,NA,NA,NA,week_six,0.0,0,NA,NA,0,NA,0.0,0.03388833333333333,0.8116666666666668,0.0,2,5,0,2022-11-08 13:53:52.299000,2022-11-08 13:54:09.654000,NA,NA,NA,NA,NA,NA,NA,NA,NA,NA,NA,NA,NA
54.0,Nigeria,1988,Male,CAH10-01	Engineering,80,07/11/22 - 13/11/22,0.0,0.0,0.0,0.0,0.0,0.0,0.0,00:00:00,01:39:23,0,0,0.0,0.0,0.0,0.0,0.0,0.0,0,0,0,0,0,0,NA,NA,NA,NA,NA,NA,week_six,0.0,0,NA,NA,0,NA,0.0,0.0,0.0,0.0,0,0,0,NA,NA,NA,NA,NA,NA,NA,NA,NA,NA,NA,NA,NA,NA,NA
73.0,India,1989,Female,CAH11-01	Computing,81,06/03/23 - 12/03/23,0.0,1.4222216666666665,0.07305500000000001,0.0,0.0,0.0,0.0,01:29:43,01:42:46,3,3,0.0,0.0011116666666666666,0.00027833333333333334,0.0,0.0,0.0,0,2,1,0,0,0,NA,2023-03-07 14:36:15.765000,2023-03-07 14:42:04.016000,NA,NA,NA,week_six,0.0,0,NA,NA,0,NA,0.0,0.0,0.461945,0.0,0,2,0,NA,2023-03-07 14:36:17.900000,NA,NA,NA,NA,NA,NA,NA,NA,NA,NA,NA,NA,NA
63.6,Nigeria,1985,Female,CAH09-01	Mathematical sciences,82,06/03/23 - 12/03/23,0.0,0.8424999999999999,0.5308333333333334,0.0,0.0,0.0,0.0,01:22:24,01:42:46,3,7,0.0,0.28722166666666665,0.31805500000000003,0.0,0.0,0.0,0,3,2,0,0,0,NA,2023-03-07 13:56:27.176000,2023-03-08 12:27:34.004000,NA,NA,NA,week_six,0.0,0,NA,NA,0,NA,0.0,0.0,0.7391666666666666,0.0,0,3,0,NA,2023-03-07 14:16:28.842000,NA,NA,NA,NA,NA,NA,NA,NA,NA,NA,NA,NA,NA
65.2,Nigeria,1996,Female,CAH07-01	Physics and astronomy,83,06/03/23 - 12/03/23,0.0,2.8925,0.0,0.0,0.0,0.0,0.0,02:53:33,01:42:46,2,2,0.0,0.0033333333333333335,0.0,0.0,0.0,0.0,0,3,0,0,0,0,NA,2023-03-07 14:11:56.534000,NA,NA,NA,NA,week_six,0.0,0,NA,NA,0,NA,0.0,0.0,2.8183333333333334,0.0,0,4,0,NA,2023-03-07 14:11:59.620000,NA,NA,NA,NA,NA,NA,NA,NA,NA,NA,NA,NA,NA
69.0,India,1999,Male,CAH11-01	Computing,84,06/03/23 - 12/03/23,0.0,0.30083333333333334,0.04111166666666667,0.0,0.0,0.0125,0.0,00:21:16,01:42:46,4,10,0.0,0.006944999999999999,0.0025,0.0,0.0,0.0,0,5,2,0,0,0,NA,2023-03-07 13:26:10.944000,2023-03-07 13:26:08.314000,NA,NA,NA,week_six,0.0,0,NA,NA,0,NA,0.0,0.0,0.225555,0.0,0,3,0,NA,2023-03-07 13:26:19.091000,NA,NA,NA,NA,NA,NA,NA,NA,NA,NA,NA,NA,NA
56.8,Nigeria,1993,Male,"CAH02-02	Pharmacology, toxicology and pharmacy",85,06/03/23 - 12/03/23,0.0,0.0,0.0,0.0,0.0,0.0,0.0,00:00:00,01:42:46,0,0,0.0,0.0,0.0,0.0,0.0,0.0,0,0,0,0,0,0,NA,NA,NA,NA,NA,NA,week_six,0.0,0,NA,NA,0,NA,0.0,0.0,0.0,0.0,0,0,0,NA,NA,NA,NA,NA,NA,NA,NA,NA,NA,NA,NA,NA,NA,NA
74.0,Cameroon,1997,Male,CAH10-03	Materials and technology,86,06/03/23 - 12/03/23,0.0,1.7808333333333333,0.0,0.0,0.0,0.0,0.0,01:46:51,01:42:46,6,6,0.0,0.014166666666666666,0.0,0.0,0.0008333333333333334,0.004166666666666667,0,9,0,0,1,1,NA,2023-03-07 14:15:50.840000,NA,NA,2023-03-07 14:39:25.251000,2023-03-07 14:39:30.237000,week_six,0.0013883333333333332,1,2023-03-07 14:39:15.959000,NA,0,NA,0.0,0.0,1.6347216666666666,0.0,0,9,0,NA,2023-03-07 14:15:59.138000,NA,NA,NA,NA,NA,NA,NA,NA,NA,NA,NA,NA,NA
74.6,Egypt,1996,Male,CAH10-01	Engineering,87,06/03/23 - 12/03/23,0.0,0.013611666666666668,0.0,0.0,0.0,0.0,0.0,00:00:49,01:42:46,2,2,0.0,0.0011116666666666666,0.0,0.0,0.0,0.0,0,1,0,0,0,0,NA,2023-03-07 14:19:49.353000,NA,NA,NA,NA,week_six,0.0,0,NA,NA,0,NA,0.0,0.0,0.0,0.0,0,1,0,NA,2023-03-07 14:19:53.276000,NA,NA,NA,NA,NA,NA,NA,NA,NA,NA,NA,NA,NA
62.6,Nigeria,1980,Male,CAH10-01	Engineering,88,06/03/23 - 12/03/23,1.2138883333333332,1.9838883333333333,0.0,0.0,0.0,2.5825,0.010555,05:47:26,01:42:46,5,10,0.0,0.022500000000000003,0.06722166666666667,0.024721666666666666,0.0,0.0,0,13,2,7,0,0,NA,2023-03-06 14:47:49.229000,2023-03-06 15:55:25.790000,2023-03-11 10:42:29.927000,NA,NA,week_six,0.0,0,NA,NA,0,NA,0.0,0.0,3.0275000000000003,2.5555549999999996,0,8,8,NA,2023-03-06 14:48:31.651000,2023-03-11 08:25:45.661000,NA,NA,NA,NA,NA,NA,NA,NA,NA,NA,NA,NA
70.0,Thailand,1997,Male,CAH11-01	Computing,89,06/03/23 - 12/03/23,0.0,1.1847216666666667,0.0,0.0,0.0,0.0,0.0,01:11:05,01:42:46,2,2,0.0,0.0022216666666666665,0.0,0.0,0.0,0.0,0,3,0,0,0,0,NA,2023-03-07 14:08:29.233000,NA,NA,NA,NA,week_six,0.0,0,NA,NA,0,NA,0.0,0.0,1.1780549999999999,0.0,0,3,0,NA,2023-03-07 14:08:32.740000,NA,NA,NA,NA,NA,NA,NA,NA,NA,NA,NA,NA,NA
68.2,Pakistan,1995,Male,CAH11-01	Computing,90,06/03/23 - 12/03/23,0.07972166666666666,2.0575,0.03888833333333333,0.0,0.0,0.0,0.0,02:10:34,01:42:46,3,6,0.0,0.05111,0.0,0.0,0.0,0.0,0,6,0,0,0,0,NA,2023-03-06 23:30:36.646000,NA,NA,NA,NA,week_six,0.0,0,NA,NA,0,NA,0.0,0.0,1.9888883333333331,0.0,0,6,0,NA,2023-03-06 23:30:41.125000,NA,NA,NA,NA,NA,NA,NA,NA,NA,NA,NA,NA,NA
73.6,Sri Lanka,1994,Male,CAH17-01	Business and management,91,06/03/23 - 12/03/23,0.0,0.8627783333333333,0.04833333333333333,0.0,0.0,0.0,0.0,00:54:40,01:42:46,2,2,0.0,0.7672216666666667,0.0,0.0,0.0,0.0,0,4,0,0,0,0,NA,2023-03-07 14:12:09.861000,NA,NA,NA,NA,week_six,0.0,0,NA,NA,0,NA,0.0,0.0,0.08972166666666667,0.0,0,3,0,NA,2023-03-07 14:54:41.226000,NA,NA,NA,NA,NA,NA,NA,NA,NA,NA,NA,NA,NA
57.0,Nigeria,1992,Male,NA,92,06/03/23 - 12/03/23,0.0,0.003055,0.0,0.0,0.9011116666666666,0.0,0.0,00:54:15,01:42:46,5,7,0.0,0.0030566666666666663,0.0,0.0027783333333333336,0.0,0.0,0,3,2,1,0,0,NA,2023-03-07 14:58:04.519000,2023-03-07 14:15:31.951000,2023-03-10 10:57:28.315000,NA,NA,week_six,0.0,0,NA,NA,0,NA,0.0,0.0,0.0,0.07305500000000001,0,1,2,NA,2023-03-07 14:58:11.343000,2023-03-10 10:53:05.641000,NA,NA,NA,NA,NA,NA,NA,NA,NA,NA,NA,NA
66.4,Sri Lanka,1986,Male,CAH11-01	Computing,93,06/03/23 - 12/03/23,0.0,0.8488883333333334,0.0,0.0,0.0,0.14611166666666664,0.0,00:59:42,01:42:46,4,5,0.0,0.049723333333333335,0.5686116666666667,0.0,0.0,0.0,0,6,1,0,0,0,NA,2023-03-07 14:12:58.162000,2023-03-07 14:16:22.163000,NA,NA,NA,week_six,0.0,0,NA,NA,0,NA,0.0,0.009721666666666665,0.22027833333333333,0.0,0,1,3,NA,2023-03-07 14:15:34.446000,2023-03-07 14:16:15.655000,NA,NA,NA,NA,NA,NA,NA,NA,NA,NA,NA,NA
74.8,India,1984,Female,CAH10-01	Engineering,94,06/03/23 - 12/03/23,0.24388833333333335,1.465,0.027221666666666665,0.25166666666666665,0.0,0.0,0.0,01:59:16,01:42:46,5,8,0.0,0.0033333333333333335,0.03805499999999999,0.05333333333333334,0.0,0.0,0,3,1,2,0,0,NA,2023-03-06 12:24:27.175000,2023-03-09 12:58:31.651000,2023-03-06 12:35:35.847000,NA,NA,week_six,0.0,0,NA,NA,0,NA,0.0,0.0,1.6475,0.0,0,2,1,NA,2023-03-06 12:24:30.415000,2023-03-09 17:55:12.358000,NA,NA,NA,NA,NA,NA,NA,NA,NA,NA,NA,NA
68.4,Nigeria,1980,Female,CAH03-01	Biosciences,95,06/03/23 - 12/03/23,0.7008333333333333,1.4461116666666667,0.045000000000000005,0.0,0.0,0.0,0.0,02:11:31,01:42:46,4,8,0.0,0.007221666666666667,0.036945000000000006,0.0,0.0,0.0,0,7,1,0,0,0,NA,2023-03-06 17:33:27.394000,2023-03-06 18:12:07.189000,NA,NA,NA,week_six,0.0,0,NA,NA,0,NA,0.0,0.0022216666666666665,2.07889,0.0,1,5,0,2023-03-08 15:24:17.906000,2023-03-06 17:33:32.880000,NA,NA,NA,NA,NA,NA,NA,NA,NA,NA,NA,NA,NA
73.4,Sri Lanka,1998,Male,CAH11-01	Computing,96,06/03/23 - 12/03/23,0.005833333333333333,2.354445,0.0,0.0,0.0,0.15611,0.0,02:30:59,01:42:46,4,7,0.0,0.005278333333333333,0.00027833333333333334,0.0,0.0,0.0,0,7,1,0,0,0,NA,2023-03-06 21:36:42.594000,2023-03-11 09:15:31.097000,NA,NA,NA,week_six,0.0,0,NA,NA,0,NA,0.0,0.0027783333333333336,2.350555,0.0,1,4,0,2023-03-11 09:07:02.878000,2023-03-06 21:36:45.311000,NA,NA,NA,NA,NA,NA,NA,NA,NA,NA,NA,NA,NA
72.4,Bolivia,1998,Male,CAH10-01	Engineering,97,06/03/23 - 12/03/23,0.7880550000000001,2.2027783333333337,0.01638833333333333,0.0,0.0,0.0,0.014721666666666666,03:01:19,01:42:46,6,11,0.0,0.005833333333333333,0.005278333333333333,0.0011116666666666666,0.0,0.0,0,10,6,1,0,0,NA,2023-03-06 15:55:15.036000,2023-03-06 15:55:16.454000,2023-03-12 18:54:17.319000,NA,NA,week_six,0.0,0,NA,NA,0,NA,0.0,0.14916666666666664,1.65889,0.008611666666666665,3,6,2,2023-03-06 16:35:17.616000,2023-03-06 15:55:22.468000,2023-03-12 18:53:46.368000,NA,NA,NA,NA,NA,NA,NA,NA,NA,NA,NA,NA
76.0,Spain,1994,Female,"CAH24-01	Media, journalism and communications",98,06/03/23 - 12/03/23,0.0,1.765555,0.0,0.0,0.0,0.0,0.0,01:45:56,01:42:46,3,3,0.0,0.003888333333333333,0.0,0.0,0.0,0.0,0,4,0,0,0,0,NA,2023-03-07 14:17:59.283000,NA,NA,NA,NA,week_six,0.0,0,NA,NA,0,NA,0.0,0.0016666666666666668,1.7586116666666667,0.0,1,2,0,2023-03-07 14:18:09.583000,2023-03-07 14:18:16.616000,NA,NA,NA,NA,NA,NA,NA,NA,NA,NA,NA,NA,NA
73.8,Turkey,1987,Male,CAH17-01	Business and management,99,06/03/23 - 12/03/23,0.0,0.018888333333333333,0.0,0.0,0.008611666666666665,0.0,0.006111666666666666,00:02:01,01:42:46,5,9,0.0,0.0024983333333333333,0.0008333333333333334,0.0,0.0,0.0,0,4,1,2,0,0,NA,2023-03-07 14:45:31.703000,2023-03-07 14:45:29.106000,2023-03-10 16:49:29.597000,NA,NA,week_six,0.0,0,NA,NA,0,NA,0.0,0.0,0.013055,0.005833333333333333,0,2,4,NA,2023-03-07 14:45:34.839000,2023-03-10 16:49:24.692000,NA,NA,NA,NA,NA,NA,NA,NA,NA,NA,NA,NA
76.4,Turkey,1990,Male,CAH15-02	Economics,100,06/03/23 - 12/03/23,0.0,0.0,0.005833333333333333,0.0,0.0,0.018055,0.0,00:01:26,01:42:46,3,4,0.0,0.001945,0.0,0.0,0.0,0.0,0,2,0,0,0,0,NA,2023-03-08 15:46:52.621000,NA,NA,NA,NA,week_six,0.0,0,NA,NA,0,NA,0.0,0.0,0.001945,0.0036116666666666667,0,1,1,NA,2023-03-08 15:46:56.021000,2023-03-11 00:36:20.019000,NA,NA,NA,NA,NA,NA,NA,NA,NA,NA,NA,NA
60.0,Nigeria,1999,Male,CAH10-01	Engineering,101,06/03/23 - 12/03/23,0.0,1.9697216666666664,0.0,0.0,0.0,0.0,0.0,01:58:11,01:42:46,3,7,0.0,0.0030566666666666663,0.0,0.0,0.0,0.0,0,3,0,0,0,0,NA,2023-03-07 13:24:16.666000,NA,NA,NA,NA,week_six,0.0,0,NA,NA,0,NA,0.0,0.0,1.5361116666666668,0.09305499999999998,0,3,6,NA,2023-03-07 13:24:20.863000,2023-03-06 03:22:27.597000,NA,NA,NA,NA,NA,NA,NA,NA,NA,NA,NA,NA
65.0,Nigeria,1995,Male,CAH07-01	Physics and astronomy,102,06/03/23 - 12/03/23,0.0,0.0036100000000000004,0.0,0.0,0.0,0.0,0.0,00:00:13,01:42:46,3,3,0.0,0.000555,0.0,0.0,0.0,0.0,0,1,0,0,0,0,NA,2023-03-07 15:30:19.350000,NA,NA,NA,NA,week_six,0.0,0,NA,NA,0,NA,0.0,0.0,0.0,0.0022216666666666665,0,1,1,NA,2023-03-07 15:30:20.995000,2023-03-07 08:07:32.833000,NA,NA,NA,NA,NA,NA,NA,NA,NA,NA,NA,NA
69.6,Nigeria,1997,Female,CAH07-02	Chemistry,103,06/03/23 - 12/03/23,0.0,1.5852783333333336,0.0,0.0,0.0,0.0,0.0,01:35:07,01:42:46,3,3,0.0,0.042778333333333335,0.0,0.0,0.0,0.0,0,5,2,0,0,0,NA,2023-03-07 14:50:31.115000,2023-03-07 14:53:33.810000,NA,NA,NA,week_six,0.0,0,NA,NA,0,NA,0.0,0.0,1.5302783333333336,0.0,0,6,0,NA,2023-03-07 14:50:36.270000,NA,NA,NA,NA,NA,NA,NA,NA,NA,NA,NA,NA,NA
62.8,Nigeria,1976,Male,CAH11-01	Computing,104,06/03/23 - 12/03/23,0.0,1.8008333333333333,1.6697216666666665,0.0,0.0,0.0,0.0,03:28:14,01:42:46,5,8,0.0,1.2155549999999997,1.6880549999999999,0.0,0.0,0.0,0,6,3,0,0,0,NA,2023-03-07 14:17:51.138000,2023-03-07 14:32:03.642000,NA,NA,NA,week_six,0.0,0,NA,NA,0,NA,0.0,0.0008333333333333334,0.5611116666666667,0.0,1,5,0,2023-03-07 14:53:16.707000,2023-03-07 14:17:55.271000,NA,NA,NA,NA,NA,NA,NA,NA,NA,NA,NA,NA,NA
71.8,Sri Lanka,1977,Male,CAH09-01	Mathematical sciences,105,06/03/23 - 12/03/23,0.0,1.5852783333333336,0.01,0.0,0.0,0.0,0.0,01:35:43,01:42:46,2,2,0.0,0.0027783333333333336,0.0,0.0,0.0,0.0,0,2,0,0,0,0,NA,2023-03-07 15:00:16.713000,NA,NA,NA,NA,week_six,0.0,0,NA,NA,0,NA,0.0,0.0,1.5816666666666668,0.0,0,2,0,NA,2023-03-07 15:00:22.027000,NA,NA,NA,NA,NA,NA,NA,NA,NA,NA,NA,NA,NA
66.0,Nigeria,1986,Female,CAH03-01	Biosciences,106,06/03/23 - 12/03/23,4.514166666666667,1.4269450000000001,2.07,0.0,0.0,2.536111666666667,0.0,10:32:50,01:42:46,5,11,0.0,0.008611666666666665,2.616388333333333,2.386945,0.0,0.0,0,5,2,1,0,0,NA,2023-03-06 09:02:07.458000,2023-03-06 10:57:46.453000,2023-03-11 18:15:06.133000,NA,NA,week_six,0.0,0,NA,NA,0,NA,0.0,0.0,5.360555000000001,0.14527833333333331,0,5,1,NA,2023-03-06 09:02:11.494000,2023-03-11 18:06:23.168000,NA,NA,NA,NA,NA,NA,NA,NA,NA,NA,NA,NA
63.4,Bangladesh,1999,Male,CAH11-01	Computing,107,06/03/23 - 12/03/23,0.309445,1.8122216666666666,0.0,0.0,0.0,0.014166666666666666,0.0,02:08:09,01:42:46,2,3,0.0,0.0027783333333333336,0.0,0.0,0.0,0.0,0,3,0,0,0,0,NA,2023-03-07 14:20:14.979000,NA,NA,NA,NA,week_six,0.0,0,NA,NA,0,NA,0.0,0.0,1.7558333333333331,0.0,0,2,0,NA,2023-03-07 14:20:22.019000,NA,NA,NA,NA,NA,NA,NA,NA,NA,NA,NA,NA,NA
74.0,India,1997,Female,CAH11-01	Computing,108,06/03/23 - 12/03/23,0.0,3.0572216666666665,0.0,0.0,0.0,0.0,0.0,03:03:26,01:42:46,3,3,0.0,1.0502783333333334,0.0,0.0,0.0,0.0,0,3,0,0,0,0,NA,2023-03-07 12:45:46.478000,NA,NA,NA,NA,week_six,0.0,0,NA,NA,0,NA,0.0,0.0,1.9827783333333333,0.01861166666666667,0,3,2,NA,2023-03-07 12:45:49.984000,2023-03-07 12:45:17.471000,NA,NA,NA,NA,NA,NA,NA,NA,NA,NA,NA,NA
52.6,United States of America,1997,Male,CAH03-02	Sport and exercise sciences,109,06/03/23 - 12/03/23,0.0,0.5166666666666667,0.0,0.0,0.0,0.0,0.0,00:31:00,01:42:46,3,5,0.0,0.04888833333333333,0.0,0.0,0.0,0.0,0,1,0,0,0,0,NA,2023-03-07 14:38:47.332000,NA,NA,NA,NA,week_six,0.0,0,NA,NA,0,NA,0.0,0.0,0.4658333333333333,0.0011116666666666666,0,1,4,NA,2023-03-07 14:10:45.451000,2023-03-07 14:10:41.946000,NA,NA,NA,NA,NA,NA,NA,NA,NA,NA,NA,NA
68.0,United Kingdom of Great Britain and Northern Ireland,1998,Female,CAH03-01	Biosciences,110,06/03/23 - 12/03/23,0.0,1.413611666666667,0.0,0.0,0.0,0.0,0.0,01:24:49,01:42:46,2,2,0.0,0.0025,0.0,0.0,0.0,0.0,0,3,0,0,0,0,NA,2023-03-07 14:39:25.281000,NA,NA,NA,NA,week_six,0.0,0,NA,NA,0,NA,0.0,0.0,1.4008333333333334,0.0,0,3,0,NA,2023-03-07 14:39:29.093000,NA,NA,NA,NA,NA,NA,NA,NA,NA,NA,NA,NA,NA
62.6,Nigeria,1980,Male,CAH15-02	Economics,111,06/11/23 - 12/11/23,0.865,3.0594449999999997,0.0,0.0,0.5908333333333334,0.02,0.0,04:32:07,02:13:24,9,12,0.0,0.10916666666666666,0.0,0.0008333333333333334,0.0,0.005555000000000001,0,6,0,1,0,1,NA,2023-11-06 17:44:05.554000,NA,2023-11-07 15:20:48.940000,NA,2023-11-07 15:21:00.836000,week_six,0.0,0,NA,NA,0,NA,0.0,0.0,0.12777666666666668,0.0,0,5,0,NA,2023-11-06 17:44:24.982000,NA,NA,NA,NA,NA,NA,NA,NA,NA,NA,NA,NA,NA
73.0,Sri Lanka,1992,Female,CAH09-01	Mathematical sciences,112,06/11/23 - 12/11/23,0.0,1.2158333333333333,0.0,0.0,0.0,0.0,0.0,01:12:57,02:13:24,2,2,0.0,0.006944999999999999,0.0,0.0,0.0,0.0,0,3,0,0,0,0,NA,2023-11-07 08:43:45.844000,NA,NA,NA,NA,week_six,0.0,0,NA,NA,0,NA,0.0,0.0,0.01,0.0,0,1,0,NA,2023-11-07 08:43:48.422000,NA,NA,NA,NA,NA,NA,NA,NA,NA,NA,NA,NA,NA
59.0,Nigeria,1990,Male,CAH16-01	Law,113,06/11/23 - 12/11/23,0.0,0.529445,0.0,0.0,1.2066666666666668,0.0,0.0,01:44:10,02:13:24,5,5,0.0,0.006666666666666667,0.0,0.0,0.0,0.0,0,3,0,0,0,0,NA,2023-11-07 09:06:30.386000,NA,NA,NA,NA,week_six,0.0,0,NA,NA,0,NA,0.0,0.0,0.3738883333333333,0.0,0,3,0,NA,2023-11-07 09:06:45.328000,NA,NA,NA,NA,NA,NA,NA,NA,NA,NA,NA,NA,NA
58.0,Nigeria,1996,Female,CAH19-01	English studies,114,06/11/23 - 12/11/23,0.0,0.00889,0.0,0.025555,1.1424999999999998,0.0,0.0,01:10:37,02:13:24,3,6,0.0,0.011666666666666665,0.0,0.0,0.0,0.0,0,3,0,0,0,0,NA,2023-11-07 14:20:04.182000,NA,NA,NA,NA,week_six,0.0,0,NA,NA,0,NA,0.0,0.0,0.0,0.0,0,2,0,NA,2023-11-07 14:20:07.363000,NA,NA,NA,NA,NA,NA,NA,NA,NA,NA,NA,NA,NA
58.0,Nigeria,2001,Male,CAH07-01	Physics and astronomy,115,06/11/23 - 12/11/23,0.24388833333333335,0.0,0.3113883333333333,0.010555,0.019166666666666665,0.0,0.0,00:35:05,02:13:24,3,9,0.0,0.009166666666666667,0.0,0.0,0.0,0.0,0,5,0,0,0,0,NA,2023-11-06 10:50:11.310000,NA,NA,NA,NA,week_six,0.0,0,NA,NA,0,NA,0.0,0.0,0.005833333333333333,0.0,0,5,0,NA,2023-11-06 10:50:20.448000,NA,NA,NA,NA,NA,NA,NA,NA,NA,NA,NA,NA,NA
70.6,Ghana,1992,Male,CAH04-01	Psychology,116,06/11/23 - 12/11/23,0.0,0.006944999999999999,0.0,0.0,0.0,0.11138833333333334,0.0063883333333333335,00:07:29,02:13:24,0,0,0.0,0.0,0.0,0.0,0.0,0.0,0,0,0,0,0,0,NA,NA,NA,NA,NA,NA,week_six,0.0,0,NA,NA,0,NA,0.0,0.0,0.0,0.0,0,0,0,NA,NA,NA,NA,NA,NA,NA,NA,NA,NA,NA,NA,NA,NA,NA
66.4,Pakistan,1999,Female,CAH11-01	Computing,117,06/11/23 - 12/11/23,0.0,0.07583333333333334,0.03166666666666666,0.0,0.0,0.0,0.0,00:06:27,02:13:24,4,5,0.0,0.007221666666666667,0.0,0.0,0.0,0.0,0,3,0,0,0,0,NA,2023-11-07 14:23:53.023000,NA,NA,NA,NA,week_six,0.0,0,NA,NA,1,2023-11-08 15:15:49.657000,0.0013883333333333332,0.0,0.0008333333333333334,0.0,0,1,0,NA,2023-11-07 14:24:10.809000,NA,NA,NA,NA,NA,NA,NA,NA,NA,NA,NA,NA,NA
73.0,Myanmar,1991,Female,CAH17-01	Business and management,118,06/11/23 - 12/11/23,0.0,3.2452783333333333,0.0,1.5052783333333335,0.0,0.0,0.09777833333333333,04:50:54,02:13:24,3,9,0.0,0.009721666666666665,0.0,0.017221666666666666,0.0,0.0,0,9,0,1,0,0,NA,2023-11-07 10:16:11.709000,NA,2023-11-12 16:33:43.257000,NA,NA,week_six,0.0,0,NA,NA,0,NA,0.0,0.0,3.0533333333333332,0.0,0,6,0,NA,2023-11-07 10:17:18.606000,NA,NA,NA,NA,NA,NA,NA,NA,NA,NA,NA,NA,NA
64.4,Nigeria,1994,Male,"CAH26-01 Geography, earth and environmental studies",119,06/11/23 - 12/11/23,0.0,2.6766666666666667,0.0,0.0,3.091666666666667,0.0,0.0,05:46:06,02:13:24,3,3,0.0,0.006944999999999999,0.0,0.0,0.0,0.0,0,3,0,0,0,0,NA,2023-11-07 12:02:56.564000,NA,NA,NA,NA,week_six,0.0,0,NA,NA,0,NA,0.0,0.0,2.2338883333333333,0.0,0,3,0,NA,2023-11-07 12:03:03.541000,NA,NA,NA,NA,NA,NA,NA,NA,NA,NA,NA,NA,NA
52.0,United Kingdom of Great Britain and Northern Ireland,2000,Male,CAH04-01	Psychology,120,06/11/23 - 12/11/23,0.0,0.0,0.0,0.0,0.0,0.0,0.0,00:00:00,02:13:24,0,0,0.0,0.0,0.0,0.0,0.0,0.0,0,0,0,0,0,0,NA,NA,NA,NA,NA,NA,week_six,0.0,0,NA,NA,0,NA,0.0,0.0,0.0,0.0,0,0,0,NA,NA,NA,NA,NA,NA,NA,NA,NA,NA,NA,NA,NA,NA,NA
64.0,United Kingdom of Great Britain and Northern Ireland,2002,Male,CAH11-01	Computing,121,06/11/23 - 12/11/23,0.0,0.0,0.0,0.0,0.0,0.0,0.0,00:00:00,02:13:24,0,0,0.0,0.0,0.0,0.0,0.0,0.0,0,0,0,0,0,0,NA,NA,NA,NA,NA,NA,week_six,0.0,0,NA,NA,0,NA,0.0,0.0,0.0,0.0,0,0,0,NA,NA,NA,NA,NA,NA,NA,NA,NA,NA,NA,NA,NA,NA,NA
64.0,Poland,2001,Male,CAH17-01	Business and management,122,06/11/23 - 12/11/23,0.0,1.1352783333333332,0.011388333333333332,0.0,0.0,0.7213883333333334,0.0,01:52:05,02:13:24,2,3,0.0,0.0008333333333333334,0.0,0.0,0.0,0.0,0,2,0,0,0,0,NA,2023-11-07 15:11:46.559000,NA,NA,NA,NA,week_six,0.0,0,NA,NA,0,NA,0.0,0.0,1.1336116666666667,0.0,0,1,0,NA,2023-11-07 15:11:48.382000,NA,NA,NA,NA,NA,NA,NA,NA,NA,NA,NA,NA,NA
74.2,Iran,1982,Male,CAH10-01	Engineering,123,06/11/23 - 12/11/23,0.0,0.0,4.539721666666667,5.068333333333333,0.0,0.0,0.0,09:36:29,02:13:24,1,2,0.0,0.004166666666666667,0.0,0.0,0.0,0.0,0,2,0,0,0,0,NA,2023-11-08 21:36:08.731000,NA,NA,NA,NA,week_six,0.0,0,NA,NA,0,NA,0.0,0.0,0.0,0.0,0,0,0,NA,NA,NA,NA,NA,NA,NA,NA,NA,NA,NA,NA,NA,NA,NA
73.2,Malaysia,1992,Male,CAH17-01	Business and management,124,06/11/23 - 12/11/23,1.8094450000000002,0.5541649999999999,0.108055,0.0,0.0,0.0,0.0,02:28:17,02:13:24,2,8,0.0,0.004443333333333333,0.0,0.0,0.0,0.0,0,6,0,0,0,0,NA,2023-11-06 21:19:10.213000,NA,NA,NA,NA,week_six,0.0,0,NA,NA,0,NA,0.0,0.0,1.8161116666666668,0.0,0,5,0,NA,2023-11-06 21:19:12.088000,NA,NA,NA,NA,NA,NA,NA,NA,NA,NA,NA,NA,NA
63.0,United Kingdom of Great Britain and Northern Ireland,1987,Male,CAH10-01	Engineering,125,06/11/23 - 12/11/23,0.0,0.21638833333333335,0.19527833333333333,0.0,0.10472166666666666,0.0,0.0,00:30:59,02:13:24,3,7,0.0,0.00889,0.0,0.0008333333333333334,0.0,0.0,0,4,0,1,0,0,NA,2023-11-07 12:06:40.112000,NA,2023-11-10 14:54:48.526000,NA,NA,week_six,0.0,0,NA,NA,0,NA,0.0,0.0,0.005,0.0,0,2,0,NA,2023-11-07 12:06:43.710000,NA,NA,NA,NA,NA,NA,NA,NA,NA,NA,NA,NA,NA
73.2,Algeria,2002,Female,"CAH07-04	General, applied and forensic sciences",126,06/11/23 - 12/11/23,0.0,3.1394450000000003,0.0,0.0,0.0,0.0,0.0,03:08:22,02:13:24,3,3,0.0,0.003055,0.0,0.0,0.0,0.0,0,3,0,0,0,0,NA,2023-11-07 14:01:23.238000,NA,NA,NA,NA,week_six,0.0,0,NA,NA,0,NA,0.0,0.0,1.6852783333333334,0.0,0,3,0,NA,2023-11-07 14:01:28.131000,NA,NA,NA,NA,NA,NA,NA,NA,NA,NA,NA,NA,NA
72.0,United Kingdom of Great Britain and Northern Ireland,1980,Female,CAH07-01	Physics and astronomy,127,06/11/23 - 12/11/23,0.03833333333333333,0.19833333333333333,1.1569450000000001,0.0,0.0,0.0,0.0,01:23:37,02:13:24,2,5,0.0,0.011945,0.0,0.0,0.0,0.0,0,4,0,0,0,0,NA,2023-11-06 18:55:25.353000,NA,NA,NA,NA,week_six,0.0,0,NA,NA,0,NA,0.0,0.0,0.036388333333333335,0.0,0,2,0,NA,2023-11-06 18:55:28.759000,NA,NA,NA,NA,NA,NA,NA,NA,NA,NA,NA,NA,NA
73.8,United Kingdom of Great Britain and Northern Ireland,1984,Female,CAH04-01	Psychology,128,06/11/23 - 12/11/23,0.0,0.17777833333333332,0.26638833333333334,0.005,0.0,0.0,0.0,00:26:57,02:13:24,0,0,0.0,0.0,0.0,0.0,0.0,0.0,0,0,0,0,0,0,NA,NA,NA,NA,NA,NA,week_six,0.0,0,NA,NA,0,NA,0.0,0.0,0.0,0.0,0,0,0,NA,NA,NA,NA,NA,NA,NA,NA,NA,NA,NA,NA,NA,NA,NA
72.0,United Kingdom of Great Britain and Northern Ireland,1988,Male,NA,129,06/11/23 - 12/11/23,0.22333333333333333,0.06722166666666667,0.22055500000000003,0.0,0.0,0.0,0.0,00:30:40,02:13:24,3,6,0.0,0.003888333333333333,0.0,0.0,0.0,0.0,0,4,0,0,0,0,NA,2023-11-06 10:55:59.848000,NA,NA,NA,NA,week_six,0.0,0,NA,NA,0,NA,0.0,0.0,0.20638833333333334,0.0,0,5,0,NA,2023-11-06 10:56:01.503000,NA,NA,NA,NA,NA,NA,NA,NA,NA,NA,NA,NA,NA
56.2,China,2001,Male,CAH11-01	Computing,130,06/11/23 - 12/11/23,0.001945,0.0,0.0,0.0,0.0,0.01638833333333333,1.2702783333333334,01:17:19,02:13:24,3,4,0.0,0.0011116666666666666,0.0,0.0,0.0,0.0,0,1,0,0,0,0,NA,2023-11-06 21:51:36.045000,NA,NA,NA,NA,week_six,0.0,0,NA,NA,0,NA,0.0,0.0,0.0,0.0,0,1,0,NA,2023-11-06 21:51:39.781000,NA,NA,NA,NA,NA,NA,NA,NA,NA,NA,NA,NA,NA
74.0,Singapore,1988,Female,CAH04-01	Psychology,131,06/11/23 - 12/11/23,0.2025,1.1805549999999998,0.0,0.0,0.0,0.0,0.0,01:22:59,02:13:24,3,5,0.0,0.0022216666666666665,0.0,0.0,0.0,0.0,0,3,0,0,0,0,NA,2023-11-06 23:24:02.724000,NA,NA,NA,NA,week_six,0.0,0,NA,NA,0,NA,0.0,0.0,0.8883333333333333,0.0,0,3,0,NA,2023-11-06 23:24:04.720000,NA,NA,NA,NA,NA,NA,NA,NA,NA,NA,NA,NA,NA
65.8,India,1990,Male,CAH11-01	Computing,132,06/11/23 - 12/11/23,0.4397216666666667,1.7463883333333332,1.4286116666666666,0.0,0.0,0.0,0.01,03:37:29,02:13:24,4,4,0.0,0.011388333333333332,0.0,0.0,0.0,0.0,0,6,0,0,0,0,NA,2023-11-07 14:14:25.917000,NA,NA,NA,NA,week_six,0.0,0,NA,NA,0,NA,0.0,0.0,0.8755550000000001,0.0,0,6,0,NA,2023-11-07 14:14:31.694000,NA,NA,NA,NA,NA,NA,NA,NA,NA,NA,NA,NA,NA
61.8,Philippines,1984,Male,CAH17-01	Business and management,133,06/11/23 - 12/11/23,0.003055,1.4933333333333332,0.0,0.025278333333333333,0.0,0.0,0.0,01:31:18,02:13:24,3,3,0.0,0.0022216666666666665,0.0,0.0,0.0,0.0,0,2,0,0,0,0,NA,2023-11-07 14:43:45.162000,NA,NA,NA,NA,week_six,0.0,0,NA,NA,0,NA,0.0,0.0,0.9425,0.0,0,2,0,NA,2023-11-07 14:43:48.981000,NA,NA,NA,NA,NA,NA,NA,NA,NA,NA,NA,NA,NA
62.2,Turkey,1982,Male,CAH11-01	Computing,134,06/11/23 - 12/11/23,0.0,2.7219433333333334,0.06222333333333333,0.0,0.0,0.0,0.0,02:47:03,02:13:24,3,5,0.0,0.0036116666666666667,0.0,0.0,0.0,0.0,0,2,0,0,0,0,NA,2023-11-07 13:13:01.540000,NA,NA,NA,NA,week_six,0.0,0,NA,NA,0,NA,0.0,0.0,0.019166666666666665,0.0,0,2,0,NA,2023-11-07 13:13:11.994000,NA,NA,NA,NA,NA,NA,NA,NA,NA,NA,NA,NA,NA
70.6,Viet Nam,1995,Male,NA,135,06/11/23 - 12/11/23,0.0,5.701111666666667,0.0,0.0,0.0,0.0,0.0,05:42:04,02:13:24,6,6,0.0,3.2794450000000004,0.0,0.0,0.0,0.0,0,10,0,1,0,0,NA,2023-11-07 12:06:18.044000,NA,2023-11-07 12:13:44.536000,NA,NA,week_six,0.0,0,NA,NA,0,NA,0.0,0.013333333333333334,0.368055,0.0,1,6,0,2023-11-07 12:26:18.456000,2023-11-07 12:06:20.200000,NA,NA,NA,NA,NA,NA,NA,NA,NA,NA,NA,NA,NA
72.0,United Kingdom of Great Britain and Northern Ireland,1974,Male,CAH11-01	Computing,136,06/11/23 - 12/11/23,0.0,2.5511116666666664,0.0,0.0,0.0,0.0,0.0,02:33:04,02:13:24,2,2,0.0,0.0008333333333333334,0.0,0.0,0.0,0.0,0,1,0,0,0,0,NA,2023-11-07 14:33:51.596000,NA,NA,NA,NA,week_six,0.0,0,NA,NA,0,NA,0.0,0.0,2.4491666666666663,0.0,0,1,0,NA,2023-11-07 14:33:54.549000,NA,NA,NA,NA,NA,NA,NA,NA,NA,NA,NA,NA,NA
58.0,Nigeria,1991,Female,CAH17-01	Business and management,137,06/11/23 - 12/11/23,0.0,2.8225,0.12027833333333333,1.200555,0.20472166666666666,0.009166666666666667,0.0,04:21:26,02:13:24,2,3,0.0,0.07805666666666668,0.0,0.0,0.0,0.0,0,3,0,0,0,0,NA,2023-11-07 14:09:20.200000,NA,NA,NA,NA,week_six,0.0,0,NA,NA,0,NA,0.0,0.0,2.814445,0.0,0,2,0,NA,2023-11-07 14:09:27.566000,NA,NA,NA,NA,NA,NA,NA,NA,NA,NA,NA,NA,NA
58.0,Morocco,2001,Male,CAH11-01	Computing,138,06/11/23 - 12/11/23,0.4702783333333333,0.0,0.0,0.007500000000000001,0.018888333333333333,0.0,0.0,00:29:48,02:13:24,4,6,0.0,0.00611,0.0,0.0,0.0,0.0,0,6,0,0,0,0,NA,2023-11-06 20:20:02.270000,NA,NA,NA,NA,week_six,0.0,0,NA,NA,0,NA,0.0,0.271945,0.15222166666666667,0.0,1,3,0,2023-11-06 20:29:42.564000,2023-11-06 20:20:04.672000,NA,NA,NA,NA,NA,NA,NA,NA,NA,NA,NA,NA,NA
63.0,Nigeria,2000,Male,CAH03-01	Biosciences,139,06/11/23 - 12/11/23,0.14611166666666664,0.5633333333333332,0.0,0.0,0.0,0.0,0.0,00:42:34,02:13:24,4,7,0.0,0.10666666666666667,0.0,0.0,0.11611166666666667,0.0,0,8,0,0,1,0,NA,2023-11-06 13:55:48.484000,NA,NA,2023-11-06 13:55:57.241000,NA,week_six,0.0,0,NA,NA,0,NA,0.0,0.0,0.305555,0.0,0,6,0,NA,2023-11-06 22:50:29.213000,NA,NA,NA,NA,NA,NA,NA,NA,NA,NA,NA,NA,NA
75.2,United Kingdom of Great Britain and Northern Ireland,1988,Female,CAH04-01	Psychology,140,06/11/23 - 12/11/23,0.0,2.7933333333333334,1.2766666666666666,0.0,0.0,0.0,0.0,04:04:12,02:13:24,5,8,0.0,0.017221666666666666,0.0,0.0,0.0,0.0,0,10,0,0,0,0,NA,2023-11-07 14:05:17.237000,NA,NA,NA,NA,week_six,0.0,0,NA,NA,1,2023-11-07 14:05:23.270000,0.0013883333333333332,0.0036116666666666667,2.17111,0.0,2,3,0,2023-11-07 14:05:30.601000,2023-11-07 14:05:57.990000,NA,NA,NA,NA,NA,NA,NA,NA,NA,NA,NA,NA,NA
51.8,China,2001,Male,CAH11-01	Computing,141,06/11/23 - 12/11/23,0.010278333333333334,0.0,0.0,0.0,0.042221666666666664,0.0,0.0,00:03:09,02:13:24,3,6,0.0,0.00027833333333333334,0.0,0.0,0.0,0.0,0,1,0,0,0,0,NA,2023-11-06 23:15:06.759000,NA,NA,NA,NA,week_six,0.0,0,NA,NA,0,NA,0.0,0.0,0.010278333333333334,0.0,0,3,0,NA,2023-11-06 23:15:07.964000,NA,NA,NA,NA,NA,NA,NA,NA,NA,NA,NA,NA,NA
60.0,Jordan,1994,Female,CAH04-01	Psychology,142,06/11/23 - 12/11/23,0.0,3.5411116666666667,0.0,0.0,0.0,0.0,0.0,03:32:28,02:13:24,3,5,0.0,0.0036116666666666667,0.0,0.0,0.0,0.0,0,3,0,0,0,0,NA,2023-11-07 00:54:34.155000,NA,NA,NA,NA,week_six,0.0,0,NA,NA,0,NA,0.0,0.0,1.5594450000000002,0.0,0,3,0,NA,2023-11-07 00:54:38.148000,NA,NA,NA,NA,NA,NA,NA,NA,NA,NA,NA,NA,NA
64.0,United Kingdom of Great Britain and Northern Ireland,1990,Male,CAH02-05	Medical sciences,143,06/11/23 - 12/11/23,0.43194499999999997,0.26666666666666666,0.0,0.0,0.0,0.03166666666666666,0.0,00:43:49,02:13:24,4,5,0.0,0.003055,0.0,0.0,0.0,0.0,0,3,0,0,0,0,NA,2023-11-06 21:34:26.245000,NA,NA,NA,NA,week_six,0.0,0,NA,NA,0,NA,0.0,0.0027783333333333336,0.012778333333333334,0.0,1,2,0,2023-11-06 21:34:31.395000,2023-11-06 21:34:44.058000,NA,NA,NA,NA,NA,NA,NA,NA,NA,NA,NA,NA,NA
64.4,Bangladesh,1995,Female,CAH17-01	Business and management,144,06/11/23 - 12/11/23,0.0,0.9561116666666667,0.013611666666666668,0.0,0.35611166666666666,0.025278333333333333,0.0,01:21:04,02:13:24,2,4,0.0,0.009443333333333333,0.0,0.0,0.0,0.0,0,5,0,0,0,0,NA,2023-11-07 14:13:10.645000,NA,NA,NA,NA,week_six,0.0,0,NA,NA,0,NA,0.0,0.0,0.4302783333333334,0.0,0,4,0,NA,2023-11-07 14:13:17.550000,NA,NA,NA,NA,NA,NA,NA,NA,NA,NA,NA,NA,NA
64.0,United Kingdom of Great Britain and Northern Ireland,2002,Male,CAH20-01	History and archaeology,145,06/11/23 - 12/11/23,0.478055,0.1997216666666667,0.49416666666666664,0.18000000000000002,0.0,0.0036116666666666667,0.0016666666666666668,01:21:26,02:13:24,4,6,0.0,0.003055,0.0,0.00027833333333333334,0.0,0.0,0,3,0,1,0,0,NA,2023-11-06 10:26:54.827000,NA,2023-11-07 11:25:05.015000,NA,NA,week_six,0.0,0,NA,NA,0,NA,0.0,0.0,0.236945,0.0,0,3,0,NA,2023-11-06 10:26:59.598000,NA,NA,NA,NA,NA,NA,NA,NA,NA,NA,NA,NA,NA
74.0,United Kingdom of Great Britain and Northern Ireland,1979,Female,CAH22-01	Education and teaching,146,06/11/23 - 12/11/23,1.2202783333333334,1.4847216666666665,0.0008333333333333334,0.0,0.0,0.0,0.078055,02:47:02,02:13:24,4,7,0.0,0.011666666666666665,0.0,0.0,0.0,0.0,0,7,0,0,0,0,NA,2023-11-06 20:07:14.787000,NA,NA,NA,NA,week_six,0.0,0,NA,NA,1,2023-11-06 20:07:24.877000,0.009445000000000002,0.006111666666666666,1.1686116666666668,0.0,1,1,0,2023-11-06 20:08:02.642000,2023-11-07 14:36:16.862000,NA,NA,NA,NA,NA,NA,NA,NA,NA,NA,NA,NA,NA
76.2,United Kingdom of Great Britain and Northern Ireland,1983,Male,CAH09-01	Mathematical sciences,147,06/11/23 - 12/11/23,0.0,2.2502783333333336,0.0,0.0,0.0,0.0,0.0,02:15:01,02:13:24,3,5,0.0,0.0027766666666666664,0.0,0.0,0.0,0.0,0,2,0,0,0,0,NA,2023-11-07 12:56:01.278000,NA,NA,NA,NA,week_six,0.0,0,NA,NA,0,NA,0.0,0.0,0.003055,0.0,0,3,0,NA,2023-11-07 12:56:09.346000,NA,NA,NA,NA,NA,NA,NA,NA,NA,NA,NA,NA,NA
73.4,Sri Lanka,1983,Male,CAH10-01	Engineering,148,06/11/23 - 12/11/23,0.145,0.315555,0.0,0.0,0.0,0.0,0.693055,01:09:13,02:13:24,3,4,0.0,0.0027783333333333336,0.0,0.0,0.0,0.0,0,2,0,0,0,0,NA,2023-11-07 13:20:11.061000,NA,NA,NA,NA,week_six,0.0,0,NA,NA,0,NA,0.0,0.0,0.2825,0.0,0,2,0,NA,2023-11-07 13:20:15.394000,NA,NA,NA,NA,NA,NA,NA,NA,NA,NA,NA,NA,NA
60.4,Sri Lanka,1993,Male,CAH17-01	Business and management,149,06/11/23 - 12/11/23,1.570555,1.3833333333333333,0.0,0.0,0.0,0.0,0.5638883333333333,03:31:04,02:13:24,3,4,0.0,0.0016666666666666668,0.0,0.0,0.0,0.0,0,1,0,0,0,0,NA,2023-11-07 15:40:02.447000,NA,NA,NA,NA,week_six,0.0,0,NA,NA,0,NA,0.0,0.0,0.003888333333333333,0.0,0,3,0,NA,2023-11-06 19:50:22.797000,NA,NA,NA,NA,NA,NA,NA,NA,NA,NA,NA,NA,NA
61.8,United Kingdom of Great Britain and Northern Ireland,2000,Male,CAH09-01	Mathematical sciences,150,06/11/23 - 12/11/23,0.0,0.0,0.0,0.0,0.051111666666666666,0.0,0.0,00:03:04,02:13:24,1,1,0.0,0.022500000000000003,0.0,0.0,0.0,0.0,0,1,0,0,0,0,NA,2023-11-10 11:48:01.553000,NA,NA,NA,NA,week_six,0.0,0,NA,NA,0,NA,0.0,0.0,0.0,0.0,0,0,0,NA,NA,NA,NA,NA,NA,NA,NA,NA,NA,NA,NA,NA,NA,NA
63.6,United Kingdom of Great Britain and Northern Ireland,1996,Male,CAH04-01	Psychology,151,06/11/23 - 12/11/23,0.0,0.08111166666666667,0.0,0.0,0.0,0.0,0.06916666666666667,00:09:01,02:13:24,2,2,0.0,0.0008333333333333334,0.0,0.0,0.0,0.0,0,1,0,0,0,0,NA,2023-11-07 14:02:22.314000,NA,NA,NA,NA,week_six,0.0,0,NA,NA,0,NA,0.0,0.0,0.079445,0.0,0,1,0,NA,2023-11-07 14:02:25.256000,NA,NA,NA,NA,NA,NA,NA,NA,NA,NA,NA,NA,NA
61.2,Bangladesh,1999,Male,CAH10-01	Engineering,152,06/11/23 - 12/11/23,0.0,3.1422216666666665,0.0,0.0,0.0,0.0,0.0,03:08:32,02:13:24,4,4,0.0,0.024444999999999998,0.0,0.0,0.0,0.0,0,4,0,0,0,0,NA,2023-11-07 14:05:52.487000,NA,NA,NA,NA,week_six,0.0,0,NA,NA,0,NA,0.0,0.008888333333333333,0.4533333333333333,0.0,1,3,0,2023-11-07 14:27:25.390000,2023-11-07 14:27:16.348000,NA,NA,NA,NA,NA,NA,NA,NA,NA,NA,NA,NA,NA
58.0,Nigeria,1976,Female,CAH25-01	Creative arts and design,153,06/11/23 - 12/11/23,0.009721666666666665,0.0025,0.0,0.0,0.07638833333333332,0.0,0.0,00:05:19,02:13:24,2,3,0.0,0.004166666666666667,0.0,0.0,0.0,0.0,0,3,0,0,0,0,NA,2023-11-07 14:57:35.420000,NA,NA,NA,NA,week_six,0.0,0,NA,NA,0,NA,0.0,0.0,0.0,0.0,0,1,0,NA,2023-11-07 14:57:40.627000,NA,NA,NA,NA,NA,NA,NA,NA,NA,NA,NA,NA,NA
71.0,Pakistan,1998,Male,CAH11-01	Computing,154,06/11/23 - 12/11/23,0.0,0.19694499999999998,0.009721666666666665,0.0,0.0,0.04611166666666667,0.0,00:15:10,02:13:24,3,5,0.0,0.003888333333333333,0.0,0.0,0.0,0.0,0,4,0,0,0,0,NA,2023-11-07 14:16:03.855000,NA,NA,NA,NA,week_six,0.0,0,NA,NA,0,NA,0.0,0.0,0.07361166666666667,0.0,0,4,0,NA,2023-11-07 14:16:08.441000,NA,NA,NA,NA,NA,NA,NA,NA,NA,NA,NA,NA,NA
68.2,Turkey,1969,Female,CAH22-01	Education and teaching,155,06/11/23 - 12/11/23,0.0,2.245276666666667,0.0,0.0,1.0125,0.0,0.0,03:15:28,02:13:24,5,11,0.0,0.09888833333333333,0.0,0.09888833333333333,0.0,0.0,0,9,0,2,0,0,NA,2023-11-07 11:52:15.985000,NA,2023-11-07 13:31:11.274000,NA,NA,week_six,0.0,0,NA,NA,0,NA,0.0,0.0,0.175,0.0,0,8,0,NA,2023-11-07 11:52:26.719000,NA,NA,NA,NA,NA,NA,NA,NA,NA,NA,NA,NA,NA
73.0,Sri Lanka,2001,Male,CAH17-01	Business and management,156,06/11/23 - 12/11/23,0.43777666666666665,0.08138833333333334,0.0,0.0,0.0,0.0,0.0,00:31:08,02:13:24,3,10,0.0,0.005556666666666667,0.0,0.0,0.0,0.0,0,5,0,0,0,0,NA,2023-11-06 08:35:21.308000,NA,NA,NA,NA,week_six,0.0,0,NA,NA,0,NA,0.0,0.0,0.3991683333333334,0.0,0,7,0,NA,2023-11-06 08:35:25.312000,NA,NA,NA,NA,NA,NA,NA,NA,NA,NA,NA,NA,NA
61.4,Sri Lanka,1986,Male,CAH17-01	Business and management,157,06/11/23 - 12/11/23,0.0,2.8449999999999998,0.0,0.015554999999999998,0.0,0.0,0.0,02:51:38,02:13:24,6,7,0.0,0.0125,0.0,0.0,0.0,0.0036116666666666667,0,8,0,0,0,1,NA,2023-11-07 13:21:40.212000,NA,NA,NA,2023-11-07 16:11:17.798000,week_six,0.0,0,NA,NA,1,2023-11-07 16:11:05.571000,0.0025,0.008055,1.516945,0.0,1,5,0,2023-11-07 16:10:33.691000,2023-11-07 13:21:46.233000,NA,NA,NA,NA,NA,NA,NA,NA,NA,NA,NA,NA,NA
60.6,India,1995,Male,CAH10-01	Engineering,158,06/11/23 - 12/11/23,0.5466666666666666,0.0875,0.0,0.03333333333333333,0.0,0.0,0.5391666666666667,01:12:24,02:13:24,4,9,0.0,0.008611666666666665,0.0,0.0,0.0,0.0,0,3,0,0,0,0,NA,2023-11-06 12:13:54.701000,NA,NA,NA,NA,week_six,0.0,0,NA,NA,0,NA,0.0,0.0,0.5586116666666666,0.0,0,6,0,NA,2023-11-06 12:14:10.186000,NA,NA,NA,NA,NA,NA,NA,NA,NA,NA,NA,NA,NA
48.2,Cameroon,1991,Female,CAH17-01	Business and management,159,06/11/23 - 12/11/23,0.340555,3.911665,0.07277833333333333,0.0,0.0016666666666666668,0.015000000000000001,0.3197216666666666,04:39:40,02:13:24,7,14,0.0,0.05527833333333333,0.0,0.0047216666666666665,0.0,0.0,0,6,0,2,0,0,NA,2023-11-06 18:35:35.073000,NA,2023-11-12 12:03:44.949000,NA,NA,week_six,0.0,0,NA,NA,0,NA,0.0,0.0,0.8122216666666666,0.0,0,5,0,NA,2023-11-06 18:38:10.647000,NA,NA,NA,NA,NA,NA,NA,NA,NA,NA,NA,NA,NA
61.8,United Kingdom of Great Britain and Northern Ireland,2001,Male,CAH09-01	Mathematical sciences,160,06/11/23 - 12/11/23,0.0,0.0025,0.0,0.0,0.009166666666666667,0.0,0.0,00:00:42,02:13:24,2,2,0.0,0.0016666666666666668,0.0,0.0,0.0,0.0,0,1,0,0,0,0,NA,2023-11-07 13:00:20.103000,NA,NA,NA,NA,week_six,0.0,0,NA,NA,0,NA,0.0,0.0,0.0,0.0,0,1,0,NA,2023-11-07 13:00:26.557000,NA,NA,NA,NA,NA,NA,NA,NA,NA,NA,NA,NA,NA
64.4,Egypt,2000,Male,CAH11-01	Computing,161,06/11/23 - 12/11/23,0.0,2.7258333333333336,0.18444333333333332,0.0,0.104445,0.0,0.0,03:00:53,02:13:24,3,3,0.0,0.004445,0.0,0.0,0.0,0.0,0,4,0,0,0,0,NA,2023-11-07 14:28:34.211000,NA,NA,NA,NA,week_six,0.0,0,NA,NA,0,NA,0.0,0.0,0.5891666666666667,0.0,0,2,0,NA,2023-11-07 14:28:48.368000,NA,NA,NA,NA,NA,NA,NA,NA,NA,NA,NA,NA,NA
69.4,Myanmar,1995,Male,CAH11-01	Computing,162,06/11/23 - 12/11/23,0.0,1.3597216666666665,0.0,0.0,0.0,0.0,0.0,01:21:35,02:13:24,3,3,0.0,0.013611666666666668,0.0,0.0,0.0,0.0,0,2,0,0,0,0,NA,2023-11-07 13:31:56.663000,NA,NA,NA,NA,week_six,0.0,0,NA,NA,0,NA,0.0,0.0,0.21388833333333335,0.0,0,1,0,NA,2023-11-07 14:25:43.900000,NA,NA,NA,NA,NA,NA,NA,NA,NA,NA,NA,NA,NA
72.0,United Kingdom of Great Britain and Northern Ireland,1991,Male,CAH15-03	Politics,163,06/11/23 - 12/11/23,0.0011116666666666666,2.8161116666666666,0.011945,0.0,0.0,0.0,0.0,02:49:45,02:13:24,3,4,0.0,2.2244433333333333,0.0,0.00027833333333333334,0.0,0.0,0,4,0,1,0,0,NA,2023-11-07 13:51:20.280000,NA,2023-11-08 14:44:43.797000,NA,NA,week_six,0.0,0,NA,NA,0,NA,0.0,0.0,0.0,0.0,0,1,0,NA,2023-11-07 14:26:58.821000,NA,NA,NA,NA,NA,NA,NA,NA,NA,NA,NA,NA,NA
65.0,Sri Lanka,1994,Male,CAH11-01	Computing,164,06/11/23 - 12/11/23,0.0,0.71111,0.0,0.0,0.006666666666666667,0.0,0.0,00:43:04,02:13:24,2,3,0.0,0.0019433333333333336,0.0,0.0,0.0,0.0,0,2,0,0,0,0,NA,2023-11-07 15:36:50.539000,NA,NA,NA,NA,week_six,0.0,0,NA,NA,0,NA,0.0,0.0,0.0,0.0,0,1,0,NA,2023-11-07 15:36:55.412000,NA,NA,NA,NA,NA,NA,NA,NA,NA,NA,NA,NA,NA
61.6,Turkey,1984,Male,CAH17-01	Business and management,165,06/11/23 - 12/11/23,0.0,3.7352783333333335,0.0,0.0,0.0,0.0,0.0,03:44:07,02:13:24,3,3,0.0,0.0036116666666666667,0.0,0.0,0.0,0.0,0,4,0,0,0,0,NA,2023-11-07 13:08:45.299000,NA,NA,NA,NA,week_six,0.0,0,NA,NA,0,NA,0.0,0.0027783333333333336,2.2875,0.0,1,3,0,2023-11-07 14:17:58.751000,2023-11-07 13:08:47.624000,NA,NA,NA,NA,NA,NA,NA,NA,NA,NA,NA,NA,NA
68.6,Malaysia,1998,Female,CAH17-01	Business and management,166,06/11/23 - 12/11/23,0.0,0.4533333333333333,4.120833333333334,0.0,0.0,0.05472166666666666,0.0,04:37:44,02:13:24,3,4,0.0,0.007778333333333333,0.0,0.0,0.0,0.0,0,4,0,0,0,0,NA,2023-11-07 14:00:11.778000,NA,NA,NA,NA,week_six,0.0,0,NA,NA,0,NA,0.0,0.0,0.3775,0.0,0,6,0,NA,2023-11-07 14:00:27.086000,NA,NA,NA,NA,NA,NA,NA,NA,NA,NA,NA,NA,NA
74.6,Pakistan,1995,Male,CAH10-01	Engineering,167,06/11/23 - 12/11/23,0.0,5.019166666666666,0.0,0.0,0.0,3.120555,0.0,08:08:23,02:13:24,4,5,0.0,0.02305666666666667,0.0,0.0,0.0,0.0,0,7,0,0,0,0,NA,2023-11-07 12:03:25.556000,NA,NA,NA,NA,week_six,0.0,0,NA,NA,0,NA,0.0,0.0063883333333333335,4.238333333333333,0.0,1,4,0,2023-11-07 12:08:01.327000,2023-11-07 12:04:06.791000,NA,NA,NA,NA,NA,NA,NA,NA,NA,NA,NA,NA,NA
63.0,United Kingdom of Great Britain and Northern Ireland,2001,Female,CAH17-01	Business and management,168,06/11/23 - 12/11/23,0.0,0.25389,0.5272233333333333,0.0,0.0,0.0,0.055555,00:50:12,02:13:24,5,13,0.0,0.01361,0.0,0.005,0.0,0.0,0,10,0,3,0,0,NA,2023-11-07 12:08:38.791000,NA,2023-11-07 12:09:13.507000,NA,NA,week_six,0.0,0,NA,NA,0,NA,0.0,0.0,0.084445,0.0,1,6,0,2023-11-07 12:15:40.233000,2023-11-07 12:08:40.901000,NA,NA,NA,NA,NA,NA,NA,NA,NA,NA,NA,NA,NA
76.2,Sweden,1977,Male,"CAH15-01	Sociology, social policy and anthropology",169,06/11/23 - 12/11/23,0.006944999999999999,3.1547216666666666,0.0,0.0,0.0,0.0,0.0,03:09:42,02:13:24,3,5,0.0,0.0047216666666666665,0.0,0.0,0.0,0.0,0,4,0,0,0,0,NA,2023-11-06 21:25:43.364000,NA,NA,NA,NA,week_six,0.0,0,NA,NA,0,NA,0.0,0.0,1.8316666666666668,0.0,0,4,0,NA,2023-11-06 21:25:46.777000,NA,NA,NA,NA,NA,NA,NA,NA,NA,NA,NA,NA,NA
73.4,Pakistan,1987,Male,CAH11-01	Computing,170,06/11/23 - 12/11/23,0.0033333333333333335,2.2675,0.0,0.0,0.0,0.046945,0.0,02:19:04,02:13:24,2,4,0.0,0.004445,0.0,0.0,0.0,0.0,0,4,0,0,0,0,NA,2023-11-06 21:45:01.694000,NA,NA,NA,NA,week_six,0.0,0,NA,NA,0,NA,0.0,0.0,2.07,0.0,0,3,0,NA,2023-11-06 21:45:07.325000,NA,NA,NA,NA,NA,NA,NA,NA,NA,NA,NA,NA,NA
73.2,India,2001,Male,CAH10-01	Engineering,171,06/11/23 - 12/11/23,0.0,6.047776666666667,1.9127783333333332,0.0,0.0,0.0,0.0,07:57:38,02:13:24,4,5,0.0,1.523888333333333,0.0,0.0,0.005278333333333333,0.0,0,5,0,0,1,0,NA,2023-11-07 14:06:48.309000,NA,NA,2023-11-07 15:10:12.434000,NA,week_six,0.0,0,NA,NA,0,NA,0.0,0.0,1.0377783333333332,0.0,0,2,0,NA,2023-11-07 14:07:32.414000,NA,NA,NA,NA,NA,NA,NA,NA,NA,NA,NA,NA,NA
63.8,Nigeria,2001,Male,"CAH26-01 Geography, earth and environmental studies",172,06/11/23 - 12/11/23,0.0,3.7902783333333336,0.0,0.0,0.0,0.0,0.0,03:47:25,02:13:24,2,2,0.0,0.0027783333333333336,0.0,0.0,0.0,0.0,0,4,0,0,0,0,NA,2023-11-07 12:59:59.291000,NA,NA,NA,NA,week_six,0.0,0,NA,NA,0,NA,0.0,0.0,2.854445,0.0,0,3,0,NA,2023-11-07 13:00:14.041000,NA,NA,NA,NA,NA,NA,NA,NA,NA,NA,NA,NA,NA
74.0,Viet Nam,1998,Male,CAH11-01	Computing,173,06/11/23 - 12/11/23,0.006666666666666667,4.245833333333334,0.0,0.0,0.09222166666666666,0.0,0.0,04:20:41,02:13:24,3,5,0.0,2.1402783333333337,0.0,0.0,0.0,0.0,0,4,0,0,0,0,NA,2023-11-06 16:51:11.717000,NA,NA,NA,NA,week_six,0.0,0,NA,NA,0,NA,0.0,0.0011116666666666666,0.0,0.0,1,2,0,2023-11-07 12:03:19.918000,2023-11-06 16:51:15.080000,NA,NA,NA,NA,NA,NA,NA,NA,NA,NA,NA,NA,NA
64.6,China,2002,Male,CAH11-01	Computing,174,06/11/23 - 12/11/23,0.0,0.0,0.0,0.0,0.0,0.0,0.0,00:00:00,02:13:24,0,0,0.0,0.0,0.0,0.0,0.0,0.0,0,0,0,0,0,0,NA,NA,NA,NA,NA,NA,week_six,0.0,0,NA,NA,0,NA,0.0,0.0,0.0,0.0,0,0,0,NA,NA,NA,NA,NA,NA,NA,NA,NA,NA,NA,NA,NA,NA,NA
71.2,Nigeria,1996,Female,CAH17-01	Business and management,175,06/11/23 - 12/11/23,0.0,1.8391666666666666,0.0,0.0,0.0,0.0,0.0,01:50:21,02:13:24,3,3,0.0,0.001945,0.0,0.0,0.0,0.0,0,2,0,0,0,0,NA,2023-11-07 13:34:11.679000,NA,NA,NA,NA,week_six,0.0,0,NA,NA,0,NA,0.0,0.0,1.3152783333333333,0.0,0,3,0,NA,2023-11-07 13:34:15.399000,NA,NA,NA,NA,NA,NA,NA,NA,NA,NA,NA,NA,NA
64.4,Nigeria,1980,Female,CAH09-01	Mathematical sciences,176,06/11/23 - 12/11/23,1.8636116666666669,0.017778333333333333,0.0033333333333333335,1.505555,0.25861166666666663,0.0,0.005833333333333333,03:39:17,02:13:24,7,10,0.0,0.020555,0.0,0.0,0.011388333333333332,0.0,0,3,0,0,2,0,NA,2023-11-06 08:50:48.754000,NA,NA,2023-11-06 08:51:13.648000,NA,week_six,0.0,0,NA,NA,0,NA,0.0,0.013055,0.0,0.0,1,0,0,2023-11-09 07:10:26.843000,NA,NA,NA,NA,NA,NA,NA,NA,NA,NA,NA,NA,NA,NA
66.2,Nigeria,2001,Female,CAH17-01	Business and management,177,06/11/23 - 12/11/23,0.0,0.005278333333333333,0.0,0.0,0.08861166666666667,0.0,0.0,00:05:38,02:13:24,1,1,0.0,0.003055,0.0,0.0,0.0,0.0,0,1,0,0,0,0,NA,2023-11-10 01:20:19.040000,NA,NA,NA,NA,week_six,0.0,0,NA,NA,0,NA,0.0,0.0,0.0,0.0,0,0,0,NA,NA,NA,NA,NA,NA,NA,NA,NA,NA,NA,NA,NA,NA,NA
63.0,Australia,1977,Female,CAH16-01	Law,178,06/11/23 - 12/11/23,0.42638833333333337,5.790278333333333,0.0,0.0,0.2558333333333333,0.0,0.0,06:28:21,02:13:24,9,12,0.003055,0.02,0.0,0.2511116666666667,0.0,0.0,2,11,0,1,0,0,2023-12-05 14:38:33.994000,2023-11-06 15:44:51.048000,NA,2023-11-10 14:41:17.575000,NA,NA,week_six,0.0,0,NA,NA,2,2023-11-21 11:42:19.762000,0.0033333333333333335,2.3172216666666667,2.6436116666666667,0.2533333333333333,1,4,1,2023-12-05 12:19:23.286000,2023-11-06 15:44:56.927000,2023-11-14 12:34:43.348000,NA,NA,NA,NA,NA,NA,NA,NA,NA,NA,NA,NA
65.8,United Kingdom of Great Britain and Northern Ireland,2001,Male,CAH11-01	Computing,179,06/11/23 - 12/11/23,0.010833333333333334,0.03222166666666667,0.0,0.0,0.0,0.13583333333333333,0.0,00:10:44,02:13:24,3,4,0.0,0.0030566666666666663,0.0,0.0,0.0,0.0,0,3,0,0,0,0,NA,2023-11-07 10:55:22.063000,NA,NA,NA,NA,week_six,0.0,1,2023-11-07 10:55:26.017000,NA,0,NA,0.0,0.013333333333333334,0.0,0.0,1,0,0,2023-11-07 11:17:17.311000,NA,NA,NA,NA,NA,NA,NA,NA,NA,NA,NA,NA,NA,NA
73.2,India,2000,Male,CAH10-01	Engineering,180,06/11/23 - 12/11/23,0.0,3.941945,0.0,0.0,0.0,0.0,0.0,03:56:31,02:13:24,4,4,0.0,0.004166666666666667,0.0,0.0,0.0,0.0,0,4,0,0,0,0,NA,2023-11-07 13:01:13.613000,NA,NA,NA,NA,week_six,0.0,0,NA,NA,0,NA,0.0,0.008888333333333333,0.45888833333333334,0.0,1,4,0,2023-11-07 13:01:16.933000,2023-11-07 13:01:57.708000,NA,NA,NA,NA,NA,NA,NA,NA,NA,NA,NA,NA,NA
64.4,Nigeria,1976,Female,CAH17-01	Business and management,181,06/11/23 - 12/11/23,0.0,0.9377783333333334,0.0,0.0,0.0,0.0,0.0,00:56:16,02:13:24,4,5,0.0,0.017778333333333333,0.0,0.01,0.0,0.0,0,3,0,1,0,0,NA,2023-11-07 13:12:41.936000,NA,2023-11-07 13:14:55.745000,NA,NA,week_six,0.0,0,NA,NA,0,NA,0.0,0.0,0.001945,0.0,0,1,0,NA,2023-11-07 13:29:03.767000,NA,NA,NA,NA,NA,NA,NA,NA,NA,NA,NA,NA,NA
63.4,Sri Lanka,2000,Female,CAH17-01	Business and management,182,06/11/23 - 12/11/23,0.003888333333333333,1.5511116666666669,0.08472166666666665,0.0,0.0,0.0,0.0,01:38:23,02:13:24,6,8,0.0,0.007778333333333333,0.0,0.0,0.0033333333333333335,0.0,0,5,0,0,1,0,NA,2023-11-07 06:43:48.223000,NA,NA,2023-11-07 06:43:55.262000,NA,week_six,0.0013883333333333332,1,2023-11-07 06:44:09.969000,NA,0,NA,0.0,0.0,0.6344449999999999,0.0,1,3,0,2023-11-07 06:44:16.539000,2023-11-07 14:17:32.523000,NA,NA,NA,NA,NA,NA,NA,NA,NA,NA,NA,NA,NA
68.6,Viet Nam,1997,Female,CAH17-01	Business and management,183,06/11/23 - 12/11/23,0.006111666666666666,4.1775,1.043055,0.0008333333333333334,0.0,3.4691666666666667,0.035,08:43:54,02:13:24,3,6,0.0,0.021388333333333336,0.0,0.0,0.0,0.0,0,4,0,0,0,0,NA,2023-11-06 10:13:53.301000,NA,NA,NA,NA,week_six,0.0,0,NA,NA,0,NA,0.0,0.0,0.9372216666666666,0.0,1,2,0,2023-11-06 10:14:00.916000,2023-11-06 10:13:56.024000,NA,NA,NA,NA,NA,NA,NA,NA,NA,NA,NA,NA,NA
73.0,Thailand,2001,Male,CAH17-01	Business and management,184,06/11/23 - 12/11/23,0.08861166666666667,1.1975,0.0022216666666666665,0.973055,0.0,0.0,0.0033333333333333335,02:15:53,02:13:24,3,11,0.0,0.019444999999999997,0.0,0.0,0.0,0.0,0,10,0,0,0,0,NA,2023-11-06 01:57:17.392000,NA,NA,NA,NA,week_six,0.0,0,NA,NA,0,NA,0.0,0.0,0.4147233333333333,0.0,0,11,0,NA,2023-11-06 01:57:20.847000,NA,NA,NA,NA,NA,NA,NA,NA,NA,NA,NA,NA,NA
67.4,United Kingdom of Great Britain and Northern Ireland,2001,Male,CAH04-01	Psychology,185,06/11/23 - 12/11/23,0.0,2.7991666666666664,0.0,0.0,1.4641666666666666,0.0,0.0,04:15:48,02:13:24,3,4,0.0,0.0016666666666666668,0.0,0.000555,0.0,0.0,0,4,0,1,0,0,NA,2023-11-07 14:03:52.553000,NA,2023-11-07 15:28:27.293000,NA,NA,week_six,0.0,0,NA,NA,0,NA,0.0,0.0,1.1766666666666665,0.0,0,1,0,NA,2023-11-07 14:03:55.009000,NA,NA,NA,NA,NA,NA,NA,NA,NA,NA,NA,NA,NA
62.4,Iran,1995,Female,CAH10-01	Engineering,186,06/11/23 - 12/11/23,0.0,3.1569450000000003,0.001945,0.0,0.0,0.0,0.0,03:09:32,02:13:24,3,3,0.0,0.0016666666666666668,0.0,0.0,0.0,0.0,0,3,0,0,0,0,NA,2023-11-07 14:10:51.238000,NA,NA,NA,NA,week_six,0.0,0,NA,NA,0,NA,0.0,0.0,2.956945,0.0,0,3,0,NA,2023-11-07 14:10:54.187000,NA,NA,NA,NA,NA,NA,NA,NA,NA,NA,NA,NA,NA
64.8,United Kingdom of Great Britain and Northern Ireland,1997,Female,CAH09-01	Mathematical sciences,187,06/11/23 - 12/11/23,0.0,3.3822216666666667,0.0,0.0,0.0,0.0,3.5077783333333334,06:53:24,02:13:24,3,4,0.0,0.0027766666666666664,0.0,0.0,0.0,0.0,0,4,0,0,0,0,NA,2023-11-07 11:41:36.860000,NA,NA,NA,NA,week_six,0.0,0,NA,NA,0,NA,0.0,0.0,3.361111666666667,0.0,0,4,0,NA,2023-11-07 11:41:40.770000,NA,NA,NA,NA,NA,NA,NA,NA,NA,NA,NA,NA,NA
52.4,Egypt,1986,Male,CAH10-01	Engineering,188,06/11/23 - 12/11/23,0.0,0.0,0.0063883333333333335,0.0,0.0,0.005278333333333333,0.0,00:00:42,02:13:24,1,1,0.0,0.005278333333333333,0.0,0.0,0.0,0.0,0,1,0,0,0,0,NA,2023-11-11 19:48:44.993000,NA,NA,NA,NA,week_six,0.0,0,NA,NA,0,NA,0.0,0.0,0.0,0.0,0,0,0,NA,NA,NA,NA,NA,NA,NA,NA,NA,NA,NA,NA,NA,NA,NA
63.8,Sri Lanka,1987,Female,CAH10-01	Engineering,189,06/11/23 - 12/11/23,0.0,3.033611666666667,0.011388333333333332,0.0,0.0,0.0,0.005833333333333333,03:03:03,02:13:24,3,5,0.0,0.006944999999999999,0.0,0.0,0.0,0.0,0,4,0,0,0,0,NA,2023-11-07 11:47:26.187000,NA,NA,NA,NA,week_six,0.0,0,NA,NA,0,NA,0.0,0.0,1.9502783333333333,0.0,0,3,0,NA,2023-11-07 11:47:32.171000,NA,NA,NA,NA,NA,NA,NA,NA,NA,NA,NA,NA,NA
73.8,Algeria,1996,Male,NA,190,06/11/23 - 12/11/23,0.0,4.119166666666667,0.0,0.025278333333333333,0.0,0.0,0.023888333333333334,04:10:06,02:13:24,2,4,0.0,0.013888333333333332,0.0,0.0,0.0,0.0,0,6,0,0,0,0,NA,2023-11-07 14:09:36.303000,NA,NA,NA,NA,week_six,0.0,0,NA,NA,0,NA,0.0,0.0,1.6472216666666666,0.0,0,2,0,NA,2023-11-07 14:09:40.536000,NA,NA,NA,NA,NA,NA,NA,NA,NA,NA,NA,NA,NA
62.4,Sri Lanka,1996,Female,CAH17-01	Business and management,191,06/11/23 - 12/11/23,0.2522216666666667,3.4822216666666668,0.0,0.0,0.0,0.0,0.0,03:44:04,02:13:24,9,14,0.0,0.01722333333333333,0.0,0.0008333333333333334,0.0,0.0,0,8,0,1,0,0,NA,2023-11-06 13:36:20.494000,NA,2023-11-14 12:08:48.492000,NA,NA,week_six,0.0,0,NA,NA,1,2023-11-06 13:36:39.081000,0.0036116666666666667,0.005,0.15861166666666665,0.004445,2,6,6,2023-11-06 13:36:23.667000,2023-11-06 13:37:05.206000,2023-11-16 21:13:23.970000,NA,NA,NA,NA,NA,NA,NA,NA,NA,NA,NA,NA
73.0,Iran,1988,Male,CAH10-01	Engineering,192,06/11/23 - 12/11/23,0.008888333333333333,0.826945,0.11166666666666666,0.0,0.0,0.0,0.0,00:56:51,02:13:24,4,12,0.0,0.013056666666666666,0.0,0.0,0.0,0.0,0,8,0,0,0,0,NA,2023-11-06 16:57:23.506000,NA,NA,NA,NA,week_six,0.0,0,NA,NA,0,NA,0.0,0.011111666666666667,0.815555,0.0,2,5,0,2023-11-08 10:39:29.601000,2023-11-06 16:57:26.205000,NA,NA,NA,NA,NA,NA,NA,NA,NA,NA,NA,NA,NA
73.0,Sri Lanka,1996,Female,CAH09-01	Mathematical sciences,193,06/11/23 - 12/11/23,0.0,0.4361116666666666,0.0,0.0,0.0,0.0,0.0,00:26:10,02:13:24,3,3,0.0,0.0011116666666666666,0.0,0.0,0.0,0.0,0,1,0,0,0,0,NA,2023-11-07 01:22:26.576000,NA,NA,NA,NA,week_six,0.0,0,NA,NA,0,NA,0.0,0.0,0.005555000000000001,0.0,0,3,0,NA,2023-11-07 01:20:05.807000,NA,NA,NA,NA,NA,NA,NA,NA,NA,NA,NA,NA,NA
69.2,India,1996,Male,CAH17-01	Business and management,194,06/11/23 - 12/11/23,0.0,0.0,0.0,0.0,0.0,0.0,0.0,00:00:00,02:13:24,0,0,0.0,0.0,0.0,0.0,0.0,0.0,0,0,0,0,0,0,NA,NA,NA,NA,NA,NA,week_six,0.0,0,NA,NA,0,NA,0.0,0.0,0.0,0.0,0,0,0,NA,NA,NA,NA,NA,NA,NA,NA,NA,NA,NA,NA,NA,NA,NA
62.4,India,1997,Male,CAH10-01	Engineering,195,06/11/23 - 12/11/23,0.05333333333333334,1.308055,0.026388333333333337,0.0,0.0,0.0,0.0025,01:23:25,02:13:24,3,5,0.0,0.0036100000000000004,0.0,0.0,0.0,0.0,0,3,0,0,0,0,NA,2023-11-06 14:29:06.201000,NA,NA,NA,NA,week_six,0.0,0,NA,NA,0,NA,0.0,0.0,0.22388833333333336,0.0,0,2,0,NA,2023-11-06 14:29:11.001000,NA,NA,NA,NA,NA,NA,NA,NA,NA,NA,NA,NA,NA
70.0,Nigeria,1991,Male,CAH11-01	Computing,196,06/11/23 - 12/11/23,0.0,0.0,0.0,0.0,0.0,0.0,0.0,00:00:00,02:13:24,0,0,0.0,0.0,0.0,0.0,0.0,0.0,0,0,0,0,0,0,NA,NA,NA,NA,NA,NA,week_six,0.0,0,NA,NA,0,NA,0.0,0.0,0.0,0.0,0,0,0,NA,NA,NA,NA,NA,NA,NA,NA,NA,NA,NA,NA,NA,NA,NA
58.0,Nigeria,1997,Female,CAH15-02	Economics,197,06/11/23 - 12/11/23,0.0,0.06416666666666666,1.3388883333333332,0.0,0.0,0.03833333333333333,0.0,01:26:29,02:13:24,4,7,0.0,0.0047216666666666665,0.0,0.0,0.0,0.0,0,4,0,0,0,0,NA,2023-11-07 17:17:39.671000,NA,NA,NA,NA,week_six,0.0,0,NA,NA,0,NA,0.0,0.004445,0.6347216666666667,0.0,1,2,0,2023-11-07 17:17:50.789000,2023-11-07 17:18:09.258000,NA,NA,NA,NA,NA,NA,NA,NA,NA,NA,NA,NA,NA
57.0,United Kingdom of Great Britain and Northern Ireland,2000,Female,CAH04-01	Psychology,198,06/11/23 - 12/11/23,0.0,0.0,0.0,0.14888833333333334,0.0,0.044721666666666667,0.0,00:11:37,02:13:24,1,1,0.0,0.0036116666666666667,0.0,0.0,0.0,0.0,0,1,0,0,0,0,NA,2023-11-09 20:52:28,NA,NA,NA,NA,week_six,0.0,0,NA,NA,0,NA,0.0,0.0,0.0,0.0,0,0,0,NA,NA,NA,NA,NA,NA,NA,NA,NA,NA,NA,NA,NA,NA,NA
68.6,Malaysia,2000,Female,CAH17-01	Business and management,199,06/11/23 - 12/11/23,0.0,0.24055500000000002,1.0336116666666666,0.0,0.0,0.26111166666666663,0.0,01:32:07,02:13:24,4,7,0.0,0.25916666666666666,0.0,0.0025,0.0,0.0,0,5,0,2,0,0,NA,2023-11-07 10:14:37.620000,NA,2023-11-11 20:16:46.903000,NA,NA,week_six,0.0,0,NA,NA,0,NA,0.0,0.0,0.0008333333333333334,0.0,0,2,0,NA,2023-11-07 10:14:41.098000,NA,NA,NA,NA,NA,NA,NA,NA,NA,NA,NA,NA,NA
63.2,United Kingdom of Great Britain and Northern Ireland,2001,Female,CAH15-02	Economics,200,06/11/23 - 12/11/23,0.6444449999999999,0.0,0.0,0.0,0.0,0.0,0.0,00:38:40,02:13:24,2,2,0.0,0.024721666666666666,0.0,0.0,0.0,0.0,0,1,0,0,0,0,NA,2023-11-06 16:56:12.825000,NA,NA,NA,NA,week_six,0.0,0,NA,NA,0,NA,0.0,0.0,0.0,0.0,0,0,0,NA,NA,NA,NA,NA,NA,NA,NA,NA,NA,NA,NA,NA,NA,NA
71.2,China,2002,Male,CAH11-01	Computing,201,06/11/23 - 12/11/23,0.01583333333333333,2.5741666666666663,0.0011116666666666666,0.0,0.0,0.0,0.3122216666666667,02:54:12,02:13:24,3,10,0.0,0.009721666666666665,0.0,0.0,0.0,0.0,0,7,0,0,0,0,NA,2023-11-06 21:53:55.187000,NA,NA,NA,NA,week_six,0.0,0,NA,NA,0,NA,0.0,0.0,1.0911116666666667,0.0,0,9,0,NA,2023-11-06 21:53:58.848000,NA,NA,NA,NA,NA,NA,NA,NA,NA,NA,NA,NA,NA
68.2,Iran,1992,Female,CAH10-01	Engineering,202,06/11/23 - 12/11/23,0.0,5.816388333333333,0.0,0.0,0.0,0.0,0.0,05:48:59,02:13:24,1,1,0.0,0.004445,0.0,0.0,0.0,0.0,0,1,0,0,0,0,NA,2023-11-07 21:01:27.317000,NA,NA,NA,NA,week_six,0.0,0,NA,NA,0,NA,0.0,0.0,0.0,0.0,0,0,0,NA,NA,NA,NA,NA,NA,NA,NA,NA,NA,NA,NA,NA,NA,NA
73.2,Pakistan,1994,Male,CAH10-01	Engineering,203,06/11/23 - 12/11/23,0.0,0.23138666666666666,0.11805666666666667,0.0,0.0,0.0,0.0,00:20:58,02:13:24,1,1,0.0,0.0022216666666666665,0.0,0.0,0.0,0.0,0,1,0,0,0,0,NA,2023-11-07 23:47:27.749000,NA,NA,NA,NA,week_six,0.0,0,NA,NA,0,NA,0.0,0.0,0.0,0.0,0,0,0,NA,NA,NA,NA,NA,NA,NA,NA,NA,NA,NA,NA,NA,NA,NA
52.5,India,1999,Male,CAH10-01	Engineering,204,06/11/23 - 12/11/23,0.0,0.0,0.0,0.0,0.0,0.0,0.0,00:00:00,02:13:24,0,0,0.0,0.0,0.0,0.0,0.0,0.0,0,0,0,0,0,0,NA,NA,NA,NA,NA,NA,week_six,0.0,0,NA,NA,0,NA,0.0,0.0,0.0,0.0,0,0,0,NA,NA,NA,NA,NA,NA,NA,NA,NA,NA,NA,NA,NA,NA,NA
68.6,Myanmar,2001,Female,CAH17-01	Business and management,205,06/11/23 - 12/11/23,0.0,0.0,0.0,0.0,0.0,0.0,0.0,00:00:00,02:13:24,0,0,0.0,0.0,0.0,0.0,0.0,0.0,0,0,0,0,0,0,NA,NA,NA,NA,NA,NA,week_six,0.0,0,NA,NA,0,NA,0.0,0.0,0.0,0.0,0,0,0,NA,NA,NA,NA,NA,NA,NA,NA,NA,NA,NA,NA,NA,NA,NA
73.8,Turkey,1999,Female,CAH10-01	Engineering,206,06/11/23 - 12/11/23,0.0,2.658333333333333,0.0,0.0,0.0,0.0,0.0,02:39:30,02:13:24,6,6,0.0,0.0033333333333333335,0.0,0.0,0.0,0.0,0,3,0,0,0,0,NA,2023-11-07 13:23:22.886000,NA,NA,NA,NA,week_six,0.0,0,NA,NA,0,NA,0.0,0.000555,0.0008333333333333334,0.0,1,1,0,2023-11-07 14:17:00.126000,2023-11-07 14:17:03.442000,NA,NA,NA,NA,NA,NA,NA,NA,NA,NA,NA,NA,NA
71.6,Nigeria,1994,Male,CAH15-02	Economics,207,06/11/23 - 12/11/23,0.0,2.609445,0.0,0.0,0.0,0.0,0.0,02:36:34,02:13:24,4,4,0.0,0.003055,0.0,0.0008333333333333334,0.0,0.0,0,3,0,1,0,0,NA,2023-11-07 14:12:02.102000,NA,2023-11-07 14:11:59.579000,NA,NA,week_six,0.0,0,NA,NA,0,NA,0.0,0.0,1.6547216666666666,0.0,0,3,0,NA,2023-11-07 14:12:04.878000,NA,NA,NA,NA,NA,NA,NA,NA,NA,NA,NA,NA,NA
60.4,India,1992,Male,CAH19-01	English studies,208,06/11/23 - 12/11/23,0.5883333333333333,1.2183316666666666,0.0,0.008611666666666665,0.0,0.0,0.065,01:52:49,02:13:24,6,18,0.0,0.007500000000000001,0.0,0.0011116666666666666,0.0,0.0,0,5,0,2,0,0,NA,2023-11-06 22:41:28.366000,NA,2023-11-06 22:46:51.867000,NA,NA,week_six,0.0,0,NA,NA,0,NA,0.0,0.004166666666666667,0.007221666666666667,0.0,1,8,0,2023-11-07 10:31:39.482000,2023-11-06 22:34:43.090000,NA,NA,NA,NA,NA,NA,NA,NA,NA,NA,NA,NA,NA
64.0,Bangladesh,1996,Female,CAH17-01	Business and management,209,06/11/23 - 12/11/23,0.67389,1.1861116666666667,0.0,0.0,0.0,2.851945,0.0,04:42:43,02:13:24,4,8,0.0,0.012778333333333334,0.0,0.0,0.0,0.0,0,7,0,0,0,0,NA,2023-11-06 20:48:03.536000,NA,NA,NA,NA,week_six,0.0,0,NA,NA,0,NA,0.0,0.008611666666666665,0.03166666666666666,0.0,1,6,0,2023-11-06 20:48:09.669000,2023-11-06 20:48:44.562000,NA,NA,NA,NA,NA,NA,NA,NA,NA,NA,NA,NA,NA
73.0,Sri Lanka,1996,Female,CAH11-01	Computing,210,06/11/23 - 12/11/23,0.0,0.0,0.0,0.0,0.0,0.0,0.0,00:00:00,02:13:24,0,0,0.0,0.0,0.0,0.0,0.0,0.0,0,0,0,0,0,0,NA,NA,NA,NA,NA,NA,week_six,0.0,0,NA,NA,0,NA,0.0,0.0,0.0,0.0,0,0,0,NA,NA,NA,NA,NA,NA,NA,NA,NA,NA,NA,NA,NA,NA,NA
61.8,Myanmar,1998,Female,CAH11-01	Computing,211,06/11/23 - 12/11/23,0.04833333333333333,0.8877783333333333,0.0,0.0,0.0,0.0,0.0,00:56:10,02:13:24,3,5,0.0,0.0033333333333333335,0.0,0.0,0.0,0.0,0,2,0,0,0,0,NA,2023-11-06 14:16:24.106000,NA,NA,NA,NA,week_six,0.0,0,NA,NA,0,NA,0.0,0.0,0.007778333333333333,0.0,0,2,0,NA,2023-11-06 14:16:31.523000,NA,NA,NA,NA,NA,NA,NA,NA,NA,NA,NA,NA,NA
63.0,United States of America,2001,Male,CAH11-01	Computing,212,06/11/23 - 12/11/23,0.0,0.005278333333333333,0.015000000000000001,0.0,0.0,0.0,0.0,00:01:13,02:13:24,3,3,0.0,0.0011116666666666666,0.0,0.0,0.0,0.0,0,2,0,0,0,0,NA,2023-11-07 12:48:17.709000,NA,NA,NA,NA,week_six,0.0,0,NA,NA,0,NA,0.0,0.003055,0.0,0.0,1,1,0,2023-11-07 12:48:19.907000,2023-11-07 12:48:33.276000,NA,NA,NA,NA,NA,NA,NA,NA,NA,NA,NA,NA,NA
60.0,Nigeria,1996,Male,"CAH13-01	Architecture, building and planning",1,14/11/22 - 20/11/22,0.0,0.0,0.0,0.0,0.0,0.0,0.0,00:00:00,01:49:57,0,0,0.0,0.0,0.0,0.0,0.0,0.0,0,0,0,0,0,0,NA,NA,NA,NA,NA,NA,week_seven,0.0,0,NA,NA,0,NA,0.0,0.0,0.0,0.0,0,0,0,NA,NA,NA,0.0,0.0,NA,NA,NA,NA,NA,NA,NA,NA,NA,NA
70.0,Nigeria,1996,Male,CAH07-02	Chemistry,2,14/11/22 - 20/11/22,0.11166666666666666,0.0,0.0,0.0,0.0,0.0,0.0,00:06:42,01:49:57,2,2,0.0,0.0027783333333333336,0.0,0.0,0.0,0.0,0,1,0,0,0,0,NA,2022-11-14 15:49:18.139000,NA,NA,NA,NA,week_seven,0.0,0,NA,NA,0,NA,0.0,0.0,0.0,0.04611166666666667,0,0,1,NA,NA,2022-11-14 15:49:27.792000,0.0,0.0,NA,NA,NA,NA,NA,NA,NA,NA,NA,NA
65.0,Nigeria,1990,Female,CAH15-02	Economics,3,14/11/22 - 20/11/22,0.03916666666666667,1.7636116666666668,0.0,0.0,0.0,0.0,0.0,01:48:10,01:49:57,3,3,0.0,0.0022216666666666665,0.0,0.0,0.0,0.0,0,3,0,0,0,0,NA,2022-11-15 14:09:53.007000,NA,NA,NA,NA,week_seven,0.0,0,NA,NA,1,2022-11-15 14:09:54.346000,0.004166666666666667,0.0,0.0,1.4383333333333332,0,0,2,NA,NA,2022-11-15 14:10:13.083000,0.0,0.0,NA,NA,NA,NA,NA,NA,NA,NA,NA,NA
55.0,Nigeria,1991,Male,CAH15-02	Economics,4,14/11/22 - 20/11/22,0.0,0.5413883333333334,0.033055,0.0,0.0,0.0,0.0,00:34:28,01:49:57,5,5,0.0,0.005833333333333333,0.0,0.0,0.0027783333333333336,0.0016666666666666668,0,5,0,0,1,1,NA,2022-11-16 13:34:39.253000,NA,NA,2022-11-16 13:34:46.155000,2022-11-16 13:34:58.427000,week_seven,0.0016666666666666668,1,2022-11-16 13:35:06.379000,NA,2,2022-11-16 13:35:17.456000,0.018055,0.0,0.0,0.0,0,0,0,NA,NA,NA,0.0,0.0,NA,NA,NA,NA,NA,NA,NA,NA,NA,NA
65.0,Pakistan,1998,Male,CAH17-01	Business and management,5,14/11/22 - 20/11/22,0.0,1.540555,0.0,1.4138883333333332,3.5125,0.0,0.0,06:28:01,01:49:57,3,7,0.0,0.0036100000000000004,0.0022216666666666665,0.0,0.0,0.0,0,3,2,0,0,0,NA,2022-11-15 14:24:30.454000,2022-11-17 17:12:33.511000,NA,NA,NA,week_seven,0.0,0,NA,NA,0,NA,0.0,0.0,0.0,1.5575,0,0,3,NA,NA,2022-11-15 14:24:35.340000,0.0,0.0,NA,NA,NA,NA,NA,NA,NA,NA,NA,NA
62.0,Nigeria,1985,Male,CAH10-01	Engineering,6,14/11/22 - 20/11/22,0.0,3.6352783333333334,0.0,0.005555000000000001,0.0,0.0,0.0,03:38:27,01:49:57,2,2,0.0,0.0047216666666666665,0.0,0.0,0.0,0.0,0,2,0,0,0,0,NA,2022-11-15 11:31:13.705000,NA,NA,NA,NA,week_seven,0.0,0,NA,NA,0,NA,0.0,0.0,0.0,2.446945,0,0,2,NA,NA,2022-11-15 11:31:17.761000,0.0,0.0,NA,NA,NA,NA,NA,NA,NA,NA,NA,NA
61.0,Nigeria,1985,Male,CAH11-01	Computing,7,14/11/22 - 20/11/22,0.0,0.0,0.0,0.0,0.0,0.0,0.4,00:24:00,01:49:57,0,0,0.0,0.0,0.0,0.0,0.0,0.0,0,0,0,0,0,0,NA,NA,NA,NA,NA,NA,week_seven,0.0,0,NA,NA,0,NA,0.0,0.0,0.0,0.0,0,0,0,NA,NA,NA,0.0,0.0,NA,NA,NA,NA,NA,NA,NA,NA,NA,NA
77.0,United Kingdom of Great Britain and Northern Ireland,2001,Female,"CAH07-04	General, applied and forensic sciences",8,14/11/22 - 20/11/22,0.3852766666666667,2.1613883333333335,0.0,0.0047216666666666665,0.0,0.0,0.0,02:33:04,01:49:57,3,8,0.0,0.007778333333333333,0.005278333333333333,0.0,0.0,0.0,0,10,2,0,0,0,NA,2022-11-14 12:39:59.247000,2022-11-14 12:40:38.010000,NA,NA,NA,week_seven,0.0,0,NA,NA,0,NA,0.0,0.0,0.0,2.498055,0,0,10,NA,NA,2022-11-14 12:40:02.792000,0.0,0.0,NA,NA,NA,NA,NA,NA,NA,NA,NA,NA
61.0,Nigeria,1976,Male,CAH03-01	Biosciences,9,14/11/22 - 20/11/22,0.34638833333333335,0.18611166666666665,1.6616666666666666,0.0,0.0,0.0,0.0,02:11:39,01:49:57,2,2,0.0,0.0036116666666666667,0.0,0.0,0.0,0.0,0,2,0,0,0,0,NA,2022-11-15 14:39:34.526000,NA,NA,NA,NA,week_seven,0.0,0,NA,NA,0,NA,0.0,0.0,0.0,0.024166666666666666,0,0,2,NA,NA,2022-11-15 14:39:42.225000,0.0,0.0,NA,NA,NA,NA,NA,NA,NA,NA,NA,NA
63.0,India,1998,Female,CAH11-01	Computing,10,14/11/22 - 20/11/22,0.0,2.593888333333333,1.389445,0.0,0.0,0.0,0.0,03:59:00,01:49:57,4,5,0.0,0.009445000000000002,0.0,0.0,0.0,0.0,0,6,0,0,0,0,NA,2022-11-15 14:28:06.667000,NA,NA,NA,NA,week_seven,0.0,0,NA,NA,0,NA,0.0,0.0,1.3663883333333333,2.1902783333333335,0,2,3,NA,2022-11-16 15:18:26.535000,2022-11-15 14:28:12.207000,0.0,0.0,NA,NA,NA,NA,NA,NA,NA,NA,NA,NA
67.0,Nigeria,1996,Female,CAH07-02	Chemistry,11,14/11/22 - 20/11/22,0.0,2.8375,0.0,0.0,0.0,0.0,0.10083333333333333,02:56:18,01:49:57,2,4,0.0,0.07555666666666667,0.0,0.0,0.0,0.0,0,3,0,0,0,0,NA,2022-11-15 14:09:33.591000,NA,NA,NA,NA,week_seven,0.0,0,NA,NA,0,NA,0.0,0.0,0.0,0.11944500000000001,0,0,2,NA,NA,2022-11-15 14:13:09.475000,0.0,0.0,NA,NA,NA,NA,NA,NA,NA,NA,NA,NA
66.0,Nigeria,1986,Female,"CAH06-01	Agriculture, food and related studies",12,14/11/22 - 20/11/22,0.0,0.009721666666666665,0.0,0.0,0.0,0.0,0.0,00:00:35,01:49:57,0,0,0.0,0.0,0.0,0.0,0.0,0.0,0,0,0,0,0,0,NA,NA,NA,NA,NA,NA,week_seven,0.0,0,NA,NA,0,NA,0.0,0.0,0.0,0.0,0,0,0,NA,NA,NA,0.0,0.0,NA,NA,NA,NA,NA,NA,NA,NA,NA,NA
76.0,United Kingdom of Great Britain and Northern Ireland,1995,Male,CAH11-01	Computing,13,14/11/22 - 20/11/22,0.4447216666666666,0.0125,0.0,0.2727783333333333,0.0,0.0,0.0,00:43:48,01:49:57,3,3,0.0,0.007500000000000001,0.0,0.0,0.0,0.0,0,1,0,0,0,0,NA,2022-11-15 14:14:14.801000,NA,NA,NA,NA,week_seven,0.0,0,NA,NA,0,NA,0.0,0.0,0.0,0.0,0,0,1,NA,NA,2022-11-15 14:14:41.438000,0.0,0.0,NA,NA,NA,NA,NA,NA,NA,NA,NA,NA
57.0,Bangladesh,1997,Female,CAH10-01	Engineering,14,14/11/22 - 20/11/22,1.0972216666666665,1.5213883333333333,0.0,0.0,0.0,0.0,0.0,02:37:07,01:49:57,2,4,0.0,0.012221666666666665,0.0,0.0,0.0,0.0,0,7,0,0,0,0,NA,2022-11-14 17:57:02.226000,NA,NA,NA,NA,week_seven,0.0,0,NA,NA,0,NA,0.0,0.0,0.0,1.079445,0,0,5,NA,NA,2022-11-14 17:58:54.400000,0.0,0.0,NA,NA,NA,NA,NA,NA,NA,NA,NA,NA
64.0,Italy,2000,Female,CAH16-01	Law,15,14/11/22 - 20/11/22,0.008055,1.4691666666666667,0.0,0.0,0.0047216666666666665,0.0,0.42861166666666667,01:54:38,01:49:57,4,12,0.0,0.009166666666666667,0.0008333333333333334,0.0,0.0,0.0,0,6,1,0,0,0,NA,2022-11-14 14:58:05.724000,2022-11-15 14:07:22.352000,NA,NA,NA,week_seven,0.0,0,NA,NA,0,NA,0.0,0.0,0.0,1.3752783333333334,0,0,3,NA,NA,2022-11-14 14:58:11.396000,0.4141666666666667,3.0,2022-11-18 11:10:32.262000,NA,NA,NA,NA,NA,NA,NA,NA,NA
64.0,Sri Lanka,1993,Female,CAH17-01	Business and management,16,14/11/22 - 20/11/22,0.9116666666666667,0.9858333333333333,0.0,0.0,0.0,0.0,0.0,01:53:51,01:49:57,3,3,0.0,0.0027783333333333336,0.007500000000000001,0.0,0.0,0.0,0,3,1,0,0,0,NA,2022-11-15 14:17:43.607000,2022-11-15 15:12:53.630000,NA,NA,NA,week_seven,0.0,0,NA,NA,0,NA,0.0,0.0,0.0,0.30833333333333335,0,0,3,NA,NA,2022-11-15 14:17:47.134000,0.0,0.0,NA,NA,NA,NA,NA,NA,NA,NA,NA,NA
78.0,Viet Nam,1999,Male,CAH11-01	Computing,17,14/11/22 - 20/11/22,0.6227783333333333,0.007221666666666667,0.0,0.0,0.0,0.0,0.0,00:37:48,01:49:57,3,5,0.0,0.0033333333333333335,0.0,0.0,0.0,0.0,0,2,0,0,0,0,NA,2022-11-14 10:27:51.909000,NA,NA,NA,NA,week_seven,0.0,0,NA,NA,0,NA,0.0,0.0,0.0,0.001945,0,0,2,NA,NA,2022-11-14 10:27:54.933000,0.0,0.0,NA,NA,NA,NA,NA,NA,NA,NA,NA,NA
63.0,Viet Nam,1996,Female,CAH17-01	Business and management,18,14/11/22 - 20/11/22,0.0,1.3183333333333331,0.0,0.0,0.0,0.0,0.0,01:19:06,01:49:57,2,2,0.0,0.0027783333333333336,0.0,0.0,0.0,0.0,0,3,0,0,0,0,NA,2022-11-15 14:04:49.901000,NA,NA,NA,NA,week_seven,0.0,0,NA,NA,0,NA,0.0,0.0,0.0,0.766945,0,0,3,NA,NA,2022-11-15 14:04:55.574000,0.0,0.0,NA,NA,NA,NA,NA,NA,NA,NA,NA,NA
62.0,United Kingdom of Great Britain and Northern Ireland,2001,Male,CAH15-02	Economics,19,14/11/22 - 20/11/22,0.0125,0.19305500000000003,0.0,0.0,0.0,0.0,0.0,00:12:20,01:49:57,2,2,0.0,0.05333333333333334,0.0,0.0,0.0,0.0,0,1,0,0,0,0,NA,2022-11-15 14:01:29.987000,NA,NA,NA,NA,week_seven,0.0,0,NA,NA,0,NA,0.0,0.0,0.0,0.0,0,0,1,NA,NA,2022-11-15 14:04:42.124000,0.0,0.0,NA,NA,NA,NA,NA,NA,NA,NA,NA,NA
62.0,Sri Lanka,1989,Female,CAH17-01	Business and management,20,14/11/22 - 20/11/22,0.0,2.1088883333333333,0.0,0.0,0.0,0.0,0.0,02:06:32,01:49:57,3,3,0.0,0.009445000000000002,0.0,0.0,0.0,0.0,0,6,0,0,0,0,NA,2022-11-15 14:08:42.893000,NA,NA,NA,NA,week_seven,0.0,0,NA,NA,1,2022-11-15 14:08:48.063000,0.035,0.0,0.0,1.7366666666666668,0,0,5,NA,NA,2022-11-15 14:11:01.505000,0.0,0.0,NA,NA,NA,NA,NA,NA,NA,NA,NA,NA
66.0,Sri Lanka,1997,Male,CAH17-01	Business and management,21,14/11/22 - 20/11/22,0.0,2.8372216666666663,0.0,0.0,0.0,0.0,0.0,02:50:14,01:49:57,2,2,0.0,0.0033333333333333335,0.0,0.0,0.0,0.0,0,3,0,0,0,0,NA,2022-11-15 14:21:55.225000,NA,NA,NA,NA,week_seven,0.0,0,NA,NA,0,NA,0.0,0.0,0.0,2.4969449999999997,0,0,3,NA,NA,2022-11-15 14:22:00.676000,0.0,0.0,NA,NA,NA,NA,NA,NA,NA,NA,NA,NA
59.0,Nigeria,1990,Male,"CAH07-04	General, applied and forensic sciences",22,14/11/22 - 20/11/22,0.0,2.4733333333333336,0.0,0.0,0.0,0.0,0.0,02:28:24,01:49:57,2,2,0.0,0.0016666666666666668,0.0,0.0,0.0,0.0,0,3,0,0,0,0,NA,2022-11-15 14:14:56.859000,NA,NA,NA,NA,week_seven,0.0,0,NA,NA,0,NA,0.0,0.0,0.0,1.6708333333333334,0,0,3,NA,NA,2022-11-15 14:14:59.192000,0.0,0.0,NA,NA,NA,NA,NA,NA,NA,NA,NA,NA
67.0,Nigeria,1993,Female,CAH09-01	Mathematical sciences,23,14/11/22 - 20/11/22,0.7825000000000001,5.152221666666667,0.0,0.0,0.0,0.0,0.0,05:56:05,01:49:57,2,2,0.0,0.001945,0.0,0.0,0.0,0.0,0,3,0,0,0,0,NA,2022-11-15 14:21:02.613000,NA,NA,NA,NA,week_seven,0.0,0,NA,NA,0,NA,0.0,0.0,0.0,0.7491666666666668,0,0,4,NA,NA,2022-11-15 14:21:05.785000,0.0,0.0,NA,NA,NA,NA,NA,NA,NA,NA,NA,NA
75.0,United Kingdom of Great Britain and Northern Ireland,1988,Male,CAH03-01	Biosciences,24,14/11/22 - 20/11/22,0.029166666666666667,2.8602783333333335,0.0,0.0,0.0125,0.0025,0.0,02:54:16,01:49:57,4,7,0.0,0.00389,0.0,0.0,0.0,0.0,0,4,0,0,0,0,NA,2022-11-14 13:12:35.534000,NA,NA,NA,NA,week_seven,0.0,0,NA,NA,1,2022-11-15 11:47:51.466000,2.1166666666666667,0.0,0.0016666666666666668,0.7516666666666667,0,1,2,NA,2022-11-15 11:47:22.926000,2022-11-14 13:12:42.273000,0.0,0.0,NA,NA,NA,NA,NA,NA,NA,NA,NA,NA
66.0,United Kingdom of Great Britain and Northern Ireland,2000,Male,CAH17-01	Business and management,25,14/11/22 - 20/11/22,0.0,3.565,0.0,0.0,0.0,0.0,0.0,03:33:54,01:49:57,2,2,0.0,0.0022216666666666665,0.0,0.0,0.0,0.0,0,2,0,0,0,0,NA,2022-11-15 14:31:15.595000,NA,NA,NA,NA,week_seven,0.0,0,NA,NA,0,NA,0.0,0.0,0.0,0.6869449999999999,0,0,4,NA,NA,2022-11-15 14:31:17.987000,0.0,0.0,NA,NA,NA,NA,NA,NA,NA,NA,NA,NA
83.0,United Kingdom of Great Britain and Northern Ireland,1998,Male,CAH15-02	Economics,26,14/11/22 - 20/11/22,0.0,4.355555,0.0,0.0,0.0,0.0,0.0,04:21:20,01:49:57,4,4,0.0,0.0036116666666666667,0.0175,0.0,0.0,0.0,0,5,1,0,0,0,NA,2022-11-15 13:22:11.744000,2022-11-15 15:41:27.938000,NA,NA,NA,week_seven,0.0,0,NA,NA,0,NA,0.0,0.0,0.17333333333333334,0.9508333333333333,0,1,2,NA,2022-11-15 15:29:28.818000,2022-11-15 13:22:14.031000,0.0,0.0,NA,NA,NA,NA,NA,NA,NA,NA,NA,NA
71.0,Switzerland,1996,Female,CAH17-01	Business and management,27,14/11/22 - 20/11/22,0.0,0.004445,0.0,0.0,0.0,0.0,0.0,00:00:16,01:49:57,2,2,0.0,0.0008333333333333334,0.0,0.0,0.0,0.0,0,1,0,0,0,0,NA,2022-11-15 14:12:36.996000,NA,NA,NA,NA,week_seven,0.0,0,NA,NA,0,NA,0.0,0.0,0.0,0.0,0,0,1,NA,NA,2022-11-15 14:12:40.355000,0.0,0.0,NA,NA,NA,NA,NA,NA,NA,NA,NA,NA
82.0,United Kingdom of Great Britain and Northern Ireland,1995,Non-binary / third gender,"CAH15-01	Sociology, social policy and anthropology",28,14/11/22 - 20/11/22,0.0,2.36361,0.0,0.0,0.0,0.0,0.0,02:21:49,01:49:57,8,10,0.0,0.0825,0.0,0.0,0.0,0.0,0,5,0,0,0,0,NA,2022-11-15 14:18:19.904000,NA,NA,NA,NA,week_seven,0.0,0,NA,NA,0,NA,0.0,0.0,0.0,0.0825,0,0,3,NA,NA,2022-11-15 14:18:21.360000,0.0,0.0,NA,NA,NA,NA,NA,NA,NA,NA,NA,NA
81.0,United Kingdom of Great Britain and Northern Ireland,1998,Male,CAH11-01	Computing,29,14/11/22 - 20/11/22,0.0,0.2913883333333333,0.0,0.0,0.0,0.0,0.0,00:17:29,01:49:57,5,5,0.0,0.16166666666666665,0.0,0.0,0.0,0.0,0,3,0,0,0,0,NA,2022-11-20 14:20:54,NA,NA,NA,NA,week_seven,0.0,0,NA,NA,0,NA,0.0,0.0,0.0,0.0,0,0,1,NA,NA,2022-11-17 14:51:00,0.0022216666666666665,2.0,2022-11-19 14:21:01,NA,NA,NA,NA,NA,NA,NA,NA,NA
71.0,Spain,1983,Male,CAH10-01	Engineering,30,14/11/22 - 20/11/22,6.035278333333333,1.345555,0.0,0.0,0.0,0.0,0.0,07:22:51,01:49:57,2,4,0.0,0.0022233333333333332,0.0,0.0,0.0,0.0,0,2,0,0,0,0,NA,2022-11-14 10:27:38.205000,NA,NA,NA,NA,week_seven,0.0,0,NA,NA,0,NA,0.0,0.0,0.0,0.2533333333333333,0,0,2,NA,NA,2022-11-14 10:27:41.964000,0.0,0.0,NA,NA,NA,NA,NA,NA,NA,NA,NA,NA
63.0,India,1998,Male,CAH11-01	Computing,31,14/11/22 - 20/11/22,1.5555549999999998,0.0027783333333333336,0.25805500000000003,0.0,0.0016666666666666668,0.0,0.0,01:49:05,01:49:57,3,5,0.0,0.0022216666666666665,0.0,0.0,0.0,0.0,0,4,0,0,0,0,NA,2022-11-15 14:51:08.466000,NA,NA,NA,NA,week_seven,0.0,0,NA,NA,0,NA,0.0,0.0,0.21166666666666664,0.0,0,5,0,NA,2022-11-15 14:51:11.743000,NA,0.0,0.0,NA,NA,NA,NA,NA,NA,NA,NA,NA,NA
54.0,Nigeria,1979,Female,CAH17-01	Business and management,32,14/11/22 - 20/11/22,0.16944499999999998,1.5041666666666667,0.0,0.0,0.0,0.0,0.0,01:40:25,01:49:57,2,2,0.0,0.0027783333333333336,0.0,0.0,0.0,0.0,0,1,0,0,0,0,NA,2022-11-15 14:47:31.433000,NA,NA,NA,NA,week_seven,0.0,0,NA,NA,0,NA,0.0,0.0,0.0,1.4986116666666667,0,0,1,NA,NA,2022-11-15 14:47:41.106000,0.0,0.0,NA,NA,NA,NA,NA,NA,NA,NA,NA,NA
62.0,Nigeria,1970,Prefer to self-describe,CAH17-01	Business and management,33,14/11/22 - 20/11/22,1.1863883333333332,0.0,0.0,0.0,0.0,0.0,0.0,01:11:11,01:49:57,2,2,0.0,0.009445000000000002,0.0,1.175,0.0,0.0,0,3,0,6,0,0,NA,2022-11-14 19:27:58.351000,NA,2022-11-14 19:27:55.208000,NA,NA,week_seven,0.0,0,NA,NA,0,NA,0.0,0.0,0.0,0.0,0,0,0,NA,NA,NA,0.0,0.0,NA,NA,NA,NA,NA,NA,NA,NA,NA,NA
60.0,Sri Lanka,1992,Female,CAH17-01	Business and management,34,14/11/22 - 20/11/22,0.31361,1.2602783333333334,0.0,0.0,0.0,0.039445,0.0,01:36:48,01:49:57,4,9,0.0,0.09139000000000001,0.0036116666666666667,0.0,0.0,0.0,0,6,2,0,0,0,NA,2022-11-14 15:49:47.888000,2022-11-14 15:56:19.541000,NA,NA,NA,week_seven,0.0,0,NA,NA,0,NA,0.0,0.0,0.0,0.7891666666666667,0,0,3,NA,NA,2022-11-14 15:54:12.852000,0.0,0.0,NA,NA,NA,NA,NA,NA,NA,NA,NA,NA
62.0,Nigeria,1999,Male,CAH11-01	Computing,35,14/11/22 - 20/11/22,0.0,3.079445,0.0,0.0,0.0,0.0,0.0,03:04:46,01:49:57,7,7,0.0,0.003055,0.05611166666666667,0.005,0.0,0.0,0,4,1,1,0,0,NA,2022-11-15 14:11:27.629000,2022-11-15 14:30:55.229000,2022-11-15 14:30:29.700000,NA,NA,week_seven,0.0,0,NA,NA,0,NA,0.0,0.0,0.0,0.0008333333333333334,0,0,1,NA,NA,2022-11-15 14:11:29.501000,0.0022216666666666665,2.0,2022-11-22 14:26:12.070000,NA,NA,NA,NA,NA,NA,NA,NA,NA
62.0,Nigeria,1987,Female,"CAH07-04	General, applied and forensic sciences",36,14/11/22 - 20/11/22,0.24000000000000002,0.2027783333333333,0.0,0.0,0.0,0.0,0.0,00:26:34,01:49:57,2,2,0.0,0.005555000000000001,0.0,0.0,0.0,0.0,0,1,0,0,0,0,NA,2022-11-14 16:45:05.574000,NA,NA,NA,NA,week_seven,0.0,0,NA,NA,0,NA,0.0,0.0,0.0,0.09722166666666666,0,0,1,NA,NA,2022-11-14 16:45:25.600000,0.0,0.0,NA,NA,NA,NA,NA,NA,NA,NA,NA,NA
67.0,Sri Lanka,1981,Male,CAH17-01	Business and management,37,14/11/22 - 20/11/22,0.04722166666666667,0.0,0.008055,0.0,0.0,0.0,0.0,00:03:19,01:49:57,2,2,0.0,0.0033333333333333335,0.0,0.0,0.0,0.0,0,1,0,0,0,0,NA,2022-11-14 22:45:58.723000,NA,NA,NA,NA,week_seven,0.0,0,NA,NA,0,NA,0.0,0.0,0.0,0.0,0,0,1,NA,NA,2022-11-14 22:46:10.446000,0.0,0.0,NA,NA,NA,NA,NA,NA,NA,NA,NA,NA
65.0,Pakistan,1993,Male,CAH11-01	Computing,38,14/11/22 - 20/11/22,0.008888333333333333,0.045555,0.0,0.0,0.0,0.0,0.0,00:03:16,01:49:57,1,1,0.0,0.045555,0.0,0.0,0.0,0.0,0,1,0,0,0,0,NA,2022-11-15 10:22:10.225000,NA,NA,NA,NA,week_seven,0.0,0,NA,NA,0,NA,0.0,0.0,0.0,0.0,0,0,0,NA,NA,NA,0.0,0.0,NA,NA,NA,NA,NA,NA,NA,NA,NA,NA
62.0,Pakistan,1991,Female,CAH11-01	Computing,39,14/11/22 - 20/11/22,0.0,0.0033333333333333335,0.0,0.5188883333333334,0.0,0.0,0.0,00:31:20,01:49:57,4,7,0.0,0.0022216666666666665,0.0,0.0,0.0,0.0,0,2,0,0,0,0,NA,2022-11-15 12:43:29.501000,NA,NA,NA,NA,week_seven,0.0,0,NA,NA,0,NA,0.0,0.0,0.040555,0.0,0,2,1,NA,2022-11-17 23:19:41.488000,2022-11-15 12:43:32.929000,0.0,0.0,NA,NA,NA,NA,NA,NA,NA,NA,NA,NA
63.0,Sri Lanka,1996,Male,CAH17-01	Business and management,40,14/11/22 - 20/11/22,0.0,4.256945,0.0,0.0,0.0,0.0,0.0,04:15:25,01:49:57,2,2,0.0,0.0013883333333333332,0.0,0.0,0.0,0.0,0,2,0,0,0,0,NA,2022-11-15 14:20:09.839000,NA,NA,NA,NA,week_seven,0.0,0,NA,NA,0,NA,0.0,0.0,0.0,1.0772216666666667,0,0,2,NA,NA,2022-11-15 14:20:13.235000,0.0,0.0,NA,NA,NA,NA,NA,NA,NA,NA,NA,NA
60.0,India,1992,Male,CAH15-02	Economics,41,14/11/22 - 20/11/22,0.0,0.374445,0.0,0.0,0.0,0.0,0.0,00:22:28,01:49:57,0,0,0.0,0.0,0.0,0.0,0.0,0.0,0,0,0,0,0,0,NA,NA,NA,NA,NA,NA,week_seven,0.0,0,NA,NA,0,NA,0.0,0.0,0.0,0.0,0,0,0,NA,NA,NA,0.0,0.0,NA,NA,NA,NA,NA,NA,NA,NA,NA,NA
83.0,United Kingdom of Great Britain and Northern Ireland,1975,Female,CAH07-01	Physics and astronomy,42,14/11/22 - 20/11/22,0.035,0.6552783333333333,0.0,0.0,0.020555,0.0,0.0,00:42:39,01:49:57,4,6,0.0,0.006666666666666667,0.0,0.0,0.004445,0.009445000000000002,0,8,0,0,1,1,NA,2022-11-14 13:31:37.047000,NA,NA,2022-11-15 14:13:45.749000,2022-11-15 14:14:03.945000,week_seven,0.0,0,NA,NA,0,NA,0.0,0.0,0.0,0.3386116666666667,0,0,6,NA,NA,2022-11-14 13:31:41.524000,0.0,0.0,NA,NA,NA,NA,NA,NA,NA,NA,NA,NA
62.0,Sri Lanka,1990,Female,CAH17-01	Business and management,43,14/11/22 - 20/11/22,0.0,1.1536116666666667,0.0,0.0,0.0,0.0,0.0,01:09:13,01:49:57,3,3,0.0,0.006944999999999999,0.0,0.0,0.0,0.0,0,6,0,0,0,0,NA,2022-11-15 14:17:00.589000,NA,NA,NA,NA,week_seven,0.0,0,NA,NA,0,NA,0.0,0.0,0.0,0.41750000000000004,0,0,6,NA,NA,2022-11-15 14:17:04.617000,0.0,0.0,NA,NA,NA,NA,NA,NA,NA,NA,NA,NA
76.0,Malaysia,1993,Male,CAH17-01	Business and management,44,14/11/22 - 20/11/22,0.0025,5.35,0.0,0.0,0.0,0.0,0.0,05:21:09,01:49:57,4,4,0.0,0.001945,0.0011116666666666666,0.0,0.0022216666666666665,0.0,0,3,1,0,1,0,NA,2022-11-15 14:11:32.589000,2022-11-15 15:05:05.815000,NA,2022-11-15 15:05:11.640000,NA,week_seven,0.0,0,NA,NA,0,NA,0.0,0.0,0.0,2.436945,0,0,2,NA,NA,2022-11-15 14:11:35.186000,0.0,0.0,NA,NA,NA,NA,NA,NA,NA,NA,NA,NA
67.0,Thailand,1993,Male,CAH10-01	Engineering,45,14/11/22 - 20/11/22,0.203055,2.0977783333333333,0.0,1.5508333333333333,1.99,0.0,0.0,05:50:30,01:49:57,3,9,0.0,0.01583333333333333,0.0,0.0,0.0,0.0,0,7,0,0,0,0,NA,2022-11-14 03:11:45.586000,NA,NA,NA,NA,week_seven,0.0,0,NA,NA,0,NA,0.0,0.0,0.0,1.9083333333333334,0,0,3,NA,NA,2022-11-15 15:00:15.918000,0.0013883333333333332,1.0,2022-11-18 01:38:09.515000,NA,NA,NA,NA,NA,NA,NA,NA,NA
65.0,India,1994,Male,CAH17-01	Business and management,46,14/11/22 - 20/11/22,0.03833333333333333,1.4869433333333333,0.0,0.0,0.0,0.0,0.0,01:31:31,01:49:57,2,3,0.0,0.004443333333333333,0.0,0.0,0.0,0.0,0,3,0,0,0,0,NA,2022-11-15 14:01:25.224000,NA,NA,NA,NA,week_seven,0.0,0,NA,NA,0,NA,0.0,0.0,0.0,0.6266666666666667,0,0,2,NA,NA,2022-11-15 14:16:28.192000,0.0,0.0,NA,NA,NA,NA,NA,NA,NA,NA,NA,NA
66.0,United Kingdom of Great Britain and Northern Ireland,1997,Female,"CAH26-01 Geography, earth and environmental studies",47,14/11/22 - 20/11/22,0.266945,0.18333333333333332,0.0,0.0,0.0,0.0,0.0,00:27:01,01:49:57,0,0,0.0,0.0,0.0,0.0,0.0,0.0,0,0,0,0,0,0,NA,NA,NA,NA,NA,NA,week_seven,0.0,0,NA,NA,0,NA,0.0,0.0,0.0,0.0,0,0,0,NA,NA,NA,0.0,0.0,NA,NA,NA,NA,NA,NA,NA,NA,NA,NA
60.0,Malaysia,1992,Male,CAH25-01	Creative arts and design,48,14/11/22 - 20/11/22,0.0,0.7466666666666666,2.4327783333333333,0.0,0.0,0.0575,0.0,03:14:13,01:49:57,2,4,0.0,0.008056666666666667,0.0,0.0,0.0,0.0,0,3,0,0,0,0,NA,2022-11-15 14:09:48.533000,NA,NA,NA,NA,week_seven,0.0,0,NA,NA,0,NA,0.0,0.0,0.0,3.1599999999999997,0,0,4,NA,NA,2022-11-15 14:09:53.370000,0.0,0.0,NA,NA,NA,NA,NA,NA,NA,NA,NA,NA
68.0,Nigeria,1984,Female,CAH11-01	Computing,49,14/11/22 - 20/11/22,0.0,0.10277833333333335,0.0,0.0,0.0,0.03166666666666666,0.0,00:08:04,01:49:57,1,1,0.0,0.03166666666666666,0.0,0.0,0.0,0.0,0,1,0,0,0,0,NA,2022-11-19 21:21:24.106000,NA,NA,NA,NA,week_seven,0.0,0,NA,NA,0,NA,0.0,0.0,0.0,0.0,0,0,0,NA,NA,NA,0.0,0.0,NA,NA,NA,NA,NA,NA,NA,NA,NA,NA
57.0,Nigeria,1992,Male,CAH11-01	Computing,50,14/11/22 - 20/11/22,0.108055,2.8597233333333336,0.0,0.0,0.0,0.0,0.0,02:58:04,01:49:57,2,4,0.0,0.0016666666666666668,0.0,0.0,0.0,0.0,0,2,0,0,0,0,NA,2022-11-15 14:14:23.514000,NA,NA,NA,NA,week_seven,0.0,0,NA,NA,0,NA,0.0,0.0,0.0,0.12944333333333333,0,0,2,NA,NA,2022-11-15 14:14:26.472000,0.0,0.0,NA,NA,NA,NA,NA,NA,NA,NA,NA,NA
67.0,Nigeria,1998,Female,CAH16-01	Law,51,14/11/22 - 20/11/22,0.10333333333333333,1.3791666666666667,0.01611,0.0,0.0,0.0,0.0,01:29:55,01:49:57,2,2,0.0,0.0013883333333333332,0.0,0.0,0.0,0.0,0,2,0,0,0,0,NA,2022-11-15 16:56:14.369000,NA,NA,NA,NA,week_seven,0.0,0,NA,NA,0,NA,0.0,0.0,0.0,1.2177783333333336,0,0,2,NA,NA,2022-11-15 16:56:17.230000,0.0,0.0,NA,NA,NA,NA,NA,NA,NA,NA,NA,NA
62.0,Nigeria,1991,Female,CAH10-03	Materials and technology,52,14/11/22 - 20/11/22,0.0,0.010833333333333334,0.0,0.0,0.0,0.0,0.017778333333333333,00:01:43,01:49:57,1,1,0.0,0.0013883333333333332,0.0,0.0,0.0,0.0,0,1,0,0,0,0,NA,2022-11-15 08:41:49.595000,NA,NA,NA,NA,week_seven,0.0,0,NA,NA,0,NA,0.0,0.0,0.0,0.0,0,0,0,NA,NA,NA,0.0,0.0,NA,NA,NA,NA,NA,NA,NA,NA,NA,NA
67.0,Nigeria,2001,Female,CAH09-01	Mathematical sciences,53,14/11/22 - 20/11/22,0.0027783333333333336,2.4858333333333333,0.0,0.0,0.0,0.0,0.10333333333333333,02:35:31,01:49:57,2,2,0.0,0.0011116666666666666,0.0,0.0,0.0,0.0,0,1,0,0,0,0,NA,2022-11-15 14:26:35.408000,NA,NA,NA,NA,week_seven,0.0,0,NA,NA,0,NA,0.0,0.0,0.0,0.7616666666666667,0,0,1,NA,NA,2022-11-15 14:26:38.917000,0.0,0.0,NA,NA,NA,NA,NA,NA,NA,NA,NA,NA
68.0,Nigeria,1979,Female,CAH11-01	Computing,54,14/11/22 - 20/11/22,0.30416666666666664,2.8930549999999995,0.0,0.0,0.0,0.0,0.0,03:11:50,01:49:57,4,7,0.0,0.005555000000000001,0.0,0.0,0.0,0.0,0,3,0,0,0,0,NA,2022-11-14 18:36:59.513000,NA,NA,NA,NA,week_seven,0.0,0,NA,NA,0,NA,0.0,0.0,0.0,2.5955549999999996,0,0,3,NA,NA,2022-11-14 18:37:05.612000,0.0,0.0,NA,NA,NA,NA,NA,NA,NA,NA,NA,NA
66.0,Nigeria,1986,Female,CAH10-03	Materials and technology,55,14/11/22 - 20/11/22,0.029166666666666667,0.14027833333333334,0.0,0.0,0.0,0.0,0.0,00:10:10,01:49:57,2,2,0.0,0.001945,0.0,0.0,0.0,0.0,0,1,0,0,0,0,NA,2022-11-15 14:38:00.965000,NA,NA,NA,NA,week_seven,0.0,0,NA,NA,0,NA,0.0,0.0,0.0,0.0,0,0,1,NA,NA,2022-11-15 14:38:07.990000,0.0,0.0,NA,NA,NA,NA,NA,NA,NA,NA,NA,NA
70.0,Nigeria,1986,Female,CAH11-01	Computing,56,14/11/22 - 20/11/22,0.3375,0.7274999999999999,0.0,0.0,0.0,0.0,0.0,01:03:54,01:49:57,2,2,0.0,0.0011116666666666666,0.0,0.0,0.0,0.0,0,1,0,0,0,0,NA,2022-11-15 14:51:23.487000,NA,NA,NA,NA,week_seven,0.0,0,NA,NA,0,NA,0.0,0.0,0.0,0.7238883333333334,0,0,1,NA,NA,2022-11-15 14:51:27.805000,0.0,0.0,NA,NA,NA,NA,NA,NA,NA,NA,NA,NA
55.0,Nigeria,1990,Female,CAH17-01	Business and management,57,14/11/22 - 20/11/22,2.459445,2.9941666666666666,0.0,0.0,0.0,0.0,0.0,05:27:13,01:49:57,4,4,0.0,0.005278333333333333,0.003888333333333333,0.0,0.0,0.0,0,2,1,0,0,0,NA,2022-11-15 14:18:02.574000,2022-11-14 18:51:50.560000,NA,NA,NA,week_seven,0.0,0,NA,NA,0,NA,0.0,0.0,0.0,2.6727783333333335,0,0,2,NA,NA,2022-11-15 14:18:14.816000,0.0,0.0,NA,NA,NA,NA,NA,NA,NA,NA,NA,NA
66.0,Nigeria,1992,Male,CAH03-01	Biosciences,58,14/11/22 - 20/11/22,0.017221666666666666,0.0325,0.0,0.0,0.0,0.0,0.0,00:02:59,01:49:57,2,2,0.0,0.001945,0.0,0.0,0.0,0.0,0,1,0,0,0,0,NA,2022-11-15 14:27:55.456000,NA,NA,NA,NA,week_seven,0.0,0,NA,NA,0,NA,0.0,0.0,0.0,0.0,0,0,1,NA,NA,2022-11-15 14:28:02.129000,0.0,0.0,NA,NA,NA,NA,NA,NA,NA,NA,NA,NA
54.0,Sri Lanka,1991,Male,CAH10-01	Engineering,59,14/11/22 - 20/11/22,0.0,0.128055,0.3352783333333333,0.0,0.0,0.0,0.0,00:27:48,01:49:57,4,5,0.0,0.006944999999999999,0.0,0.0,0.0,0.0,0,4,0,0,0,0,NA,2022-11-15 05:24:52.072000,NA,NA,NA,NA,week_seven,0.0,0,NA,NA,0,NA,0.0,0.0,0.008333333333333333,0.025,0,2,1,NA,2022-11-15 05:26:34.709000,2022-11-15 05:24:59.345000,0.0,0.0,NA,NA,NA,NA,NA,NA,NA,NA,NA,NA
59.0,Viet Nam,1997,Female,CAH17-01	Business and management,60,14/11/22 - 20/11/22,0.053055,1.3552783333333336,0.0,5.085278333333333,0.0025,0.0,0.0,06:29:46,01:49:57,5,17,0.0,0.009998333333333333,0.0005566666666666667,0.023611666666666663,0.0,0.0,0,16,2,2,0,0,NA,2022-11-14 09:21:47.538000,2022-11-17 20:55:20.193000,2022-11-17 20:55:25.118000,NA,NA,week_seven,0.0,0,NA,NA,0,NA,0.0,0.0,0.0,0.5788883333333333,0,0,7,NA,NA,2022-11-15 14:02:18.664000,3.0452766666666666,8.0,2022-11-17 20:55:22.974000,NA,NA,NA,NA,NA,NA,NA,NA,NA
60.0,India,1993,Female,CAH10-01	Engineering,61,14/11/22 - 20/11/22,0.036945000000000006,2.0116666666666667,0.0125,0.0,0.0,0.0,0.0,02:03:40,01:49:57,5,6,0.0,0.005833333333333333,0.0,0.000555,0.0,0.0,0,3,0,1,0,0,NA,2022-11-15 14:31:01.093000,NA,2022-11-15 14:45:20.992000,NA,NA,week_seven,0.0,0,NA,NA,0,NA,0.0,0.0,0.5827783333333333,0.2547216666666667,0,1,3,NA,2022-11-15 14:53:10.936000,2022-11-15 14:31:08.147000,0.0,0.0,NA,NA,NA,NA,NA,NA,NA,NA,NA,NA
60.0,Turkey,1996,Male,CAH17-01	Business and management,62,14/11/22 - 20/11/22,0.0,1.1886116666666668,0.0,0.0,0.0,0.0,0.0,01:11:19,01:49:57,2,2,0.0,0.0013883333333333332,0.0,0.0,0.0,0.0,0,2,0,0,0,0,NA,2022-11-15 14:16:16.571000,NA,NA,NA,NA,week_seven,0.0,0,NA,NA,0,NA,0.0,0.0,0.0,1.0163883333333332,0,0,2,NA,NA,2022-11-15 14:16:19.077000,0.0,0.0,NA,NA,NA,NA,NA,NA,NA,NA,NA,NA
78.0,United Kingdom of Great Britain and Northern Ireland,1998,Female,CAH17-01	Business and management,63,14/11/22 - 20/11/22,0.0063883333333333335,2.8772216666666663,0.0025,0.0,0.0,0.0,0.0,02:53:10,01:49:57,5,5,0.0,0.0027783333333333336,0.0036116666666666667,0.005,2.291388333333333,0.0,0,3,1,1,2,0,NA,2022-11-15 14:24:34.796000,2022-11-15 14:40:44.330000,2022-11-15 14:44:19.255000,2022-11-15 14:42:36.496000,NA,week_seven,0.0,0,NA,NA,0,NA,0.0,0.0,0.0,0.2075,0,0,1,NA,NA,2022-11-15 14:24:37.446000,0.0,0.0,NA,NA,NA,NA,NA,NA,NA,NA,NA,NA
61.0,Iran,1989,Female,CAH15-04	Health and social care,64,14/11/22 - 20/11/22,0.0,0.0,0.0,1.4866666666666668,1.731945,0.0,0.0,03:13:07,01:49:57,2,4,0.0,0.009443333333333333,0.0,0.0,0.0,0.0,0,2,0,0,0,0,NA,2022-11-17 18:43:38.817000,NA,NA,NA,NA,week_seven,0.0,0,NA,NA,0,NA,0.0,0.0,0.0,0.025833333333333333,0,0,2,NA,NA,2022-11-17 18:44:07.463000,0.0,0.0,NA,NA,NA,NA,NA,NA,NA,NA,NA,NA
55.0,Hong Kong (S.A.R.),2000,Male,"CAH13-01	Architecture, building and planning",65,14/11/22 - 20/11/22,0.0,0.0,0.0,0.0,0.0,0.0,0.0,00:00:00,01:49:57,0,0,0.0,0.0,0.0,0.0,0.0,0.0,0,0,0,0,0,0,NA,NA,NA,NA,NA,NA,week_seven,0.0,0,NA,NA,0,NA,0.0,0.0,0.0,0.0,0,0,0,NA,NA,NA,0.0,0.0,NA,NA,NA,NA,NA,NA,NA,NA,NA,NA
60.0,Hong Kong (S.A.R.),1995,Female,"CAH15-01	Sociology, social policy and anthropology",66,14/11/22 - 20/11/22,0.010833333333333334,1.4191666666666667,0.206945,0.0,0.0,0.031944999999999994,0.0,01:40:08,01:49:57,2,4,0.0,0.00111,0.0,0.0,0.0,0.0,0,2,0,0,0,0,NA,2022-11-14 22:16:37.412000,NA,NA,NA,NA,week_seven,0.0,0,NA,NA,0,NA,0.0,0.0,0.0,1.411945,0,0,2,NA,NA,2022-11-14 22:16:39.535000,0.0,0.0,NA,NA,NA,NA,NA,NA,NA,NA,NA,NA
58.0,India,1987,Female,CAH17-01	Business and management,67,14/11/22 - 20/11/22,0.12222166666666666,3.161111666666667,0.0,0.0,0.0,0.0,0.0,03:17:00,01:49:57,3,3,0.0,0.0013883333333333332,0.000555,0.0,0.0,0.0,0,1,1,0,0,0,NA,2022-11-15 14:36:04.527000,2022-11-15 14:33:15.089000,NA,NA,NA,week_seven,0.0,0,NA,NA,0,NA,0.0,0.0,0.0,3.111388333333333,0,0,2,NA,NA,2022-11-15 14:36:09.399000,0.0,0.0,NA,NA,NA,NA,NA,NA,NA,NA,NA,NA
70.0,Myanmar,1996,Female,CAH11-01	Computing,68,14/11/22 - 20/11/22,0.0,0.32777833333333334,0.0,2.245833333333333,2.4883349999999997,0.0,0.0,05:03:43,01:49:57,2,12,0.0,0.007220000000000001,0.0,0.0,0.0,0.0,0,10,0,0,0,0,NA,2022-11-15 14:16:08.398000,NA,NA,NA,NA,week_seven,0.0,0,NA,NA,0,NA,0.0,0.0,0.0,3.076111666666667,0,0,9,NA,NA,2022-11-15 14:16:10.688000,0.0,0.0,NA,NA,NA,NA,NA,NA,NA,NA,NA,NA
64.0,United Kingdom of Great Britain and Northern Ireland,1992,Male,CAH10-01	Engineering,69,14/11/22 - 20/11/22,0.005,0.0025,0.0,0.0,0.07111166666666667,0.0,0.0,00:04:43,01:49:57,4,7,0.0,0.0052766666666666665,0.00027833333333333334,0.0,0.0,0.0,0,5,1,0,0,0,NA,2022-11-14 09:43:34.120000,2022-11-14 09:43:32.917000,NA,NA,NA,week_seven,0.0,0,NA,NA,0,NA,0.0,0.0,0.0,0.0,0,0,2,NA,NA,2022-11-15 14:14:45.757000,0.0575,1.0,2022-11-18 09:51:53.233000,NA,NA,NA,NA,NA,NA,NA,NA,NA
65.0,Nigeria,1995,Male,CAH15-02	Economics,70,14/11/22 - 20/11/22,3.1772216666666666,2.9316666666666666,0.0,0.0,0.0,0.0,0.0,06:06:32,01:49:57,4,4,0.0,0.003888333333333333,0.0011116666666666666,0.000555,0.0,0.0,0,4,1,1,0,0,NA,2022-11-15 14:10:52.372000,2022-11-15 14:10:48.862000,2022-11-15 14:06:10.287000,NA,NA,week_seven,0.0,0,NA,NA,0,NA,0.0,0.0,0.0,0.983055,0,0,4,NA,NA,2022-11-15 14:10:58.439000,0.0,0.0,NA,NA,NA,NA,NA,NA,NA,NA,NA,NA
64.0,Viet Nam,1998,Male,CAH15-02	Economics,71,14/11/22 - 20/11/22,0.012778333333333334,0.13694499999999998,0.0,0.0,0.0,0.0,0.0,00:08:59,01:49:57,3,9,0.0,0.004166666666666667,0.0,0.0,0.0,0.0,0,5,0,0,0,0,NA,2022-11-15 14:18:39.628000,NA,NA,NA,NA,week_seven,0.0,0,NA,NA,0,NA,0.0,0.0,0.0,0.06166666666666667,0,1,4,NA,2022-11-15 14:56:50.325000,2022-11-15 14:18:41.745000,0.0,0.0,NA,NA,NA,NA,NA,NA,NA,NA,NA,NA
69.0,India,1984,Male,"CAH06-01	Agriculture, food and related studies",72,14/11/22 - 20/11/22,0.06194500000000001,2.9613883333333333,0.0,0.0,0.0,0.0,0.0,03:01:24,01:49:57,3,5,0.0,0.006666666666666667,0.0,0.0,0.0,0.0,0,4,0,0,0,0,NA,2022-11-15 11:09:00.579000,NA,NA,NA,NA,week_seven,0.0,0,NA,NA,0,NA,0.0,0.0,0.0,0.12722166666666668,0,0,3,NA,NA,2022-11-15 11:09:12.021000,0.0,0.0,NA,NA,NA,NA,NA,NA,NA,NA,NA,NA
64.0,India,1997,Female,CAH10-01	Engineering,73,14/11/22 - 20/11/22,0.0,1.28,0.0,0.0,0.0,0.0,0.0,01:16:48,01:49:57,5,7,0.0,0.005833333333333333,0.0008333333333333334,0.0,0.0,0.0,0,5,4,0,0,0,NA,2022-11-15 12:15:12.444000,2022-11-15 12:15:09.757000,NA,NA,NA,week_seven,0.0,0,NA,NA,0,NA,0.0,0.0,0.0,0.04416666666666667,0,0,4,NA,NA,2022-11-15 12:15:20.756000,0.0,0.0,NA,NA,NA,NA,NA,NA,NA,NA,NA,NA
63.0,Sri Lanka,1986,Female,CAH17-01	Business and management,74,14/11/22 - 20/11/22,0.0,0.8794433333333334,0.0,0.0,0.0,0.0,0.0,00:52:46,01:49:57,3,3,0.0,0.003888333333333333,0.0,0.0,0.0,0.0,0,3,0,0,0,0,NA,2022-11-15 14:10:03.291000,NA,NA,NA,NA,week_seven,0.0,0,NA,NA,0,NA,0.0,0.0,0.0,0.39416666666666667,0,0,3,NA,NA,2022-11-15 14:10:09.983000,0.0,0.0,NA,NA,NA,NA,NA,NA,NA,NA,NA,NA
62.0,Sri Lanka,1980,Male,CAH17-01	Business and management,75,14/11/22 - 20/11/22,0.0,1.47389,0.0,0.0,0.0,0.0,0.0,01:28:26,01:49:57,2,2,0.0,0.0025,0.0,0.0,0.0,0.0,0,3,0,0,0,0,NA,2022-11-15 14:20:07.550000,NA,NA,NA,NA,week_seven,0.0,0,NA,NA,0,NA,0.0,0.0,0.0,1.3477783333333335,0,0,3,NA,NA,2022-11-15 14:20:10.840000,0.0,0.0,NA,NA,NA,NA,NA,NA,NA,NA,NA,NA
61.0,Poland,1996,Male,CAH02-05	Medical sciences,76,14/11/22 - 20/11/22,0.0,0.14194500000000002,0.7827783333333332,0.0,0.0,0.0,0.0,00:55:29,01:49:57,3,4,0.0,0.005278333333333333,0.0,0.0,0.0,0.0,0,2,0,0,0,0,NA,2022-11-15 18:39:51.970000,NA,NA,NA,NA,week_seven,0.0,0,NA,NA,0,NA,0.0,0.0,0.1875,0.0,0,1,0,NA,2022-11-16 15:18:22.033000,NA,0.0,0.0,NA,NA,NA,NA,NA,NA,NA,NA,NA,NA
77.0,Sri Lanka,1990,Male,CAH17-01	Business and management,77,14/11/22 - 20/11/22,0.0,0.0,0.0,0.0,0.0,0.0,0.0,00:00:00,01:49:57,0,0,0.0,0.0,0.0,0.0,0.0,0.0,0,0,0,0,0,0,NA,NA,NA,NA,NA,NA,week_seven,0.0,0,NA,NA,0,NA,0.0,0.0,0.0,0.0,0,0,0,NA,NA,NA,0.0,0.0,NA,NA,NA,NA,NA,NA,NA,NA,NA,NA
56.0,Pakistan,1992,Male,CAH10-01	Engineering,78,14/11/22 - 20/11/22,0.0,0.0,0.0,0.0,0.0,0.0,0.0,00:00:00,01:49:57,0,0,0.0,0.0,0.0,0.0,0.0,0.0,0,0,0,0,0,0,NA,NA,NA,NA,NA,NA,week_seven,0.0,0,NA,NA,0,NA,0.0,0.0,0.0,0.0,0,0,0,NA,NA,NA,0.0,0.0,NA,NA,NA,NA,NA,NA,NA,NA,NA,NA
66.0,India,1994,Female,CAH15-02	Economics,79,14/11/22 - 20/11/22,0.0,0.0,0.0,0.0,0.0,0.0,0.0,00:00:00,01:49:57,0,0,0.0,0.0,0.0,0.0,0.0,0.0,0,0,0,0,0,0,NA,NA,NA,NA,NA,NA,week_seven,0.0,0,NA,NA,0,NA,0.0,0.0,0.0,0.0,0,0,0,NA,NA,NA,0.0,0.0,NA,NA,NA,NA,NA,NA,NA,NA,NA,NA
54.0,Nigeria,1988,Male,CAH10-01	Engineering,80,14/11/22 - 20/11/22,0.0,0.0,0.0,0.0,0.0,0.0,0.0,00:00:00,01:49:57,0,0,0.0,0.0,0.0,0.0,0.0,0.0,0,0,0,0,0,0,NA,NA,NA,NA,NA,NA,week_seven,0.0,0,NA,NA,0,NA,0.0,0.0,0.0,0.0,0,0,0,NA,NA,NA,0.0,0.0,NA,NA,NA,NA,NA,NA,NA,NA,NA,NA
73.0,India,1989,Female,CAH11-01	Computing,81,13/03/23 - 19/03/23,0.0,0.9752783333333334,0.07361166666666667,0.0,0.0,0.0,0.0,01:02:56,01:44:17,8,12,0.0,0.004166666666666667,0.00027833333333333334,0.008611666666666665,0.0,0.0,0,6,1,3,0,0,NA,2023-03-14 11:50:00.696000,2023-03-15 20:39:45.925000,2023-03-15 20:39:44.322000,NA,NA,week_seven,0.0,0,NA,NA,2,2023-03-15 20:40:39.743000,0.0036116666666666667,0.010555,0.0,0.9661116666666666,3,1,5,2023-03-15 20:40:13.704000,2023-03-14 11:50:17.803000,2023-03-14 11:50:02.911000,0.0025,1.0,2023-03-15 20:39:13.601000,NA,NA,NA,NA,NA,NA,NA,NA,NA
63.6,Nigeria,1985,Female,CAH09-01	Mathematical sciences,82,13/03/23 - 19/03/23,0.0,2.0211099999999997,0.18972166666666668,0.0,0.0,0.0,0.0,02:12:38,01:44:17,3,5,0.0,0.02111,0.0,0.0008333333333333334,0.0,0.0,0,4,0,1,0,0,NA,2023-03-14 08:23:26.072000,NA,2023-03-14 08:27:22.436000,NA,NA,week_seven,0.0,0,NA,NA,0,NA,0.0,0.0,0.0,1.9811116666666668,0,0,4,NA,NA,2023-03-14 08:23:37.125000,0.0,0.0,NA,NA,NA,NA,NA,NA,NA,NA,NA,NA
65.2,Nigeria,1996,Female,CAH07-01	Physics and astronomy,83,13/03/23 - 19/03/23,0.0,0.404445,0.0,0.0,0.10222166666666667,0.0,0.0,00:30:24,01:44:17,3,5,0.0,0.007221666666666667,0.0,0.003055,0.0,0.0,0,6,0,1,0,0,NA,2023-03-14 14:00:57.541000,NA,2023-03-14 14:12:34.288000,NA,NA,week_seven,0.0,0,NA,NA,0,NA,0.0,0.0,0.0,0.4033333333333333,0,0,4,NA,NA,2023-03-14 14:01:03.228000,0.0,0.0,NA,NA,NA,NA,NA,NA,NA,NA,NA,NA
69.0,India,1999,Male,CAH11-01	Computing,84,13/03/23 - 19/03/23,0.0,0.30361166666666667,0.03888833333333333,0.0,0.0,0.0,0.0,00:20:33,01:44:17,2,5,0.0,0.006943333333333333,0.0,0.0,0.0,0.0,0,4,0,0,0,0,NA,2023-03-14 14:18:52.850000,NA,NA,NA,NA,week_seven,0.0,0,NA,NA,0,NA,0.0,0.0,0.0,0.298055,0,0,3,NA,NA,2023-03-14 14:18:55.654000,0.0,0.0,NA,NA,NA,NA,NA,NA,NA,NA,NA,NA
56.8,Nigeria,1993,Male,"CAH02-02	Pharmacology, toxicology and pharmacy",85,13/03/23 - 19/03/23,0.0,0.001945,0.0,0.0,0.0,0.09361166666666666,0.0,00:05:44,01:44:17,2,2,0.0,0.0011116666666666666,0.0,0.0,0.0,0.0,0,1,0,0,0,0,NA,2023-03-14 14:22:56.669000,NA,NA,NA,NA,week_seven,0.0,0,NA,NA,0,NA,0.0,0.0,0.0,0.0,0,0,1,NA,NA,2023-03-14 14:23:00.294000,0.0,0.0,NA,NA,NA,NA,NA,NA,NA,NA,NA,NA
74.0,Cameroon,1997,Male,CAH10-03	Materials and technology,86,13/03/23 - 19/03/23,0.0,1.893055,0.08916666666666666,0.0,0.09333333333333332,0.0,0.0,02:04:32,01:44:17,4,6,0.0,0.008333333333333333,0.0,0.0,0.0,0.0,0,4,0,0,0,0,NA,2023-03-14 14:11:44.214000,NA,NA,NA,NA,week_seven,0.0,0,NA,NA,0,NA,0.0,0.0,0.003888333333333333,1.6025,0,1,3,NA,2023-03-15 14:24:29.745000,2023-03-14 14:11:58.411000,0.004166666666666667,1.0,2023-03-15 14:24:43.692000,NA,NA,NA,NA,NA,NA,NA,NA,NA
74.6,Egypt,1996,Male,CAH10-01	Engineering,87,13/03/23 - 19/03/23,0.0,1.97,0.0,0.0,0.0,0.011111666666666667,0.0,01:58:52,01:44:17,2,2,0.0,0.0016666666666666668,0.0,0.0,0.0,0.0,0,1,0,0,0,0,NA,2023-03-14 14:16:21.845000,NA,NA,NA,NA,week_seven,0.0,0,NA,NA,0,NA,0.0,0.0,0.0,1.958055,0,0,1,NA,NA,2023-03-14 14:16:27.385000,0.0,0.0,NA,NA,NA,NA,NA,NA,NA,NA,NA,NA
62.6,Nigeria,1980,Male,CAH10-01	Engineering,88,13/03/23 - 19/03/23,0.0,1.2883333333333333,0.014721666666666666,0.01,0.0,0.004445,0.0,01:19:03,01:44:17,2,5,0.0,0.014445000000000001,0.0,0.0,0.0,0.0,0,8,0,0,0,0,NA,2023-03-14 14:07:01.838000,NA,NA,NA,NA,week_seven,0.0,0,NA,NA,0,NA,0.0,0.0,0.0,1.133055,0,0,3,NA,NA,2023-03-14 14:07:05.284000,0.0,0.0,NA,NA,NA,NA,NA,NA,NA,NA,NA,NA
70.0,Thailand,1997,Male,CAH11-01	Computing,89,13/03/23 - 19/03/23,0.0036116666666666667,1.2158333333333333,0.0,0.0,0.0175,0.0,0.0,01:14:13,01:44:17,6,11,0.0,0.004445,0.00027833333333333334,0.00027833333333333334,0.0,0.0,0,5,1,2,0,0,NA,2023-03-13 19:55:24.827000,2023-03-14 13:23:14.839000,2023-03-14 14:17:51.505000,NA,NA,week_seven,0.0,0,NA,NA,0,NA,0.0,0.0,0.0027783333333333336,0.2988883333333333,0,1,5,NA,2023-03-14 13:10:01.461000,2023-03-13 19:55:31.586000,0.0,0.0,NA,NA,NA,NA,NA,NA,NA,NA,NA,NA
68.2,Pakistan,1995,Male,CAH11-01	Computing,90,13/03/23 - 19/03/23,0.0,3.025,0.0,0.0,0.0,0.0,0.0,03:01:30,01:44:17,3,3,0.0,0.0022216666666666665,0.0,0.00027833333333333334,0.0,0.0,0,2,0,2,0,0,NA,2023-03-14 13:46:39.499000,NA,2023-03-14 13:47:00.664000,NA,NA,week_seven,0.0,0,NA,NA,0,NA,0.0,0.0,0.0,2.325278333333334,0,0,4,NA,NA,2023-03-14 13:46:41.848000,0.0,0.0,NA,NA,NA,NA,NA,NA,NA,NA,NA,NA
73.6,Sri Lanka,1994,Male,CAH17-01	Business and management,91,13/03/23 - 19/03/23,0.0,1.9741666666666666,0.0,0.0,0.0,0.0,0.0,01:58:27,01:44:17,3,3,0.0,0.0013883333333333332,0.0,0.0013883333333333332,0.0,0.0,0,1,0,1,0,0,NA,2023-03-14 14:13:03.443000,NA,2023-03-14 14:13:27.744000,NA,NA,week_seven,0.0,0,NA,NA,0,NA,0.0,0.0,0.0,1.9380549999999999,0,0,2,NA,NA,2023-03-14 14:13:08.369000,0.0,0.0,NA,NA,NA,NA,NA,NA,NA,NA,NA,NA
57.0,Nigeria,1992,Male,NA,92,13/03/23 - 19/03/23,0.0,0.05638833333333333,0.0,0.0,0.0,0.0,0.0,00:03:23,01:44:17,2,2,0.0,0.001945,0.0,0.0,0.0,0.0,0,1,0,0,0,0,NA,2023-03-14 14:15:37.551000,NA,NA,NA,NA,week_seven,0.0,0,NA,NA,0,NA,0.0,0.0,0.0,0.0,0,0,1,NA,NA,2023-03-14 14:15:44.410000,0.0,0.0,NA,NA,NA,NA,NA,NA,NA,NA,NA,NA
66.4,Sri Lanka,1986,Male,CAH11-01	Computing,93,13/03/23 - 19/03/23,0.0,0.0,0.0,0.0,0.0,0.0,0.0,00:00:00,01:44:17,0,0,0.0,0.0,0.0,0.0,0.0,0.0,0,0,0,0,0,0,NA,NA,NA,NA,NA,NA,week_seven,0.0,0,NA,NA,0,NA,0.0,0.0,0.0,0.0,0,0,0,NA,NA,NA,0.0,0.0,NA,NA,NA,NA,NA,NA,NA,NA,NA,NA
74.8,India,1984,Female,CAH10-01	Engineering,94,13/03/23 - 19/03/23,0.0,1.770555,0.47833333333333333,0.0,0.0,0.0,0.0,02:14:56,01:44:17,7,8,0.0,0.006111666666666666,0.043333333333333335,0.0027783333333333336,0.0,0.006111666666666666,0,4,2,1,0,1,NA,2023-03-14 14:15:02.102000,2023-03-15 11:53:26.018000,2023-03-15 12:11:00.404000,NA,2023-03-15 12:11:10.738000,week_seven,0.0,1,2023-03-15 16:34:08.091000,NA,0,NA,0.0,0.0,0.0,1.761945,0,0,2,NA,NA,2023-03-14 14:15:05.070000,0.0008333333333333334,1.0,2023-03-15 12:10:57.516000,NA,NA,NA,NA,NA,NA,NA,NA,NA
68.4,Nigeria,1980,Female,CAH03-01	Biosciences,95,13/03/23 - 19/03/23,0.0,2.9752766666666663,0.0,0.0,0.0,0.0,0.0,02:58:31,01:44:17,4,8,0.0,0.012778333333333334,0.0,0.003888333333333333,0.0,0.0,0,9,0,1,0,0,NA,2023-03-14 06:28:14.785000,NA,2023-03-14 06:47:17.771000,NA,NA,week_seven,0.0,0,NA,NA,0,NA,0.0,0.0,0.007221666666666667,1.5647216666666666,0,1,8,NA,2023-03-14 06:28:31.990000,2023-03-14 06:28:21.679000,0.0,0.0,NA,NA,NA,NA,NA,NA,NA,NA,NA,NA
73.4,Sri Lanka,1998,Male,CAH11-01	Computing,96,13/03/23 - 19/03/23,0.0016666666666666668,2.0,0.0,0.0,0.0,0.0,0.0,02:00:06,01:44:17,2,2,0.0,0.0013883333333333332,0.0,0.0,0.0,0.0,0,2,0,0,0,0,NA,2023-03-14 14:07:57.011000,NA,NA,NA,NA,week_seven,0.0,0,NA,NA,0,NA,0.0,0.0,0.0,1.9963883333333332,0,0,2,NA,NA,2023-03-14 14:08:00.093000,0.0,0.0,NA,NA,NA,NA,NA,NA,NA,NA,NA,NA
72.4,Bolivia,1998,Male,CAH10-01	Engineering,97,13/03/23 - 19/03/23,0.0,2.3780550000000003,0.26805500000000004,0.0,0.0,0.0,0.0,02:38:46,01:44:17,4,4,0.0,0.011388333333333332,0.00027833333333333334,0.0,0.0,0.0,0,6,1,0,0,0,NA,2023-03-14 13:41:31.035000,2023-03-14 13:42:26.407000,NA,NA,NA,week_seven,0.0,0,NA,NA,0,NA,0.0,0.0,0.0,1.9094450000000003,0,0,2,NA,NA,2023-03-14 14:09:27.886000,0.00027833333333333334,1.0,2023-03-14 13:42:23.418000,NA,NA,NA,NA,NA,NA,NA,NA,NA
76.0,Spain,1994,Female,"CAH24-01	Media, journalism and communications",98,13/03/23 - 19/03/23,0.0,3.7158333333333333,0.0,0.0,0.0,0.0,0.0,03:42:57,01:44:17,2,2,0.0,0.0008333333333333334,0.0,0.0,0.0,0.0,0,1,0,0,0,0,NA,2023-03-14 14:43:55.402000,NA,NA,NA,NA,week_seven,0.0,0,NA,NA,0,NA,0.0,0.0,0.0,1.4008333333333334,0,0,1,NA,NA,2023-03-14 14:43:57.942000,0.0,0.0,NA,NA,NA,NA,NA,NA,NA,NA,NA,NA
73.8,Turkey,1987,Male,CAH17-01	Business and management,99,13/03/23 - 19/03/23,0.0,3.6258333333333335,0.0,0.0,0.0,0.0,0.06527833333333334,03:41:28,01:44:17,3,4,0.0,0.0011116666666666666,0.0,0.00027833333333333334,0.0,0.0,0,3,0,2,0,0,NA,2023-03-14 14:13:55.073000,NA,2023-03-14 14:14:57.253000,NA,NA,week_seven,0.0,0,NA,NA,0,NA,0.0,0.0,0.0,1.7894450000000002,0,0,4,NA,NA,2023-03-14 14:13:57.374000,0.0,0.0,NA,NA,NA,NA,NA,NA,NA,NA,NA,NA
76.4,Turkey,1990,Male,CAH15-02	Economics,100,13/03/23 - 19/03/23,0.023055,1.8263883333333333,0.5002783333333334,0.0,0.0,0.0,0.0,02:20:59,01:44:17,2,4,0.0,0.003055,0.0,0.0,0.0,0.0,0,4,0,0,0,0,NA,2023-03-13 14:25:35.342000,NA,NA,NA,NA,week_seven,0.0,0,NA,NA,0,NA,0.0,0.0,0.0,1.4608333333333334,0,0,2,NA,NA,2023-03-13 14:25:37.604000,0.0,0.0,NA,NA,NA,NA,NA,NA,NA,NA,NA,NA
60.0,Nigeria,1999,Male,CAH10-01	Engineering,101,13/03/23 - 19/03/23,0.0,0.0,0.001945,0.0,0.06527833333333334,0.0,0.0,00:04:02,01:44:17,0,0,0.0,0.0,0.0,0.0,0.0,0.0,0,0,0,0,0,0,NA,NA,NA,NA,NA,NA,week_seven,0.0,0,NA,NA,0,NA,0.0,0.0,0.0,0.0,0,0,0,NA,NA,NA,0.0,0.0,NA,NA,NA,NA,NA,NA,NA,NA,NA,NA
65.0,Nigeria,1995,Male,CAH07-01	Physics and astronomy,102,13/03/23 - 19/03/23,0.0,1.8094450000000002,0.0,0.0,0.0,0.0,0.0,01:48:34,01:44:17,2,2,0.0,0.0016666666666666668,0.0,0.0,0.0,0.0,0,2,0,0,0,0,NA,2023-03-14 14:13:55.207000,NA,NA,NA,NA,week_seven,0.0,0,NA,NA,0,NA,0.0,0.0,0.0,1.8055549999999998,0,0,2,NA,NA,2023-03-14 14:13:58.998000,0.0,0.0,NA,NA,NA,NA,NA,NA,NA,NA,NA,NA
69.6,Nigeria,1997,Female,CAH07-02	Chemistry,103,13/03/23 - 19/03/23,0.0063883333333333335,0.6313883333333333,0.0,0.0,0.0,0.0,0.0,00:38:16,01:44:17,3,5,0.0,0.0019433333333333336,0.0,0.0,0.0,0.0,0,2,1,0,0,0,NA,2023-03-13 09:16:24.460000,2023-03-14 14:45:23.278000,NA,NA,NA,week_seven,0.0,0,NA,NA,0,NA,0.0,0.0,0.0,0.625,0,0,2,NA,NA,2023-03-13 09:16:29.406000,0.0,0.0,NA,NA,NA,NA,NA,NA,NA,NA,NA,NA
62.8,Nigeria,1976,Male,CAH11-01	Computing,104,13/03/23 - 19/03/23,0.0,1.9602783333333336,0.13583333333333333,0.0,0.0,0.0,0.0,02:05:46,01:44:17,2,3,0.0,0.007778333333333333,0.0,0.0,0.0,0.0,0,4,0,0,0,0,NA,2023-03-14 14:11:08.948000,NA,NA,NA,NA,week_seven,0.0,0,NA,NA,0,NA,0.0,0.0,0.0,1.9380549999999999,0,0,3,NA,NA,2023-03-14 14:11:15.805000,0.0,0.0,NA,NA,NA,NA,NA,NA,NA,NA,NA,NA
71.8,Sri Lanka,1977,Male,CAH09-01	Mathematical sciences,105,13/03/23 - 19/03/23,0.0,1.7758333333333334,0.0,0.0,0.0,0.0,0.0,01:46:33,01:44:17,2,2,0.0,0.003888333333333333,0.0,0.0,0.0,0.0,0,2,0,0,0,0,NA,2023-03-14 14:22:14.687000,NA,NA,NA,NA,week_seven,0.0,0,NA,NA,0,NA,0.0,0.0,0.0,1.77,0,0,2,NA,NA,2023-03-14 14:22:21.630000,0.0,0.0,NA,NA,NA,NA,NA,NA,NA,NA,NA,NA
66.0,Nigeria,1986,Female,CAH03-01	Biosciences,106,13/03/23 - 19/03/23,0.0,2.008888333333333,0.0,0.0,0.0,0.0,0.0,02:00:32,01:44:17,4,4,0.0,0.011666666666666665,0.0,0.0,0.0,0.0,0,6,1,0,0,0,NA,2023-03-14 14:11:36.816000,2023-03-14 19:16:35.848000,NA,NA,NA,week_seven,0.0,0,NA,NA,0,NA,0.0,0.0,0.0025,1.8761116666666668,0,1,3,NA,2023-03-14 19:09:47.969000,2023-03-14 14:11:43.444000,0.0,0.0,NA,NA,NA,NA,NA,NA,NA,NA,NA,NA
63.4,Bangladesh,1999,Male,CAH11-01	Computing,107,13/03/23 - 19/03/23,0.0,0.9713883333333334,0.016666666666666666,0.0,0.0,0.0,0.06749999999999999,01:03:20,01:44:17,6,8,0.0,0.006111666666666666,0.0008333333333333334,0.0,0.0,0.011666666666666665,0,4,2,1,0,1,NA,2023-03-14 13:53:21.169000,2023-03-14 13:53:18.262000,2023-03-14 13:35:17.657000,NA,2023-03-19 20:25:36.934000,week_seven,0.003888333333333333,1,2023-03-19 20:25:17.950000,NA,0,NA,0.0,0.0,0.0,0.9647216666666666,0,0,2,NA,NA,2023-03-14 13:53:26.964000,0.0,0.0,NA,NA,NA,NA,NA,NA,NA,NA,NA,NA
74.0,India,1997,Female,CAH11-01	Computing,108,13/03/23 - 19/03/23,0.0,2.8936116666666667,0.0,0.0,0.0,0.22972166666666669,0.0,03:07:24,01:44:17,3,5,0.0,0.26166666666666666,0.0008333333333333334,0.0,0.0,0.0,0,5,1,0,0,0,NA,2023-03-14 13:04:14.419000,2023-03-18 00:36:49.769000,NA,NA,NA,week_seven,0.0,0,NA,NA,0,NA,0.0,0.0,0.0,1.6458333333333333,0,0,5,NA,NA,2023-03-14 13:04:18.931000,0.0,0.0,NA,NA,NA,NA,NA,NA,NA,NA,NA,NA
52.6,United States of America,1997,Male,CAH03-02	Sport and exercise sciences,109,13/03/23 - 19/03/23,0.0,0.0,0.0,0.0,0.0,0.0,0.0,00:00:00,01:44:17,0,0,0.0,0.0,0.0,0.0,0.0,0.0,0,0,0,0,0,0,NA,NA,NA,NA,NA,NA,week_seven,0.0,0,NA,NA,0,NA,0.0,0.0,0.0,0.0,0,0,0,NA,NA,NA,0.0,0.0,NA,NA,NA,NA,NA,NA,NA,NA,NA,NA
68.0,United Kingdom of Great Britain and Northern Ireland,1998,Female,CAH03-01	Biosciences,110,13/03/23 - 19/03/23,0.0,2.4677783333333334,0.021388333333333336,0.0,0.0,0.0,0.0,02:29:21,01:44:17,4,4,0.0,0.006111666666666666,0.00027833333333333334,0.0,0.0,0.0,0,6,1,0,0,0,NA,2023-03-14 10:58:26.498000,2023-03-14 10:58:25.074000,NA,NA,NA,week_seven,0.0,0,NA,NA,0,NA,0.0,0.0,0.614445,1.8122216666666666,0,1,4,NA,2023-03-14 11:00:40.602000,2023-03-14 10:58:59.395000,0.0,0.0,NA,NA,NA,NA,NA,NA,NA,NA,NA,NA
62.6,Nigeria,1980,Male,CAH15-02	Economics,111,13/11/23 - 19/11/23,0.0,0.49333333333333335,0.0,0.03388833333333333,0.0,0.0,0.0,00:31:38,02:10:13,4,4,0.024721666666666666,0.0025,0.0,0.0,0.0,0.0,1,1,0,0,0,0,NA,2023-11-16 16:36:56.392000,2023-11-14 14:28:43.423000,NA,NA,NA,week_seven,0.0,0,NA,NA,0,NA,0.0,0.0,0.0,0.383055,0,0,1,NA,NA,2023-11-14 14:28:52.100000,0.0,0.0,NA,NA,NA,NA,NA,NA,NA,NA,NA,NA
73.0,Sri Lanka,1992,Female,CAH09-01	Mathematical sciences,112,13/11/23 - 19/11/23,0.034166666666666665,1.2977783333333335,0.01,0.21805500000000003,0.0,0.0,0.0,01:33:36,02:10:13,2,6,0.0,0.011945,0.0,0.0,0.0,0.0,0,4,0,0,0,0,NA,2023-11-13 16:06:55.824000,NA,NA,NA,NA,week_seven,0.0,0,NA,NA,0,NA,0.0,0.0,0.0,0.6847216666666667,0,0,4,NA,NA,2023-11-13 16:07:09.045000,0.0,0.0,NA,NA,NA,NA,NA,NA,NA,NA,NA,NA
59.0,Nigeria,1990,Male,CAH16-01	Law,113,13/11/23 - 19/11/23,0.8522216666666667,5.08139,0.0,0.0,0.0,0.0,0.05,05:59:01,02:10:13,6,7,0.0,0.018055,0.0,0.001945,0.0,0.0,0,8,0,1,0,0,NA,2023-11-14 12:15:24.907000,NA,2023-11-14 12:17:27.817000,NA,NA,week_seven,0.0,0,NA,NA,0,NA,0.0,0.0025,0.0027783333333333336,2.1122216666666667,1,1,5,2023-11-14 12:17:15.321000,2023-11-14 12:17:00.796000,2023-11-14 12:15:29.953000,0.0,0.0,NA,NA,NA,NA,NA,NA,NA,NA,NA,NA
58.0,Nigeria,1996,Female,CAH19-01	English studies,114,13/11/23 - 19/11/23,0.0,1.9680549999999999,0.0,0.0,0.0,0.0,0.0,01:58:05,02:10:13,5,5,0.0,0.41000000000000003,0.0,0.0,0.4952783333333333,0.0,0,6,0,0,2,0,NA,2023-11-14 12:22:52.444000,NA,NA,2023-11-14 13:49:57.809000,NA,week_seven,0.0,0,NA,NA,0,NA,0.0,0.0,0.007221666666666667,0.02333333333333333,0,2,2,NA,2023-11-14 12:24:23.366000,2023-11-14 12:22:56.176000,0.0,0.0,NA,NA,NA,NA,NA,NA,NA,NA,NA,NA
58.0,Nigeria,2001,Male,CAH07-01	Physics and astronomy,115,13/11/23 - 19/11/23,0.0,2.665,0.0,0.027221666666666665,0.012221666666666665,0.005278333333333333,0.0,02:42:35,02:10:13,5,7,0.004166666666666667,0.010833333333333334,0.0,0.0,0.0,0.0,1,5,0,0,0,0,2023-11-18 10:38:27.873000,2023-11-14 13:15:30.503000,NA,NA,NA,NA,week_seven,0.0,0,NA,NA,0,NA,0.0,0.0,0.004166666666666667,2.1641666666666666,0,2,5,NA,2023-11-17 18:20:27.726000,2023-11-14 13:15:40.982000,0.0,0.0,NA,NA,NA,NA,NA,NA,NA,NA,NA,NA
70.6,Ghana,1992,Male,CAH04-01	Psychology,116,13/11/23 - 19/11/23,0.0,1.7219433333333334,0.0,0.0,0.0,0.0,0.0,01:43:19,02:10:13,3,3,0.0,0.005833333333333333,0.0,0.0,0.0,0.0,0,4,0,0,0,0,NA,2023-11-14 14:12:32.690000,NA,NA,NA,NA,week_seven,0.0,0,NA,NA,1,2023-11-14 15:05:26.055000,0.008055,0.0,0.0,0.22416666666666665,0,0,3,NA,NA,2023-11-14 14:12:37.562000,0.0,0.0,NA,NA,NA,NA,NA,NA,NA,NA,NA,NA
66.4,Pakistan,1999,Female,CAH11-01	Computing,117,13/11/23 - 19/11/23,0.0,2.921945,0.0,0.07916666666666666,0.0,0.02333333333333333,0.0,03:01:28,02:10:13,3,7,0.0,0.008055,0.0,0.0,0.0,0.0,0,7,0,0,0,0,NA,2023-11-14 14:15:44.081000,NA,NA,NA,NA,week_seven,0.0,0,NA,NA,0,NA,0.0,0.0,0.0,2.0730549999999996,0,0,6,NA,NA,2023-11-14 14:15:47.475000,0.0,0.0,NA,NA,NA,NA,NA,NA,NA,NA,NA,NA
73.0,Myanmar,1991,Female,CAH17-01	Business and management,118,13/11/23 - 19/11/23,0.053055,4.503333333333333,0.001945,1.7272216666666664,0.001945,0.0,0.003888333333333333,06:17:29,02:10:13,5,8,0.110555,0.0063883333333333335,0.0,0.0,0.0,0.0,2,8,0,0,0,0,2023-11-16 21:14:40.431000,2023-11-13 19:16:54.381000,NA,NA,NA,NA,week_seven,0.0,0,NA,NA,0,NA,0.0,0.0,0.249445,4.281388333333334,0,1,5,NA,2023-11-14 12:34:51.628000,2023-11-13 19:16:59.165000,0.0,0.0,NA,NA,NA,NA,NA,NA,NA,NA,NA,NA
64.4,Nigeria,1994,Male,"CAH26-01 Geography, earth and environmental studies",119,13/11/23 - 19/11/23,0.0,3.90861,0.0,0.0,0.0,0.0,0.051666666666666666,03:57:37,02:10:13,5,11,0.011666666666666665,0.08250166666666667,0.0,0.04416666666666667,0.0,0.0,1,7,0,3,0,0,2023-11-19 10:03:13.299000,2023-11-14 07:18:00.504000,NA,2023-11-14 07:17:28.534000,NA,NA,week_seven,0.0,0,NA,NA,0,NA,0.0,0.0,0.0,0.36611166666666667,0,0,2,NA,NA,2023-11-14 14:27:22.187000,0.0,0.0,NA,NA,NA,NA,NA,NA,NA,NA,NA,NA
52.0,United Kingdom of Great Britain and Northern Ireland,2000,Male,CAH04-01	Psychology,120,13/11/23 - 19/11/23,0.0,0.0,0.0,0.0,0.0,0.0,0.0,00:00:00,02:10:13,0,0,0.0,0.0,0.0,0.0,0.0,0.0,0,0,0,0,0,0,NA,NA,NA,NA,NA,NA,week_seven,0.0,0,NA,NA,0,NA,0.0,0.0,0.0,0.0,0,0,0,NA,NA,NA,0.0,0.0,NA,NA,NA,NA,NA,NA,NA,NA,NA,NA
64.0,United Kingdom of Great Britain and Northern Ireland,2002,Male,CAH11-01	Computing,121,13/11/23 - 19/11/23,0.008333333333333333,1.0883333333333334,0.0,0.0,0.015278333333333335,0.0,0.0,01:06:43,02:10:13,4,6,0.0,0.0027783333333333336,0.0,0.0,0.0,0.0,0,4,0,0,0,0,NA,2023-11-14 13:04:31.512000,NA,NA,NA,NA,week_seven,0.0,0,NA,NA,0,2023-11-14 13:04:34.321000,0.0,0.0,0.0,0.21361166666666664,0,0,4,NA,NA,NA,0.0,0.0,NA,NA,NA,NA,NA,NA,NA,NA,NA,NA
64.0,Poland,2001,Male,CAH17-01	Business and management,122,13/11/23 - 19/11/23,0.0,0.7566666666666666,0.0,0.0,0.0,0.0,0.0,00:45:24,02:10:13,3,3,0.0,0.001945,0.0,0.0013883333333333332,0.0,0.0,0,4,0,1,0,0,NA,2023-11-14 14:16:01.440000,NA,2023-11-14 14:47:35.230000,NA,NA,week_seven,0.0,0,NA,NA,0,NA,0.0,0.0,0.0,0.5297216666666666,0,0,3,NA,NA,2023-11-14 14:16:03.686000,0.0,0.0,NA,NA,NA,NA,NA,NA,NA,NA,NA,NA
74.2,Iran,1982,Male,CAH10-01	Engineering,123,13/11/23 - 19/11/23,0.0,3.190833333333333,0.0,0.0,0.0,0.0,0.0,03:11:27,02:10:13,2,6,0.0,0.0027766666666666664,0.0,0.0,0.0,0.0,0,4,0,0,0,0,NA,2023-11-14 12:19:52.330000,NA,NA,NA,NA,week_seven,0.0,0,NA,NA,0,NA,0.0,0.0,0.0,0.18389,0,0,4,NA,NA,2023-11-14 12:19:54.745000,0.0,0.0,NA,NA,NA,NA,NA,NA,NA,NA,NA,NA
73.2,Malaysia,1992,Male,CAH17-01	Business and management,124,13/11/23 - 19/11/23,0.11111166666666668,0.9952783333333333,0.0,0.0,0.20944333333333331,0.5613883333333334,0.003888333333333333,01:52:52,02:10:13,4,17,0.10388833333333333,0.018053333333333334,0.0,0.0,0.0,0.0,3,8,0,0,0,0,2023-11-17 15:39:18.901000,2023-11-13 18:49:35.011000,NA,NA,NA,NA,week_seven,0.0,0,NA,NA,0,NA,0.0,0.0,0.0,0.6877783333333334,0,0,8,NA,NA,2023-11-13 18:50:22.147000,0.0,0.0,NA,NA,NA,NA,NA,NA,NA,NA,NA,NA
63.0,United Kingdom of Great Britain and Northern Ireland,1987,Male,CAH10-01	Engineering,125,13/11/23 - 19/11/23,0.0027783333333333336,4.2561116666666665,0.5086116666666667,0.0063883333333333335,0.07305666666666667,0.0,0.03666666666666667,04:53:01,02:10:13,2,4,0.0,0.0019433333333333336,0.0,0.0,0.0,0.0,0,4,0,0,0,0,NA,2023-11-14 14:12:10.917000,NA,NA,NA,NA,week_seven,0.0,0,NA,NA,0,NA,0.0,0.0,0.0,1.4061116666666669,0,0,3,NA,NA,2023-11-14 14:12:14.210000,0.0,0.0,NA,NA,NA,NA,NA,NA,NA,NA,NA,NA
73.2,Algeria,2002,Female,"CAH07-04	General, applied and forensic sciences",126,13/11/23 - 19/11/23,0.0,3.44,0.0,0.0,0.0,0.0,0.27527833333333335,03:42:55,02:10:13,3,4,0.0022216666666666665,0.0063883333333333335,0.0,0.0,0.0,0.0,1,6,0,0,0,0,2023-11-19 15:14:29.881000,2023-11-14 13:45:59.687000,NA,NA,NA,NA,week_seven,0.0,0,NA,NA,0,NA,0.0,0.0,0.0,3.2547216666666667,0,0,3,NA,NA,2023-11-14 13:46:02.633000,0.0,0.0,NA,NA,NA,NA,NA,NA,NA,NA,NA,NA
72.0,United Kingdom of Great Britain and Northern Ireland,1980,Female,CAH07-01	Physics and astronomy,127,13/11/23 - 19/11/23,0.14027833333333334,1.604445,0.6094449999999999,0.026388333333333337,0.0,0.0,1.4652783333333335,03:50:45,02:10:13,2,4,0.0,0.014723333333333333,0.0,0.0,0.0,0.0,0,4,0,0,0,0,NA,2023-11-13 13:04:54.237000,NA,NA,NA,NA,week_seven,0.0,0,NA,NA,0,NA,0.0,0.0,0.0,1.0291666666666666,0,0,2,NA,NA,2023-11-14 13:59:30.683000,0.0,0.0,NA,NA,NA,NA,NA,NA,NA,NA,NA,NA
73.8,United Kingdom of Great Britain and Northern Ireland,1984,Female,CAH04-01	Psychology,128,13/11/23 - 19/11/23,0.0,0.007221666666666667,0.029166666666666667,0.0,0.0,0.0,1.2288883333333334,01:15:55,02:10:13,1,1,0.04722166666666667,0.0,0.0,0.0,0.0,0.0,1,0,0,0,0,0,2023-11-19 08:50:46.783000,NA,NA,NA,NA,NA,week_seven,0.0,0,NA,NA,0,NA,0.0,0.0,0.0,0.0,0,0,0,NA,NA,NA,0.0,0.0,NA,NA,NA,NA,NA,NA,NA,NA,NA,NA
72.0,United Kingdom of Great Britain and Northern Ireland,1988,Male,NA,129,13/11/23 - 19/11/23,0.0027783333333333336,1.9927766666666669,0.0,0.0,0.0,0.0,0.0,01:59:44,02:10:13,4,7,0.0,0.006943333333333333,0.0,0.00027833333333333334,0.0,0.0,0,5,0,1,0,0,NA,2023-11-13 09:33:42.942000,NA,2023-11-14 11:54:51.920000,NA,NA,week_seven,0.0,0,NA,NA,0,NA,0.0,0.0,0.0,0.8444433333333333,0,0,4,NA,NA,2023-11-14 11:54:35.291000,0.0,0.0,NA,NA,NA,NA,NA,NA,NA,NA,NA,NA
56.2,China,2001,Male,CAH11-01	Computing,130,13/11/23 - 19/11/23,0.06888833333333334,0.42027666666666674,0.0,0.0125,0.15972166666666668,0.0022216666666666665,0.0,00:39:48,02:10:13,5,13,0.034166666666666665,0.012776666666666667,0.0,0.0,0.0,0.0,5,5,0,0,0,0,2023-11-16 22:00:01.811000,2023-11-13 16:45:12.795000,NA,NA,NA,NA,week_seven,0.0,0,NA,NA,0,NA,0.0,0.0,0.0,0.15777833333333333,0,0,4,NA,NA,2023-11-13 16:45:17.590000,0.0,0.0,NA,NA,NA,NA,NA,NA,NA,NA,NA,NA
74.0,Singapore,1988,Female,CAH04-01	Psychology,131,13/11/23 - 19/11/23,0.0,0.02666666666666667,0.175,0.0,0.0,0.0,0.0,00:12:06,02:10:13,2,3,0.0,0.000555,0.0,0.0,0.0,0.0,0,2,0,0,0,0,NA,2023-11-14 11:22:00.747000,NA,NA,NA,NA,week_seven,0.0,0,NA,NA,0,NA,0.0,0.0,0.0,0.0,0,0,1,NA,NA,2023-11-15 21:22:23.922000,0.0,0.0,NA,NA,NA,NA,NA,NA,NA,NA,NA,NA
65.8,India,1990,Male,CAH11-01	Computing,132,13/11/23 - 19/11/23,0.012778333333333334,1.4733333333333334,0.0,0.0,0.0,0.0,0.0,01:29:10,02:10:13,2,2,0.0,0.0027783333333333336,0.0,0.0,0.0,0.0,0,3,0,0,0,0,NA,2023-11-14 14:17:29.803000,NA,NA,NA,NA,week_seven,0.0,0,NA,NA,0,NA,0.0,0.0,0.0,1.4552783333333335,0,0,3,NA,NA,2023-11-14 14:17:32.984000,0.0,0.0,NA,NA,NA,NA,NA,NA,NA,NA,NA,NA
61.8,Philippines,1984,Male,CAH17-01	Business and management,133,13/11/23 - 19/11/23,0.0,0.0,0.0,0.0,0.0,0.0,0.0,00:00:00,02:10:13,0,0,0.0,0.0,0.0,0.0,0.0,0.0,0,0,0,0,0,0,NA,NA,NA,NA,NA,NA,week_seven,0.0,0,NA,NA,0,NA,0.0,0.0,0.0,0.0,0,0,0,NA,NA,NA,0.0,0.0,NA,NA,NA,NA,NA,NA,NA,NA,NA,NA
62.2,Turkey,1982,Male,CAH11-01	Computing,134,13/11/23 - 19/11/23,0.018333333333333333,1.4730549999999998,0.0,0.8030550000000001,0.030278333333333334,0.0025,0.065555,02:23:34,02:10:13,1,2,0.0,0.0,0.0,0.0,0.0,0.0,1,0,0,0,0,0,2023-11-16 21:28:10.787000,NA,NA,NA,NA,NA,week_seven,0.0,0,NA,NA,0,NA,0.0,0.0,0.0,0.0,0,0,0,NA,NA,NA,0.0,0.0,NA,NA,NA,NA,NA,NA,NA,NA,NA,NA
70.6,Viet Nam,1995,Male,NA,135,13/11/23 - 19/11/23,0.23111166666666666,5.506666666666666,0.0,0.0,0.0,1.3677783333333335,0.0,07:06:20,02:10:13,7,12,0.354445,0.007223333333333333,0.0,0.26388833333333334,0.0,0.0,3,11,0,1,0,0,2023-11-19 01:32:11.218000,2023-11-13 16:17:43.717000,NA,2023-11-19 02:33:51.976000,NA,NA,week_seven,0.0,0,NA,NA,0,NA,0.0,0.001945,0.034166666666666665,2.0625,1,2,8,2023-11-19 02:50:36.787000,2023-11-14 12:14:27.876000,2023-11-13 16:17:46.730000,0.0,0.0,NA,NA,NA,NA,NA,NA,NA,NA,NA,NA
72.0,United Kingdom of Great Britain and Northern Ireland,1974,Male,CAH11-01	Computing,136,13/11/23 - 19/11/23,0.0,0.09527833333333334,0.0,0.0,0.0,0.0,0.0,00:05:43,02:10:13,2,2,0.0,0.0008333333333333334,0.0,0.0,0.0,0.0,0,1,0,0,0,0,NA,2023-11-14 14:11:36.282000,NA,NA,NA,NA,week_seven,0.0,0,NA,NA,0,NA,0.0,0.0,0.0,0.0,0,0,1,NA,NA,2023-11-14 14:11:39.681000,0.0,0.0,NA,NA,NA,NA,NA,NA,NA,NA,NA,NA
58.0,Nigeria,1991,Female,CAH17-01	Business and management,137,13/11/23 - 19/11/23,0.0,2.8141666666666665,0.0,0.0,0.0,0.0,0.0,02:48:51,02:10:13,2,2,0.0,0.0025,0.0,0.0,0.0,0.0,0,1,0,0,0,0,NA,2023-11-14 14:07:48.697000,NA,NA,NA,NA,week_seven,0.0,0,NA,NA,0,NA,0.0,0.0,0.0,2.8102783333333337,0,0,1,NA,NA,2023-11-14 14:07:57.523000,0.0,0.0,NA,NA,NA,NA,NA,NA,NA,NA,NA,NA
58.0,Morocco,2001,Male,CAH11-01	Computing,138,13/11/23 - 19/11/23,0.023055,2.82,0.0,0.0,0.0,0.020833333333333332,0.5458333333333333,03:24:35,02:10:13,4,9,0.0,0.007778333333333333,0.0,0.0,0.0,0.0,0,5,0,0,0,0,NA,2023-11-13 10:52:48.081000,NA,NA,NA,NA,week_seven,0.0,0,NA,NA,0,NA,0.0,0.0,0.763055,1.8247216666666666,0,1,3,NA,2023-11-14 15:27:56.046000,2023-11-14 14:09:46.419000,0.0,0.0,NA,NA,NA,NA,NA,NA,NA,NA,NA,NA
63.0,Nigeria,2000,Male,CAH03-01	Biosciences,139,13/11/23 - 19/11/23,0.04916666666666667,0.027221666666666665,0.0,0.0,0.0,0.0,0.0,00:04:35,02:10:13,1,1,0.0,0.0,0.0,0.0,0.0,0.0,1,0,0,0,0,0,2023-11-14 14:25:45.768000,NA,NA,NA,NA,NA,week_seven,0.0,0,NA,NA,0,NA,0.0,0.0,0.0,0.0,0,0,0,NA,NA,NA,0.0,0.0,NA,NA,NA,NA,NA,NA,NA,NA,NA,NA
75.2,United Kingdom of Great Britain and Northern Ireland,1988,Female,CAH04-01	Psychology,140,13/11/23 - 19/11/23,0.0275,0.0,0.0,0.0,0.0,0.0,0.0,00:01:39,02:10:13,0,0,0.0,0.0,0.0,0.0,0.0,0.0,0,0,0,0,0,0,NA,NA,NA,NA,NA,NA,week_seven,0.0,0,NA,NA,0,NA,0.0,0.0,0.0,0.0,0,0,0,NA,NA,NA,0.0,0.0,NA,NA,NA,NA,NA,NA,NA,NA,NA,NA
51.8,China,2001,Male,CAH11-01	Computing,141,13/11/23 - 19/11/23,0.35972166666666666,2.7666666666666666,0.0,0.0,0.0,0.0027783333333333336,0.0,03:07:45,02:10:13,4,4,0.0,0.003888333333333333,0.0,0.0,0.0,0.0,1,2,0,0,0,0,2023-11-16 21:49:47.041000,2023-11-14 14:14:40.461000,NA,NA,NA,NA,week_seven,0.0,0,NA,NA,0,NA,0.0,0.0,0.0,0.35333333333333333,0,0,1,NA,NA,2023-11-14 14:14:46.045000,0.0,0.0,NA,NA,NA,NA,NA,NA,NA,NA,NA,NA
60.0,Jordan,1994,Female,CAH04-01	Psychology,142,13/11/23 - 19/11/23,0.0,3.6372233333333335,0.0,0.0,0.0,0.0,0.0,03:38:14,02:10:13,2,3,0.0,0.23972166666666667,0.0,0.0,0.0,0.0,0,4,0,0,0,0,NA,2023-11-14 08:42:06.320000,NA,NA,NA,NA,week_seven,0.0,0,NA,NA,0,NA,0.0,0.0,0.0,2.2041666666666666,0,0,3,NA,NA,2023-11-14 14:10:12.407000,0.0,0.0,NA,NA,NA,NA,NA,NA,NA,NA,NA,NA
64.0,United Kingdom of Great Britain and Northern Ireland,1990,Male,CAH02-05	Medical sciences,143,13/11/23 - 19/11/23,0.0,0.8036116666666666,0.0,0.0,0.0,0.0,0.0,00:48:13,02:10:13,2,2,0.0,0.003055,0.0,0.0,0.0,0.0,0,4,0,0,0,0,NA,2023-11-14 14:11:22.849000,NA,NA,NA,NA,week_seven,0.0,0,NA,NA,0,NA,0.0,0.0,0.0,0.125,0,0,4,NA,NA,2023-11-14 14:11:25.436000,0.0,0.0,NA,NA,NA,NA,NA,NA,NA,NA,NA,NA
64.4,Bangladesh,1995,Female,CAH17-01	Business and management,144,13/11/23 - 19/11/23,0.0,0.012778333333333334,0.0,0.0,0.0,0.0,0.0,00:00:46,02:10:13,0,0,0.0,0.0,0.0,0.0,0.0,0.0,0,0,0,0,0,0,NA,NA,NA,NA,NA,NA,week_seven,0.0,0,NA,NA,0,NA,0.0,0.0,0.0,0.0,0,0,0,NA,NA,NA,0.0,0.0,NA,NA,NA,NA,NA,NA,NA,NA,NA,NA
64.0,United Kingdom of Great Britain and Northern Ireland,2002,Male,CAH20-01	History and archaeology,145,13/11/23 - 19/11/23,0.2875,3.7488900000000003,0.0,0.08972166666666667,0.37083333333333335,0.0,0.0,04:29:49,02:10:13,5,10,0.2,0.012221666666666665,0.0,0.0,0.0,0.0,2,8,0,0,0,0,2023-11-16 21:43:26.901000,2023-11-13 14:00:15.311000,NA,NA,NA,NA,week_seven,0.0,0,NA,NA,0,NA,0.0,0.0,0.0013883333333333332,0.7052783333333333,0,1,5,NA,2023-11-13 14:00:21.387000,2023-11-13 14:11:52.770000,0.0,0.0,NA,NA,NA,NA,NA,NA,NA,NA,NA,NA
74.0,United Kingdom of Great Britain and Northern Ireland,1979,Female,CAH22-01	Education and teaching,146,13/11/23 - 19/11/23,0.31111000000000005,0.2302783333333333,0.0,0.0,1.1863883333333332,0.0,0.040555,01:46:05,02:10:13,3,7,0.0,0.09083333333333334,0.0,0.0,0.0,0.0,0,8,0,0,0,0,NA,2023-11-13 11:04:16.379000,NA,NA,NA,NA,week_seven,0.0,0,NA,NA,0,NA,0.0,0.0,0.0,0.7675,0,0,4,NA,NA,2023-11-14 14:11:42.137000,0.0,0.0,NA,NA,NA,NA,NA,NA,NA,NA,NA,NA
76.2,United Kingdom of Great Britain and Northern Ireland,1983,Male,CAH09-01	Mathematical sciences,147,13/11/23 - 19/11/23,0.0,4.075833333333334,0.0,0.0,0.0,0.0,0.0,04:04:33,02:10:13,2,2,0.0,0.000555,0.0,0.0,0.0,0.0,0,1,0,0,0,0,NA,2023-11-14 14:41:44.039000,NA,NA,NA,NA,week_seven,0.0,0,NA,NA,0,NA,0.0,0.0,0.0,2.375555,0,0,1,NA,NA,2023-11-14 14:41:46.157000,0.0,0.0,NA,NA,NA,NA,NA,NA,NA,NA,NA,NA
73.4,Sri Lanka,1983,Male,CAH10-01	Engineering,148,13/11/23 - 19/11/23,0.0,1.9775,0.0,0.0,0.07,0.13722333333333334,0.0,02:11:05,02:10:13,4,9,0.008333333333333333,0.6219433333333334,0.0,0.17916666666666667,0.0,0.0,1,6,0,2,0,0,2023-11-18 12:17:14.511000,2023-11-14 12:55:16.211000,NA,2023-11-14 13:26:58.075000,NA,NA,week_seven,0.0,0,NA,NA,0,NA,0.0,0.0,0.0,0.7186116666666666,0,0,4,NA,NA,2023-11-14 14:11:52.277000,0.0,0.0,NA,NA,NA,NA,NA,NA,NA,NA,NA,NA
60.4,Sri Lanka,1993,Male,CAH17-01	Business and management,149,13/11/23 - 19/11/23,2.0566666666666666,0.5816666666666667,0.0,0.0,0.0,0.0,0.0016666666666666668,02:38:24,02:10:13,6,8,0.0,0.01583333333333333,0.0,0.0013883333333333332,0.0,0.0,1,8,0,1,0,0,2023-11-19 11:42:27.215000,2023-11-13 17:01:18.905000,NA,2023-11-13 17:22:24.542000,NA,NA,week_seven,0.0,0,NA,NA,0,NA,0.0,0.0011116666666666666,0.031111666666666666,0.7072216666666667,1,2,4,2023-11-13 17:20:01.788000,2023-11-13 17:01:25.747000,2023-11-13 17:03:14.045000,0.0,0.0,NA,NA,NA,NA,NA,NA,NA,NA,NA,NA
61.8,United Kingdom of Great Britain and Northern Ireland,2000,Male,CAH09-01	Mathematical sciences,150,13/11/23 - 19/11/23,0.0,0.001945,0.0,0.0,0.0,0.0,0.0,00:00:07,02:10:13,0,0,0.0,0.0,0.0,0.0,0.0,0.0,0,0,0,0,0,0,NA,NA,NA,NA,NA,NA,week_seven,0.0,0,NA,NA,0,NA,0.0,0.0,0.0,0.0,0,0,0,NA,NA,NA,0.0,0.0,NA,NA,NA,NA,NA,NA,NA,NA,NA,NA
63.6,United Kingdom of Great Britain and Northern Ireland,1996,Male,CAH04-01	Psychology,151,13/11/23 - 19/11/23,0.041666666666666664,3.0436116666666666,0.0,0.0,0.0,0.0,0.0,03:05:07,02:10:13,3,5,0.0,0.0025,0.0,0.0036116666666666667,0.0,0.0,0,3,0,1,0,0,NA,2023-11-13 17:12:31.327000,NA,2023-11-14 14:18:04.570000,NA,NA,week_seven,0.0,0,NA,NA,0,NA,0.0,0.0,0.0,0.5161116666666666,0,0,2,NA,NA,2023-11-13 17:12:38.039000,0.0,0.0,NA,NA,NA,NA,NA,NA,NA,NA,NA,NA
61.2,Bangladesh,1999,Male,CAH10-01	Engineering,152,13/11/23 - 19/11/23,0.0,2.8802783333333335,0.0027783333333333336,0.0,0.0,0.0,0.0,02:52:59,02:10:13,2,2,0.0,0.000555,0.0,0.0,0.0,0.0,0,1,0,0,0,0,NA,2023-11-14 14:28:09.649000,NA,NA,NA,NA,week_seven,0.0,0,NA,NA,0,NA,0.0,0.0,0.0,2.634721666666666,0,0,1,NA,NA,2023-11-14 14:28:11.647000,0.0,0.0,NA,NA,NA,NA,NA,NA,NA,NA,NA,NA
58.0,Nigeria,1976,Female,CAH25-01	Creative arts and design,153,13/11/23 - 19/11/23,0.6997216666666667,1.0741666666666667,0.0,0.0,0.0,0.0,0.0,01:46:26,02:10:13,2,4,0.0,0.48611166666666666,0.0,0.0,0.0,0.0,0,3,0,0,0,0,NA,2023-11-13 17:31:48.319000,NA,NA,NA,NA,week_seven,0.0,0,NA,NA,0,NA,0.0,0.0,0.0,0.614445,0,0,3,NA,NA,2023-11-13 17:31:52.656000,0.0,0.0,NA,NA,NA,NA,NA,NA,NA,NA,NA,NA
71.0,Pakistan,1998,Male,CAH11-01	Computing,154,13/11/23 - 19/11/23,0.0,0.3725,0.0,0.0,0.0,0.0,0.0,00:22:21,02:10:13,5,5,0.0,0.0022216666666666665,0.0,0.000555,0.0,0.0,0,2,0,1,0,0,NA,2023-11-14 13:57:08.872000,NA,2023-11-14 13:57:06.784000,NA,NA,week_seven,0.0,0,NA,NA,0,NA,0.0,0.0,0.0,0.1363883333333333,0,0,2,NA,NA,2023-11-14 13:57:12.358000,0.0,0.0,NA,NA,NA,NA,NA,NA,NA,NA,NA,NA
68.2,Turkey,1969,Female,CAH22-01	Education and teaching,155,13/11/23 - 19/11/23,0.0,0.0,0.0,0.1,0.6041683333333333,0.0,0.0,00:42:15,02:10:13,3,7,0.076945,0.007778333333333333,0.0,0.0,0.0,0.0,1,4,0,0,0,0,2023-11-17 21:28:42.582000,2023-11-17 13:22:44.543000,NA,NA,NA,NA,week_seven,0.0,0,NA,NA,0,NA,0.0,0.0,0.0,0.5083333333333333,0,0,4,NA,NA,2023-11-17 13:22:48.830000,0.0,0.0,NA,NA,NA,NA,NA,NA,NA,NA,NA,NA
73.0,Sri Lanka,2001,Male,CAH17-01	Business and management,156,13/11/23 - 19/11/23,0.0,1.2336116666666668,0.0,0.0,0.0,0.0,0.030000000000000002,01:15:49,02:10:13,4,6,0.0127783333333333,0.0025,0.0,0.0,0.0,0.0,1,3,0,0,0,0,2023-11-19 23:34:16.485000,2023-11-14 14:13:28.657000,NA,NA,NA,NA,week_seven,0.0,0,NA,NA,0,NA,0.0,0.0,0.0,1.1997233333333335,0,0,3,NA,NA,2023-11-14 14:13:31.823000,0.0,0.0,NA,NA,NA,NA,NA,NA,NA,NA,NA,NA
61.4,Sri Lanka,1986,Male,CAH17-01	Business and management,157,13/11/23 - 19/11/23,0.0,1.9925,0.0,0.0,0.0,0.0,0.021388333333333336,02:00:50,02:10:13,4,4,0.0,0.0016666666666666668,0.0,0.0,0.0,0.0,0,83,0,0,0,0,NA,2023-11-19 16:06:50.806000,NA,NA,NA,NA,week_seven,0.0,0,NA,NA,0,NA,0.0,0.0,0.003888333333333333,0.009721666666666665,0,1,2,NA,2023-11-19 16:07:29.562000,2023-11-19 16:06:52.859000,0.0,0.0,NA,NA,NA,NA,NA,NA,NA,NA,NA,NA
60.6,India,1995,Male,CAH10-01	Engineering,158,13/11/23 - 19/11/23,0.6141666666666666,3.082221666666667,0.003055,0.77,0.003888333333333333,0.14861166666666664,0.0,04:37:19,02:10:13,3,9,0.016944999999999998,0.011666666666666665,0.0,0.0,0.0,0.0,1,5,0,0,0,0,2023-11-18 01:44:34.344000,2023-11-14 14:11:36.921000,NA,NA,NA,NA,week_seven,0.0,0,NA,NA,0,NA,0.0,0.0,0.0,3.5955549999999996,0,0,5,NA,NA,2023-11-14 14:11:41.166000,0.0,0.0,NA,NA,NA,NA,NA,NA,NA,NA,NA,NA
48.2,Cameroon,1991,Female,CAH17-01	Business and management,159,13/11/23 - 19/11/23,0.031944999999999994,2.246666666666667,0.0,0.0,0.08277833333333334,0.031111666666666666,0.06749999999999999,02:27:36,02:10:13,6,10,0.15083166666666667,0.008333333333333333,0.0,0.0,0.0,0.0,3,4,0,0,0,0,2023-11-17 11:59:27.128000,2023-11-14 14:18:40.157000,NA,NA,NA,NA,week_seven,0.0,0,NA,NA,0,NA,0.0,0.0,0.0,0.0,0,0,1,NA,NA,2023-11-14 14:18:48.057000,0.0,0.0,NA,NA,NA,NA,NA,NA,NA,NA,NA,NA
61.8,United Kingdom of Great Britain and Northern Ireland,2001,Male,CAH09-01	Mathematical sciences,160,13/11/23 - 19/11/23,0.0,0.0,0.0,0.0,0.0,0.014721666666666666,0.0,00:00:53,02:10:13,0,0,0.0,0.0,0.0,0.0,0.0,0.0,0,0,0,0,0,0,NA,NA,NA,NA,NA,NA,week_seven,0.0,0,NA,NA,0,NA,0.0,0.0,0.0,0.0,0,0,0,NA,NA,NA,0.0,0.0,NA,NA,NA,NA,NA,NA,NA,NA,NA,NA
64.4,Egypt,2000,Male,CAH11-01	Computing,161,13/11/23 - 19/11/23,0.0025,1.5038883333333333,0.0,0.0,0.0,0.0,0.0,01:30:23,02:10:13,2,2,0.0,0.000555,0.0,0.0,0.0,0.0,0,1,0,0,0,0,NA,2023-11-14 14:05:20.741000,NA,NA,NA,NA,week_seven,0.0,0,NA,NA,0,NA,0.0,0.0,0.0,1.4997216666666666,0,0,1,NA,NA,2023-11-14 14:05:23.047000,0.0,0.0,NA,NA,NA,NA,NA,NA,NA,NA,NA,NA
69.4,Myanmar,1995,Male,CAH11-01	Computing,162,13/11/23 - 19/11/23,0.0,3.015,0.0,0.0,0.03777833333333334,0.0,0.0,03:03:10,02:10:13,2,4,0.0,0.00389,0.0,0.0,0.0,0.0,0,2,0,0,0,0,NA,2023-11-14 14:16:14.788000,NA,NA,NA,NA,week_seven,0.0,0,NA,NA,0,NA,0.0,0.0,0.0,2.9002783333333335,0,0,2,NA,NA,2023-11-14 14:16:18.507000,0.0,0.0,NA,NA,NA,NA,NA,NA,NA,NA,NA,NA
72.0,United Kingdom of Great Britain and Northern Ireland,1991,Male,CAH15-03	Politics,163,13/11/23 - 19/11/23,0.005833333333333333,1.4838883333333333,0.0,0.0,0.0,0.010833333333333334,0.0,01:30:02,02:10:13,3,3,0.009721666666666665,0.041945,0.0,0.0,0.0,0.0,1,4,0,0,0,0,2023-11-18 11:48:08.988000,2023-11-14 14:05:49.263000,NA,NA,NA,NA,week_seven,0.0,0,NA,NA,0,NA,0.0,0.0,0.0,0.860555,0,0,3,NA,NA,2023-11-14 14:05:52.017000,0.0,0.0,NA,NA,NA,NA,NA,NA,NA,NA,NA,NA
65.0,Sri Lanka,1994,Male,CAH11-01	Computing,164,13/11/23 - 19/11/23,0.0,4.6525,0.0,0.0,0.0,0.03277833333333333,0.0,04:41:07,02:10:13,5,7,0.0,0.004445,0.0,0.0,0.0,0.0,1,5,0,0,0,0,2023-11-18 10:54:47.693000,2023-11-14 16:25:13.691000,NA,NA,NA,NA,week_seven,0.0,0,NA,NA,0,NA,0.0,0.0,0.033055,0.60639,0,2,3,NA,2023-11-14 16:25:24.584000,2023-11-14 16:25:18.104000,0.0,0.0,NA,NA,NA,NA,NA,NA,NA,NA,NA,NA
61.6,Turkey,1984,Male,CAH17-01	Business and management,165,13/11/23 - 19/11/23,0.008333333333333333,3.0030550000000003,0.7666666666666667,0.3783333333333333,0.104445,0.0,0.0,04:15:39,02:10:13,7,12,0.19083333333333333,0.005833333333333333,0.0,0.011388333333333332,0.0,0.0,2,7,0,1,0,0,2023-11-16 15:45:55.092000,2023-11-14 14:11:33.085000,NA,2023-11-16 19:55:04.910000,NA,NA,week_seven,0.0,0,NA,NA,0,NA,0.0,0.0,0.0016666666666666668,3.475,0,1,6,NA,2023-11-17 19:58:09.583000,2023-11-14 14:11:36.827000,0.0,0.0,NA,NA,NA,NA,NA,NA,NA,NA,NA,NA
68.6,Malaysia,1998,Female,CAH17-01	Business and management,166,13/11/23 - 19/11/23,0.0,0.11305499999999999,0.0,0.0,0.0,0.20916666666666667,0.0,00:19:20,02:10:13,4,4,0.20166666666666666,0.0013883333333333332,0.0,0.0,0.0,0.0,1,2,0,0,0,0,2023-11-18 20:03:27.648000,2023-11-14 14:10:35.964000,NA,NA,NA,NA,week_seven,0.0,0,NA,NA,0,NA,0.0,0.0,0.0,0.1075,0,1,1,NA,2023-11-14 14:17:08.321000,2023-11-14 14:10:38.150000,0.0,0.0,NA,NA,NA,NA,NA,NA,NA,NA,NA,NA
74.6,Pakistan,1995,Male,CAH10-01	Engineering,167,13/11/23 - 19/11/23,0.007778333333333333,2.9044450000000004,0.0016666666666666668,0.050278333333333335,0.005833333333333333,0.0,0.0,02:58:12,02:10:13,5,9,0.0,0.0036116666666666667,0.0,0.0,0.0,0.0,0,3,0,0,0,0,NA,2023-11-14 14:11:54.138000,NA,NA,NA,NA,week_seven,0.0,0,NA,NA,0,NA,0.0,0.0,0.0036116666666666667,2.894721666666667,0,2,3,NA,2023-11-16 20:46:51.636000,2023-11-14 14:12:01.064000,0.0,0.0,NA,NA,NA,NA,NA,NA,NA,NA,NA,NA
63.0,United Kingdom of Great Britain and Northern Ireland,2001,Female,CAH17-01	Business and management,168,13/11/23 - 19/11/23,0.0,2.12639,0.0,0.0,0.0,0.0,0.0,02:07:35,02:10:13,4,6,0.0,0.014166666666666666,0.0,0.0,0.0,0.0,0,7,0,0,0,0,NA,2023-11-14 12:14:09.981000,NA,NA,NA,NA,week_seven,0.0,0,NA,NA,0,NA,0.0,0.0,0.06527833333333334,1.8616666666666668,0,2,5,NA,2023-11-14 12:15:14.700000,2023-11-14 12:14:44.100000,0.0,0.0,NA,NA,NA,NA,NA,NA,NA,NA,NA,NA
76.2,Sweden,1977,Male,"CAH15-01	Sociology, social policy and anthropology",169,13/11/23 - 19/11/23,0.055555,0.0,0.0,0.0,0.0,0.0,0.0,00:03:20,02:10:13,0,0,0.0,0.0,0.0,0.0,0.0,0.0,0,0,0,0,0,0,NA,NA,NA,NA,NA,NA,week_seven,0.0,0,NA,NA,0,NA,0.0,0.0,0.0,0.0,0,0,0,NA,NA,NA,0.0,0.0,NA,NA,NA,NA,NA,NA,NA,NA,NA,NA
73.4,Pakistan,1987,Male,CAH11-01	Computing,170,13/11/23 - 19/11/23,0.0,3.0525,0.004445,0.0,0.5522216666666666,0.0,0.0,03:36:33,02:10:13,3,9,0.051388333333333334,0.012778333333333334,0.0,0.0,0.0,0.0,1,6,0,0,0,0,2023-11-17 17:00:42.489000,2023-11-14 11:20:07.529000,NA,NA,NA,NA,week_seven,0.0,0,NA,NA,0,NA,0.0,0.0,0.0,1.7219450000000003,0,0,6,NA,2023-11-14 11:20:15.579000,NA,0.0,0.0,NA,NA,NA,NA,NA,NA,NA,NA,NA,NA
73.2,India,2001,Male,CAH10-01	Engineering,171,13/11/23 - 19/11/23,0.08,2.788888333333333,0.0,0.09722166666666666,0.04388833333333333,0.508055,0.0,03:31:04,02:10:13,4,14,0.0022216666666666665,0.010833333333333334,0.0,0.0,0.00027833333333333334,0.0,1,10,0,0,1,0,2023-11-17 20:21:54.914000,2023-11-13 21:04:20.792000,NA,NA,2023-11-14 09:20:45.053000,NA,week_seven,0.0,0,NA,NA,0,NA,0.0,0.0,0.0,1.5222200000000001,0,0,9,NA,NA,2023-11-13 21:04:38.324000,0.0,0.0,NA,NA,NA,NA,NA,NA,NA,NA,NA,NA
63.8,Nigeria,2001,Male,"CAH26-01 Geography, earth and environmental studies",172,13/11/23 - 19/11/23,0.0022216666666666665,2.6127783333333334,0.0,0.0,0.0,0.0,0.0,02:36:54,02:10:13,2,2,0.0,0.0016666666666666668,0.0,0.0,0.0,0.0,0,2,0,0,0,0,NA,2023-11-14 14:16:14.655000,NA,NA,NA,NA,week_seven,0.0,0,NA,NA,0,NA,0.0,0.0,0.0,0.4791666666666667,0,0,2,NA,NA,2023-11-14 14:16:17.482000,0.0,0.0,NA,NA,NA,NA,NA,NA,NA,NA,NA,NA
74.0,Viet Nam,1998,Male,CAH11-01	Computing,173,13/11/23 - 19/11/23,0.014166666666666666,2.075,0.007221666666666667,0.020278333333333332,0.0,0.0,0.0,02:07:00,02:10:13,5,6,0.008055,0.006943333333333333,0.0,0.0,0.0,0.0,1,4,0,0,0,0,2023-11-16 16:10:16.934000,2023-11-14 12:10:36.122000,NA,NA,NA,NA,week_seven,0.0,0,NA,NA,0,NA,0.0,0.0,0.021945,0.635,0,1,2,NA,2023-11-14 12:10:40.922000,2023-11-14 12:12:01.906000,0.0,0.0,NA,NA,NA,NA,NA,NA,NA,NA,NA,NA
64.6,China,2002,Male,CAH11-01	Computing,174,13/11/23 - 19/11/23,0.017778333333333333,1.4400000000000002,0.0,0.0,0.0,0.0,0.0,01:27:28,02:10:13,5,6,0.0,0.004166666666666667,0.0,0.0,0.0,0.0,0,5,0,0,0,0,NA,2023-11-13 07:54:12.232000,NA,NA,NA,NA,week_seven,0.0,0,NA,NA,0,NA,0.0,0.0036116666666666667,0.011945,0.17583333333333334,1,2,2,2023-11-13 07:54:54.743000,2023-11-13 07:54:14.161000,2023-11-14 14:25:35.949000,0.0,0.0,NA,NA,NA,NA,NA,NA,NA,NA,NA,NA
71.2,Nigeria,1996,Female,CAH17-01	Business and management,175,13/11/23 - 19/11/23,0.7466666666666666,0.0,0.0,0.01638833333333333,1.5616666666666668,0.0,0.0,02:19:29,02:10:13,1,1,0.0,0.0,0.0,0.0011116666666666666,0.0,0.0,0,0,0,1,0,0,NA,NA,NA,2023-11-13 08:36:47.076000,NA,NA,week_seven,0.0,0,NA,NA,0,NA,0.0,0.0,0.0,0.0,0,0,0,NA,NA,NA,0.0,0.0,NA,NA,NA,NA,NA,NA,NA,NA,NA,NA
64.4,Nigeria,1980,Female,CAH09-01	Mathematical sciences,176,13/11/23 - 19/11/23,0.333055,1.5474999999999999,0.0,0.0,0.0,0.015000000000000001,0.0,01:53:44,02:10:13,8,14,0.0,0.044721666666666667,0.0,0.009445000000000002,0.0,0.0,0,11,0,3,1,0,NA,2023-11-13 02:05:47.400000,NA,2023-11-13 02:06:19.525000,2023-11-13 16:34:17.909000,NA,week_seven,0.0,0,NA,NA,0,NA,0.0,0.019166666666666665,0.042221666666666664,0.3261116666666667,1,5,3,2023-11-13 02:08:48.700000,2023-11-13 02:10:03.858000,2023-11-14 14:22:27.467000,0.0,0.0,NA,NA,NA,NA,NA,NA,NA,NA,NA,NA
66.2,Nigeria,2001,Female,CAH17-01	Business and management,177,13/11/23 - 19/11/23,0.0,0.844445,0.0,0.0,0.0,0.0,0.0,00:50:40,02:10:13,3,3,0.0,0.006111666666666666,0.0,0.0,0.0,0.0,0,3,0,0,0,0,NA,2023-11-14 13:58:13.490000,NA,NA,NA,NA,week_seven,0.0,0,NA,NA,0,NA,0.0,0.0,0.0,0.5172216666666667,0,0,3,NA,NA,2023-11-14 13:58:23.533000,0.0,0.0,NA,NA,NA,NA,NA,NA,NA,NA,NA,NA
63.0,Australia,1977,Female,CAH16-01	Law,178,13/11/23 - 19/11/23,0.0,3.091388333333333,0.0,0.0,0.0,0.0,0.0,03:05:29,02:10:13,2,2,0.0,0.0047216666666666665,0.0,0.0,0.0,0.0,0,2,0,0,0,0,NA,2023-11-14 14:11:41.422000,NA,NA,NA,NA,week_seven,0.0,0,NA,NA,0,NA,0.0,0.0,0.0,2.4183333333333334,0,0,2,NA,NA,2023-11-14 14:11:48.035000,0.0,0.0,NA,NA,NA,NA,NA,NA,NA,NA,NA,NA
65.8,United Kingdom of Great Britain and Northern Ireland,2001,Male,CAH11-01	Computing,179,13/11/23 - 19/11/23,0.0,3.6458333333333335,0.0,0.0,0.0,0.0,0.0,03:38:45,02:10:13,2,2,0.0,0.0025,0.0,0.0,0.0,0.0,0,4,0,0,0,0,NA,2023-11-14 14:10:23.611000,NA,NA,NA,NA,week_seven,0.0,0,NA,NA,0,NA,0.0,0.0,0.0,1.2986116666666667,0,0,4,NA,NA,2023-11-14 14:10:25.870000,0.0,0.0,NA,NA,NA,NA,NA,NA,NA,NA,NA,NA
73.2,India,2000,Male,CAH10-01	Engineering,180,13/11/23 - 19/11/23,0.0,4.075833333333334,0.0,0.0,0.0,0.0,0.0,04:04:33,02:10:13,5,5,0.0,0.001945,0.0,0.1725,0.0,0.0,0,2,0,1,0,0,NA,2023-11-14 11:08:03.109000,NA,2023-11-14 14:55:00.151000,NA,NA,week_seven,0.0,0,NA,NA,0,NA,0.0,0.0,0.0,3.7797216666666666,0,0,2,NA,NA,2023-11-14 11:08:07.015000,0.0,0.0,NA,NA,NA,NA,NA,NA,NA,NA,NA,NA
64.4,Nigeria,1976,Female,CAH17-01	Business and management,181,13/11/23 - 19/11/23,0.009445000000000002,4.8475,0.0,0.0,0.011945,0.0,0.0,04:52:08,02:10:13,5,5,0.0,0.003055,0.0,0.0025,0.0,0.0,1,2,0,1,0,0,2023-11-17 12:47:23.145000,2023-11-14 14:21:52.977000,NA,2023-11-14 14:33:02.519000,NA,NA,week_seven,0.0,0,NA,NA,0,NA,0.0,0.0,0.0,0.19722166666666668,0,0,2,NA,NA,2023-11-14 14:22:01.333000,0.0,0.0,NA,NA,NA,NA,NA,NA,NA,NA,NA,NA
63.4,Sri Lanka,2000,Female,CAH17-01	Business and management,182,13/11/23 - 19/11/23,0.013888333333333332,0.709445,0.0,0.0,0.0,0.0,0.0,00:43:24,02:10:13,2,2,0.0,0.004445,0.0,0.0,0.0,0.0,0,2,0,0,0,0,NA,2023-11-14 14:03:34.482000,NA,NA,NA,NA,week_seven,0.0,0,NA,NA,0,NA,0.0,0.0,0.0,0.29583333333333334,0,0,2,NA,NA,NA,0.0,0.0,NA,NA,NA,NA,NA,NA,NA,NA,NA,NA
68.6,Viet Nam,1997,Female,CAH17-01	Business and management,183,13/11/23 - 19/11/23,0.0033333333333333335,1.3861116666666669,0.0,0.0,0.0,0.0,0.0,01:23:22,02:10:13,2,3,0.0,0.004166666666666667,0.0,0.0,0.0,0.0,0,3,0,0,0,0,NA,2023-11-13 09:15:38.563000,NA,NA,NA,NA,week_seven,0.0,0,NA,NA,0,NA,0.0,0.0,0.0,0.0,0,0,1,NA,NA,2023-11-14 14:10:49.578000,0.0,0.0,NA,NA,NA,NA,NA,NA,NA,NA,NA,NA
73.0,Thailand,2001,Male,CAH17-01	Business and management,184,13/11/23 - 19/11/23,0.0,2.04611,0.0,0.0,0.03555666666666667,0.0,0.0,02:04:54,02:10:13,7,10,0.014445000000000001,0.06333333333333332,0.0,0.0008333333333333334,0.0,0.0,2,5,0,1,0,0,2023-11-17 00:48:07.484000,2023-11-14 12:11:57.999000,NA,2023-11-14 12:13:17.880000,NA,NA,week_seven,0.0,0,NA,NA,0,NA,0.0,0.0,0.005,0.939445,0,1,3,NA,2023-11-14 14:30:27.190000,2023-11-14 12:12:00.643000,0.0,0.0,NA,NA,NA,NA,NA,NA,NA,NA,NA,NA
67.4,United Kingdom of Great Britain and Northern Ireland,2001,Male,CAH04-01	Psychology,185,13/11/23 - 19/11/23,0.0008333333333333334,4.583888333333333,0.0,0.025,0.0,0.0,0.0,04:36:35,02:10:13,4,4,0.024444999999999998,0.05083333333333333,0.0,0.0,0.0,0.0,1,7,0,0,0,0,2023-11-16 16:05:14.756000,2023-11-14 12:02:54.903000,NA,NA,NA,NA,week_seven,0.0,0,NA,NA,0,NA,0.0,0.0,0.0,0.36166666666666664,0,0,6,NA,NA,2023-11-14 12:02:56.643000,0.0,0.0,NA,NA,NA,NA,NA,NA,NA,NA,NA,NA
62.4,Iran,1995,Female,CAH10-01	Engineering,186,13/11/23 - 19/11/23,0.0,2.848055,0.0,0.0,0.0,0.0,0.0,02:50:53,02:10:13,3,3,0.0,0.012221666666666665,0.0,0.0011116666666666666,0.0,0.0,0,3,0,1,0,0,NA,2023-11-14 14:14:49.628000,NA,2023-11-14 15:09:54.338000,NA,NA,week_seven,0.0,0,NA,NA,0,NA,0.0,0.0,0.0,0.8283333333333334,0,0,2,NA,NA,2023-11-14 14:15:08.722000,0.0,0.0,NA,NA,NA,NA,NA,NA,NA,NA,NA,NA
64.8,United Kingdom of Great Britain and Northern Ireland,1997,Female,CAH09-01	Mathematical sciences,187,13/11/23 - 19/11/23,0.0063883333333333335,2.3583333333333334,0.0,0.0,0.16777666666666666,0.0,0.0,02:31:56,02:10:13,2,4,0.0,0.055555,0.0,0.0,0.0,0.0,0,3,0,0,0,0,NA,2023-11-14 14:05:19.271000,NA,NA,NA,NA,week_seven,0.0,0,NA,NA,0,NA,0.0,0.0,0.0,1.9952783333333335,0,0,2,NA,NA,2023-11-14 14:05:21.980000,0.0,0.0,NA,NA,NA,NA,NA,NA,NA,NA,NA,NA
52.4,Egypt,1986,Male,CAH10-01	Engineering,188,13/11/23 - 19/11/23,0.0,0.693055,0.0,0.0,0.0,0.0,0.0,00:41:35,02:10:13,2,2,0.0,0.0016666666666666668,0.0,0.0,0.0,0.0,0,1,0,0,0,0,NA,2023-11-14 14:28:15.292000,NA,NA,NA,NA,week_seven,0.0,0,NA,NA,0,NA,0.0,0.0,0.0,0.2916666666666667,0,0,1,NA,NA,2023-11-14 14:28:21.148000,0.0,0.0,NA,NA,NA,NA,NA,NA,NA,NA,NA,NA
63.8,Sri Lanka,1987,Female,CAH10-01	Engineering,189,13/11/23 - 19/11/23,0.034721666666666665,2.8277783333333337,0.5808333333333333,0.2522216666666667,0.22055500000000003,0.01638833333333333,0.0,03:55:56,02:10:13,3,12,0.23583333333333334,0.010831666666666667,0.0,0.0,0.0,0.0,1,7,0,0,0,0,2023-11-16 21:00:30.791000,2023-11-13 20:33:53.800000,NA,NA,NA,NA,week_seven,0.0,0,NA,NA,0,NA,0.0,0.0,0.0,0.5083333333333333,0,0,6,NA,NA,2023-11-13 20:34:01.656000,0.0,0.0,NA,NA,NA,NA,NA,NA,NA,NA,NA,NA
73.8,Algeria,1996,Male,NA,190,13/11/23 - 19/11/23,0.0,2.4472233333333335,0.0,0.0,0.0,0.0,0.0,02:26:50,02:10:13,5,7,0.0,0.479445,0.0,0.0,0.0,0.0,0,5,0,0,0,0,NA,2023-11-14 11:08:02.386000,NA,NA,NA,NA,week_seven,0.0,0,NA,NA,0,NA,0.0,0.0,0.0011116666666666666,1.7238883333333332,0,1,4,NA,2023-11-14 14:39:30.716000,2023-11-14 11:08:06.437000,0.0,0.0,NA,NA,NA,NA,NA,NA,NA,NA,NA,NA
62.4,Sri Lanka,1996,Female,CAH17-01	Business and management,191,13/11/23 - 19/11/23,0.0,2.8377783333333335,0.004445,0.020833333333333332,0.704445,0.0,0.0,03:34:03,02:10:13,5,9,0.013611666666666668,0.005556666666666667,0.0,0.0,0.0,0.0,1,4,0,0,0,0,2023-11-17 20:31:57.612000,2023-11-14 14:30:42.123000,NA,NA,NA,NA,week_seven,0.0,0,NA,NA,0,NA,0.0,0.0,0.0,3.0952783333333334,0,0,4,NA,NA,2023-11-14 14:30:46.957000,0.0,0.0,NA,NA,NA,NA,NA,NA,NA,NA,NA,NA
73.0,Iran,1988,Male,CAH10-01	Engineering,192,13/11/23 - 19/11/23,0.0,1.8111116666666667,0.007500000000000001,0.0,0.0,0.0,0.0,01:49:07,02:10:13,3,3,0.0,0.003055,0.0,0.0,0.0,0.0,0,2,0,0,0,0,NA,2023-11-14 14:15:04.736000,NA,NA,NA,NA,week_seven,0.0,0,NA,NA,0,NA,0.0,0.0,0.0,1.4591666666666667,0,0,2,NA,NA,2023-11-14 14:15:11.973000,0.0,0.0,NA,NA,NA,NA,NA,NA,NA,NA,NA,NA
73.0,Sri Lanka,1996,Female,CAH09-01	Mathematical sciences,193,13/11/23 - 19/11/23,0.010278333333333334,0.8808349999999999,0.0,0.0,0.0,0.025555,0.0,00:55:00,02:10:13,5,5,0.023888333333333334,0.001945,0.0,0.0,0.0,0.0,1,2,0,0,0,0,2023-11-18 14:43:22.796000,2023-11-14 14:12:25.538000,NA,NA,NA,NA,week_seven,0.0,0,NA,NA,0,NA,0.0,0.0,0.0,0.29583333333333334,0,0,3,NA,NA,2023-11-14 14:12:29.371000,0.0,0.0,NA,NA,NA,NA,NA,NA,NA,NA,NA,NA
69.2,India,1996,Male,CAH17-01	Business and management,194,13/11/23 - 19/11/23,0.0,0.0,0.0,0.0,0.0,0.0,0.0,00:00:00,02:10:13,0,0,0.0,0.0,0.0,0.0,0.0,0.0,0,0,0,0,0,0,NA,NA,NA,NA,NA,NA,week_seven,0.0,0,NA,NA,0,NA,0.0,0.0,0.0,0.0,0,0,0,NA,NA,NA,0.0,0.0,NA,NA,NA,NA,NA,NA,NA,NA,NA,NA
62.4,India,1997,Male,CAH10-01	Engineering,195,13/11/23 - 19/11/23,0.088055,4.096666666666667,0.0,0.0,0.11027833333333333,0.0,0.0,04:17:42,02:10:13,4,6,0.034444999999999996,0.005555000000000001,0.0,0.0008333333333333334,0.0,0.0,1,4,0,1,0,0,2023-11-17 20:13:05.823000,2023-11-14 14:11:34.537000,NA,2023-11-17 20:15:15.064000,NA,NA,week_seven,0.0,0,NA,NA,0,NA,0.0,0.0,0.0,3.573056666666667,0,0,4,NA,NA,2023-11-14 14:11:46.470000,0.0,0.0,NA,NA,NA,NA,NA,NA,NA,NA,NA,NA
70.0,Nigeria,1991,Male,CAH11-01	Computing,196,13/11/23 - 19/11/23,0.0,0.7347233333333333,0.0,0.0,0.35138833333333336,1.013055,0.017778333333333333,02:07:01,02:10:13,6,9,0.32861166666666664,0.009443333333333333,0.0,0.0,0.0,0.0,1,5,0,0,0,0,2023-11-17 10:55:33.812000,2023-11-14 15:22:32.529000,NA,NA,NA,NA,week_seven,0.0,0,NA,NA,0,NA,0.0,0.0,0.0,0.873055,0,0,3,NA,NA,2023-11-14 15:22:38.419000,0.0,0.0,NA,NA,NA,NA,NA,NA,NA,NA,NA,NA
58.0,Nigeria,1997,Female,CAH15-02	Economics,197,13/11/23 - 19/11/23,2.0733333333333333,2.0725,0.0,0.005555000000000001,0.029445,0.008888333333333333,0.0,04:11:23,02:10:13,7,16,0.0,1.7852766666666668,0.0,0.0,0.008333333333333333,0.005,1,11,0,0,2,1,2023-11-16 23:29:58.463000,2023-11-13 13:36:52.531000,NA,NA,2023-11-13 18:56:55.598000,2023-11-13 18:57:17.713000,week_seven,0.0,0,NA,NA,0,NA,0.0,0.0,0.475,0.0,0,2,2,NA,2023-11-14 13:13:06.269000,2023-11-14 15:25:03.482000,0.0,0.0,NA,NA,NA,NA,NA,NA,NA,NA,NA,NA
57.0,United Kingdom of Great Britain and Northern Ireland,2000,Female,CAH04-01	Psychology,198,13/11/23 - 19/11/23,0.09138833333333334,0.0,0.0,0.0,0.0,0.0,0.6702783333333333,00:45:42,02:10:13,4,6,0.230555,0.43083333333333335,0.0,0.0,0.0,0.0,2,4,0,0,0,0,2023-11-19 23:26:33.702000,2023-11-13 18:10:27.692000,NA,NA,NA,NA,week_seven,0.0,0,NA,NA,0,NA,0.0,0.0,0.0,0.06166666666666667,0,0,2,NA,NA,2023-11-13 18:10:32.585000,0.0,0.0,NA,NA,NA,NA,NA,NA,NA,NA,NA,NA
68.6,Malaysia,2000,Female,CAH17-01	Business and management,199,13/11/23 - 19/11/23,0.0,0.9211116666666667,0.0,0.0,0.0,0.0,0.0,00:55:16,02:10:13,2,2,0.0,0.0022216666666666665,0.0,0.0,0.0,0.0,0,2,0,0,0,0,NA,2023-11-14 14:10:52.563000,NA,NA,NA,NA,week_seven,0.0,0,NA,NA,0,NA,0.0,0.0,0.0,0.7930550000000001,0,0,2,NA,NA,2023-11-14 14:10:57.657000,0.0,0.0,NA,NA,NA,NA,NA,NA,NA,NA,NA,NA
63.2,United Kingdom of Great Britain and Northern Ireland,2001,Female,CAH15-02	Economics,200,13/11/23 - 19/11/23,0.06027833333333334,2.191666666666667,0.0,0.0,0.0,0.0,0.001945,02:15:14,02:10:13,2,4,0.0,0.0025,0.0,0.0,0.0,0.0,0,3,0,0,0,0,NA,2023-11-13 17:24:28.560000,NA,NA,NA,NA,week_seven,0.0,0,NA,NA,0,NA,0.0,0.0,0.0,0.08611166666666667,0,0,2,NA,NA,2023-11-13 17:24:32.614000,0.0,0.0,NA,NA,NA,NA,NA,NA,NA,NA,NA,NA
71.2,China,2002,Male,CAH11-01	Computing,201,13/11/23 - 19/11/23,3.525,1.7650000000000001,0.0,0.4077783333333333,2.8741666666666665,0.8911116666666666,0.0,09:27:47,02:10:13,7,24,2.4275,0.04944333333333333,0.0,0.0013883333333333332,0.0,0.0,4,11,0,1,0,0,2023-11-17 13:14:22.615000,2023-11-13 17:31:58.768000,NA,2023-11-14 12:40:34.762000,NA,NA,week_seven,0.0,0,NA,NA,0,NA,0.0,0.0,0.0,3.049721666666666,0,0,8,NA,NA,2023-11-13 17:32:00.962000,0.0,0.0,NA,NA,NA,NA,NA,NA,NA,NA,NA,NA
68.2,Iran,1992,Female,CAH10-01	Engineering,202,13/11/23 - 19/11/23,0.0,0.0,0.0,0.0,0.0,0.0,0.0,00:00:00,02:10:13,0,0,0.0,0.0,0.0,0.0,0.0,0.0,0,0,0,0,0,0,NA,NA,NA,NA,NA,NA,week_seven,0.0,0,NA,NA,0,NA,0.0,0.0,0.0,0.0,0,0,0,NA,NA,NA,0.0,0.0,NA,NA,NA,NA,NA,NA,NA,NA,NA,NA
73.2,Pakistan,1994,Male,CAH10-01	Engineering,203,13/11/23 - 19/11/23,0.0,0.0,0.0,0.0,0.0,0.0,0.0,00:00:00,02:10:13,0,0,0.0,0.0,0.0,0.0,0.0,0.0,0,0,0,0,0,0,NA,NA,NA,NA,NA,NA,week_seven,0.0,0,NA,NA,0,NA,0.0,0.0,0.0,0.0,0,0,0,NA,NA,NA,0.0,0.0,NA,NA,NA,NA,NA,NA,NA,NA,NA,NA
52.5,India,1999,Male,CAH10-01	Engineering,204,13/11/23 - 19/11/23,0.0,2.9266666666666667,0.0,0.043054999999999996,0.0,1.8877783333333333,0.0,04:51:27,02:10:13,2,4,0.0,0.0,0.0,0.0,0.0,0.0,0,0,0,0,0,0,NA,NA,NA,NA,NA,NA,week_seven,0.0,0,NA,NA,0,NA,0.0,0.0,0.010555,0.0,0,2,0,NA,2023-11-16 09:20:01.984000,NA,0.0,0.0,NA,NA,NA,NA,NA,NA,NA,NA,NA,NA
68.6,Myanmar,2001,Female,CAH17-01	Business and management,205,13/11/23 - 19/11/23,0.0,0.0,0.0,0.0,0.0,0.0,0.0,00:00:00,02:10:13,0,0,0.0,0.0,0.0,0.0,0.0,0.0,0,0,0,0,0,0,NA,NA,NA,NA,NA,NA,week_seven,0.0,0,NA,NA,0,NA,0.0,0.0,0.0,0.0,0,0,0,NA,NA,NA,0.0,0.0,NA,NA,NA,NA,NA,NA,NA,NA,NA,NA
73.8,Turkey,1999,Female,CAH10-01	Engineering,206,13/11/23 - 19/11/23,0.0,0.866945,0.0,0.0,0.0,0.0,0.0,00:52:01,02:10:13,4,4,0.0,0.0036116666666666667,0.0,0.0,0.0,0.0,0,3,0,0,0,0,NA,2023-11-14 14:05:53.720000,NA,NA,NA,NA,week_seven,0.0,0,NA,NA,0,NA,0.0,0.0,0.0008333333333333334,0.479445,0,1,2,NA,2023-11-14 14:38:52.663000,2023-11-14 14:05:56.435000,0.0,0.0,NA,NA,NA,NA,NA,NA,NA,NA,NA,NA
71.6,Nigeria,1994,Male,CAH15-02	Economics,207,13/11/23 - 19/11/23,0.0,2.945,3.546111666666667,0.0,0.0008333333333333334,0.03722166666666667,0.0,06:31:45,02:10:13,3,6,0.008055,0.003888333333333333,0.0,0.0,0.0,0.0,2,3,0,0,0,0,2023-11-17 20:36:14.535000,2023-11-14 14:12:52.921000,NA,NA,NA,NA,week_seven,0.0,0,NA,NA,0,NA,0.0,0.0,0.0,0.08388833333333333,0,0,3,NA,NA,2023-11-14 14:13:00.969000,0.0,0.0,NA,NA,NA,NA,NA,NA,NA,NA,NA,NA
60.4,India,1992,Male,CAH19-01	English studies,208,13/11/23 - 19/11/23,0.011945,0.23277833333333334,0.0,0.0,0.0,0.0,0.0,00:14:41,02:10:13,2,2,0.0,0.0027783333333333336,0.0,0.0,0.0,0.0,0,1,0,0,0,0,NA,2023-11-14 14:20:23.823000,NA,NA,NA,NA,week_seven,0.0,0,NA,NA,0,NA,0.0,0.0,0.0,0.0,0,0,1,NA,NA,2023-11-14 14:20:33.445000,0.0,0.0,NA,NA,NA,NA,NA,NA,NA,NA,NA,NA
64.0,Bangladesh,1996,Female,CAH17-01	Business and management,209,13/11/23 - 19/11/23,0.0,0.83111,0.0,3.5227783333333336,0.0,0.0,0.0,04:21:14,02:10:13,7,10,3.3752783333333336,0.005833333333333333,0.0,0.06583333333333334,0.0,0.0,3,4,0,3,0,0,2023-11-16 15:53:09.499000,2023-11-14 03:54:19.860000,NA,2023-11-14 14:52:23.160000,NA,NA,week_seven,0.0,0,NA,NA,0,NA,0.0,0.0,0.010833333333333334,0.53639,0,1,3,NA,2023-11-14 03:55:57.519000,2023-11-14 03:54:26.751000,0.0,0.0,NA,NA,NA,NA,NA,NA,NA,NA,NA,NA
73.0,Sri Lanka,1996,Female,CAH11-01	Computing,210,13/11/23 - 19/11/23,0.014721666666666666,0.23,0.0,0.0,0.0,0.0,0.0,00:14:41,02:10:13,4,7,0.0,0.019723333333333332,0.0,0.0025,0.0,0.0,0,3,0,1,0,0,NA,2023-11-14 12:47:29.336000,NA,2023-11-14 12:48:36.662000,NA,NA,week_seven,0.0,0,NA,NA,0,NA,0.0,0.0,0.0,0.007221666666666667,0,0,2,NA,NA,2023-11-14 12:47:36.847000,0.0,0.0,NA,NA,NA,NA,NA,NA,NA,NA,NA,NA
61.8,Myanmar,1998,Female,CAH11-01	Computing,211,13/11/23 - 19/11/23,0.08499999999999999,1.134445,0.0,0.6433333333333333,1.3880566666666667,0.0016666666666666668,0.0,03:15:09,02:10:13,4,13,0.0,0.07027666666666668,0.0,0.0,0.0,0.0,0,10,0,0,0,0,NA,2023-11-13 11:37:58.550000,NA,NA,NA,NA,week_seven,0.0,0,NA,NA,0,NA,0.0,0.0,0.0,2.759443333333333,0,0,8,NA,NA,2023-11-14 14:08:11.996000,0.0,0.0,NA,NA,NA,NA,NA,NA,NA,NA,NA,NA
63.0,United States of America,2001,Male,CAH11-01	Computing,212,13/11/23 - 19/11/23,0.06638833333333333,2.4294450000000003,0.0,0.0,0.0,0.0,0.0,02:29:45,02:10:13,3,5,0.0,0.007500000000000001,0.0,0.0,0.0,0.0,0,3,0,0,0,0,NA,2023-11-13 19:31:25.821000,NA,NA,NA,NA,week_seven,0.0,0,NA,NA,0,NA,0.0,0.0,0.0022216666666666665,2.349723333333334,0,1,2,NA,2023-11-13 19:31:37.540000,2023-11-13 19:34:13.804000,0.0,0.0,NA,NA,NA,NA,NA,NA,NA,NA,NA,NA
60.0,Nigeria,1996,Male,"CAH13-01	Architecture, building and planning",1,21/11/22 - 27/11/22,0.0,0.6186116666666667,0.0,0.0,0.0,0.0,0.0,00:37:07,01:34:15,5,5,0.013333333333333334,0.005,0.000555,0.0,0.0,0.0,1,3,1,0,0,0,2022-11-22 14:08:14.225000,2022-11-22 14:20:15.973000,2022-11-22 14:24:31.239000,NA,NA,NA,week_eight,0.0,0,NA,NA,0,NA,0.0,0.0,0.0,0.0,0,0,0,NA,NA,NA,0.3727783333333333,3,2022-11-22 14:20:23.226000,0.0,0.0,NA,NA,NA,NA,NA,NA,NA
70.0,Nigeria,1996,Male,CAH07-02	Chemistry,2,21/11/22 - 27/11/22,0.0175,4.101111666666666,0.0,0.0,0.0,0.0,0.0,04:07:07,01:34:15,3,5,2.2222216666666665,0.0022233333333333332,0.0,0.0,0.0,0.0,1,2,0,0,0,0,2022-11-22 15:48:06.434000,2022-11-21 18:38:34.089000,NA,NA,NA,NA,week_eight,0.0,0,NA,NA,0,NA,0.0,0.0,0.0,0.0,0,0,0,NA,NA,NA,1.0961116666666666,2,2022-11-21 18:38:38.059000,0.0,0.0,NA,NA,NA,NA,NA,NA,NA
65.0,Nigeria,1990,Female,CAH15-02	Economics,3,21/11/22 - 27/11/22,0.0,0.8825000000000001,0.0,0.0,0.0,0.0,0.23388833333333334,01:06:59,01:34:15,6,8,0.007776666666666666,0.003888333333333333,0.0,0.0,0.0,0.0,3,2,0,0,0,0,2022-11-22 14:08:52.600000,2022-11-22 13:17:37.005000,NA,NA,NA,NA,week_eight,0.0,0,NA,NA,0,NA,0.0,0.0,0.0,0.0,0,0,0,NA,NA,NA,0.853055,2,2022-11-22 13:17:41.337000,0.0,0.0,NA,NA,NA,NA,NA,NA,NA
55.0,Nigeria,1991,Male,CAH15-02	Economics,4,21/11/22 - 27/11/22,0.0,1.904445,0.0,1.0152783333333333,0.0,0.0,0.0,02:55:11,01:34:15,6,12,0.01,0.005555000000000001,0.0,0.0,0.0,0.0,5,4,0,0,0,0,2022-11-22 14:07:50.279000,2022-11-22 14:15:56.532000,NA,NA,NA,NA,week_eight,0.0,0,NA,NA,0,NA,0.0,0.0,0.0,0.0,0,0,0,NA,NA,NA,1.3008333333333333,4,2022-11-22 14:16:02.085000,0.0,0.0,NA,NA,NA,NA,NA,NA,NA
65.0,Pakistan,1998,Male,CAH17-01	Business and management,5,21/11/22 - 27/11/22,0.0,1.568055,0.010555,0.0,0.0,1.9866666666666668,0.0,03:33:55,01:34:15,6,8,0.008055,0.0013883333333333332,0.0,0.0,0.0,0.0,3,2,0,0,0,0,2022-11-22 15:48:09.125000,2022-11-22 14:19:16.480000,NA,NA,NA,NA,week_eight,0.0,0,NA,NA,0,NA,0.0,0.0,0.0,0.0,0,0,0,NA,NA,NA,1.4894433333333335,2,2022-11-22 14:19:18.683000,0.0,0.0,NA,NA,NA,NA,NA,NA,NA
62.0,Nigeria,1985,Male,CAH10-01	Engineering,6,21/11/22 - 27/11/22,0.0,3.1211116666666667,0.0,0.0,0.0,0.0,0.0,03:07:16,01:34:15,4,4,0.004166666666666667,0.675555,0.0,0.0,0.0,0.0,3,2,0,0,0,0,2022-11-22 11:34:55.694000,2022-11-22 12:21:55.215000,NA,NA,NA,NA,week_eight,0.0,0,NA,NA,0,NA,0.0,0.0,0.0,0.0,0,0,0,NA,NA,NA,2.3963883333333333,3,2022-11-22 11:35:01.891000,0.0,0.0,NA,NA,NA,NA,NA,NA,NA
61.0,Nigeria,1985,Male,CAH11-01	Computing,7,21/11/22 - 27/11/22,0.0,0.0,0.0,0.0,0.0,0.0,0.0,00:00:00,01:34:15,0,0,0.0,0.0,0.0,0.0,0.0,0.0,0,0,0,0,0,0,NA,NA,NA,NA,NA,NA,week_eight,0.0,0,NA,NA,0,NA,0.0,0.0,0.0,0.0,0,0,0,NA,NA,NA,0.0,0,NA,0.0,0.0,NA,NA,NA,NA,NA,NA,NA
77.0,United Kingdom of Great Britain and Northern Ireland,2001,Female,"CAH07-04	General, applied and forensic sciences",8,21/11/22 - 27/11/22,0.0,0.027778333333333332,0.0,0.003055,0.0,0.0,0.0,00:01:51,01:34:15,6,9,0.0022216666666666665,0.0016666666666666668,0.0,0.0,0.0,0.0,4,2,0,0,0,0,2022-11-22 12:49:45.597000,2022-11-22 13:24:25.607000,NA,NA,NA,NA,week_eight,0.0,0,NA,NA,0,NA,0.0,0.0,0.0,0.0,0,0,0,NA,NA,NA,0.007778333333333333,1,2022-11-22 13:24:28.439000,0.0,1.0,2022-11-24 10:29:48.204000,NA,NA,NA,NA,NA,NA
61.0,Nigeria,1976,Male,CAH03-01	Biosciences,9,21/11/22 - 27/11/22,0.0,0.007500000000000001,0.0,0.0,0.0,0.0,0.0,00:00:27,01:34:15,2,2,0.0,0.004166666666666667,0.0,0.0,0.0,0.0,0,1,0,0,0,0,NA,2022-11-22 14:26:25.724000,NA,NA,NA,NA,week_eight,0.0,0,NA,NA,0,NA,0.0,0.0,0.0,0.0,0,0,0,NA,NA,NA,0.0,1,2022-11-22 14:26:41.074000,0.0,0.0,NA,NA,NA,NA,NA,NA,NA
63.0,India,1998,Female,CAH11-01	Computing,10,21/11/22 - 27/11/22,0.0,1.3383333333333334,0.0,0.0,0.0,0.0,0.0,01:20:18,01:34:15,4,4,0.0,0.05777833333333334,0.000555,0.0,0.0,0.0,0,4,1,0,0,0,NA,2022-11-22 14:24:09.748000,2022-11-22 14:46:14.891000,NA,NA,NA,week_eight,0.0,0,NA,NA,0,NA,0.0,0.0,0.0,0.0,0,0,0,NA,NA,NA,1.1269449999999999,4,2022-11-22 14:24:15.809000,0.0,0.0,NA,NA,NA,NA,NA,NA,NA
67.0,Nigeria,1996,Female,CAH07-02	Chemistry,11,21/11/22 - 27/11/22,0.0,2.936945,0.0,0.0,0.0,0.0,0.0,02:56:13,01:34:15,2,2,0.0,0.004445,0.0,0.0,0.0,0.0,0,1,0,0,0,0,NA,2022-11-22 14:10:56.317000,NA,NA,NA,NA,week_eight,0.0,0,NA,NA,0,NA,0.0,0.0,0.0,0.0,0,0,0,NA,NA,NA,2.9241666666666664,1,2022-11-22 14:11:12.148000,0.0,0.0,NA,NA,NA,NA,NA,NA,NA
66.0,Nigeria,1986,Female,"CAH06-01	Agriculture, food and related studies",12,21/11/22 - 27/11/22,0.0,0.0,0.32,1.7786116666666667,0.0,0.0,0.0,02:05:55,01:34:15,5,7,0.00889,0.01,0.0,0.0,0.0,0.0,3,1,0,0,0,0,2022-11-23 09:42:24.829000,2022-11-24 16:48:09.156000,NA,NA,NA,NA,week_eight,0.0,0,NA,NA,0,NA,0.0,0.0,0.0,0.0,0,0,0,NA,NA,NA,0.0,0,NA,0.0,0.0,NA,NA,NA,NA,NA,NA,NA
76.0,United Kingdom of Great Britain and Northern Ireland,1995,Male,CAH11-01	Computing,13,21/11/22 - 27/11/22,0.0,0.09666666666666666,0.0,0.0,0.0,0.0125,0.0,00:06:33,01:34:15,2,2,0.0,0.0016666666666666668,0.0,0.0,0.0,0.0,0,1,0,0,0,0,NA,2022-11-22 14:12:04.537000,NA,NA,NA,NA,week_eight,0.0,0,NA,NA,0,NA,0.0,0.0,0.0,0.0,0,0,0,NA,NA,NA,0.07833333333333334,1,2022-11-22 14:12:10.353000,0.0,0.0,NA,NA,NA,NA,NA,NA,NA
57.0,Bangladesh,1997,Female,CAH10-01	Engineering,14,21/11/22 - 27/11/22,0.0,0.007778333333333333,0.0,0.0,0.0,0.0,0.0,00:00:28,01:34:15,2,2,0.0,0.0022216666666666665,0.0,0.0,0.0,0.0,0,1,0,0,0,0,NA,2022-11-22 14:32:35.790000,NA,NA,NA,NA,week_eight,0.0,0,NA,NA,0,NA,0.0,0.0,0.0,0.0,0,0,0,NA,NA,NA,0.0,1,2022-11-22 14:32:43.442000,0.0,0.0,NA,NA,NA,NA,NA,NA,NA
64.0,Italy,2000,Female,CAH16-01	Law,15,21/11/22 - 27/11/22,0.013888333333333332,0.9450000000000001,0.0,0.0,0.486945,0.0,0.0025,01:26:54,01:34:15,9,13,0.05722333333333333,0.015000000000000001,0.0008333333333333334,0.0,0.0,0.0,4,7,1,0,0,0,2022-11-22 14:02:22.796000,2022-11-22 14:08:46.645000,2022-11-25 14:19:21.331000,NA,NA,NA,week_eight,0.0,0,NA,NA,0,NA,0.0,0.0,0.0,0.0,0,0,0,NA,NA,NA,0.6327783333333332,3,2022-11-22 14:10:03.052000,0.0,1.0,2022-11-27 14:29:13.585000,NA,NA,NA,NA,NA,NA
64.0,Sri Lanka,1993,Female,CAH17-01	Business and management,16,21/11/22 - 27/11/22,0.0,2.6366650000000003,0.0,0.0,0.0,0.0,0.0,02:38:11,01:34:15,6,8,0.0,0.01861166666666667,0.0,0.0025,0.0,0.0,0,9,0,1,0,0,NA,2022-11-22 10:40:49.945000,NA,2022-11-22 14:04:55.952000,NA,NA,week_eight,0.0,0,NA,NA,0,NA,0.0,0.0,0.0,0.0027783333333333336,0,0,1,NA,NA,2022-11-22 14:58:33.605000,1.474445,9,2022-11-22 10:40:56.237000,0.0,0.0,NA,NA,NA,NA,NA,NA,NA
78.0,Viet Nam,1999,Male,CAH11-01	Computing,17,21/11/22 - 27/11/22,0.0,0.0,0.0008333333333333334,0.0,0.0,0.0,0.0,00:00:03,01:34:15,0,0,0.0,0.0,0.0,0.0,0.0,0.0,0,0,0,0,0,0,NA,NA,NA,NA,NA,NA,week_eight,0.0,0,NA,NA,0,NA,0.0,0.0,0.0,0.0,0,0,0,NA,NA,NA,0.0,0,NA,0.0,0.0,NA,NA,NA,NA,NA,NA,NA
63.0,Viet Nam,1996,Female,CAH17-01	Business and management,18,21/11/22 - 27/11/22,0.0,0.003055,0.0,0.0,0.4666666666666667,0.0,0.0,00:28:11,01:34:15,8,10,0.43194499999999997,0.004166666666666667,0.001945,0.004166666666666667,0.0,0.0,6,3,2,2,0,0,2022-12-03 21:21:29.710000,2022-11-22 14:11:24.746000,2022-11-22 14:11:20.615000,2022-12-03 21:21:12.389000,NA,NA,week_eight,0.0,0,NA,NA,0,NA,0.0,0.0,0.0,0.0,0,0,0,NA,NA,NA,0.0,1,2022-11-22 14:11:27.278000,0.0,0.0,NA,NA,NA,NA,NA,NA,NA
62.0,United Kingdom of Great Britain and Northern Ireland,2001,Male,CAH15-02	Economics,19,21/11/22 - 27/11/22,0.0,1.3219450000000001,0.0,0.0,0.0,0.0,0.0,01:19:19,01:34:15,5,5,0.0008333333333333334,0.000555,0.0,0.0,0.0,0.0,1,1,0,0,0,0,2022-11-22 14:09:40.010000,2022-11-22 14:18:42.253000,NA,NA,NA,NA,week_eight,0.0,0,NA,NA,0,NA,0.0,0.0,0.0,0.0,0,0,0,NA,NA,NA,0.6761116666666667,1,2022-11-22 14:18:44.024000,0.0,0.0,NA,NA,NA,NA,NA,NA,NA
62.0,Sri Lanka,1989,Female,CAH17-01	Business and management,20,21/11/22 - 27/11/22,0.0,1.679445,0.0,0.0,0.0,0.0,0.0,01:40:46,01:34:15,2,2,0.0,0.0036116666666666667,0.0,0.0,0.0,0.0,0,2,0,0,0,0,NA,2022-11-22 14:24:12.502000,NA,NA,NA,NA,week_eight,0.0,0,NA,NA,0,NA,0.0,0.0,0.0,0.0,0,0,0,NA,NA,NA,1.4022216666666665,2,2022-11-22 14:24:20.119000,0.0,0.0,NA,NA,NA,NA,NA,NA,NA
66.0,Sri Lanka,1997,Male,CAH17-01	Business and management,21,21/11/22 - 27/11/22,0.0,0.6683333333333333,0.0,0.0,0.0,0.0,0.0,00:40:06,01:34:15,4,4,0.0,0.009445000000000002,0.0,0.00027833333333333334,0.0,0.0,0,4,0,1,0,0,NA,2022-11-22 14:15:28.959000,NA,2022-11-22 14:15:48.993000,NA,NA,week_eight,0.0,0,NA,NA,0,NA,0.0,0.0,0.0,0.0,0,0,0,NA,NA,NA,0.6052783333333333,5,2022-11-22 14:15:44.977000,0.0,0.0,NA,NA,NA,NA,NA,NA,NA
59.0,Nigeria,1990,Male,"CAH07-04	General, applied and forensic sciences",22,21/11/22 - 27/11/22,0.009445000000000002,0.0,0.0,0.0,0.0,0.0,0.0,00:00:34,01:34:15,1,1,0.0,0.009445000000000002,0.0,0.0,0.0,0.0,0,1,0,0,0,0,NA,2022-11-21 15:32:33.457000,NA,NA,NA,NA,week_eight,0.0,0,NA,NA,0,NA,0.0,0.0,0.0,0.0,0,0,0,NA,NA,NA,0.0,0,NA,0.0,0.0,NA,NA,NA,NA,NA,NA,NA
67.0,Nigeria,1993,Female,CAH09-01	Mathematical sciences,23,21/11/22 - 27/11/22,0.0,1.5425,0.0,0.14194500000000002,0.0,0.0,0.0,01:41:04,01:34:15,6,6,0.0525,0.003055,0.0,0.0,0.0,0.0,4,3,0,0,0,0,2022-11-24 22:35:47.647000,2022-11-22 14:25:30.179000,NA,NA,NA,NA,week_eight,0.0,0,NA,NA,0,NA,0.0,0.0,0.0,0.0,0,0,0,NA,NA,NA,1.5241666666666667,3,2022-11-22 14:25:33.961000,0.0,0.0,NA,NA,NA,NA,NA,NA,NA
75.0,United Kingdom of Great Britain and Northern Ireland,1988,Male,CAH03-01	Biosciences,24,21/11/22 - 27/11/22,0.01583333333333333,2.336111666666667,0.0,1.876945,0.0,0.0,0.0,04:13:44,01:34:15,6,13,0.09722166666666666,0.003888333333333333,0.0,0.000555,0.0,0.0,1,4,0,1,0,0,2022-11-22 15:47:53.139000,2022-11-21 15:25:44.815000,NA,2022-11-21 15:25:54.290000,NA,NA,week_eight,0.0,0,NA,NA,0,NA,0.0,0.0,0.0,0.0,0,0,0,NA,NA,NA,1.5225,4,2022-11-21 15:25:49.706000,0.0,1.0,2022-11-24 18:12:19.810000,NA,NA,NA,NA,NA,NA
66.0,United Kingdom of Great Britain and Northern Ireland,2000,Male,CAH17-01	Business and management,25,21/11/22 - 27/11/22,0.0,0.0,0.0,0.0,0.0,0.0,0.0,00:00:00,01:34:15,0,0,0.0,0.0,0.0,0.0,0.0,0.0,0,0,0,0,0,0,NA,NA,NA,NA,NA,NA,week_eight,0.0,0,NA,NA,0,NA,0.0,0.0,0.0,0.0,0,0,0,NA,NA,NA,0.0,0,NA,0.0,0.0,NA,NA,NA,NA,NA,NA,NA
83.0,United Kingdom of Great Britain and Northern Ireland,1998,Male,CAH15-02	Economics,26,21/11/22 - 27/11/22,0.0,0.0,0.0,0.0,0.0,0.0,0.0,00:00:00,01:34:15,0,0,0.0,0.0,0.0,0.0,0.0,0.0,0,0,0,0,0,0,NA,NA,NA,NA,NA,NA,week_eight,0.0,0,NA,NA,0,NA,0.0,0.0,0.0,0.0,0,0,0,NA,NA,NA,0.0,0,NA,0.0,0.0,NA,NA,NA,NA,NA,NA,NA
71.0,Switzerland,1996,Female,CAH17-01	Business and management,27,21/11/22 - 27/11/22,0.0,2.698611666666667,0.0,0.005555000000000001,0.0,0.0,0.0,02:42:15,01:34:15,3,4,0.0,0.0011116666666666666,0.0,0.0,0.0,0.0,0,1,0,0,0,0,NA,2022-11-22 14:24:34.531000,NA,NA,NA,NA,week_eight,0.0,0,NA,NA,0,NA,0.0,0.0,0.0,0.0,0,0,0,NA,NA,NA,1.3863883333333331,1,2022-11-22 14:24:38.566000,0.0,0.0,NA,NA,NA,NA,NA,NA,NA
82.0,United Kingdom of Great Britain and Northern Ireland,1995,Non-binary / third gender,"CAH15-01	Sociology, social policy and anthropology",28,21/11/22 - 27/11/22,0.0,1.7441666666666669,0.0,0.0,0.0,0.0,0.0,01:44:39,01:34:15,4,4,0.0,0.005555000000000001,0.0025,0.0,0.0,0.0,0,4,2,0,0,0,NA,2022-11-22 14:24:05.451000,2022-11-22 14:51:29.907000,NA,NA,NA,week_eight,0.0,0,NA,NA,0,NA,0.0,0.0,0.0,0.0,0,0,0,NA,NA,NA,0.4372216666666667,2,2022-11-22 14:24:08.212000,0.0,0.0,NA,NA,NA,NA,NA,NA,NA
81.0,United Kingdom of Great Britain and Northern Ireland,1998,Male,CAH11-01	Computing,29,21/11/22 - 27/11/22,0.0,0.014721666666666666,0.0,0.0,0.0,0.0,0.0,00:00:53,01:34:15,1,1,0.0,0.0,0.0,0.0,0.0,0.0,0,1,0,0,0,0,NA,2022-11-22 14:52:17.169000,NA,NA,NA,NA,week_eight,0.0,0,NA,NA,0,NA,0.0,0.0,0.0,0.0,0,0,0,NA,NA,NA,0.0,0,NA,0.0,0.0,NA,NA,NA,NA,NA,NA,NA
71.0,Spain,1983,Male,CAH10-01	Engineering,30,21/11/22 - 27/11/22,1.9055566666666666,3.573056666666667,1.2941666666666667,0.005,0.0,0.0,0.0,06:46:40,01:34:15,9,18,0.015000000000000001,0.006666666666666667,0.0013883333333333332,0.00027833333333333334,0.0,0.0,7,4,1,1,0,0,2022-11-21 21:20:15.138000,2022-11-21 16:46:42.001000,2022-11-21 21:29:03.121000,2022-11-21 16:56:45.020000,NA,NA,week_eight,0.0,0,NA,NA,0,NA,0.0,0.0,0.0,0.0,0,0,0,NA,NA,NA,3.4927783333333333,4,2022-11-21 16:46:47.579000,0.0,0.0,NA,NA,NA,NA,NA,NA,NA
63.0,India,1998,Male,CAH11-01	Computing,31,21/11/22 - 27/11/22,0.0,0.005555000000000001,0.0,0.0,0.0,0.0,0.0,00:00:20,01:34:15,0,0,0.0,0.0,0.0,0.0,0.0,0.0,0,0,0,0,0,0,NA,NA,NA,NA,NA,NA,week_eight,0.0,0,NA,NA,0,NA,0.0,0.0,0.0,0.0,0,0,0,NA,NA,NA,0.0,0,NA,0.0,0.0,NA,NA,NA,NA,NA,NA,NA
54.0,Nigeria,1979,Female,CAH17-01	Business and management,32,21/11/22 - 27/11/22,0.0,0.551945,0.0,0.0,0.0,0.0,0.0,00:33:07,01:34:15,3,3,0.0,0.008333333333333333,0.0,0.005833333333333333,0.0,0.0,0,3,0,2,0,0,NA,2022-11-22 14:13:44.931000,NA,2022-11-22 14:15:06.940000,NA,NA,week_eight,0.0,0,NA,NA,0,NA,0.0,0.0,0.0,0.0,0,0,0,NA,NA,NA,0.5261116666666666,4,2022-11-22 14:13:56.054000,0.0,0.0,NA,NA,NA,NA,NA,NA,NA
62.0,Nigeria,1970,Prefer to self-describe,CAH17-01	Business and management,33,21/11/22 - 27/11/22,0.0,0.94361,0.0,0.0,0.0,0.0,0.0,00:56:37,01:34:15,11,14,0.031944999999999994,0.005555000000000001,0.0008333333333333334,0.14,0.19694499999999998,0.08916666666666666,5,3,1,4,1,1,2022-11-22 18:36:44.558000,2022-11-22 18:50:58.302000,2022-11-22 18:50:55.249000,2022-11-22 18:41:12.859000,2022-11-22 23:58:34.148000,2022-11-22 23:53:09.546000,week_eight,0.0,0,NA,NA,0,NA,0.0,0.0,0.0,0.0,0,0,0,NA,NA,NA,0.1075,1,2022-11-22 18:51:06.519000,0.0,0.0,NA,NA,NA,NA,NA,NA,NA
60.0,Sri Lanka,1992,Female,CAH17-01	Business and management,34,21/11/22 - 27/11/22,0.0,0.0,2.706945,0.023888333333333334,0.0,0.0,0.0,02:43:51,01:34:15,0,0,0.0,0.0,0.0,0.0,0.0,0.0,0,0,0,0,0,0,NA,NA,NA,NA,NA,NA,week_eight,0.0,0,NA,NA,0,NA,0.0,0.0,0.0,0.0,0,0,0,NA,NA,NA,0.0,0,NA,0.0,0.0,NA,NA,NA,NA,NA,NA,NA
62.0,Nigeria,1999,Male,CAH11-01	Computing,35,21/11/22 - 27/11/22,0.0,2.209445,0.0,0.45611166666666664,0.0,0.0,0.0,02:39:56,01:34:15,8,10,0.0027783333333333336,0.005,0.0,0.0,0.0,0.0,2,7,0,0,0,0,2022-11-24 17:04:13.916000,2022-11-22 14:53:56.231000,NA,NA,NA,NA,week_eight,0.0,0,NA,NA,0,NA,0.0,0.0,0.0016666666666666668,0.0011116666666666666,0,1,1,NA,2022-11-24 17:04:04.267000,2022-11-24 17:03:59.232000,0.4022233333333333,2,2022-11-22 14:53:59.145000,0.0008333333333333334,1.0,2022-11-24 17:03:45.117000,NA,NA,NA,NA,NA,NA
62.0,Nigeria,1987,Female,"CAH07-04	General, applied and forensic sciences",36,21/11/22 - 27/11/22,0.0,2.9363883333333334,0.0,0.0,0.0,0.0,0.0,02:56:11,01:34:15,4,5,0.0,0.004445,0.0,0.0,0.0,0.0,1,2,0,0,0,0,2022-11-22 13:40:56.022000,2022-11-22 13:40:50.339000,NA,NA,NA,NA,week_eight,0.0,0,NA,NA,0,NA,0.0,0.0,0.0,0.0,0,0,0,NA,NA,NA,2.848055,1,2022-11-22 14:13:13.056000,0.0,0.0,NA,NA,NA,NA,NA,NA,NA
67.0,Sri Lanka,1981,Male,CAH17-01	Business and management,37,21/11/22 - 27/11/22,0.0,0.14388833333333334,0.0,0.0,0.0,0.0,0.0,00:08:38,01:34:15,2,2,0.0,0.003055,0.0,0.0,0.0,0.0,0,1,0,0,0,0,NA,2022-11-22 14:19:42.625000,NA,NA,NA,NA,week_eight,0.0,0,NA,NA,0,NA,0.0,0.0,0.0,0.0,0,0,0,NA,NA,NA,0.0,1,2022-11-22 14:19:53.226000,0.0,0.0,NA,NA,NA,NA,NA,NA,NA
65.0,Pakistan,1993,Male,CAH11-01	Computing,38,21/11/22 - 27/11/22,0.0,0.004166666666666667,0.0,0.0,0.0,0.0,0.0,00:00:15,01:34:15,2,2,0.0,0.0013883333333333332,0.0,0.0,0.0,0.0,0,1,0,0,0,0,NA,2022-11-22 15:15:33.511000,NA,NA,NA,NA,week_eight,0.0,0,NA,NA,0,NA,0.0,0.0,0.0,0.0,0,0,0,NA,NA,NA,0.0,1,2022-11-22 15:15:38.673000,0.0,0.0,NA,NA,NA,NA,NA,NA,NA
62.0,Pakistan,1991,Female,CAH11-01	Computing,39,21/11/22 - 27/11/22,0.0,0.022778333333333334,0.0,0.0,0.0,0.0,0.0,00:01:22,01:34:15,3,4,0.0,0.003888333333333333,0.0,0.0,0.0,0.0,0,2,0,0,0,0,NA,2022-11-22 07:33:21.636000,NA,NA,NA,NA,week_eight,0.0,0,NA,NA,0,NA,0.0,0.0,0.0,0.0,0,0,1,NA,NA,2022-11-22 07:33:32.428000,0.008611666666666665,1,2022-11-22 15:52:54.867000,0.0,0.0,NA,NA,NA,NA,NA,NA,NA
63.0,Sri Lanka,1996,Male,CAH17-01	Business and management,40,21/11/22 - 27/11/22,0.0,2.06861,0.0,0.0,0.0,0.0,0.0,02:04:07,01:34:15,2,2,0.0,0.0008333333333333334,0.0,0.0,0.0,0.0,0,1,0,0,0,0,NA,2022-11-22 14:25:01.685000,NA,NA,NA,NA,week_eight,0.0,0,NA,NA,0,NA,0.0,0.0,0.0,0.0,0,0,0,NA,NA,NA,1.4211116666666668,1,2022-11-22 14:25:04.949000,0.0,0.0,NA,NA,NA,NA,NA,NA,NA
60.0,India,1992,Male,CAH15-02	Economics,41,21/11/22 - 27/11/22,0.0,0.6938883333333333,0.0,0.0,0.0,0.0,0.0,00:41:38,01:34:15,2,2,0.0,0.001945,0.0,0.0,0.0,0.0,0,1,0,0,0,0,NA,2022-11-22 14:31:05.173000,NA,NA,NA,NA,week_eight,0.0,0,NA,NA,0,NA,0.0,0.0,0.0,0.0,0,0,0,NA,NA,NA,0.6902783333333333,1,2022-11-22 14:31:11.712000,0.0,0.0,NA,NA,NA,NA,NA,NA,NA
83.0,United Kingdom of Great Britain and Northern Ireland,1975,Female,CAH07-01	Physics and astronomy,42,21/11/22 - 27/11/22,2.4497216666666666,2.0627766666666667,0.0,0.0,0.0,0.0,0.0,04:30:44,01:34:15,6,9,0.001945,0.005833333333333333,0.0013883333333333332,0.000555,0.0,0.0,1,4,1,1,0,0,2022-11-22 16:03:13.376000,2022-11-21 13:38:20.433000,2022-11-22 16:02:58.910000,2022-11-22 16:03:11.468000,NA,NA,week_eight,0.0,0,NA,NA,0,NA,0.0,0.0,0.0,0.0,0,0,0,NA,NA,NA,3.953333333333333,3,2022-11-21 13:38:26.950000,0.0,0.0,NA,NA,NA,NA,NA,NA,NA
62.0,Sri Lanka,1990,Female,CAH17-01	Business and management,43,21/11/22 - 27/11/22,0.0,1.2127766666666666,0.0,0.0,0.0,0.0,0.0,01:12:46,01:34:15,2,4,0.0,0.0036116666666666667,0.0,0.0,0.0,0.0,0,3,0,0,0,0,NA,2022-11-22 14:07:19.231000,NA,NA,NA,NA,week_eight,0.0,0,NA,NA,0,NA,0.0,0.0,0.0,0.0,0,0,0,NA,NA,NA,1.18139,3,2022-11-22 14:07:25.095000,0.0,0.0,NA,NA,NA,NA,NA,NA,NA
76.0,Malaysia,1993,Male,CAH17-01	Business and management,44,21/11/22 - 27/11/22,0.0,0.7983333333333333,0.0,0.000555,0.0,0.0,0.0,00:47:56,01:34:15,2,2,0.0,0.0008333333333333334,0.0,0.0,0.0,0.0,0,2,0,0,0,0,NA,2022-11-22 14:09:15.685000,NA,NA,NA,NA,week_eight,0.0,0,NA,NA,0,NA,0.0,0.0,0.0,0.0,0,0,0,NA,NA,NA,0.069445,2,2022-11-22 14:09:17.046000,0.0,0.0,NA,NA,NA,NA,NA,NA,NA
67.0,Thailand,1993,Male,CAH10-01	Engineering,45,21/11/22 - 27/11/22,0.0,1.449445,0.0,0.0,0.0013883333333333332,0.39388833333333334,0.0,01:50:41,01:34:15,6,11,0.004166666666666667,0.0033333333333333335,0.0,0.0,0.0,0.0,4,3,0,0,0,0,2022-11-22 15:48:24.394000,2022-11-22 13:20:57.279000,NA,NA,NA,NA,week_eight,0.0,0,NA,NA,0,NA,0.0,0.0,0.0,0.0,0,0,0,NA,NA,NA,1.3630566666666666,3,2022-11-22 13:21:02.503000,0.0,0.0,NA,NA,NA,NA,NA,NA,NA
65.0,India,1994,Male,CAH17-01	Business and management,46,21/11/22 - 27/11/22,0.0,0.35333333333333333,0.0,0.0,0.0,0.0,0.0,00:21:12,01:34:15,3,3,0.0,0.004445,0.0,0.0011116666666666666,0.0,0.0,0,3,0,1,0,0,NA,2022-11-22 14:32:48.604000,NA,2022-11-22 14:48:49.302000,NA,NA,week_eight,0.0,0,NA,NA,0,NA,0.0,0.0,0.0,0.0,0,0,0,NA,NA,NA,0.333055,4,2022-11-22 14:32:55.343000,0.0,0.0,NA,NA,NA,NA,NA,NA,NA
66.0,United Kingdom of Great Britain and Northern Ireland,1997,Female,"CAH26-01 Geography, earth and environmental studies",47,21/11/22 - 27/11/22,1.5991666666666666,2.2758333333333334,0.0,0.0,0.0,0.0,0.0,03:52:30,01:34:15,7,9,0.0025,0.004445,0.0,0.00027833333333333334,0.0,0.0,2,5,0,1,0,0,2022-11-22 12:26:32.102000,2022-11-21 13:55:05.852000,NA,2022-11-21 14:01:25.039000,NA,NA,week_eight,0.0,0,NA,NA,0,NA,0.0,0.0,0.0,0.0,0,0,0,NA,NA,NA,2.1197233333333334,5,2022-11-21 13:55:08.579000,0.0,0.0,NA,NA,NA,NA,NA,NA,NA
60.0,Malaysia,1992,Male,CAH25-01	Creative arts and design,48,21/11/22 - 27/11/22,0.0,0.001945,0.0,0.0,0.0,0.0,0.0,00:00:07,01:34:15,2,2,0.0,0.000555,0.0,0.0,0.0,0.0,0,1,0,0,0,0,NA,2022-11-22 14:10:28.241000,NA,NA,NA,NA,week_eight,0.0,0,NA,NA,0,NA,0.0,0.0,0.0,0.0,0,0,0,NA,NA,NA,0.0,1,2022-11-22 14:10:30.170000,0.0,0.0,NA,NA,NA,NA,NA,NA,NA
68.0,Nigeria,1984,Female,CAH11-01	Computing,49,21/11/22 - 27/11/22,0.0,0.006111666666666666,0.0,0.0,0.0,0.0,0.0,00:00:22,01:34:15,0,0,0.0,0.0,0.0,0.0,0.0,0.0,0,0,0,0,0,0,NA,NA,NA,NA,NA,NA,week_eight,0.0,0,NA,NA,0,NA,0.0,0.0,0.0,0.0,0,0,0,NA,NA,NA,0.0,0,NA,0.0,0.0,NA,NA,NA,NA,NA,NA,NA
57.0,Nigeria,1992,Male,CAH11-01	Computing,50,21/11/22 - 27/11/22,1.591945,2.926388333333333,0.0,0.0,0.0,0.0,0.0,04:31:06,01:34:15,6,8,0.003055,0.00611,0.0,0.0,0.0,0.0,3,3,0,0,0,0,2022-11-21 19:42:58.340000,2022-11-21 19:02:48.503000,NA,NA,NA,NA,week_eight,0.0,0,NA,NA,0,NA,0.0,0.0,0.0,0.0,0,0,0,NA,NA,NA,3.4194450000000005,3,2022-11-21 19:02:59.180000,0.0,0.0,NA,NA,NA,NA,NA,NA,NA
67.0,Nigeria,1998,Female,CAH16-01	Law,51,21/11/22 - 27/11/22,0.0,0.1675,0.0,0.0,0.0,0.0,0.0,00:10:03,01:34:15,6,6,0.003055,0.005833333333333333,0.0,0.0,0.0,0.0,2,3,0,0,0,0,2022-11-22 13:44:15.791000,2022-11-22 14:35:10.011000,NA,NA,NA,NA,week_eight,0.0,0,NA,NA,0,NA,0.0,0.0,0.0,0.0,0,0,0,NA,NA,NA,0.03333333333333333,3,2022-11-22 14:35:19.791000,0.0,0.0,NA,NA,NA,NA,NA,NA,NA
62.0,Nigeria,1991,Female,CAH10-03	Materials and technology,52,21/11/22 - 27/11/22,0.0,0.19444499999999998,0.014445000000000001,0.0,0.0,0.0,0.0,00:12:32,01:34:15,3,3,0.0,0.015000000000000001,0.0,0.0,0.0,0.0,0,1,0,0,0,0,NA,2022-11-22 14:20:40.871000,NA,NA,NA,NA,week_eight,0.0,0,NA,NA,0,NA,0.0,0.0,0.0,0.0,0,0,0,NA,NA,NA,0.0,1,2022-11-22 14:21:34.386000,0.0,0.0,NA,NA,NA,NA,NA,NA,NA
67.0,Nigeria,2001,Female,CAH09-01	Mathematical sciences,53,21/11/22 - 27/11/22,0.016111666666666666,1.3719433333333335,0.0,0.0,0.0,0.0,0.0,01:23:17,01:34:15,6,6,0.006111666666666666,0.004166666666666667,0.0,0.0,0.0,0.0,2,3,0,0,0,0,2022-11-22 14:14:46.325000,2022-11-22 14:16:00.976000,NA,NA,NA,NA,week_eight,0.0,0,NA,NA,0,NA,0.0,0.0,0.0,0.0,0,0,0,NA,NA,NA,0.06111166666666667,2,2022-11-22 14:16:04.574000,0.0,0.0,NA,NA,NA,NA,NA,NA,NA
68.0,Nigeria,1979,Female,CAH11-01	Computing,54,21/11/22 - 27/11/22,0.089445,3.0022216666666663,0.0,0.0,0.1877783333333333,0.0,0.0,03:16:46,01:34:15,7,13,0.11444499999999999,0.0175,0.0,0.0,0.0,0.0,1,7,0,0,0,0,2022-11-25 19:36:51.261000,2022-11-21 11:56:26.032000,NA,NA,NA,NA,week_eight,0.0,0,NA,NA,0,NA,0.0,0.0,0.0,0.0,0,0,0,NA,NA,NA,3.0097233333333335,6,2022-11-21 11:56:31.856000,0.0,0.0,NA,NA,NA,NA,NA,NA,NA
66.0,Nigeria,1986,Female,CAH10-03	Materials and technology,55,21/11/22 - 27/11/22,0.0,1.9224999999999999,0.0,0.0,0.0,0.0,0.0,01:55:21,01:34:15,6,6,0.005833333333333333,0.0011116666666666666,0.009721666666666665,0.0025,0.0,0.0,2,1,1,1,0,0,2022-11-22 16:03:46.316000,2022-11-22 14:18:29.281000,2022-11-22 20:01:30.712000,2022-11-22 14:18:20.284000,NA,NA,week_eight,0.0,0,NA,NA,0,NA,0.0,0.0,0.0,0.0,0,0,0,NA,NA,NA,1.751945,1,2022-11-22 14:18:33.742000,0.0,0.0,NA,NA,NA,NA,NA,NA,NA
70.0,Nigeria,1986,Female,CAH11-01	Computing,56,21/11/22 - 27/11/22,0.0,2.8147216666666663,0.0,0.0,1.0119449999999999,0.0,0.0,03:49:36,01:34:15,6,9,0.011945,0.007500000000000001,0.0,0.0,0.0,0.0,4,3,0,0,0,0,2022-11-22 14:10:34.612000,2022-11-22 14:00:11.964000,NA,NA,NA,NA,week_eight,0.0,0,NA,NA,0,NA,0.0,0.0,0.0,0.0,0,0,0,NA,NA,NA,2.631388333333333,2,2022-11-22 14:00:17.990000,0.0,0.0,NA,NA,NA,NA,NA,NA,NA
55.0,Nigeria,1990,Female,CAH17-01	Business and management,57,21/11/22 - 27/11/22,0.0,0.27305666666666667,0.0,0.0,0.0,0.0,0.0,00:16:23,01:34:15,3,3,0.0,0.005833333333333333,0.0,0.0036116666666666667,0.0,0.0,0,4,0,1,0,0,NA,2022-11-22 14:13:19.586000,NA,2022-11-22 14:13:31.450000,NA,NA,week_eight,0.0,0,NA,NA,0,NA,0.0,0.0,0.0,0.0,0,0,0,NA,NA,NA,0.1847216666666667,5,2022-11-22 14:13:26.757000,0.0,0.0,NA,NA,NA,NA,NA,NA,NA
66.0,Nigeria,1992,Male,CAH03-01	Biosciences,58,21/11/22 - 27/11/22,0.0,0.006944999999999999,0.0,0.0,0.0,0.0,0.0,00:00:25,01:34:15,2,2,0.0,0.0011116666666666666,0.0,0.0,0.0,0.0,0,1,0,0,0,0,NA,2022-11-22 14:06:07.585000,NA,NA,NA,NA,week_eight,0.0,0,NA,NA,0,NA,0.0,0.0,0.0,0.0,0,0,0,NA,NA,NA,0.0,1,2022-11-22 14:06:11.306000,0.0,0.0,NA,NA,NA,NA,NA,NA,NA
54.0,Sri Lanka,1991,Male,CAH10-01	Engineering,59,21/11/22 - 27/11/22,0.0,0.29222166666666666,0.0,0.0,0.0,0.0,0.0,00:17:32,01:34:15,3,5,0.0,0.008055,0.0,0.0,0.0,0.0,0,3,0,0,0,0,NA,2022-11-22 13:44:46.685000,NA,NA,NA,NA,week_eight,0.0,0,NA,NA,0,NA,0.0,0.0,0.0,0.08388833333333333,0,0,1,NA,NA,2022-11-22 13:44:53.053000,0.03611166666666667,2,2022-11-22 13:50:26.518000,0.0,0.0,NA,NA,NA,NA,NA,NA,NA
59.0,Viet Nam,1997,Female,CAH17-01	Business and management,60,21/11/22 - 27/11/22,0.16611166666666666,0.4533333333333333,0.17333333333333334,0.0,0.0,0.105,9.606111666666667,10:30:14,01:34:15,13,35,0.006944999999999999,2.4824983333333335,0.0,1.3211116666666667,0.165,0.9208333333333333,13,17,0,4,1,4,2022-11-23 14:59:31.202000,2022-11-21 10:08:54.488000,NA,2022-11-27 14:49:48.091000,2022-11-21 10:08:56.969000,2022-11-27 14:17:51.061000,week_eight,0.0,0,NA,NA,0,NA,0.0,2.666945,0.0,0.0,2,0,0,2022-11-27 15:41:01.658000,NA,NA,0.44694500000000004,3,2022-11-22 13:57:08.955000,0.14527666666666667,4.0,2022-11-26 11:13:05.339000,NA,NA,NA,NA,NA,NA
60.0,India,1993,Female,CAH10-01	Engineering,61,21/11/22 - 27/11/22,4.873333333333333,2.2199999999999998,0.0,0.0,0.0,0.0,0.0,07:05:36,01:34:15,7,10,0.0013883333333333332,0.0125,0.0,0.0,0.0,0.0,1,11,0,0,0,0,2022-11-21 17:05:34.270000,2022-11-21 17:06:14.884000,NA,NA,NA,NA,week_eight,0.0,0,NA,NA,0,NA,0.0,0.0,0.0,4.96,0,0,5,NA,NA,2022-11-21 17:06:20.821000,0.739445,7,2022-11-21 21:49:04.565000,0.0,0.0,NA,NA,NA,NA,NA,NA,NA
60.0,Turkey,1996,Male,CAH17-01	Business and management,62,21/11/22 - 27/11/22,0.0,0.17861166666666667,0.0,0.0,0.0,0.0,0.0,00:10:43,01:34:15,2,2,0.0,0.003055,0.0,0.0,0.0,0.0,0,3,0,0,0,0,NA,2022-11-22 14:39:08.179000,NA,NA,NA,NA,week_eight,0.0,0,NA,NA,0,NA,0.0,0.0,0.0,0.0,0,0,0,NA,NA,NA,0.1575,3,2022-11-22 14:39:15.895000,0.0,0.0,NA,NA,NA,NA,NA,NA,NA
78.0,United Kingdom of Great Britain and Northern Ireland,1998,Female,CAH17-01	Business and management,63,21/11/22 - 27/11/22,0.0,0.0,0.0,0.0,0.0,0.0,0.0,00:00:00,01:34:15,0,0,0.0,0.0,0.0,0.0,0.0,0.0,0,0,0,0,0,0,NA,NA,NA,NA,NA,NA,week_eight,0.0,0,NA,NA,0,NA,0.0,0.0,0.0,0.0,0,0,0,NA,NA,NA,0.0,0,NA,0.0,0.0,NA,NA,NA,NA,NA,NA,NA
61.0,Iran,1989,Female,CAH15-04	Health and social care,64,21/11/22 - 27/11/22,0.0,1.4172216666666666,0.0,0.0,0.0,0.345555,0.0,01:45:46,01:34:15,5,6,0.0027783333333333336,0.0016666666666666668,0.0,0.0,0.0,0.0,1,1,0,0,0,0,2022-11-22 15:48:12.109000,2022-11-22 14:28:17.488000,NA,NA,NA,NA,week_eight,0.0,0,NA,NA,0,NA,0.0,0.0,0.0,0.0,0,0,0,NA,NA,NA,1.3302783333333335,1,2022-11-22 14:28:23.270000,0.0,0.0,NA,NA,NA,NA,NA,NA,NA
55.0,Hong Kong (S.A.R.),2000,Male,"CAH13-01	Architecture, building and planning",65,21/11/22 - 27/11/22,0.0,1.7702783333333334,0.0,0.0,0.0,0.0,0.0,01:46:13,01:34:15,12,14,0.009445000000000002,0.32027833333333333,0.00027833333333333334,0.0,0.000555,0.0,7,17,1,0,1,0,2022-11-22 08:34:17.603000,2022-11-22 06:32:55.076000,2022-11-22 08:33:41.918000,NA,2022-11-22 06:33:01.728000,NA,week_eight,0.0,0,NA,NA,1,2022-11-22 08:51:10.404000,0.0011116666666666666,0.0,0.007221666666666667,0.0022216666666666665,0,2,2,NA,2022-11-22 08:42:35.286000,2022-11-22 08:42:30.215000,1.1041666666666667,5,2022-11-22 08:42:23.399000,0.0,0.0,NA,NA,NA,NA,NA,NA,NA
60.0,Hong Kong (S.A.R.),1995,Female,"CAH15-01	Sociology, social policy and anthropology",66,21/11/22 - 27/11/22,0.0,0.889445,0.19361166666666665,0.0,0.0,0.0,0.0022216666666666665,01:05:07,01:34:15,9,17,0.004166666666666667,0.005,0.0022216666666666665,0.0008333333333333334,0.0,0.0,4,7,1,1,0,0,2022-11-22 14:35:55.683000,2022-11-22 14:07:59.805000,2022-11-22 20:06:35.518000,2022-11-23 10:18:48.025000,NA,NA,week_eight,0.0,0,NA,NA,0,NA,0.0,0.0,0.0,0.0011116666666666666,0,0,1,NA,NA,2022-11-23 10:18:34.711000,1.004445,5,2022-11-22 14:08:02.498000,0.0,0.0,NA,NA,NA,NA,NA,NA,NA
58.0,India,1987,Female,CAH17-01	Business and management,67,21/11/22 - 27/11/22,0.0,0.10777833333333334,2.901388333333333,0.0,0.0,0.0,0.0,03:00:33,01:34:15,6,6,0.0047216666666666665,0.01,0.0,0.0,0.0,0.0,2,2,0,0,0,0,2022-11-23 13:53:27.915000,2022-11-22 14:13:47.619000,NA,NA,NA,NA,week_eight,0.0,0,NA,NA,0,NA,0.0,0.0,0.0,0.0,0,0,0,NA,NA,NA,0.03777833333333334,3,2022-11-22 14:13:55.370000,0.0,0.0,NA,NA,NA,NA,NA,NA,NA
70.0,Myanmar,1996,Female,CAH11-01	Computing,68,21/11/22 - 27/11/22,0.0,0.006944999999999999,0.0,0.0,0.007500000000000001,0.7927783333333333,0.0,00:48:26,01:34:15,3,3,0.0,0.0008333333333333334,0.0,0.0,0.0,0.0,0,1,0,0,0,0,NA,2022-11-22 14:30:29.131000,NA,NA,NA,NA,week_eight,0.0,0,NA,NA,0,NA,0.0,0.0,0.0,0.0,0,0,0,NA,NA,NA,0.0,1,2022-11-22 14:30:32.372000,0.0,0.0,NA,NA,NA,NA,NA,NA,NA
64.0,United Kingdom of Great Britain and Northern Ireland,1992,Male,CAH10-01	Engineering,69,21/11/22 - 27/11/22,0.0,1.6202783333333335,0.0,0.0008333333333333334,0.004166666666666667,0.0,0.0,01:37:31,01:34:15,6,7,0.009721666666666665,0.0022216666666666665,0.0,0.0,0.0,0.0,6,3,0,0,0,0,2022-11-22 15:45:40.729000,2022-11-22 14:12:00.007000,NA,NA,NA,NA,week_eight,0.0,0,NA,NA,0,NA,0.0,0.0,0.0,0.0,0,0,0,NA,NA,NA,1.556945,3,2022-11-22 14:12:02.730000,0.0,0.0,NA,NA,NA,NA,NA,NA,NA
65.0,Nigeria,1995,Male,CAH15-02	Economics,70,21/11/22 - 27/11/22,0.0,1.9313883333333333,0.0,0.0,0.0,0.0,0.0,01:55:53,01:34:15,3,3,0.0,0.0025,0.0,0.0,0.0,0.0,0,3,0,0,0,0,NA,2022-11-22 14:07:04.150000,NA,NA,NA,NA,week_eight,0.0,0,NA,NA,0,NA,0.0,0.0,0.0,0.0,0,0,0,NA,NA,NA,1.9202783333333333,3,2022-11-22 14:07:07.356000,0.0,0.0,NA,NA,NA,NA,NA,NA,NA
64.0,Viet Nam,1998,Male,CAH15-02	Economics,71,21/11/22 - 27/11/22,0.0,0.005555000000000001,0.0,0.0,0.0,0.0,0.025,00:01:50,01:34:15,3,5,0.0,0.0008333333333333334,0.0,0.0,0.0,0.0,0,2,0,0,0,0,NA,2022-11-22 14:20:38.348000,NA,NA,NA,NA,week_eight,0.0,0,NA,NA,0,NA,0.0,0.0,0.0,0.0,0,0,0,NA,NA,NA,0.0,2,2022-11-22 14:20:39.886000,0.0,0.0,NA,NA,NA,NA,NA,NA,NA
69.0,India,1984,Male,"CAH06-01	Agriculture, food and related studies",72,21/11/22 - 27/11/22,0.0036116666666666667,0.0,0.0,0.0,0.0,0.0,0.0,00:00:13,01:34:15,0,0,0.0,0.0,0.0,0.0,0.0,0.0,0,0,0,0,0,0,NA,NA,NA,NA,NA,NA,week_eight,0.0,0,NA,NA,0,NA,0.0,0.0,0.0,0.0,0,0,0,NA,NA,NA,0.0,0,NA,0.0,0.0,NA,NA,NA,NA,NA,NA,NA
64.0,India,1997,Female,CAH10-01	Engineering,73,21/11/22 - 27/11/22,0.0,0.0,0.0,0.0,0.0,0.0,0.0,00:00:00,01:34:15,0,0,0.0,0.0,0.0,0.0,0.0,0.0,0,0,0,0,0,0,NA,NA,NA,NA,NA,NA,week_eight,0.0,0,NA,NA,0,NA,0.0,0.0,0.0,0.0,0,0,0,NA,NA,NA,0.0,0,NA,0.0,0.0,NA,NA,NA,NA,NA,NA,NA
63.0,Sri Lanka,1986,Female,CAH17-01	Business and management,74,21/11/22 - 27/11/22,0.0,1.4849999999999999,0.0,0.022778333333333334,0.0,0.0,0.0,01:30:28,01:34:15,7,7,0.007778333333333333,0.0011116666666666666,0.005833333333333333,0.0016666666666666668,0.0,0.0,2,1,2,1,0,0,2022-11-22 15:47:57.660000,2022-11-22 14:25:39.388000,2022-11-24 22:36:02.525000,2022-11-22 14:25:33.814000,NA,NA,week_eight,0.0,0,NA,NA,0,NA,0.0,0.0,0.0,0.0,0,0,0,NA,NA,NA,1.370555,1,2022-11-22 14:25:43.824000,0.0,0.0,NA,NA,NA,NA,NA,NA,NA
62.0,Sri Lanka,1980,Male,CAH17-01	Business and management,75,21/11/22 - 27/11/22,0.0,0.0,0.0,0.0,0.0,0.0,0.0,00:00:00,01:34:15,0,0,0.0,0.0,0.0,0.0,0.0,0.0,0,0,0,0,0,0,NA,NA,NA,NA,NA,NA,week_eight,0.0,0,NA,NA,0,NA,0.0,0.0,0.0,0.0,0,0,0,NA,NA,NA,0.0,0,NA,0.0,0.0,NA,NA,NA,NA,NA,NA,NA
61.0,Poland,1996,Male,CAH02-05	Medical sciences,76,21/11/22 - 27/11/22,0.0036116666666666667,0.0,0.0,0.0,0.0,0.0,0.0,00:00:13,01:34:15,0,0,0.0,0.0,0.0,0.0,0.0,0.0,0,0,0,0,0,0,NA,NA,NA,NA,NA,NA,week_eight,0.0,0,NA,NA,0,NA,0.0,0.0,0.0,0.0,0,0,0,NA,NA,NA,0.0,0,NA,0.0,0.0,NA,NA,NA,NA,NA,NA,NA
77.0,Sri Lanka,1990,Male,CAH17-01	Business and management,77,21/11/22 - 27/11/22,0.0,1.4202783333333333,0.0,0.0,0.0,0.0,0.0,01:25:13,01:34:15,6,10,0.011943333333333334,0.0036116666666666667,0.0,0.0,0.0,0.0,3,4,0,0,0,0,2022-11-22 13:33:08.405000,2022-11-22 14:12:01.344000,NA,NA,NA,NA,week_eight,0.0,0,NA,NA,0,NA,0.0,0.0,0.0,0.0,0,0,1,NA,NA,2022-11-22 14:21:03.989000,0.10027833333333333,3,2022-11-22 14:12:03.683000,0.0,0.0,NA,NA,NA,NA,NA,NA,NA
56.0,Pakistan,1992,Male,CAH10-01	Engineering,78,21/11/22 - 27/11/22,0.0,0.0,0.0,0.0,0.0,0.0,0.0,00:00:00,01:34:15,0,0,0.0,0.0,0.0,0.0,0.0,0.0,0,0,0,0,0,0,NA,NA,NA,NA,NA,NA,week_eight,0.0,0,NA,NA,0,NA,0.0,0.0,0.0,0.0,0,0,0,NA,NA,NA,0.0,0,NA,0.0,0.0,NA,NA,NA,NA,NA,NA,NA
66.0,India,1994,Female,CAH15-02	Economics,79,21/11/22 - 27/11/22,0.0,1.6827783333333335,0.0275,0.0,0.0,0.0,0.0,01:42:37,01:34:15,5,5,0.0025,0.015278333333333335,0.0,0.0,0.0,0.0,3,3,0,0,0,0,2022-11-23 12:55:47.561000,2022-11-22 14:21:39.063000,NA,NA,NA,NA,week_eight,0.0,0,NA,NA,0,NA,0.0,0.0,0.0,0.0,0,0,0,NA,NA,NA,1.6616666666666666,2,2022-11-22 14:21:48.460000,0.0,0.0,NA,NA,NA,NA,NA,NA,NA
54.0,Nigeria,1988,Male,CAH10-01	Engineering,80,21/11/22 - 27/11/22,0.0,0.0,0.0,0.0,0.0,0.0,0.0,00:00:00,01:34:15,0,0,0.0,0.0,0.0,0.0,0.0,0.0,0,0,0,0,0,0,NA,NA,NA,NA,NA,NA,week_eight,0.0,0,NA,NA,0,NA,0.0,0.0,0.0,0.0,0,0,0,NA,NA,NA,0.0,0,NA,0.0,0.0,NA,NA,NA,NA,NA,NA,NA
73.0,India,1989,Female,CAH11-01	Computing,81,20/03/23 - 26/03/23,0.0,2.1022216666666664,2.7733333333333334,0.0013883333333333332,0.9477766666666666,0.008333333333333333,0.0,05:49:58,02:49:47,8,23,0.026388333333333337,3.393613333333333,0.0036116666666666667,0.0011116666666666666,0.0,0.0,7,16,8,4,0,0,2023-03-24 10:14:30.388000,2023-03-21 08:43:44.008000,2023-03-21 14:18:21.445000,2023-03-24 10:40:14.058000,NA,NA,week_eight,0.0,0,NA,NA,0,NA,0.0,0.0,0.0,0.0,0,0,0,NA,NA,NA,1.0208333333333333,8,2023-03-21 08:43:47.223000,0.8397233333333334,3.0,2023-03-24 10:15:38.342000,NA,NA,NA,NA,NA,NA
63.6,Nigeria,1985,Female,CAH09-01	Mathematical sciences,82,20/03/23 - 26/03/23,0.0,1.745555,0.77,0.0,0.0,0.0,2.8041666666666667,05:19:11,02:49:47,2,6,0.0,0.023055,0.0,0.0,0.0,0.0,0,3,0,0,0,0,NA,2023-03-21 14:44:50.928000,NA,NA,NA,NA,week_eight,0.0,0,NA,NA,0,NA,0.0,0.0,0.0,0.0,0,0,0,NA,NA,NA,3.411111666666667,3,2023-03-21 14:45:30.372000,0.0,0.0,NA,NA,NA,NA,NA,NA,NA
65.2,Nigeria,1996,Female,CAH07-01	Physics and astronomy,83,20/03/23 - 26/03/23,0.0,1.9497216666666666,0.0,3.2322216666666668,0.0,0.0,0.0,05:10:55,02:49:47,3,5,0.044445,1.5411116666666667,0.0,0.0,0.0,0.0,3,3,0,0,0,0,2023-03-23 07:45:17.584000,2023-03-21 14:14:34.955000,NA,NA,NA,NA,week_eight,0.0,0,NA,NA,0,NA,0.0,0.0,0.0,0.0,0,0,0,NA,NA,NA,2.625,3,2023-03-21 14:16:02.844000,0.0,0.0,NA,NA,NA,NA,NA,NA,NA
69.0,India,1999,Male,CAH11-01	Computing,84,20/03/23 - 26/03/23,0.0,1.3877766666666667,0.17777833333333332,0.0,0.26416833333333334,0.0,0.0,01:49:47,02:49:47,8,20,0.17111166666666663,0.10361166666666667,0.0063883333333333335,0.0063883333333333335,0.0,0.0,11,10,6,2,0,0,2023-03-21 13:04:41.012000,2023-03-21 14:16:27.232000,2023-03-21 13:46:47.445000,2023-03-22 10:18:23.273000,NA,NA,week_eight,0.0,0,NA,NA,0,NA,0.0,0.0,0.0,0.0,0,0,0,NA,NA,NA,0.10388833333333333,2,2023-03-21 14:16:30.663000,0.05527833333333333,1.0,2023-03-24 10:15:35.579000,NA,NA,NA,NA,NA,NA
56.8,Nigeria,1993,Male,"CAH02-02	Pharmacology, toxicology and pharmacy",85,20/03/23 - 26/03/23,0.0,1.9441666666666668,0.0,0.0,0.0,0.030833333333333334,0.009445000000000002,01:59:04,02:49:47,4,7,0.0,0.01361,0.0013883333333333332,0.0,0.011388333333333332,0.0,0,3,1,0,1,0,NA,2023-03-21 14:59:24.413000,2023-03-26 22:04:37.824000,NA,2023-03-25 17:44:25.030000,NA,week_eight,0.0,0,NA,NA,0,NA,0.0,0.0,0.0,0.0,0,0,0,NA,NA,NA,0.48944499999999996,2,2023-03-21 14:59:29.364000,0.0,0.0,NA,NA,NA,NA,NA,NA,NA
74.0,Cameroon,1997,Male,CAH10-03	Materials and technology,86,20/03/23 - 26/03/23,0.0,0.8072216666666667,0.0,0.0,0.0,0.0,0.0,00:48:26,02:49:47,0,0,0.0,0.0,0.0,0.0,0.0,0.0,0,0,0,0,0,0,NA,NA,NA,NA,NA,NA,week_eight,0.0,0,NA,NA,0,NA,0.0,0.0,0.0,0.0,0,0,0,NA,NA,NA,0.0,0,NA,0.0,0.0,NA,NA,NA,NA,NA,NA,NA
74.6,Egypt,1996,Male,CAH10-01	Engineering,87,20/03/23 - 26/03/23,0.010833333333333334,1.7347216666666665,0.0,0.0,0.0,0.0125,0.0,01:45:29,02:49:47,3,4,0.0,0.2866666666666667,0.0011116666666666666,0.0,0.0,0.0,0,3,1,0,0,0,NA,2023-03-21 14:31:33.739000,2023-03-21 14:38:39.096000,NA,NA,NA,week_eight,0.0,0,NA,NA,0,NA,0.0,0.0,0.0,0.0,0,0,0,NA,NA,NA,1.4322216666666665,2,2023-03-21 14:31:38.320000,0.0,0.0,NA,NA,NA,NA,NA,NA,NA
62.6,Nigeria,1980,Male,CAH10-01	Engineering,88,20/03/23 - 26/03/23,0.011945,0.044445,0.391945,1.7525000000000002,0.0,0.5897216666666666,2.715555,05:30:22,02:49:47,4,14,0.26527833333333334,0.619445,0.0,0.0,0.0,0.0,3,12,0,0,0,0,2023-03-23 16:42:34.005000,2023-03-20 07:43:22.361000,NA,NA,NA,NA,week_eight,0.0,0,NA,NA,0,NA,0.0,0.0,0.0,0.0,0,0,0,NA,NA,NA,2.555833333333333,5,2023-03-21 14:23:10.555000,0.033611666666666665,1.0,2023-03-26 18:26:19.563000,NA,NA,NA,NA,NA,NA
70.0,Thailand,1997,Male,CAH11-01	Computing,89,20/03/23 - 26/03/23,0.0,1.7683333333333333,0.0,0.0,0.0,0.0,0.0,01:46:06,02:49:47,3,3,0.0,0.016111666666666666,0.0,0.0,0.0,0.0,0,3,0,0,0,0,NA,2023-03-21 14:26:52.686000,NA,NA,NA,NA,week_eight,0.0,0,NA,NA,0,NA,0.0,0.0,0.0,0.003055,0,0,1,NA,NA,2023-03-21 15:49:55.629000,0.3983333333333333,3,2023-03-21 14:27:39.532000,0.0,0.0,NA,NA,NA,NA,NA,NA,NA
68.2,Pakistan,1995,Male,CAH11-01	Computing,90,20/03/23 - 26/03/23,0.0,1.5038883333333333,0.0,0.0,0.0,0.0,0.0,01:30:14,02:49:47,4,4,0.0,0.0022216666666666665,0.00027833333333333334,0.0,0.0,0.0,0,2,1,0,0,0,NA,2023-03-21 15:49:55.161000,2023-03-21 15:49:53.988000,NA,NA,NA,week_eight,0.0,0,NA,NA,0,NA,0.0,0.0,0.0,0.0025,0,0,1,NA,NA,2023-03-21 15:50:19.046000,0.004445,1,2023-03-21 15:49:58.448000,0.0,0.0,NA,NA,NA,NA,NA,NA,NA
73.6,Sri Lanka,1994,Male,CAH17-01	Business and management,91,20/03/23 - 26/03/23,0.9452783333333332,1.090555,0.001945,0.0,0.0,0.0011116666666666666,0.0,02:02:20,02:49:47,4,7,0.0,0.19861166666666666,0.0011116666666666666,0.0,0.0,0.0,1,6,1,0,0,0,2023-03-20 21:20:35.944000,2023-03-21 14:40:17.337000,2023-03-21 15:21:01.813000,NA,NA,NA,week_eight,0.0,0,NA,NA,0,NA,0.0,0.0,0.0,0.0,0,0,0,NA,NA,NA,0.468055,3,2023-03-21 14:52:06.037000,0.0,0.0,NA,NA,NA,NA,NA,NA,NA
57.0,Nigeria,1992,Male,NA,92,20/03/23 - 26/03/23,0.0,1.9344450000000002,0.0,0.0,0.0,0.0,0.0,01:56:04,02:49:47,4,4,0.0,0.02333333333333333,0.0011116666666666666,0.008333333333333333,0.0,0.0,0,4,1,1,0,0,NA,2023-03-21 14:17:20.694000,2023-03-21 14:56:56.345000,2023-03-21 14:56:08.999000,NA,NA,week_eight,0.0,0,NA,NA,0,NA,0.0,0.0,0.0,0.0,0,0,0,NA,NA,NA,1.4491666666666667,3,2023-03-21 14:17:24.232000,0.0,0.0,NA,NA,NA,NA,NA,NA,NA
66.4,Sri Lanka,1986,Male,CAH11-01	Computing,93,20/03/23 - 26/03/23,0.0,0.0,0.0,0.0,1.3430549999999999,0.0,0.0,01:20:35,02:49:47,2,2,0.030278333333333334,0.3425,0.0,0.0,0.0,0.0,3,2,0,0,0,0,2023-03-24 10:12:05.886000,2023-03-24 10:13:04.267000,NA,NA,NA,NA,week_eight,0.0,0,NA,NA,0,NA,0.0,0.0,0.0,0.0,0,0,0,NA,NA,NA,0.0,0,NA,0.0,0.0,NA,NA,NA,NA,NA,NA,NA
74.8,India,1984,Female,CAH10-01	Engineering,94,20/03/23 - 26/03/23,0.041666666666666664,1.9730549999999998,2.9775,0.120555,0.0016666666666666668,0.0,0.0,05:06:52,02:49:47,4,11,0.29250000000000004,3.3466666666666667,0.0,0.0,0.0,0.0,2,10,0,0,0,0,2023-03-21 15:37:50.061000,2023-03-20 13:28:17.177000,NA,NA,NA,NA,week_eight,0.0,0,NA,NA,0,NA,0.0,0.0,0.0,0.0,0,0,0,NA,NA,NA,0.7775,4,2023-03-20 13:28:23.188000,0.0,1.0,2023-03-23 14:24:28.740000,NA,NA,NA,NA,NA,NA
68.4,Nigeria,1980,Female,CAH03-01	Biosciences,95,20/03/23 - 26/03/23,0.0,0.9136116666666666,0.0,0.0,0.0,0.0,0.0,00:54:49,02:49:47,2,2,0.0,0.7686116666666667,0.0,0.0,0.0,0.0,0,3,0,0,0,0,NA,2023-03-21 14:10:13.433000,NA,NA,NA,NA,week_eight,0.0,0,NA,NA,0,NA,0.0,0.0,0.0,0.0,0,0,0,NA,NA,NA,0.1375,2,2023-03-21 14:10:23.604000,0.0,0.0,NA,NA,NA,NA,NA,NA,NA
73.4,Sri Lanka,1998,Male,CAH11-01	Computing,96,20/03/23 - 26/03/23,3.024445,2.0188883333333334,2.9811116666666666,0.008611666666666665,2.6769450000000004,0.0,0.24222166666666667,10:57:08,02:49:47,10,23,3.2366650000000003,0.14250166666666664,0.0016666666666666668,0.41750000000000004,0.0,0.0,6,13,3,1,0,0,2023-03-20 21:20:59.181000,2023-03-20 21:20:04.362000,2023-03-21 00:18:34.924000,2023-03-21 15:23:19.341000,NA,NA,week_eight,0.0,0,NA,NA,0,NA,0.0,0.0,0.0,0.0,0,0,0,NA,NA,NA,0.90861,4,2023-03-21 00:20:58.227000,2.305,2.0,2023-03-24 10:15:30.637000,NA,NA,NA,NA,NA,NA
72.4,Bolivia,1998,Male,CAH10-01	Engineering,97,20/03/23 - 26/03/23,0.00027833333333333334,1.3977783333333336,3.4677783333333334,0.011111666666666667,2.4338883333333334,0.0,0.0,07:18:39,02:49:47,4,8,0.0,3.56528,0.001945,0.0,0.0,0.0,0,12,1,0,0,0,NA,2023-03-21 14:11:20.451000,2023-03-24 10:32:51.635000,NA,NA,NA,week_eight,0.0,0,NA,NA,0,NA,0.0,0.0,0.0,0.0,0,0,0,NA,NA,NA,1.075,5,2023-03-21 14:11:26.270000,0.017221666666666666,2.0,2023-03-23 22:59:26.793000,NA,NA,NA,NA,NA,NA
76.0,Spain,1994,Female,"CAH24-01	Media, journalism and communications",98,20/03/23 - 26/03/23,0.0,1.8847216666666666,0.0,0.0,0.0,0.0,0.0,01:53:05,02:49:47,2,2,0.0,0.0008333333333333334,0.0,0.0,0.0,0.0,0,1,0,0,0,0,NA,2023-03-21 14:17:10.496000,NA,NA,NA,NA,week_eight,0.0,0,NA,NA,0,NA,0.0,0.0,0.0,0.0,0,0,0,NA,NA,NA,1.8819450000000002,1,2023-03-21 14:17:13.116000,0.0,0.0,NA,NA,NA,NA,NA,NA,NA
73.8,Turkey,1987,Male,CAH17-01	Business and management,99,20/03/23 - 26/03/23,0.0025,1.9644450000000002,0.0,0.0,0.0,0.0,0.033611666666666665,02:00:02,02:49:47,3,4,0.0,1.8430549999999999,0.0,0.0,0.0,0.0,0,5,0,0,0,0,NA,2023-03-21 14:17:37.975000,NA,NA,NA,NA,week_eight,0.0,0,NA,NA,0,NA,0.0,0.0,0.0,0.0,0,0,0,NA,NA,NA,0.019444999999999997,1,2023-03-21 14:17:49.569000,0.008333333333333333,2.0,2023-03-26 23:38:43.129000,NA,NA,NA,NA,NA,NA
76.4,Turkey,1990,Male,CAH15-02	Economics,100,20/03/23 - 26/03/23,3.1824999999999997,1.8797216666666665,0.0,0.0,0.0,0.0,0.0,05:03:44,02:49:47,5,7,0.08861166666666667,0.2575,0.0,0.003888333333333333,0.0,0.0,1,4,1,2,0,0,2023-03-21 15:37:14.719000,2023-03-20 11:17:01.897000,2023-03-21 14:17:43.154000,2023-03-21 14:17:41.612000,NA,NA,week_eight,0.0,0,NA,NA,0,NA,0.0,0.0,0.0,0.0,0,0,0,NA,NA,NA,4.106388333333333,4,2023-03-20 11:17:06.468000,0.0,0.0,NA,NA,NA,NA,NA,NA,NA
60.0,Nigeria,1999,Male,CAH10-01	Engineering,101,20/03/23 - 26/03/23,0.003055,1.4672216666666666,0.0,3.044166666666667,0.0,0.0,0.0,04:30:52,02:49:47,3,5,1.1852783333333334,0.016666666666666666,0.0,0.0,0.0,0.0,1,3,0,0,0,0,2023-03-21 14:39:16.703000,2023-03-21 14:24:20.805000,NA,NA,NA,NA,week_eight,0.0,0,NA,NA,0,NA,0.0,0.0,0.0,0.0,0,0,0,NA,NA,NA,1.3652766666666667,3,2023-03-21 14:24:30.764000,0.0,0.0,NA,NA,NA,NA,NA,NA,NA
65.0,Nigeria,1995,Male,CAH07-01	Physics and astronomy,102,20/03/23 - 26/03/23,0.0,1.8991666666666667,0.0,0.13166666666666668,0.0,0.0,0.0,02:01:51,02:49:47,5,7,0.21388833333333335,0.115,0.0022233333333333332,0.0,0.0,0.0,2,5,4,0,0,0,2023-03-21 15:39:54.486000,2023-03-21 12:06:11.860000,2023-03-21 12:06:16.217000,NA,NA,NA,week_eight,0.0,0,NA,NA,0,NA,0.0,0.0,0.0,0.0,0,0,0,NA,NA,NA,1.3611116666666667,2,2023-03-21 14:17:58.425000,0.0,0.0,NA,NA,NA,NA,NA,NA,NA
69.6,Nigeria,1997,Female,CAH07-02	Chemistry,103,20/03/23 - 26/03/23,0.0,2.3241666666666663,0.0,0.0,0.0,0.2072216666666667,0.0,02:31:53,02:49:47,3,6,0.35722166666666666,0.17972166666666667,0.0,0.0,0.0,0.0,4,6,0,0,0,0,2023-03-21 14:11:13.783000,2023-03-21 14:11:53.730000,NA,NA,NA,NA,week_eight,0.0,0,NA,NA,0,NA,0.0,0.0,0.0,0.0,0,0,0,NA,NA,NA,1.2561116666666667,3,2023-03-21 15:04:07.437000,0.0,0.0,NA,NA,NA,NA,NA,NA,NA
62.8,Nigeria,1976,Male,CAH11-01	Computing,104,20/03/23 - 26/03/23,0.0575,0.0011116666666666666,0.0,0.0,0.0,0.8802783333333333,3.326111666666667,04:15:54,02:49:47,3,10,0.15083333333333335,0.013888333333333332,0.0,0.0,0.0,0.0,2,8,0,0,0,0,2023-03-25 17:43:13.266000,2023-03-20 13:51:17.059000,NA,NA,NA,NA,week_eight,0.0,0,NA,NA,0,NA,0.0,0.0,0.0,0.0,0,0,0,NA,NA,NA,0.8511116666666666,8,2023-03-20 13:51:24.586000,0.0,0.0,NA,NA,NA,NA,NA,NA,NA
71.8,Sri Lanka,1977,Male,CAH09-01	Mathematical sciences,105,20/03/23 - 26/03/23,0.0,1.295555,0.0,0.0,0.0016666666666666668,0.0,0.0,01:17:50,02:49:47,2,3,0.0,0.1722216666666667,0.0,0.0,0.0,0.0,0,4,0,0,0,0,NA,2023-03-21 14:41:25.951000,NA,NA,NA,NA,week_eight,0.0,0,NA,NA,0,NA,0.0,0.0,0.0,0.0,0,0,0,NA,NA,NA,0.555555,2,2023-03-21 14:41:34.133000,0.0,0.0,NA,NA,NA,NA,NA,NA,NA
66.0,Nigeria,1986,Female,CAH03-01	Biosciences,106,20/03/23 - 26/03/23,0.0,2.031388333333333,0.19277833333333333,0.0063883333333333335,0.013055,0.0,0.0,02:14:37,02:49:47,3,4,0.09444500000000002,0.060276666666666666,0.0,0.0,0.0,0.0,1,2,0,0,0,0,2023-03-21 14:11:59.544000,2023-03-21 14:17:39.321000,NA,NA,NA,NA,week_eight,0.0,0,NA,NA,0,NA,0.0,0.0,0.0,0.0,0,0,0,NA,NA,NA,1.880555,2,2023-03-21 14:20:53.306000,0.0,0.0,NA,NA,NA,NA,NA,NA,NA
63.4,Bangladesh,1999,Male,CAH11-01	Computing,107,20/03/23 - 26/03/23,0.10416666666666667,1.9344433333333335,1.2558333333333331,0.0,2.895,0.0,0.0,06:11:22,02:49:47,9,13,0.32388833333333333,0.028333333333333332,0.21583333333333332,0.016944999999999998,0.0,0.0,1,13,1,2,0,0,2023-03-22 19:32:23.650000,2023-03-21 02:23:58.590000,2023-03-22 19:12:53.792000,2023-03-22 19:27:43.375000,NA,NA,week_eight,0.0,0,NA,NA,0,NA,0.0,0.0,0.0,0.02666666666666667,0,0,1,NA,NA,2023-03-22 19:28:53.218000,1.9925,10,2023-03-21 02:24:04.038000,0.0016666666666666668,1.0,2023-03-22 19:28:39.633000,NA,NA,NA,NA,NA,NA
74.0,India,1997,Female,CAH11-01	Computing,108,20/03/23 - 26/03/23,0.0,4.136111666666667,0.0,0.0,0.0,0.0,0.0,04:08:10,02:49:47,3,3,1.031945,0.44638833333333333,0.0,0.0,0.0,0.0,1,4,0,0,0,0,2023-03-21 15:37:48.816000,2023-03-21 12:36:58.155000,NA,NA,NA,NA,week_eight,0.0,0,NA,NA,0,NA,0.0,0.0,0.0,0.0,0,0,0,NA,NA,NA,1.8008333333333333,3,2023-03-21 12:37:01.655000,0.0,0.0,NA,NA,NA,NA,NA,NA,NA
52.6,United States of America,1997,Male,CAH03-02	Sport and exercise sciences,109,20/03/23 - 26/03/23,0.0,0.0,0.0,0.0,0.0,0.0,0.0,00:00:00,02:49:47,0,0,0.0,0.0,0.0,0.0,0.0,0.0,0,0,0,0,0,0,NA,NA,NA,NA,NA,NA,week_eight,0.0,0,NA,NA,0,NA,0.0,0.0,0.0,0.0,0,0,0,NA,NA,NA,0.0,0,NA,0.0,0.0,NA,NA,NA,NA,NA,NA,NA
68.0,United Kingdom of Great Britain and Northern Ireland,1998,Female,CAH03-01	Biosciences,110,20/03/23 - 26/03/23,0.21916666666666668,3.4969449999999997,0.6825,0.0,0.91,0.0,0.9408333333333334,06:14:58,02:49:47,7,13,0.35888833333333336,2.3358333333333334,0.0008333333333333334,0.0,0.0,0.0,3,10,1,0,0,0,2023-03-21 14:10:54.371000,2023-03-21 14:05:46.135000,2023-03-21 14:22:59.336000,NA,NA,NA,week_eight,0.0,0,NA,NA,1,2023-03-24 18:51:53.255000,0.0,0.004166666666666667,0.0,0.0,1,0,1,2023-03-24 18:33:25.639000,NA,2023-03-26 18:32:38.030000,0.9863883333333334,3,2023-03-21 14:12:46.615000,0.0,0.0,NA,NA,NA,NA,NA,NA,NA
62.6,Nigeria,1980,Male,CAH15-02	Economics,111,20/11/23 - 26/11/23,2.045,4.0027783333333335,0.0,0.0,0.0,0.0,0.0,06:02:52,01:36:28,4,5,0.03888833333333333,0.10250000000000001,0.0,0.0008333333333333334,0.0,0.0,2,3,0,1,0,0,2023-11-21 12:47:44.085000,2023-11-21 12:50:04.805000,NA,2023-11-21 12:47:40.865000,NA,NA,week_eight,0.0,0,NA,NA,0,NA,0.0,0.0,0.0,0.0,0,0,0,NA,NA,NA,3.846111666666667,2,2023-11-21 12:50:15.672000,0.0,0.0,NA,NA,NA,NA,NA,NA,NA
73.0,Sri Lanka,1992,Female,CAH09-01	Mathematical sciences,112,20/11/23 - 26/11/23,0.0,3.184166666666667,0.0,0.0,0.02666666666666667,0.0,0.0,03:12:39,01:36:28,4,8,0.0,0.10444333333333332,0.0,0.0,0.0,0.0,1,6,0,0,0,0,2023-11-21 15:22:25.586000,2023-11-21 11:58:16.875000,NA,NA,NA,NA,week_eight,0.0,0,NA,NA,0,NA,0.0,0.0,0.0,0.0,0,0,0,NA,NA,NA,1.1055566666666665,3,2023-11-21 11:58:22.903000,0.0,0.0,NA,NA,NA,NA,NA,NA,NA
59.0,Nigeria,1990,Male,CAH16-01	Law,113,20/11/23 - 26/11/23,0.0,0.343055,0.0,0.0,0.3158333333333333,0.0,0.0,00:39:32,01:36:28,4,6,0.32305500000000004,0.11,0.0,0.0,0.0,0.0,3,2,0,0,0,0,2023-11-21 10:06:13.543000,2023-11-21 14:08:52.459000,NA,NA,NA,NA,week_eight,0.0,0,NA,NA,0,NA,0.0,0.0,0.0,0.0,0,0,0,NA,NA,NA,0.21638833333333335,1,2023-11-21 14:08:55.885000,0.0,0.0,NA,NA,NA,NA,NA,NA,NA
58.0,Nigeria,1996,Female,CAH19-01	English studies,114,20/11/23 - 26/11/23,0.0,0.011388333333333332,0.0,0.0,0.7,0.0,0.011666666666666665,00:43:23,01:36:28,3,4,0.0,0.0008333333333333334,0.0,0.0,0.0,0.0,0,2,0,0,0,0,NA,2023-11-21 14:20:58.324000,NA,NA,NA,NA,week_eight,0.0,0,NA,NA,0,NA,0.0,0.0,0.0,0.0,0,0,0,NA,NA,NA,0.0,1,2023-11-21 14:21:01.529000,0.0,0.0,NA,NA,NA,NA,NA,NA,NA
58.0,Nigeria,2001,Male,CAH07-01	Physics and astronomy,115,20/11/23 - 26/11/23,0.0,3.0625,0.0,0.0,0.0,0.0,0.0,03:03:45,01:36:28,2,2,0.0,0.001945,0.0,0.0,0.0,0.0,0,1,0,0,0,0,NA,2023-11-21 14:09:02.986000,NA,NA,NA,NA,week_eight,0.0,0,NA,NA,0,NA,0.0,0.0,0.0,0.0,0,0,0,NA,NA,NA,2.9575,1,2023-11-21 14:09:09.925000,0.0,0.0,NA,NA,NA,NA,NA,NA,NA
70.6,Ghana,1992,Male,CAH04-01	Psychology,116,20/11/23 - 26/11/23,0.0,2.154166666666667,0.0,0.0,0.0,0.0,0.0,02:09:15,01:36:28,4,5,0.034444999999999996,0.0033333333333333335,0.0,0.0,0.0,0.0,2,4,0,0,0,0,2023-11-21 00:57:08.821000,2023-11-21 14:14:58.614000,NA,NA,NA,NA,week_eight,0.0,0,NA,NA,0,NA,0.0,0.0,0.0,0.006666666666666667,0,0,1,NA,NA,2023-11-21 14:15:03.102000,2.001111666666667,3,2023-11-21 14:15:28.840000,0.0,0.0,NA,NA,NA,NA,NA,NA,NA
66.4,Pakistan,1999,Female,CAH11-01	Computing,117,20/11/23 - 26/11/23,0.0,0.8797216666666667,0.0,0.0,0.0,0.0,0.0,00:52:47,01:36:28,0,0,0.0,0.0,0.0,0.0,0.0,0.0,0,0,0,0,0,0,NA,NA,NA,NA,NA,NA,week_eight,0.0,0,NA,NA,0,NA,0.0,0.0,0.0,0.0,0,0,0,NA,NA,NA,0.0,0,NA,0.0,0.0,NA,NA,NA,NA,NA,NA,NA
73.0,Myanmar,1991,Female,CAH17-01	Business and management,118,20/11/23 - 26/11/23,0.056666666666666664,1.755555,0.0,0.0,0.005,0.0,0.0,01:49:02,01:36:28,3,5,0.0,0.010001666666666666,0.0,0.0,0.0,0.0,1,5,0,0,0,0,2023-11-21 18:31:51.701000,2023-11-20 12:20:29.094000,NA,NA,NA,NA,week_eight,0.0,0,NA,NA,0,NA,0.0,0.0,0.0,0.0,0,0,0,NA,NA,NA,1.4936116666666668,2,2023-11-21 13:56:38.471000,0.0,0.0,NA,NA,NA,NA,NA,NA,NA
64.4,Nigeria,1994,Male,"CAH26-01 Geography, earth and environmental studies",119,20/11/23 - 26/11/23,0.0,0.19305500000000003,0.0,0.0,0.024166666666666666,0.0,0.0,00:13:02,01:36:28,4,5,0.013055,0.0016666666666666668,0.0,0.0,0.0,0.0,1,1,0,0,0,0,2023-11-21 06:46:05.707000,2023-11-21 14:12:33.391000,NA,NA,NA,NA,week_eight,0.0,0,NA,NA,0,NA,0.0,0.0,0.0,0.0,0,0,0,NA,NA,NA,0.0,1,2023-11-21 14:12:38.951000,0.0,0.0,NA,NA,NA,NA,NA,NA,NA
52.0,United Kingdom of Great Britain and Northern Ireland,2000,Male,CAH04-01	Psychology,120,20/11/23 - 26/11/23,0.0,0.0,0.0,0.0,0.0,0.0,0.0,00:00:00,01:36:28,0,0,0.0,0.0,0.0,0.0,0.0,0.0,0,0,0,0,0,0,NA,NA,NA,NA,NA,NA,week_eight,0.0,0,NA,NA,0,NA,0.0,0.0,0.0,0.0,0,0,0,NA,NA,NA,0.0,0,NA,0.0,0.0,NA,NA,NA,NA,NA,NA,NA
64.0,United Kingdom of Great Britain and Northern Ireland,2002,Male,CAH11-01	Computing,121,20/11/23 - 26/11/23,0.0,0.0,0.0,0.0,0.0,0.0,0.0,00:00:00,01:36:28,0,0,0.0,0.0,0.0,0.0,0.0,0.0,0,0,0,0,0,0,NA,NA,NA,NA,NA,NA,week_eight,0.0,0,NA,NA,0,NA,0.0,0.0,0.0,0.0,0,0,0,NA,NA,NA,0.0,0,NA,0.0,0.0,NA,NA,NA,NA,NA,NA,NA
64.0,Poland,2001,Male,CAH17-01	Business and management,122,20/11/23 - 26/11/23,0.0,0.001945,0.0,0.0,0.0,0.0,0.0,00:00:07,01:36:28,2,2,0.0,0.000555,0.0,0.0,0.0,0.0,0,1,0,0,0,0,NA,2023-11-21 14:27:07.006000,NA,NA,NA,NA,week_eight,0.0,0,NA,NA,0,NA,0.0,0.0,0.0,0.0,0,0,0,NA,NA,NA,0.0,1,2023-11-21 14:27:08.933000,0.0,0.0,NA,NA,NA,NA,NA,NA,NA
74.2,Iran,1982,Male,CAH10-01	Engineering,123,20/11/23 - 26/11/23,0.0,2.916388333333333,0.22916666666666666,0.0,0.0,0.0,0.0,03:08:44,01:36:28,2,6,0.0,0.0052766666666666665,0.0,0.0,0.0,0.0,0,6,0,0,0,0,NA,2023-11-21 14:14:57.567000,NA,NA,NA,NA,week_eight,0.0,0,NA,NA,0,NA,0.0,0.0,0.0,0.0,0,0,0,NA,NA,NA,2.475555,6,2023-11-21 14:15:01.225000,0.0,0.0,NA,NA,NA,NA,NA,NA,NA
73.2,Malaysia,1992,Male,CAH17-01	Business and management,124,20/11/23 - 26/11/23,0.7161116666666666,0.8666666666666667,0.0,0.0,0.0,0.0,0.011388333333333332,01:35:39,01:36:28,6,10,0.024444999999999998,0.008055,0.0,0.013611666666666668,0.0,0.0,1,10,0,1,0,0,2023-11-21 14:20:58.539000,2023-11-20 16:00:33.029000,NA,2023-11-20 18:36:31.125000,NA,NA,week_eight,0.0,0,NA,NA,0,NA,0.0,0.0,0.0,0.12388833333333334,0,0,1,NA,NA,2023-11-21 12:04:19.924000,1.3491666666666666,7,2023-11-20 16:00:35.270000,0.008888333333333333,1.0,2023-11-26 19:39:28.330000,NA,NA,NA,NA,NA,NA
63.0,United Kingdom of Great Britain and Northern Ireland,1987,Male,CAH10-01	Engineering,125,20/11/23 - 26/11/23,0.2983333333333333,0.51139,0.0,0.0,0.0,0.0,0.0013883333333333332,00:48:40,01:36:28,4,6,0.0,0.009723333333333332,0.0,0.0,0.0,0.0,1,8,0,0,0,0,2023-11-26 18:17:48.497000,2023-11-21 14:13:25.145000,NA,NA,NA,NA,week_eight,0.0,0,NA,NA,0,NA,0.0,0.0,0.0,0.0,0,0,0,NA,NA,NA,0.32,8,2023-11-21 14:13:28.001000,0.0,0.0,NA,NA,NA,NA,NA,NA,NA
73.2,Algeria,2002,Female,"CAH07-04	General, applied and forensic sciences",126,20/11/23 - 26/11/23,0.0,0.011666666666666665,0.0,0.0,0.0,0.0,0.0,00:00:42,01:36:28,2,2,0.0,0.0025,0.0,0.0,0.0,0.0,0,2,0,0,0,0,NA,2023-11-21 11:36:56.341000,NA,NA,NA,NA,week_eight,0.0,0,NA,NA,0,NA,0.0,0.0,0.0,0.0,0,0,0,NA,NA,NA,0.0016666666666666668,1,2023-11-21 11:36:59.222000,0.0,0.0,NA,NA,NA,NA,NA,NA,NA
72.0,United Kingdom of Great Britain and Northern Ireland,1980,Female,CAH07-01	Physics and astronomy,127,20/11/23 - 26/11/23,0.0,1.2263899999999999,0.0,0.01,0.0,0.0,0.0,01:14:11,01:36:28,4,5,0.051111666666666666,0.0027783333333333336,0.0,0.0,0.0,0.0,1,4,0,0,0,0,2023-11-21 15:14:55.009000,2023-11-21 11:14:37.842000,NA,NA,NA,NA,week_eight,0.0,0,NA,NA,0,NA,0.0,0.0,0.0,0.0,0,0,0,NA,NA,NA,1.045555,3,2023-11-21 14:06:14.024000,0.0,0.0,NA,NA,NA,NA,NA,NA,NA
73.8,United Kingdom of Great Britain and Northern Ireland,1984,Female,CAH04-01	Psychology,128,20/11/23 - 26/11/23,0.06833333333333333,1.7344450000000002,0.0,0.0,0.0,0.0,0.0,01:48:10,01:36:28,3,3,0.0,0.0025,0.0,0.0,0.0,0.0,1,2,0,0,0,0,2023-11-21 15:44:53.099000,2023-11-21 14:01:46.592000,NA,NA,NA,NA,week_eight,0.0,0,NA,NA,0,NA,0.0,0.0,0.0,0.0,0,0,0,NA,NA,NA,1.6891666666666665,2,2023-11-21 14:01:52.584000,0.0,0.0,NA,NA,NA,NA,NA,NA,NA
72.0,United Kingdom of Great Britain and Northern Ireland,1988,Male,NA,129,20/11/23 - 26/11/23,0.09638833333333333,1.639445,0.0,0.0,0.0,0.0,0.0,01:44:09,01:36:28,4,4,0.024444999999999998,0.0022216666666666665,0.0,0.0,0.0,0.0,2,2,0,0,0,0,2023-11-21 14:00:45.410000,2023-11-21 14:01:20.543000,NA,NA,NA,NA,week_eight,0.0,0,NA,NA,0,NA,0.0,0.0,0.0,0.0,0,0,0,NA,NA,NA,1.5347216666666665,2,2023-11-21 14:01:24.315000,0.0,0.0,NA,NA,NA,NA,NA,NA,NA
56.2,China,2001,Male,CAH11-01	Computing,130,20/11/23 - 26/11/23,0.0,0.0016666666666666668,0.0,0.0,0.0,0.003888333333333333,0.0,00:00:20,01:36:28,1,2,0.0016666666666666668,0.0,0.0,0.0,0.0,0.0,2,0,0,0,0,0,2023-11-21 14:24:03.877000,NA,NA,NA,NA,NA,week_eight,0.0,0,NA,NA,0,NA,0.0,0.0,0.0,0.0,0,0,0,NA,NA,NA,0.0,0,NA,0.0,0.0,NA,NA,NA,NA,NA,NA,NA
74.0,Singapore,1988,Female,CAH04-01	Psychology,131,20/11/23 - 26/11/23,0.0,1.4488883333333331,4.0408333333333335,0.0,0.0,0.0,0.0,05:29:23,01:36:28,4,7,3.3072216666666665,0.011666666666666665,0.0,0.0,0.0,0.0,3,5,0,0,0,0,2023-11-21 15:43:41.468000,2023-11-21 14:16:51.955000,NA,NA,NA,NA,week_eight,0.0,0,NA,NA,0,NA,0.0,0.0,0.0,0.0,0,0,0,NA,NA,NA,1.4427783333333335,4,2023-11-21 14:16:59.303000,0.0,0.0,NA,NA,NA,NA,NA,NA,NA
65.8,India,1990,Male,CAH11-01	Computing,132,20/11/23 - 26/11/23,0.13888833333333334,0.0,0.0,0.0,0.0,0.088055,0.0,00:13:37,01:36:28,2,2,0.10361166666666667,0.0,0.0,0.0,0.0,0.0,1,0,0,0,0,0,2023-11-20 14:21:03.889000,NA,NA,NA,NA,NA,week_eight,0.0,0,NA,NA,0,NA,0.0,0.0,0.0,0.0,0,0,0,NA,NA,NA,0.0,0,NA,0.0,0.0,NA,NA,NA,NA,NA,NA,NA
61.8,Philippines,1984,Male,CAH17-01	Business and management,133,20/11/23 - 26/11/23,0.0,0.0033333333333333335,0.0,0.0,0.0,0.0,0.0,00:00:12,01:36:28,0,0,0.0,0.0,0.0,0.0,0.0,0.0,0,0,0,0,0,0,NA,NA,NA,NA,NA,NA,week_eight,0.0,0,NA,NA,0,NA,0.0,0.0,0.0,0.0,0,0,0,NA,NA,NA,0.0,0,NA,0.0,0.0,NA,NA,NA,NA,NA,NA,NA
62.2,Turkey,1982,Male,CAH11-01	Computing,134,20/11/23 - 26/11/23,0.95,2.944166666666667,0.0,0.0,0.2622216666666667,0.09638833333333333,0.0,04:15:10,01:36:28,4,5,0.14361166666666667,0.0011116666666666666,0.0,0.0,0.0,0.0,2,1,0,0,0,0,2023-11-20 14:30:58.527000,2023-11-21 14:21:56.281000,NA,NA,NA,NA,week_eight,0.0,0,NA,NA,0,NA,0.0,0.0,0.0,0.0,0,0,0,NA,NA,NA,1.4019450000000002,1,2023-11-21 14:22:00.122000,0.0,0.0,NA,NA,NA,NA,NA,NA,NA
70.6,Viet Nam,1995,Male,NA,135,20/11/23 - 26/11/23,0.008055,0.007500000000000001,0.0,0.0,0.0,0.0,0.0,00:00:56,01:36:28,2,6,0.0,0.005833333333333333,0.0,0.0,0.0,0.0,0,4,0,0,0,0,NA,2023-11-20 16:46:45.504000,NA,NA,NA,NA,week_eight,0.0,0,NA,NA,0,NA,0.0,0.0,0.0,0.0,0,0,0,NA,NA,NA,0.001945,3,2023-11-20 16:46:48.608000,0.0,0.0,NA,NA,NA,NA,NA,NA,NA
72.0,United Kingdom of Great Britain and Northern Ireland,1974,Male,CAH11-01	Computing,136,20/11/23 - 26/11/23,1.7030549999999998,3.2827783333333334,0.0,0.0,0.0,0.0,0.0,04:59:09,01:36:28,6,8,0.004166666666666667,0.008888333333333333,0.0,0.0008333333333333334,0.0,0.0,1,5,0,1,0,0,2023-11-20 19:45:59.035000,2023-11-20 19:45:14.230000,NA,2023-11-20 19:45:56.407000,NA,NA,week_eight,0.0,0,NA,NA,0,NA,0.0,0.0,0.005278333333333333,1.6366666666666667,0,1,2,NA,2023-11-20 19:48:54.529000,2023-11-20 19:45:21.848000,2.8699999999999997,2,2023-11-20 19:49:18.187000,0.0,0.0,NA,NA,NA,NA,NA,NA,NA
58.0,Nigeria,1991,Female,CAH17-01	Business and management,137,20/11/23 - 26/11/23,0.0,3.9727783333333333,0.0,0.0,0.003055,0.0,0.0,03:58:33,01:36:28,3,4,0.0,0.009443333333333333,0.0,0.0,0.0,0.0,0,3,0,0,0,0,NA,2023-11-21 13:03:43.216000,NA,NA,NA,NA,week_eight,0.0,0,NA,NA,0,NA,0.0,0.0,0.0,1.0636116666666666,0,0,1,NA,NA,2023-11-21 13:03:53.260000,1.7213883333333333,1,2023-11-21 14:08:06.327000,0.0,0.0,NA,NA,NA,NA,NA,NA,NA
58.0,Morocco,2001,Male,CAH11-01	Computing,138,20/11/23 - 26/11/23,0.0,3.026388333333333,0.0,0.0,0.0,0.0,0.0,03:01:35,01:36:28,0,0,0.0,0.0,0.0,0.0,0.0,0.0,0,0,0,0,0,0,NA,NA,NA,NA,NA,NA,week_eight,0.0,0,NA,NA,0,NA,0.0,0.0,0.0,0.0,0,0,0,NA,NA,NA,0.0,0,NA,0.0,0.0,NA,NA,NA,NA,NA,NA,NA
63.0,Nigeria,2000,Male,CAH03-01	Biosciences,139,20/11/23 - 26/11/23,0.0,0.0063883333333333335,0.0,0.0,0.0,0.0,0.0,00:00:23,01:36:28,2,2,0.0,0.0025,0.0,0.0,0.0,0.0,0,1,0,0,0,0,NA,2023-11-21 14:15:01.977000,NA,NA,NA,NA,week_eight,0.0,0,NA,NA,0,NA,0.0,0.0,0.0,0.0,0,0,0,NA,NA,NA,0.0,1,2023-11-21 14:15:11.285000,0.0,0.0,NA,NA,NA,NA,NA,NA,NA
75.2,United Kingdom of Great Britain and Northern Ireland,1988,Female,CAH04-01	Psychology,140,20/11/23 - 26/11/23,0.0,2.9099999999999997,0.4966666666666667,0.0,0.0,0.0,2.1002783333333332,05:30:25,01:36:28,4,8,1.441945,0.03833333333333333,0.0,0.0,0.0,0.0,5,3,0,0,0,0,2023-11-21 15:57:56.502000,2023-11-21 14:12:20.660000,NA,NA,NA,NA,week_eight,0.0,0,NA,NA,0,NA,0.0,0.0,0.0,0.0,0,0,0,NA,NA,NA,1.7558333333333331,1,2023-11-21 14:12:24.038000,0.0,0.0,NA,NA,NA,NA,NA,NA,NA
51.8,China,2001,Male,CAH11-01	Computing,141,20/11/23 - 26/11/23,0.0,0.0,0.0,0.0,0.0,0.0,0.0,00:00:00,01:36:28,0,0,0.0,0.0,0.0,0.0,0.0,0.0,0,0,0,0,0,0,NA,NA,NA,NA,NA,NA,week_eight,0.0,0,NA,NA,0,NA,0.0,0.0,0.0,0.0,0,0,0,NA,NA,NA,0.0,0,NA,0.0,0.0,NA,NA,NA,NA,NA,NA,NA
60.0,Jordan,1994,Female,CAH04-01	Psychology,142,20/11/23 - 26/11/23,0.0,2.6966666666666668,0.0,0.0,0.0,0.0,0.0,02:41:48,01:36:28,2,2,0.0,0.0011116666666666666,0.0,0.0,0.0,0.0,0,1,0,0,0,0,NA,2023-11-21 14:25:09.297000,NA,NA,NA,NA,week_eight,0.0,0,NA,NA,0,NA,0.0,0.0,0.0,0.0,0,0,0,NA,NA,NA,2.6886116666666666,1,2023-11-21 14:25:13.256000,0.0,0.0,NA,NA,NA,NA,NA,NA,NA
64.0,United Kingdom of Great Britain and Northern Ireland,1990,Male,CAH02-05	Medical sciences,143,20/11/23 - 26/11/23,0.0,0.029166666666666667,0.0,0.0,0.0,0.0,0.0,00:01:45,01:36:28,3,3,0.0,0.000555,0.0,0.0,0.0,0.0,0,1,0,0,0,0,NA,2023-11-21 14:27:58.150000,NA,NA,NA,NA,week_eight,0.0,0,NA,NA,0,NA,0.0,0.0,0.0,0.0,0,0,0,NA,NA,NA,0.0,1,2023-11-21 14:28:00.537000,0.0,0.0,NA,NA,NA,NA,NA,NA,NA
64.4,Bangladesh,1995,Female,CAH17-01	Business and management,144,20/11/23 - 26/11/23,0.0,0.0033333333333333335,0.0,0.0,0.0,0.0,0.0,00:00:12,01:36:28,2,2,0.0,0.0011116666666666666,0.0,0.0,0.0,0.0,0,1,0,0,0,0,NA,2023-11-21 14:11:38.910000,NA,NA,NA,NA,week_eight,0.0,0,NA,NA,0,NA,0.0,0.0,0.0,0.0,0,0,0,NA,NA,NA,0.0,1,2023-11-21 14:11:42.608000,0.0,0.0,NA,NA,NA,NA,NA,NA,NA
64.0,United Kingdom of Great Britain and Northern Ireland,2002,Male,CAH20-01	History and archaeology,145,20/11/23 - 26/11/23,0.0125,1.4586116666666666,0.0,0.0,0.0,0.0,0.0,01:28:16,01:36:28,2,4,0.0,0.012221666666666665,0.0,0.0,0.0,0.0,0,4,0,0,0,0,NA,2023-11-20 18:02:32.914000,NA,NA,NA,NA,week_eight,0.0,0,NA,NA,0,NA,0.0,0.0,0.0,0.0,0,0,0,NA,NA,NA,1.4533333333333334,3,2023-11-20 18:02:37.632000,0.0,0.0,NA,NA,NA,NA,NA,NA,NA
74.0,United Kingdom of Great Britain and Northern Ireland,1979,Female,CAH22-01	Education and teaching,146,20/11/23 - 26/11/23,0.0,0.7297216666666667,0.27749999999999997,0.0,0.0,0.23166666666666666,0.7433333333333334,01:58:56,01:36:28,11,18,0.25833333333333336,0.3300016666666667,0.0,0.004166666666666667,0.05,0.013611666666666668,5,20,0,2,2,1,2023-11-22 19:32:37.079000,2023-11-21 13:55:46.035000,NA,2023-11-22 19:32:23,2023-11-25 11:49:34.236000,2023-11-25 11:52:53.558000,week_eight,0.0,0,NA,NA,2,2023-11-26 21:56:05.193000,0.04,0.0047216666666666665,0.38277833333333333,0.0,1,1,0,2023-11-26 22:00:12.495000,2023-11-26 22:00:36.505000,NA,0.5391666666666667,4,2023-11-21 13:55:51.397000,0.14250000000000002,2.0,2023-11-25 11:39:25.481000,NA,NA,NA,NA,NA,NA
76.2,United Kingdom of Great Britain and Northern Ireland,1983,Male,CAH09-01	Mathematical sciences,147,20/11/23 - 26/11/23,0.0,2.921666666666667,0.0,0.0,0.0,0.0,0.0,02:55:18,01:36:28,2,2,0.0,0.0011116666666666666,0.0,0.0,0.0,0.0,0,1,0,0,0,0,NA,2023-11-21 14:07:41.199000,NA,NA,NA,NA,week_eight,0.0,0,NA,NA,0,NA,0.0,0.0,0.0,0.0,0,0,0,NA,NA,NA,2.92,1,2023-11-21 14:07:45.279000,0.0,0.0,NA,NA,NA,NA,NA,NA,NA
73.4,Sri Lanka,1983,Male,CAH10-01	Engineering,148,20/11/23 - 26/11/23,0.0,3.000555,0.0,0.0,0.0,0.0,0.0,03:00:02,01:36:28,3,3,0.004445,0.0025,0.0,0.0,0.0,0.0,1,2,0,0,0,0,2023-11-21 13:27:46.064000,2023-11-21 13:12:32.271000,NA,NA,NA,NA,week_eight,0.0,0,NA,NA,0,NA,0.0,0.0,0.0,0.0,0,0,0,NA,NA,NA,2.9613883333333333,2,2023-11-21 13:12:38.756000,0.0,0.0,NA,NA,NA,NA,NA,NA,NA
60.4,Sri Lanka,1993,Male,CAH17-01	Business and management,149,20/11/23 - 26/11/23,0.0,0.0,0.0,0.001945,0.0,0.0,0.0,00:00:07,01:36:28,0,0,0.0,0.0,0.0,0.0,0.0,0.0,0,0,0,0,0,0,NA,NA,NA,NA,NA,NA,week_eight,0.0,0,NA,NA,0,NA,0.0,0.0,0.0,0.0,0,0,0,NA,NA,NA,0.0,0,NA,0.0,0.0,NA,NA,NA,NA,NA,NA,NA
61.8,United Kingdom of Great Britain and Northern Ireland,2000,Male,CAH09-01	Mathematical sciences,150,20/11/23 - 26/11/23,0.0,0.0,0.0,0.0,0.0,0.0,0.0,00:00:00,01:36:28,0,0,0.0,0.0,0.0,0.0,0.0,0.0,0,0,0,0,0,0,NA,NA,NA,NA,NA,NA,week_eight,0.0,0,NA,NA,0,NA,0.0,0.0,0.0,0.0,0,0,0,NA,NA,NA,0.0,0,NA,0.0,0.0,NA,NA,NA,NA,NA,NA,NA
63.6,United Kingdom of Great Britain and Northern Ireland,1996,Male,CAH04-01	Psychology,151,20/11/23 - 26/11/23,0.017778333333333333,2.5877783333333335,0.0,0.0,0.0,0.0,0.0,02:36:20,01:36:28,2,2,0.0,0.000555,0.0,0.0,0.0,0.0,0,1,0,0,0,0,NA,2023-11-21 14:06:20.408000,NA,NA,NA,NA,week_eight,0.0,0,NA,NA,0,NA,0.0,0.0,0.0,0.0,0,0,0,NA,NA,NA,2.5816666666666666,1,2023-11-21 14:06:22.799000,0.0,0.0,NA,NA,NA,NA,NA,NA,NA
61.2,Bangladesh,1999,Male,CAH10-01	Engineering,152,20/11/23 - 26/11/23,0.0,0.0,0.0,0.0,0.0,0.0,0.0,00:00:00,01:36:28,0,0,0.0,0.0,0.0,0.0,0.0,0.0,0,0,0,0,0,0,NA,NA,NA,NA,NA,NA,week_eight,0.0,0,NA,NA,0,NA,0.0,0.0,0.0,0.0,0,0,0,NA,NA,NA,0.0,0,NA,0.0,0.0,NA,NA,NA,NA,NA,NA,NA
58.0,Nigeria,1976,Female,CAH25-01	Creative arts and design,153,20/11/23 - 26/11/23,0.0,1.5502783333333334,0.0,0.0,0.0,0.0,0.0,01:33:01,01:36:28,2,2,0.0,0.0013883333333333332,0.0,0.0,0.0,0.0,0,1,0,0,0,0,NA,2023-11-21 14:18:23.567000,NA,NA,NA,NA,week_eight,0.0,0,NA,NA,0,NA,0.0,0.0,0.0,0.0,0,0,0,NA,NA,NA,1.5450000000000002,1,2023-11-21 14:18:28.139000,0.0,0.0,NA,NA,NA,NA,NA,NA,NA
71.0,Pakistan,1998,Male,CAH11-01	Computing,154,20/11/23 - 26/11/23,0.0,0.0,0.0,0.0,0.0,0.0,0.0,00:00:00,01:36:28,0,0,0.0,0.0,0.0,0.0,0.0,0.0,0,0,0,0,0,0,NA,NA,NA,NA,NA,NA,week_eight,0.0,0,NA,NA,0,NA,0.0,0.0,0.0,0.0,0,0,0,NA,NA,NA,0.0,0,NA,0.0,0.0,NA,NA,NA,NA,NA,NA,NA
68.2,Turkey,1969,Female,CAH22-01	Education and teaching,155,20/11/23 - 26/11/23,0.0,0.0022216666666666665,0.0,0.07166666666666667,0.8222216666666667,0.01,0.0,00:54:22,01:36:28,4,4,0.8166666666666667,0.0008333333333333334,0.0,0.0,0.0,0.0,1,1,0,0,0,0,2023-11-24 10:41:54.593000,2023-11-21 14:34:30.927000,NA,NA,NA,NA,week_eight,0.0,0,NA,NA,0,NA,0.0,0.0,0.0,0.0,0,0,0,NA,NA,NA,0.0,1,2023-11-21 14:34:34.253000,0.0,0.0,NA,NA,NA,NA,NA,NA,NA
73.0,Sri Lanka,2001,Male,CAH17-01	Business and management,156,20/11/23 - 26/11/23,0.0,2.7552783333333335,0.46277833333333335,0.0,0.0,0.0,0.0,03:13:05,01:36:28,9,10,0.0,0.013611666666666668,0.0,0.00027833333333333334,0.0,0.0022216666666666665,0,7,0,1,0,1,NA,2023-11-21 14:13:43.995000,NA,2023-11-22 19:41:35.926000,NA,2023-11-22 20:07:32.750000,week_eight,0.0016666666666666668,1,2023-11-22 20:08:25.213000,NA,2,2023-11-22 20:07:45.991000,0.011111666666666667,0.001945,0.0,0.0,2,0,0,2023-11-22 20:07:07.623000,NA,NA,0.103055,1,2023-11-21 14:13:47.679000,0.0,0.0,NA,NA,NA,NA,NA,NA,NA
61.4,Sri Lanka,1986,Male,CAH17-01	Business and management,157,20/11/23 - 26/11/23,0.0,0.004445,0.0,0.0,0.0,0.015000000000000001,0.0,00:01:10,01:36:28,2,2,0.0,0.001945,0.0,0.0,0.0,0.0,0,1,0,0,0,0,NA,2023-11-21 14:38:30.603000,NA,NA,NA,NA,week_eight,0.0,0,NA,NA,0,NA,0.0,0.0,0.0,0.0,0,0,0,NA,NA,NA,0.0,1,2023-11-21 14:38:37.983000,0.0,0.0,NA,NA,NA,NA,NA,NA,NA
60.6,India,1995,Male,CAH10-01	Engineering,158,20/11/23 - 26/11/23,0.0,1.2894450000000002,0.0,0.0,0.0,0.26,0.0,01:32:58,01:36:28,4,5,0.021388333333333336,0.010833333333333334,0.0,0.0013883333333333332,0.0,0.0,1,3,0,2,0,0,2023-11-21 11:42:19.990000,2023-11-21 14:16:31.876000,NA,2023-11-21 04:07:47.620000,NA,NA,week_eight,0.0,0,NA,NA,0,NA,0.0,0.0,0.0,0.0,0,0,0,NA,NA,NA,0.8041666666666667,2,2023-11-21 14:17:06.456000,0.0,0.0,NA,NA,NA,NA,NA,NA,NA
48.2,Cameroon,1991,Female,CAH17-01	Business and management,159,20/11/23 - 26/11/23,0.0,0.6986100000000001,0.0,0.0,0.0,0.0,0.08972166666666667,00:47:17,01:36:28,3,5,0.076945,0.011666666666666665,0.0,0.0,0.0,0.0,1,3,0,0,0,0,2023-11-26 11:31:25.315000,2023-11-21 14:07:59.555000,NA,NA,NA,NA,week_eight,0.0,0,NA,NA,0,NA,0.0,0.0,0.0,0.0,0,0,0,NA,NA,NA,0.32361166666666663,3,2023-11-21 14:08:09.130000,0.0,0.0,NA,NA,NA,NA,NA,NA,NA
61.8,United Kingdom of Great Britain and Northern Ireland,2001,Male,CAH09-01	Mathematical sciences,160,20/11/23 - 26/11/23,0.0,0.0,0.0,0.0,0.0,0.0,0.0,00:00:00,01:36:28,0,0,0.0,0.0,0.0,0.0,0.0,0.0,0,0,0,0,0,0,NA,NA,NA,NA,NA,NA,week_eight,0.0,0,NA,NA,0,NA,0.0,0.0,0.0,0.0,0,0,0,NA,NA,NA,0.0,0,NA,0.0,0.0,NA,NA,NA,NA,NA,NA,NA
64.4,Egypt,2000,Male,CAH11-01	Computing,161,20/11/23 - 26/11/23,0.0,2.0502783333333334,0.0,0.0,0.0,0.0,0.0,02:03:01,01:36:28,2,2,0.0,0.0022216666666666665,0.0,0.0,0.0,0.0,0,1,0,0,0,0,NA,2023-11-21 14:43:02.658000,NA,NA,NA,NA,week_eight,0.0,0,NA,NA,0,NA,0.0,0.0,0.0,0.0,0,0,0,NA,NA,NA,1.1975,1,2023-11-21 14:43:10.245000,0.0,0.0,NA,NA,NA,NA,NA,NA,NA
69.4,Myanmar,1995,Male,CAH11-01	Computing,162,20/11/23 - 26/11/23,0.0,0.0008333333333333334,0.0,0.0,0.0025,0.0,0.0,00:00:12,01:36:28,2,2,0.0,0.0,0.0,0.0,0.0,0.0,1,0,0,0,0,0,2023-11-21 14:31:52.881000,NA,NA,NA,NA,NA,week_eight,0.0,0,NA,NA,0,NA,0.0,0.0,0.0,0.0,0,0,0,NA,NA,NA,0.0,0,NA,0.0,0.0,NA,NA,NA,NA,NA,NA,NA
72.0,United Kingdom of Great Britain and Northern Ireland,1991,Male,CAH15-03	Politics,163,20/11/23 - 26/11/23,0.35472166666666666,2.949445,0.0,0.0,0.0,0.0,0.0,03:18:15,01:36:28,3,5,0.08166666666666668,0.06777666666666667,0.0,0.0,0.0,0.0,1,6,0,0,0,0,2023-11-21 15:45:03.700000,2023-11-20 19:25:42.048000,NA,NA,NA,NA,week_eight,0.0,0,NA,NA,0,NA,0.0,0.0,0.0,0.0,0,0,0,NA,NA,NA,1.5825,4,2023-11-20 19:25:44.758000,0.0,0.0,NA,NA,NA,NA,NA,NA,NA
65.0,Sri Lanka,1994,Male,CAH11-01	Computing,164,20/11/23 - 26/11/23,0.007500000000000001,0.3850016666666667,0.0,0.0,0.0,0.0,0.08277833333333334,00:28:31,01:36:28,4,4,0.16,0.007778333333333333,0.0,0.0,0.0,0.0,1,1,0,0,0,0,2023-11-21 15:09:35.029000,2023-11-21 15:19:17.210000,NA,NA,NA,NA,week_eight,0.0,0,NA,NA,0,NA,0.0,0.0,0.0,0.0,0,0,0,NA,NA,NA,0.12166666666666666,1,2023-11-21 15:19:45.025000,0.0,0.0,NA,NA,NA,NA,NA,NA,NA
61.6,Turkey,1984,Male,CAH17-01	Business and management,165,20/11/23 - 26/11/23,0.013333333333333334,0.3441666666666666,0.0,0.0033333333333333335,0.033611666666666665,0.0,0.0,00:23:40,01:36:28,3,3,0.0,0.006944999999999999,0.0,0.0,0.0,0.0,0,4,0,0,0,0,NA,2023-11-21 14:03:46.745000,NA,NA,NA,NA,week_eight,0.0,0,NA,NA,0,NA,0.0,0.0,0.0,0.003055,0,0,1,NA,NA,2023-11-21 14:11:17.769000,0.33222166666666664,3,2023-11-21 14:03:53.692000,0.0,0.0,NA,NA,NA,NA,NA,NA,NA
68.6,Malaysia,1998,Female,CAH17-01	Business and management,166,20/11/23 - 26/11/23,0.0,0.08,0.0,0.0,0.0,0.0,0.0,00:04:48,01:36:28,0,0,0.0,0.0,0.0,0.0,0.0,0.0,0,0,0,0,0,0,NA,NA,NA,NA,NA,NA,week_eight,0.0,0,NA,NA,0,NA,0.0,0.0,0.0,0.0,0,0,0,NA,NA,NA,0.0,0,NA,0.0,0.0,NA,NA,NA,NA,NA,NA,NA
74.6,Pakistan,1995,Male,CAH10-01	Engineering,167,20/11/23 - 26/11/23,0.0,0.0,0.0,0.0,0.0,0.0,0.0,00:00:00,01:36:28,0,0,0.0,0.0,0.0,0.0,0.0,0.0,0,0,0,0,0,0,NA,NA,NA,NA,NA,NA,week_eight,0.0,0,NA,NA,0,NA,0.0,0.0,0.0,0.0,0,0,0,NA,NA,NA,0.0,0,NA,0.0,0.0,NA,NA,NA,NA,NA,NA,NA
63.0,United Kingdom of Great Britain and Northern Ireland,2001,Female,CAH17-01	Business and management,168,20/11/23 - 26/11/23,0.0,1.6697216666666665,0.0,0.005833333333333333,0.0,0.0,0.0325,01:42:29,01:36:28,4,5,0.0,0.0027783333333333336,0.0,0.0008333333333333334,0.0,0.0,0,5,0,1,0,0,NA,2023-11-21 14:06:34.435000,NA,2023-11-21 14:19:15.081000,NA,NA,week_eight,0.0,0,NA,NA,0,NA,0.0,0.0,0.0,0.0,0,0,0,NA,NA,NA,1.643611666666667,4,2023-11-21 14:06:36.156000,0.0,0.0,NA,NA,NA,NA,NA,NA,NA
76.2,Sweden,1977,Male,"CAH15-01	Sociology, social policy and anthropology",169,20/11/23 - 26/11/23,0.0,1.5394433333333335,0.0,0.0,0.0,0.0,0.0,01:32:22,01:36:28,5,5,0.006944999999999999,0.0033333333333333335,0.0,0.0,0.0,0.0,1,2,0,0,0,0,2023-11-21 12:04:37.983000,2023-11-21 14:20:21.467000,NA,NA,NA,NA,week_eight,0.0,0,NA,NA,0,NA,0.0,0.0,0.0,0.0,0,0,1,NA,NA,2023-11-21 15:49:41.031000,1.4816666666666667,1,2023-11-21 14:20:28.266000,0.0,0.0,NA,NA,NA,NA,NA,NA,NA
73.4,Pakistan,1987,Male,CAH11-01	Computing,170,20/11/23 - 26/11/23,0.0,0.0036116666666666667,0.0063883333333333335,0.0,0.0,0.009166666666666667,0.0,00:01:09,01:36:28,3,4,0.0,0.0025,0.0,0.0,0.0,0.0,1,2,0,0,0,0,2023-11-25 19:25:46.138000,2023-11-21 12:19:45.815000,NA,NA,NA,NA,week_eight,0.0,0,NA,NA,0,NA,0.0,0.0,0.0,0.0,0,0,0,NA,NA,NA,0.0,1,2023-11-21 12:19:48.866000,0.0,0.0,NA,NA,NA,NA,NA,NA,NA
73.2,India,2001,Male,CAH10-01	Engineering,171,20/11/23 - 26/11/23,0.05861,2.756388333333333,0.0,0.0,0.0,0.0,0.0,02:48:53,01:36:28,5,7,0.13027833333333333,0.0047216666666666665,0.0,0.0,0.0,0.0,4,4,0,0,0,0,2023-11-20 09:59:25.391000,2023-11-20 09:56:46.926000,NA,NA,NA,NA,week_eight,0.0,0,NA,NA,0,NA,0.0,0.0,0.0,0.041945,0,0,2,NA,NA,2023-11-20 09:56:48.759000,2.546666666666667,2,2023-11-21 14:17:26.060000,0.0,0.0,NA,NA,NA,NA,NA,NA,NA
63.8,Nigeria,2001,Male,"CAH26-01 Geography, earth and environmental studies",172,20/11/23 - 26/11/23,0.41277833333333336,1.8497216666666667,0.0,0.0,0.0,0.0,0.0,02:15:45,01:36:28,4,4,0.0,0.0008333333333333334,0.0,0.0,0.0,0.0,1,1,0,0,0,0,2023-11-20 12:29:38.303000,2023-11-21 14:36:11.187000,NA,NA,NA,NA,week_eight,0.0,0,NA,NA,0,NA,0.0,0.0,0.0,0.0,0,0,0,NA,NA,NA,0.9375,1,2023-11-21 14:36:14.100000,0.0,0.0,NA,NA,NA,NA,NA,NA,NA
74.0,Viet Nam,1998,Male,CAH11-01	Computing,173,20/11/23 - 26/11/23,0.015278333333333335,0.0,0.6377783333333333,0.0,0.0,0.0,0.0,00:39:11,01:36:28,3,4,0.016666666666666666,0.028055,0.0,0.0,0.0,0.0,2,2,0,0,0,0,2023-11-20 22:25:23.765000,2023-11-22 20:01:57.668000,NA,NA,NA,NA,week_eight,0.0,0,NA,NA,0,NA,0.0,0.0,0.0,0.0,0,0,0,NA,NA,NA,0.575,2,2023-11-22 20:03:34.297000,0.0,0.0,NA,NA,NA,NA,NA,NA,NA
64.6,China,2002,Male,CAH11-01	Computing,174,20/11/23 - 26/11/23,0.0,0.0,0.0,0.0,0.0,0.0,0.0,00:00:00,01:36:28,0,0,0.0,0.0,0.0,0.0,0.0,0.0,0,0,0,0,0,0,NA,NA,NA,NA,NA,NA,week_eight,0.0,0,NA,NA,0,NA,0.0,0.0,0.0,0.0,0,0,0,NA,NA,NA,0.0,0,NA,0.0,0.0,NA,NA,NA,NA,NA,NA,NA
71.2,Nigeria,1996,Female,CAH17-01	Business and management,175,20/11/23 - 26/11/23,0.5125,1.1416666666666666,0.0,0.0,0.0,0.0,0.0,01:39:15,01:36:28,4,5,0.554445,0.07222166666666666,0.0,0.0,0.0,0.0,2,5,0,0,0,0,2023-11-20 08:22:07.312000,2023-11-21 14:13:15.560000,NA,NA,NA,NA,week_eight,0.0,0,NA,NA,0,NA,0.0,0.0,0.0,0.021111666666666664,0,0,1,NA,NA,2023-11-21 14:15:13.272000,0.6408333333333334,4,2023-11-21 14:13:20.856000,0.0,0.0,NA,NA,NA,NA,NA,NA,NA
64.4,Nigeria,1980,Female,CAH09-01	Mathematical sciences,176,20/11/23 - 26/11/23,0.099445,1.0641666666666667,0.09666666666666666,0.0,0.0,0.0,0.0,01:15:37,01:36:28,6,8,0.22444499999999998,0.048056666666666664,0.0,0.0,0.0,0.0,1,7,0,0,0,0,2023-11-21 15:05:15.751000,2023-11-21 15:21:04.951000,NA,NA,NA,NA,week_eight,0.0,0,NA,NA,0,NA,0.0,0.0,0.0,0.0,0,0,1,NA,NA,2023-11-21 15:32:39.637000,0.19833333333333333,5,2023-11-21 15:21:09.750000,0.0,0.0,NA,NA,NA,NA,NA,NA,NA
66.2,Nigeria,2001,Female,CAH17-01	Business and management,177,20/11/23 - 26/11/23,0.0,2.8113883333333334,0.0,0.0,0.0,0.0,0.0,02:48:41,01:36:28,3,3,1.2,0.009166666666666667,0.0,0.0,0.0,0.0,2,3,0,0,0,0,2023-11-21 15:48:19.727000,2023-11-21 14:11:52.740000,NA,NA,NA,NA,week_eight,0.0,0,NA,NA,0,NA,0.0,0.0,0.0,0.0,0,0,0,NA,NA,NA,1.5980549999999998,2,2023-11-21 14:11:57.200000,0.0,0.0,NA,NA,NA,NA,NA,NA,NA
63.0,Australia,1977,Female,CAH16-01	Law,178,20/11/23 - 26/11/23,0.009166666666666667,2.9022216666666667,0.0,0.0,0.0,0.0,0.0,02:54:41,01:36:28,3,4,0.0,0.006111666666666666,0.0,0.0,0.0,0.0,0,3,0,0,0,0,NA,2023-11-20 11:08:45.467000,NA,NA,NA,NA,week_eight,0.0,0,NA,NA,0,NA,0.0,0.0,0.0,0.0,0,0,0,NA,NA,NA,2.711111666666667,2,2023-11-21 14:14:46.187000,0.0,0.0,NA,NA,NA,NA,NA,NA,NA
65.8,United Kingdom of Great Britain and Northern Ireland,2001,Male,CAH11-01	Computing,179,20/11/23 - 26/11/23,0.0,1.6736116666666667,0.0,0.0,0.004445,0.0,0.0,01:40:41,01:36:28,4,5,0.042499999999999996,0.004443333333333333,0.0,0.0,0.0,0.0,1,7,0,0,0,0,2023-11-21 14:24:27.087000,2023-11-21 14:12:24.262000,NA,NA,NA,NA,week_eight,0.0,0,NA,NA,0,NA,0.0,0.0,0.0,0.0,0,0,0,NA,NA,NA,1.581111666666667,3,2023-11-21 14:12:27.117000,0.0008333333333333334,1.0,2023-11-24 12:01:52.710000,NA,NA,NA,NA,NA,NA
73.2,India,2000,Male,CAH10-01	Engineering,180,20/11/23 - 26/11/23,0.0,0.13833333333333334,0.0,0.0,0.0,0.0,0.0,00:08:18,01:36:28,4,4,0.051945000000000005,0.001945,0.0,0.0,0.0,0.0,1,2,0,0,0,0,2023-11-21 14:21:18.870000,2023-11-21 14:17:58.730000,NA,NA,NA,NA,week_eight,0.0,0,NA,NA,0,NA,0.0,0.0,0.0,0.0,0,0,0,NA,NA,NA,0.04833333333333333,1,2023-11-21 14:18:01.355000,0.0,0.0,NA,NA,NA,NA,NA,NA,NA
64.4,Nigeria,1976,Female,CAH17-01	Business and management,181,20/11/23 - 26/11/23,2.986111666666667,0.715,0.3188883333333334,0.0,0.0,0.0,0.0,04:01:12,01:36:28,4,5,0.0,0.0022216666666666665,0.0,0.0,0.0,0.0,0,1,0,0,0,0,NA,2023-11-21 15:19:45.238000,NA,NA,NA,NA,week_eight,0.0,0,NA,NA,0,NA,0.0,0.0,0.0,0.0,0,0,0,NA,NA,NA,0.0,1,2023-11-21 15:19:53.498000,0.0,0.0,NA,NA,NA,NA,NA,NA,NA
63.4,Sri Lanka,2000,Female,CAH17-01	Business and management,182,20/11/23 - 26/11/23,0.19749999999999998,1.139445,0.001945,0.0,0.0,0.0,0.0,01:20:20,01:36:28,4,4,0.0875,0.0036116666666666667,0.0,0.0,0.0,0.0,2,2,0,0,0,0,2023-11-20 07:01:59.816000,2023-11-21 14:11:56.661000,NA,NA,NA,NA,week_eight,0.0,0,NA,NA,0,NA,0.0,0.0,0.0,0.0,0,0,0,NA,NA,NA,1.1311116666666665,2,2023-11-21 14:12:02.889000,0.0,0.0,NA,NA,NA,NA,NA,NA,NA
68.6,Viet Nam,1997,Female,CAH17-01	Business and management,183,20/11/23 - 26/11/23,0.0,0.0025,0.0,0.0,0.0022216666666666665,0.0,0.0,00:00:17,01:36:28,2,2,0.0,0.0008333333333333334,0.0,0.0,0.0,0.0,0,1,0,0,0,0,NA,2023-11-21 14:26:09.636000,NA,NA,NA,NA,week_eight,0.0,0,NA,NA,0,NA,0.0,0.0,0.0,0.0,0,0,0,NA,NA,NA,0.0,1,2023-11-21 14:26:12.540000,0.0,0.0,NA,NA,NA,NA,NA,NA,NA
73.0,Thailand,2001,Male,CAH17-01	Business and management,184,20/11/23 - 26/11/23,0.0,1.6533333333333333,0.0,0.0,0.0,0.0,0.0,01:39:12,01:36:28,3,3,0.0,0.004166666666666667,0.0,0.0,0.0,0.0,0,5,0,0,0,0,NA,2023-11-21 14:13:00.142000,NA,NA,NA,NA,week_eight,0.0,0,NA,NA,0,NA,0.0,0.0,0.0,0.009721666666666665,0,0,2,NA,NA,2023-11-21 15:30:43.524000,1.4933333333333332,2,2023-11-21 14:13:02.944000,0.0,0.0,NA,NA,NA,NA,NA,NA,NA
67.4,United Kingdom of Great Britain and Northern Ireland,2001,Male,CAH04-01	Psychology,185,20/11/23 - 26/11/23,0.0,4.074445,0.07583333333333334,0.0,0.0,0.0,0.0,04:09:01,01:36:28,3,6,0.84639,0.005,0.0,0.0,0.0,0.0,4,6,0,0,0,0,2023-11-21 12:04:41.372000,2023-11-21 08:53:29.050000,NA,NA,NA,NA,week_eight,0.0,0,NA,NA,0,NA,0.0,0.0,0.0,0.0,0,0,0,NA,NA,NA,3.2169450000000004,3,2023-11-21 12:05:00.094000,0.0,0.0,NA,NA,NA,NA,NA,NA,NA
62.4,Iran,1995,Female,CAH10-01	Engineering,186,20/11/23 - 26/11/23,0.0,5.168055,0.0,0.06083333333333333,0.0,0.0,0.0,05:13:44,01:36:28,7,7,0.030833333333333334,0.004166666666666667,0.0,0.008611666666666665,0.0,0.0,2,3,0,1,0,0,2023-11-21 11:46:34.052000,2023-11-21 11:48:22.717000,NA,2023-11-21 11:48:47.052000,NA,NA,week_eight,0.0,0,NA,NA,0,NA,0.0,0.0,0.0,0.03611166666666667,0,0,1,NA,NA,2023-11-21 11:49:23.524000,0.003888333333333333,1,2023-11-21 11:48:28.494000,0.0,0.0,NA,NA,NA,NA,NA,NA,NA
64.8,United Kingdom of Great Britain and Northern Ireland,1997,Female,CAH09-01	Mathematical sciences,187,20/11/23 - 26/11/23,0.0,2.404166666666667,0.0,0.0,0.0,0.0,0.0,02:24:15,01:36:28,2,4,0.0,0.0025,0.0,0.0,0.0,0.0,0,2,0,0,0,0,NA,2023-11-21 13:12:21.530000,NA,NA,NA,NA,week_eight,0.0,0,NA,NA,0,NA,0.0,0.0,0.0,0.0,0,0,0,NA,NA,NA,2.29,2,2023-11-21 13:12:24.275000,0.0,0.0,NA,NA,NA,NA,NA,NA,NA
52.4,Egypt,1986,Male,CAH10-01	Engineering,188,20/11/23 - 26/11/23,0.0,0.5822216666666667,0.0,0.0,0.0,0.0,0.0,00:34:56,01:36:28,2,2,0.0,0.0025,0.0,0.0,0.0,0.0,0,2,0,0,0,0,NA,2023-11-21 14:30:21.232000,NA,NA,NA,NA,week_eight,0.0,0,NA,NA,0,NA,0.0,0.0,0.0,0.0,0,0,0,NA,NA,NA,0.49111166666666667,2,2023-11-21 14:30:25.036000,0.0,0.0,NA,NA,NA,NA,NA,NA,NA
63.8,Sri Lanka,1987,Female,CAH10-01	Engineering,189,20/11/23 - 26/11/23,1.6641666666666666,2.428611666666667,0.0,0.7772216666666666,0.0,0.0,0.0,04:52:12,01:36:28,4,5,2.136111666666667,0.007500000000000001,0.0,0.0,0.0,0.0,2,5,0,0,0,0,2023-11-21 14:28:37.655000,2023-11-21 14:10:45.137000,NA,NA,NA,NA,week_eight,0.0,0,NA,NA,0,NA,0.0,0.0,0.0,0.0,0,0,0,NA,NA,NA,0.25861166666666663,2,2023-11-21 14:10:49.135000,0.08583333333333334,2.0,2023-11-23 18:09:43.430000,NA,NA,NA,NA,NA,NA
73.8,Algeria,1996,Male,NA,190,20/11/23 - 26/11/23,0.013611666666666668,3.1552783333333334,0.0036116666666666667,0.0,0.0,0.160555,0.011945,03:20:42,01:36:28,7,11,0.005278333333333333,0.164445,0.0,0.0,0.0,0.0,2,7,0,0,0,0,2023-11-20 03:57:48.296000,2023-11-20 21:43:26.206000,NA,NA,NA,NA,week_eight,0.0,0,NA,NA,0,NA,0.0,0.0,0.0,0.0016666666666666668,0,0,1,NA,NA,2023-11-20 21:43:44.190000,1.4327783333333335,2,2023-11-20 21:43:33.096000,0.003055,1.0,2023-11-26 19:27:37.957000,NA,NA,NA,NA,NA,NA
62.4,Sri Lanka,1996,Female,CAH17-01	Business and management,191,20/11/23 - 26/11/23,0.0,5.72,0.0,0.0,0.0,0.0,0.0,05:43:12,01:36:28,2,2,0.0,0.005,0.0,0.0,0.0,0.0,0,2,0,0,0,0,NA,2023-11-21 12:03:43.224000,NA,NA,NA,NA,week_eight,0.0,0,NA,NA,0,NA,0.0,0.0,0.0,0.0,0,0,0,NA,NA,NA,4.9991666666666665,2,2023-11-21 12:03:56.918000,0.0,0.0,NA,NA,NA,NA,NA,NA,NA
73.0,Iran,1988,Male,CAH10-01	Engineering,192,20/11/23 - 26/11/23,0.9788883333333334,1.2702766666666667,0.0,0.0,0.0,0.0,0.0,02:14:56,01:36:28,4,4,0.0011116666666666666,0.004166666666666667,0.0,0.0008333333333333334,0.0,0.0,1,3,0,1,0,0,2023-11-20 23:20:56.220000,2023-11-21 14:30:52.695000,NA,2023-11-20 23:20:52.997000,NA,NA,week_eight,0.0,0,NA,NA,0,NA,0.0,0.0,0.0,0.0,0,0,0,NA,NA,NA,1.2338883333333333,3,2023-11-21 14:30:59.337000,0.0,0.0,NA,NA,NA,NA,NA,NA,NA
73.0,Sri Lanka,1996,Female,CAH09-01	Mathematical sciences,193,20/11/23 - 26/11/23,0.0,3.395278333333333,0.0,0.0,0.0,0.0,0.0,03:23:43,01:36:28,4,6,0.0,0.0033333333333333335,0.0,0.0,0.0,0.0,0,2,0,0,0,0,NA,2023-11-21 14:22:31.613000,NA,NA,NA,NA,week_eight,0.0,0,NA,NA,0,NA,0.0,0.0,0.0,0.0,0,0,3,NA,NA,NA,3.3072216666666665,0,2023-11-21 14:22:38.128000,0.0,0.0,NA,NA,NA,NA,NA,NA,NA
69.2,India,1996,Male,CAH17-01	Business and management,194,20/11/23 - 26/11/23,0.0,0.0,0.0,0.0,0.0,0.0,0.0,00:00:00,01:36:28,0,0,0.0,0.0,0.0,0.0,0.0,0.0,0,0,0,0,0,0,NA,NA,NA,NA,NA,NA,week_eight,0.0,0,NA,NA,0,NA,0.0,0.0,0.0,0.0,0,0,0,NA,NA,NA,0.0,0,NA,0.0,0.0,NA,NA,NA,NA,NA,NA,NA
62.4,India,1997,Male,CAH10-01	Engineering,195,20/11/23 - 26/11/23,0.0,4.095,0.0,0.0,0.0,0.0,0.011666666666666665,04:06:24,01:36:28,4,4,0.006111666666666666,0.0027783333333333336,0.0,0.0,0.0,0.0,1,2,0,0,0,0,2023-11-21 11:01:58.966000,2023-11-21 14:11:37.246000,NA,NA,NA,NA,week_eight,0.0,0,NA,NA,0,NA,0.0,0.0,0.0,0.0,0,0,0,NA,NA,NA,2.840555,2,2023-11-21 14:11:40.799000,0.0,0.0,NA,NA,NA,NA,NA,NA,NA
70.0,Nigeria,1991,Male,CAH11-01	Computing,196,20/11/23 - 26/11/23,0.0,2.6330549999999997,0.011945,0.0,0.0,0.07472166666666666,0.0,02:43:11,01:36:28,3,3,0.0,2.2827783333333334,0.0,0.0,0.011945,0.0,0,2,0,0,1,0,NA,2023-11-21 14:20:31.011000,NA,NA,2023-11-22 09:10:36.938000,NA,week_eight,0.0,0,NA,NA,0,NA,0.0,0.0,0.0,0.0,0,0,0,NA,NA,NA,0.3425,1,2023-11-21 14:20:36.507000,0.0,0.0,NA,NA,NA,NA,NA,NA,NA
58.0,Nigeria,1997,Female,CAH15-02	Economics,197,20/11/23 - 26/11/23,0.0,1.1744433333333333,0.09000000000000001,0.0,0.0,0.0,0.005833333333333333,01:16:13,01:36:28,6,11,0.023055,0.038889999999999994,0.0,0.0,0.0,0.0,1,9,0,0,0,0,2023-11-22 15:43:13.375000,2023-11-21 11:55:52.483000,NA,NA,NA,NA,week_eight,0.0,0,NA,NA,0,NA,0.0,0.0,0.004166666666666667,1.023055,0,2,5,NA,2023-11-21 11:57:07.625000,2023-11-21 11:57:13.786000,0.006944999999999999,2,2023-11-21 11:57:31.927000,0.0,0.0,NA,NA,NA,NA,NA,NA,NA
57.0,United Kingdom of Great Britain and Northern Ireland,2000,Female,CAH04-01	Psychology,198,20/11/23 - 26/11/23,0.0,0.0,0.04583333333333333,0.0,0.0,0.0,0.0,00:02:45,01:36:28,2,2,0.043054999999999996,0.0,0.0,0.0,0.0,0.0,2,0,0,0,0,0,2023-11-22 17:24:51.260000,NA,NA,NA,NA,NA,week_eight,0.0,0,NA,NA,0,NA,0.0,0.0,0.0,0.0,0,0,0,NA,NA,NA,0.0,0,NA,0.0,0.0,NA,NA,NA,NA,NA,NA,NA
68.6,Malaysia,2000,Female,CAH17-01	Business and management,199,20/11/23 - 26/11/23,0.0,0.006666666666666667,0.0,0.0,0.0,0.0,0.0,00:00:24,01:36:28,2,2,0.0,0.0013883333333333332,0.0,0.0,0.0,0.0,0,1,0,0,0,0,NA,2023-11-21 14:21:30.988000,NA,NA,NA,NA,week_eight,0.0,0,NA,NA,0,NA,0.0,0.0,0.0,0.0,0,0,0,NA,NA,NA,0.0,1,2023-11-21 14:21:35.713000,0.0,0.0,NA,NA,NA,NA,NA,NA,NA
63.2,United Kingdom of Great Britain and Northern Ireland,2001,Female,CAH15-02	Economics,200,20/11/23 - 26/11/23,0.0,2.451668333333333,0.0,0.0,0.0,0.0,0.0,02:27:06,01:36:28,4,7,0.26166666666666666,0.005,0.0,0.0,0.0,0.0,1,5,0,0,0,0,2023-11-21 14:28:31.531000,2023-11-21 13:11:41.307000,NA,NA,NA,NA,week_eight,0.0,0,NA,NA,0,NA,0.0,0.0,0.0,0.33083333333333337,0,0,3,NA,NA,2023-11-21 13:12:38.756000,0.19944333333333333,2,2023-11-21 13:11:46.786000,0.0,0.0,NA,NA,NA,NA,NA,NA,NA
71.2,China,2002,Male,CAH11-01	Computing,201,20/11/23 - 26/11/23,0.0,6.456666666666666,0.003888333333333333,0.0,0.0,0.004445,0.0,06:27:54,01:36:28,2,4,0.0,0.005,0.0,0.0,0.0,0.0,0,5,0,0,0,0,NA,2023-11-21 12:08:14.398000,NA,NA,NA,NA,week_eight,0.0,0,NA,NA,0,NA,0.0,0.0,0.0,0.0,0,0,0,NA,NA,NA,4.367778333333334,5,2023-11-21 12:08:24.499000,0.0,0.0,NA,NA,NA,NA,NA,NA,NA
68.2,Iran,1992,Female,CAH10-01	Engineering,202,20/11/23 - 26/11/23,0.0,0.0,0.0,0.07527833333333334,0.0,0.0,0.0,00:04:31,01:36:28,0,0,0.0,0.0,0.0,0.0,0.0,0.0,0,0,0,0,0,0,NA,NA,NA,NA,NA,NA,week_eight,0.0,0,NA,NA,0,NA,0.0,0.0,0.0,0.0,0,0,0,NA,NA,NA,0.0,0,NA,0.0,0.0,NA,NA,NA,NA,NA,NA,NA
73.2,Pakistan,1994,Male,CAH10-01	Engineering,203,20/11/23 - 26/11/23,0.03777833333333334,0.0,0.20361166666666666,0.0,0.0,0.0,0.0,00:14:29,01:36:28,4,4,0.02333333333333333,0.0,0.0,0.0,0.0,0.0,3,0,0,0,0,0,2023-11-20 04:59:39.181000,NA,NA,NA,NA,NA,week_eight,0.0,0,NA,NA,0,NA,0.0,0.0,0.001945,0.0,0,1,0,NA,2023-11-22 16:19:35.317000,NA,0.0,0,NA,0.0,0.0,NA,NA,NA,NA,NA,NA,NA
52.5,India,1999,Male,CAH10-01	Engineering,204,20/11/23 - 26/11/23,0.0,2.7338883333333333,0.0,0.0,0.0,0.0,0.0,02:44:02,01:36:28,2,2,0.0,0.003055,0.0,0.0,0.0,0.0,0,2,0,0,0,0,NA,2023-11-21 14:27:44.495000,NA,NA,NA,NA,week_eight,0.0,0,NA,NA,0,NA,0.0,0.0,0.0,0.0,0,0,0,NA,NA,NA,2.451388333333333,2,2023-11-21 14:27:50.952000,0.0,0.0,NA,NA,NA,NA,NA,NA,NA
68.6,Myanmar,2001,Female,CAH17-01	Business and management,205,20/11/23 - 26/11/23,0.0,0.026388333333333337,0.0,0.0,0.0,0.0,0.0,00:01:35,01:36:28,3,3,0.0,0.0025,0.0,0.0,0.0,0.0,0,2,0,0,0,0,NA,2023-11-21 14:18:33.779000,NA,NA,NA,NA,week_eight,0.0,0,NA,NA,0,NA,0.0,0.0,0.0,0.001945,0,0,1,NA,NA,2023-11-21 14:18:40.937000,0.0,1,2023-11-21 14:18:49.578000,0.0,0.0,NA,NA,NA,NA,NA,NA,NA
73.8,Turkey,1999,Female,CAH10-01	Engineering,206,20/11/23 - 26/11/23,0.0,2.951388333333333,0.0,0.0,0.0,0.0,0.0,02:57:05,01:36:28,2,2,0.0,0.0011116666666666666,0.0,0.0,0.0,0.0,0,1,0,0,0,0,NA,2023-11-21 14:11:24.187000,NA,NA,NA,NA,week_eight,0.0,0,NA,NA,0,NA,0.0,0.0,0.0,0.0,0,0,0,NA,NA,NA,2.9497216666666666,1,2023-11-21 14:11:27.782000,0.0,0.0,NA,NA,NA,NA,NA,NA,NA
71.6,Nigeria,1994,Male,CAH15-02	Economics,207,20/11/23 - 26/11/23,0.0,0.013333333333333334,0.0,0.0,0.0,0.0,0.0,00:00:48,01:36:28,3,3,0.009166666666666667,0.0008333333333333334,0.0,0.0,0.0,0.0,1,1,0,0,0,0,2023-11-21 14:17:18.435000,2023-11-21 14:18:03.090000,NA,NA,NA,NA,week_eight,0.0,0,NA,NA,0,NA,0.0,0.0,0.0,0.0,0,0,0,NA,NA,NA,0.0,1,2023-11-21 14:18:05.938000,0.0,0.0,NA,NA,NA,NA,NA,NA,NA
60.4,India,1992,Male,CAH19-01	English studies,208,20/11/23 - 26/11/23,0.0,0.14166666666666666,0.0,0.0,0.0,0.0,0.0,00:08:30,01:36:28,4,4,0.0,0.003888333333333333,0.0,0.0008333333333333334,0.0,0.0,0,2,0,1,0,0,NA,2023-11-21 14:27:23.407000,NA,2023-11-21 14:27:20.486000,NA,NA,week_eight,0.0,0,NA,NA,0,NA,0.0,0.0,0.0,0.006944999999999999,0,0,1,NA,NA,2023-11-21 14:27:32.190000,0.0,1,2023-11-21 14:28:14.708000,0.0,0.0,NA,NA,NA,NA,NA,NA,NA
64.0,Bangladesh,1996,Female,CAH17-01	Business and management,209,20/11/23 - 26/11/23,0.19388833333333333,0.17861166666666667,0.0,0.0,0.0,0.0,0.0,00:22:21,01:36:28,3,4,0.0,0.009166666666666667,0.0,0.17555500000000002,0.0,0.0,0,2,0,2,0,0,NA,2023-11-20 23:21:46.550000,NA,2023-11-20 23:11:27.447000,NA,NA,week_eight,0.0,0,NA,NA,0,NA,0.0,0.0,0.0,0.0,0,0,0,NA,NA,NA,0.0,1,2023-11-21 14:27:40.827000,0.0,0.0,NA,NA,NA,NA,NA,NA,NA
73.0,Sri Lanka,1996,Female,CAH11-01	Computing,210,20/11/23 - 26/11/23,0.0,2.1783333333333332,0.8236116666666666,0.0,0.0,0.0,0.0,03:00:07,01:36:28,3,3,0.0,0.005278333333333333,0.0,0.0008333333333333334,0.0,0.0,0,3,0,1,0,0,NA,2023-11-21 13:51:59.673000,NA,2023-11-22 20:51:41.887000,NA,NA,week_eight,0.0,0,NA,NA,0,NA,0.0,0.0,0.0,0.0,0,0,0,NA,NA,NA,1.8155549999999998,2,2023-11-21 13:52:08.504000,0.0,0.0,NA,NA,NA,NA,NA,NA,NA
61.8,Myanmar,1998,Female,CAH11-01	Computing,211,20/11/23 - 26/11/23,2.2644433333333334,0.10055499999999999,0.0,0.0,0.0,0.0,0.0,02:21:53,01:36:28,3,10,0.0,0.005278333333333333,0.0,0.0,0.0,0.0,0,5,0,0,0,0,NA,2023-11-20 03:08:16.023000,NA,NA,NA,NA,week_eight,0.0,0,NA,NA,0,NA,0.0,0.0,0.0,0.11444499999999999,0,0,3,NA,NA,2023-11-20 03:08:19.424000,0.003888333333333333,2,2023-11-21 00:37:39.742000,0.0,0.0,NA,NA,NA,NA,NA,NA,NA
63.0,United States of America,2001,Male,CAH11-01	Computing,212,20/11/23 - 26/11/23,0.0,0.014166666666666666,0.0,0.0,0.0,0.0,0.0,00:00:51,01:36:28,3,3,0.003888333333333333,0.0011116666666666666,0.0,0.0,0.0,0.0,1,1,0,0,0,0,2023-11-21 14:19:08.457000,2023-11-21 14:19:22.797000,NA,NA,NA,NA,week_eight,0.0,0,NA,NA,0,NA,0.0,0.0,0.0,0.0,0,0,0,NA,NA,NA,0.0,1,2023-11-21 14:19:26.822000,0.0,0.0,NA,NA,NA,NA,NA,NA,NA
60.0,Nigeria,1996,Male,"CAH13-01	Architecture, building and planning",1,28/11/22 - 04/12/22,0.0,0.03861166666666667,3.9358333333333335,0.0,0.0,0.0,3.3074999999999997,07:16:55,01:14:16,9,10,0.023888333333333334,0.017778333333333333,0.0,0.0,0.0,0.0,5,4,0,0,0,0,2022-12-04 12:19:41.727000,2022-11-29 14:43:33.633000,NA,NA,NA,NA,week_nine,0.0,0,NA,NA,0,NA,0.0,0.0,0.0,0.0,0,0,0,NA,NA,NA,0.017221666666666666,1,2022-11-29 14:43:38.897000,0.0,1,2022-11-29 14:44:44.687000,3.7422216666666666,1.0,2022-11-30 13:26:46.111000,NA,NA,NA
70.0,Nigeria,1996,Male,CAH07-02	Chemistry,2,28/11/22 - 04/12/22,0.0047216666666666665,0.0,0.0,0.0,0.0,0.0,0.0,00:00:17,01:14:16,2,2,0.0,0.0,0.0,0.0,0.0,0.0,0,1,0,0,0,0,NA,2022-11-28 19:51:01.973000,NA,NA,NA,NA,week_nine,0.0,0,NA,NA,0,NA,0.0,0.0,0.0,0.0,0,0,0,NA,NA,NA,0.0,0,NA,0.0027783333333333336,1,2022-11-28 19:51:04.049000,0.0,0.0,NA,NA,NA,NA
65.0,Nigeria,1990,Female,CAH15-02	Economics,3,28/11/22 - 04/12/22,0.0,1.7641666666666667,0.0,0.0,0.0,0.0,0.0,01:45:51,01:14:16,8,9,0.005,0.03277833333333333,0.19361166666666665,0.0,0.0,0.0,2,8,1,0,0,0,2022-11-29 12:55:26.484000,2022-11-29 12:26:14.186000,2022-11-29 12:26:44.472000,NA,NA,NA,week_nine,0.0,0,NA,NA,0,NA,0.0,0.0,0.0,0.028888333333333335,0,0,3,NA,NA,2022-11-29 12:39:02.170000,0.21472166666666667,1,2022-11-29 12:41:21.285000,0.013611666666666668,3,2022-11-29 12:26:26.514000,0.0,0.0,NA,NA,NA,NA
55.0,Nigeria,1991,Male,CAH15-02	Economics,4,28/11/22 - 04/12/22,0.2522216666666667,0.19083333333333333,0.0,0.0,0.0,0.0,0.0,00:26:35,01:14:16,3,4,0.0,0.0036116666666666667,0.0,0.0,0.0,0.0,0,1,0,0,0,0,NA,2022-11-29 15:48:33.551000,NA,NA,NA,NA,week_nine,0.0,0,NA,NA,0,NA,0.0,0.0,0.0,0.0,0,0,0,NA,NA,NA,0.0,0,NA,0.17944499999999997,1,2022-11-29 15:48:46.677000,0.0,0.0,NA,NA,NA,NA
65.0,Pakistan,1998,Male,CAH17-01	Business and management,5,28/11/22 - 04/12/22,0.0,0.0,0.0,0.0,0.0,0.0,0.0,00:00:00,01:14:16,0,0,0.0,0.0,0.0,0.0,0.0,0.0,0,0,0,0,0,0,NA,NA,NA,NA,NA,NA,week_nine,0.0,0,NA,NA,0,NA,0.0,0.0,0.0,0.0,0,0,0,NA,NA,NA,0.0,0,NA,0.0,0,NA,0.0,0.0,NA,NA,NA,NA
62.0,Nigeria,1985,Male,CAH10-01	Engineering,6,28/11/22 - 04/12/22,0.0,0.0,0.0,0.0,0.0,0.0,0.0,00:00:00,01:14:16,0,0,0.0,0.0,0.0,0.0,0.0,0.0,0,0,0,0,0,0,NA,NA,NA,NA,NA,NA,week_nine,0.0,0,NA,NA,0,NA,0.0,0.0,0.0,0.0,0,0,0,NA,NA,NA,0.0,0,NA,0.0,0,NA,0.0,0.0,NA,NA,NA,NA
61.0,Nigeria,1985,Male,CAH11-01	Computing,7,28/11/22 - 04/12/22,0.278055,0.0,2.665,0.0,0.0,0.0,0.0,02:56:35,01:14:16,7,7,0.03805499999999999,0.0,0.00027833333333333334,0.004445,0.0,0.0,2,0,1,1,0,0,2022-11-30 15:17:53.917000,NA,2022-11-30 15:37:48.846000,2022-11-30 15:38:04.839000,NA,NA,week_nine,0.0,0,NA,NA,0,NA,0.0,0.0,0.0,0.0,0,0,0,NA,NA,NA,0.0,0,NA,0.0,0,NA,0.0,0.0,NA,NA,NA,NA
77.0,United Kingdom of Great Britain and Northern Ireland,2001,Female,"CAH07-04	General, applied and forensic sciences",8,28/11/22 - 04/12/22,0.025,0.0,0.0,0.0,0.0,0.0,0.0,00:01:30,01:14:16,0,0,0.0,0.0,0.0,0.0,0.0,0.0,0,0,0,0,0,0,NA,NA,NA,NA,NA,NA,week_nine,0.0,0,NA,NA,0,NA,0.0,0.0,0.0,0.0,0,0,0,NA,NA,NA,0.0,0,NA,0.0,0,NA,0.0,0.0,NA,NA,NA,NA
61.0,Nigeria,1976,Male,CAH03-01	Biosciences,9,28/11/22 - 04/12/22,0.0,0.01583333333333333,0.0,0.0,0.0,0.0,0.0,00:00:57,01:14:16,2,2,0.0,0.003888333333333333,0.0,0.0,0.0,0.0,0,1,0,0,0,0,NA,2022-11-29 14:10:19.333000,NA,NA,NA,NA,week_nine,0.0,0,NA,NA,0,NA,0.0,0.0,0.0,0.0,0,0,0,NA,NA,NA,0.0,0,NA,0.0,1,2022-11-29 14:10:33.016000,0.0,0.0,NA,NA,NA,NA
63.0,India,1998,Female,CAH11-01	Computing,10,28/11/22 - 04/12/22,0.0,2.358611666666667,0.0,0.0,0.0,0.0,0.0,02:21:31,01:14:16,5,5,0.009721666666666665,0.007221666666666667,0.0,0.0,0.0,0.0,1,2,0,0,0,0,2022-11-29 15:09:56.845000,2022-11-29 14:06:49.697000,NA,NA,NA,NA,week_nine,0.0,0,NA,NA,0,NA,0.0,0.0,0.0,0.0033333333333333335,0,0,1,NA,NA,2022-11-29 15:12:08.840000,0.0,0,NA,1.0125,1,2022-11-29 14:07:09.072000,0.0,0.0,NA,NA,NA,NA
67.0,Nigeria,1996,Female,CAH07-02	Chemistry,11,28/11/22 - 04/12/22,0.0,0.0047216666666666665,0.0,0.0,0.0,0.0,0.7488883333333334,00:45:13,01:14:16,6,6,0.0033333333333333335,0.0022216666666666665,0.134445,0.0,0.0,0.0,1,1,1,0,0,0,2022-12-04 17:41:57.706000,2022-11-29 14:06:31.227000,2022-12-04 18:18:24.300000,NA,NA,NA,week_nine,0.0,0,NA,NA,0,NA,0.0,0.0,0.0,0.0,0,0,0,NA,NA,NA,0.0,0,NA,0.0,1,2022-11-29 14:06:39.387000,0.0,0.0,NA,NA,NA,NA
66.0,Nigeria,1986,Female,"CAH06-01	Agriculture, food and related studies",12,28/11/22 - 04/12/22,0.0,0.0,0.0,0.12777833333333335,0.0,0.0,0.0,00:07:40,01:14:16,3,3,0.003888333333333333,0.0,0.0,0.0,0.0,0.0,1,0,0,0,0,0,2022-12-01 22:41:02.947000,NA,NA,NA,NA,NA,week_nine,0.0,0,NA,NA,0,NA,0.0,0.0,0.0,0.0,0,0,0,NA,NA,NA,0.0,0,NA,0.0,0,NA,0.0,0.0,NA,NA,NA,NA
76.0,United Kingdom of Great Britain and Northern Ireland,1995,Male,CAH11-01	Computing,13,28/11/22 - 04/12/22,0.0,0.0,0.0,0.0,0.0,0.0,0.0,00:00:00,01:14:16,0,0,0.0,0.0,0.0,0.0,0.0,0.0,0,0,0,0,0,0,NA,NA,NA,NA,NA,NA,week_nine,0.0,0,NA,NA,0,NA,0.0,0.0,0.0,0.0,0,0,0,NA,NA,NA,0.0,0,NA,0.0,0,NA,0.0,0.0,NA,NA,NA,NA
57.0,Bangladesh,1997,Female,CAH10-01	Engineering,14,28/11/22 - 04/12/22,1.9038883333333334,3.4658333333333333,0.0,0.0,0.0,0.0,3.1955549999999997,08:33:55,01:14:16,7,13,1.336945,0.005278333333333333,0.0,0.0,0.0,0.0,7,2,0,0,0,0,2022-11-29 00:08:06.599000,2022-11-29 14:06:42.351000,NA,NA,NA,NA,week_nine,0.0,0,NA,NA,0,NA,0.0,0.0,0.0,0.0,0,0,0,NA,NA,NA,0.0,0,NA,2.8752783333333336,1,2022-11-29 14:06:51.070000,0.07277833333333333,1.0,2022-12-04 17:45:44.351000,NA,NA,NA
64.0,Italy,2000,Female,CAH16-01	Law,15,28/11/22 - 04/12/22,0.0175,0.005555000000000001,0.0,0.0,0.6297216666666667,0.0,0.008333333333333333,00:39:40,01:14:16,6,12,0.0025,0.014446666666666667,0.0,0.0,0.0,0.0,3,8,0,0,0,0,2022-12-02 13:54:05.242000,2022-11-28 14:18:35.539000,NA,NA,NA,NA,week_nine,0.0,0,NA,NA,0,NA,0.0,0.0,0.0,0.0,0,0,0,NA,NA,NA,0.0,0,NA,0.054445,4,2022-11-28 14:18:39.199000,0.07,2.0,2022-12-02 14:24:28.072000,NA,NA,NA
64.0,Sri Lanka,1993,Female,CAH17-01	Business and management,16,28/11/22 - 04/12/22,0.0,0.0,0.0,0.0,0.0,0.0,0.0,00:00:00,01:14:16,0,0,0.0,0.0,0.0,0.0,0.0,0.0,0,0,0,0,0,0,NA,NA,NA,NA,NA,NA,week_nine,0.0,0,NA,NA,0,NA,0.0,0.0,0.0,0.0,0,0,0,NA,NA,NA,0.0,0,NA,0.0,0,NA,0.0,0.0,NA,NA,NA,NA
78.0,Viet Nam,1999,Male,CAH11-01	Computing,17,28/11/22 - 04/12/22,0.0,0.06638833333333333,0.0,0.0,0.0,0.0,0.0,00:03:59,01:14:16,2,2,0.0,0.058611666666666666,0.0,0.0,0.0,0.0,0,2,0,0,0,0,NA,2022-11-29 14:20:00.016000,NA,NA,NA,NA,week_nine,0.0,0,NA,NA,0,NA,0.0,0.0,0.0,0.0,0,0,0,NA,NA,NA,0.0,0,NA,0.0036116666666666667,2,2022-11-29 14:23:28.248000,0.0,0.0,NA,NA,NA,NA
63.0,Viet Nam,1996,Female,CAH17-01	Business and management,18,28/11/22 - 04/12/22,0.0,0.11888833333333333,0.0,0.0,0.0,0.007778333333333333,0.0,00:07:36,01:14:16,3,3,0.0,0.000555,0.0,0.0,0.0,0.0,0,1,0,0,0,0,NA,2022-11-29 14:08:48.940000,NA,NA,NA,NA,week_nine,0.0,0,NA,NA,0,NA,0.0,0.0,0.0,0.0,0,0,0,NA,NA,NA,0.0,0,NA,0.000555,1,2022-11-29 14:08:50.964000,0.0,0.0,NA,NA,NA,NA
62.0,United Kingdom of Great Britain and Northern Ireland,2001,Male,CAH15-02	Economics,19,28/11/22 - 04/12/22,0.0,0.0,0.0,0.0,0.895555,0.0,0.0,00:53:44,01:14:16,4,4,0.000555,0.007500000000000001,0.0,0.0,0.0,0.0,1,1,0,0,0,0,2022-12-02 14:57:29.459000,2022-12-02 14:03:51.612000,NA,NA,NA,NA,week_nine,0.0,0,NA,NA,0,NA,0.0,0.0,0.0,0.0,0,0,0,NA,NA,NA,0.0,0,NA,0.0,0,NA,0.0,0.0,NA,NA,NA,NA
62.0,Sri Lanka,1989,Female,CAH17-01	Business and management,20,28/11/22 - 04/12/22,0.0,0.0,0.0,0.0,0.0,0.0,3.6391666666666667,03:38:21,01:14:16,2,2,0.0022216666666666665,0.0,0.0,0.0,0.0,0.0,1,0,0,0,0,0,2022-12-04 13:07:08.597000,NA,NA,NA,NA,NA,week_nine,0.0,0,NA,NA,0,NA,0.0,0.0,0.0,0.0,0,0,0,NA,NA,NA,0.0,0,NA,0.0,0,NA,0.0,0.0,NA,NA,NA,NA
66.0,Sri Lanka,1997,Male,CAH17-01	Business and management,21,28/11/22 - 04/12/22,0.0,0.008333333333333333,0.0,0.0,0.0,0.0,0.0,00:00:30,01:14:16,2,2,0.0,0.0011116666666666666,0.0,0.0,0.0,0.0,0,1,0,0,0,0,NA,2022-11-29 14:14:46.729000,NA,NA,NA,NA,week_nine,0.0,0,NA,NA,0,NA,0.0,0.0,0.0,0.0,0,0,0,NA,NA,NA,0.0,0,NA,0.0,1,2022-11-29 14:14:50.708000,0.0,0.0,NA,NA,NA,NA
59.0,Nigeria,1990,Male,"CAH07-04	General, applied and forensic sciences",22,28/11/22 - 04/12/22,0.15611166666666668,2.8569450000000005,0.5661116666666666,1.11889,0.0036116666666666667,0.0,0.0,04:42:06,01:14:16,11,15,0.566945,0.0022216666666666665,0.044445,0.115,0.0,0.0,5,2,2,2,0,0,2022-12-01 20:14:42.747000,2022-11-29 14:13:37.057000,2022-12-01 20:14:14.092000,2022-12-01 20:02:33.294000,NA,NA,week_nine,0.0,0,NA,NA,0,NA,0.0,0.0,0.0,0.0,0,0,0,NA,NA,NA,0.0,0,NA,1.7183333333333333,1,2022-11-29 14:13:42.149000,1.0327783333333334,1.0,2022-11-29 15:57:37.687000,NA,NA,NA
67.0,Nigeria,1993,Female,CAH09-01	Mathematical sciences,23,28/11/22 - 04/12/22,0.0,0.6975,0.0025,0.0,0.0,0.0,0.0,00:42:00,01:14:16,5,6,0.0013883333333333332,0.0016666666666666668,0.0,0.0,0.0,0.0,1,2,0,0,0,0,2022-11-30 11:04:25.538000,2022-11-29 14:15:01.011000,NA,NA,NA,NA,week_nine,0.0,0,NA,NA,0,NA,0.0,0.0,0.0,0.0,0,0,0,NA,NA,NA,0.0,0,NA,0.0,1,2022-11-29 14:15:04.431000,0.0,0.0,NA,NA,NA,NA
75.0,United Kingdom of Great Britain and Northern Ireland,1988,Male,CAH03-01	Biosciences,24,28/11/22 - 04/12/22,1.3141666666666665,0.5508333333333333,0.0,0.0,0.0,0.0,0.0,01:51:54,01:14:16,2,4,0.0,0.0013883333333333332,0.0,0.0,0.0,0.0,0,3,0,0,0,0,NA,2022-11-28 19:33:02.798000,NA,NA,NA,NA,week_nine,0.0,0,NA,NA,0,NA,0.0,0.0,0.0,0.0,0,0,0,NA,NA,NA,0.0,0,NA,1.8599999999999999,2,2022-11-28 19:33:04.652000,0.0,0.0,NA,NA,NA,NA
66.0,United Kingdom of Great Britain and Northern Ireland,2000,Male,CAH17-01	Business and management,25,28/11/22 - 04/12/22,0.0,0.0,0.0,0.0,0.0,0.0,0.0,00:00:00,01:14:16,0,0,0.0,0.0,0.0,0.0,0.0,0.0,0,0,0,0,0,0,NA,NA,NA,NA,NA,NA,week_nine,0.0,0,NA,NA,0,NA,0.0,0.0,0.0,0.0,0,0,0,NA,NA,NA,0.0,0,NA,0.0,0,NA,0.0,0.0,NA,NA,NA,NA
83.0,United Kingdom of Great Britain and Northern Ireland,1998,Male,CAH15-02	Economics,26,28/11/22 - 04/12/22,0.0,2.250555,0.0011116666666666666,0.0,0.30694499999999997,0.0,0.0,02:33:31,01:14:16,5,8,0.001945,0.0033333333333333335,0.0,0.0,0.0,0.0,1,3,0,0,0,0,2022-11-29 10:58:25.061000,2022-11-29 10:48:43.201000,NA,NA,NA,NA,week_nine,0.0,0,NA,NA,0,NA,0.0,0.0,0.0,0.0,0,0,0,NA,NA,NA,0.0,0,NA,1.205555,3,2022-11-29 10:48:49.832000,0.0,0.0,NA,NA,NA,NA
71.0,Switzerland,1996,Female,CAH17-01	Business and management,27,28/11/22 - 04/12/22,0.0,0.15,1.939445,0.005278333333333333,0.0,0.0,0.0,02:05:41,01:14:16,4,5,0.0,0.0013883333333333332,0.05333333333333334,0.0,0.0,0.0,0,1,2,0,0,0,NA,2022-11-29 12:24:58.953000,2022-11-29 14:10:47.984000,NA,NA,NA,week_nine,0.0,0,NA,NA,0,NA,0.0,0.0,0.0,0.0,0,0,0,NA,NA,NA,0.0,0,NA,0.0,1,2022-11-29 12:25:04.001000,0.0,0.0,NA,NA,NA,NA
82.0,United Kingdom of Great Britain and Northern Ireland,1995,Non-binary / third gender,"CAH15-01	Sociology, social policy and anthropology",28,28/11/22 - 04/12/22,0.0,0.0,0.0,0.0,0.0,0.0,0.0,00:00:00,01:14:16,0,0,0.0,0.0,0.0,0.0,0.0,0.0,0,0,0,0,0,0,NA,NA,NA,NA,NA,NA,week_nine,0.0,0,NA,NA,0,NA,0.0,0.0,0.0,0.0,0,0,0,NA,NA,NA,0.0,0,NA,0.0,0,NA,0.0,0.0,NA,NA,NA,NA
81.0,United Kingdom of Great Britain and Northern Ireland,1998,Male,CAH11-01	Computing,29,28/11/22 - 04/12/22,0.0,0.006111666666666666,0.0,0.0,0.0,0.0,0.0,00:00:22,01:14:16,0,0,0.0,0.0,0.0,0.0,0.0,0.0,0,0,0,0,0,0,NA,NA,NA,NA,NA,NA,week_nine,0.0,0,NA,NA,0,NA,0.0,0.0,0.0,0.0,0,0,0,NA,NA,NA,0.0,0,NA,0.0,0,NA,0.0,0.0,NA,NA,NA,NA
71.0,Spain,1983,Male,CAH10-01	Engineering,30,28/11/22 - 04/12/22,0.0008333333333333334,3.350555,0.0,0.0036116666666666667,0.0,0.0,0.0,03:21:18,01:14:16,3,3,0.0,0.029166666666666667,0.0,0.0,0.0,0.0,0,0,0,0,0,0,NA,2022-11-29 11:37:27.247000,NA,NA,NA,NA,week_nine,0.0,0,NA,NA,0,NA,0.0,0.0,0.0,0.0,0,0,0,NA,NA,NA,0.0,0,NA,2.5324999999999998,3,2022-11-29 11:37:30.087000,0.0,0.0,NA,NA,NA,NA
63.0,India,1998,Male,CAH11-01	Computing,31,28/11/22 - 04/12/22,0.0,0.0,0.0,0.0,0.0,0.0,0.0,00:00:00,01:14:16,0,0,0.0,0.0,0.0,0.0,0.0,0.0,0,0,0,0,0,0,NA,NA,NA,NA,NA,NA,week_nine,0.0,0,NA,NA,0,NA,0.0,0.0,0.0,0.0,0,0,0,NA,NA,NA,0.0,0,NA,0.0,0,NA,0.0,0.0,NA,NA,NA,NA
54.0,Nigeria,1979,Female,CAH17-01	Business and management,32,28/11/22 - 04/12/22,0.0,0.0,0.0,0.0,0.0,0.0,0.0,00:00:00,01:14:16,0,0,0.0,0.0,0.0,0.0,0.0,0.0,0,0,0,0,0,0,NA,NA,NA,NA,NA,NA,week_nine,0.0,0,NA,NA,0,NA,0.0,0.0,0.0,0.0,0,0,0,NA,NA,NA,0.0,0,NA,0.0,0,NA,0.0,0.0,NA,NA,NA,NA
62.0,Nigeria,1970,Prefer to self-describe,CAH17-01	Business and management,33,28/11/22 - 04/12/22,0.0,0.0,0.0,0.0,0.0,0.0,0.0,00:00:00,01:14:16,0,0,0.0,0.0,0.0,0.0,0.0,0.0,0,0,0,0,0,0,NA,NA,NA,NA,NA,NA,week_nine,0.0,0,NA,NA,0,NA,0.0,0.0,0.0,0.0,0,0,0,NA,NA,NA,0.0,0,NA,0.0,0,NA,0.0,0.0,NA,NA,NA,NA
60.0,Sri Lanka,1992,Female,CAH17-01	Business and management,34,28/11/22 - 04/12/22,0.0,0.0,0.006111666666666666,0.0,0.0,0.0,0.0,00:00:22,01:14:16,0,0,0.0,0.0,0.0,0.0,0.0,0.0,0,0,0,0,0,0,NA,NA,NA,NA,NA,NA,week_nine,0.0,0,NA,NA,0,NA,0.0,0.0,0.0,0.0,0,0,0,NA,NA,NA,0.0,0,NA,0.0,0,NA,0.0,0.0,NA,NA,NA,NA
62.0,Nigeria,1999,Male,CAH11-01	Computing,35,28/11/22 - 04/12/22,0.0,3.4738883333333335,0.008611666666666665,0.03611166666666667,0.0,0.0,0.0,03:31:07,01:14:16,3,3,0.0,0.0011116666666666666,0.0,0.0,0.0,0.0,0,1,0,0,0,0,NA,2022-11-29 14:03:38.240000,NA,NA,NA,NA,week_nine,0.0,0,NA,NA,0,NA,0.0,0.0,0.0,0.0,0,0,0,NA,NA,NA,0.0,0,NA,0.618055,1,2022-11-29 14:03:38.240000,0.0,0.0,NA,NA,NA,NA
62.0,Nigeria,1987,Female,"CAH07-04	General, applied and forensic sciences",36,28/11/22 - 04/12/22,0.0,0.0,0.0,0.1675,0.007500000000000001,0.26388833333333334,0.2533333333333333,00:41:32,01:14:16,15,24,0.011388333333333332,0.05083333333333333,0.010278333333333334,0.0036116666666666667,0.0,0.01861166666666667,4,12,1,1,0,1,2022-12-01 20:17:28.048000,2022-12-01 21:29:26.855000,2022-12-03 04:04:01.255000,2022-12-03 04:01:33.249000,NA,2022-12-04 06:19:30.132000,week_nine,0.021111666666666664,1,2022-12-04 06:20:39.027000,NA,1,2022-12-04 06:21:57.442000,0.019444999999999997,0.020555,0.0,0.023888333333333334,1,0,1,2022-12-04 06:23:26.353000,NA,2022-12-04 06:25:51.262000,0.024166666666666666,1,2022-12-04 06:27:46.581000,0.06777833333333333,1,2022-12-04 06:13:10.703000,0.0,1.0,NA,NA,NA,NA
67.0,Sri Lanka,1981,Male,CAH17-01	Business and management,37,28/11/22 - 04/12/22,0.0,0.0,0.0,0.0,0.0,0.0,0.0,00:00:00,01:14:16,0,0,0.0,0.0,0.0,0.0,0.0,0.0,0,0,0,0,0,0,NA,NA,NA,NA,NA,NA,week_nine,0.0,0,NA,NA,0,NA,0.0,0.0,0.0,0.0,0,0,0,NA,NA,NA,0.0,0,NA,0.0,0,NA,0.0,0.0,NA,NA,NA,NA
65.0,Pakistan,1993,Male,CAH11-01	Computing,38,28/11/22 - 04/12/22,0.0,0.0,0.005833333333333333,0.0,0.0,0.0,0.0,00:00:21,01:14:16,1,1,0.0,0.0,0.0,0.0,0.0,0.0,0,1,0,0,0,0,NA,2022-11-30 11:53:05.124000,NA,NA,NA,NA,week_nine,0.0,0,NA,NA,0,NA,0.0,0.0,0.0,0.0,0,0,0,NA,NA,NA,0.0,0,NA,0.0,0,NA,0.0,0.0,NA,NA,NA,NA
62.0,Pakistan,1991,Female,CAH11-01	Computing,39,28/11/22 - 04/12/22,0.016111666666666666,0.30111166666666667,0.0,0.0,0.0,0.0,0.0,00:19:02,01:14:16,3,5,0.0,0.003055,0.0,0.0,0.0,0.0,0,3,0,0,0,0,NA,2022-11-28 18:24:57.995000,NA,NA,NA,NA,week_nine,0.0,0,NA,NA,0,NA,0.0,0.0,0.0,0.0,0,0,0,NA,NA,NA,0.0,1,2022-11-29 14:37:35.111000,0.28222166666666665,2,2022-11-28 18:25:01.094000,0.0,0.0,NA,NA,NA,NA
63.0,Sri Lanka,1996,Male,CAH17-01	Business and management,40,28/11/22 - 04/12/22,0.0,0.0,0.0,0.0,0.0,0.0,0.001945,00:00:07,01:14:16,2,2,0.0008333333333333334,0.0,0.0,0.0,0.0,0.0,1,0,0,0,0,0,2022-12-04 20:49:53.555000,NA,NA,NA,NA,NA,week_nine,0.0,0,NA,NA,0,NA,0.0,0.0,0.0,0.0,0,0,0,NA,NA,NA,0.0,0,NA,0.0,0,NA,0.0,0.0,NA,NA,NA,NA
60.0,India,1992,Male,CAH15-02	Economics,41,28/11/22 - 04/12/22,0.0,0.0,0.0,0.0,0.0,0.0,0.0,00:00:00,01:14:16,0,0,0.0,0.0,0.0,0.0,0.0,0.0,0,0,0,0,0,0,NA,NA,NA,NA,NA,NA,week_nine,0.0,0,NA,NA,0,NA,0.0,0.0,0.0,0.0,0,0,0,NA,NA,NA,0.0,0,NA,0.0,0,NA,0.0,0.0,NA,NA,NA,NA
83.0,United Kingdom of Great Britain and Northern Ireland,1975,Female,CAH07-01	Physics and astronomy,42,28/11/22 - 04/12/22,0.0,4.2891666666666675,0.0,0.03388833333333333,0.0,0.088055,0.14888833333333334,04:33:35,01:14:16,15,19,0.016111666666666666,0.008611666666666665,0.009168333333333334,0.004445,0.0,0.0,6,6,6,3,0,0,2022-12-04 15:21:11.559000,2022-12-04 15:20:43.838000,2022-12-01 15:55:42.400000,2022-12-04 15:24:39.803000,NA,NA,week_nine,0.0,0,NA,NA,0,NA,0.0,0.0,0.0,0.0,0,0,0,NA,NA,NA,0.001945,1,2022-12-04 15:24:17.452000,0.0013883333333333332,1,2022-12-04 15:20:50.379000,0.0,1.0,2022-12-04 15:29:34.321000,NA,NA,NA
62.0,Sri Lanka,1990,Female,CAH17-01	Business and management,43,28/11/22 - 04/12/22,0.0,1.505,0.0,0.0,0.0,0.0,0.0,01:30:18,01:14:16,2,2,0.0,0.0011116666666666666,0.0,0.0,0.0,0.0,0,1,0,0,0,0,NA,2022-11-29 14:11:30.166000,NA,NA,NA,NA,week_nine,0.0,0,NA,NA,0,NA,0.0,0.0,0.0,0.0,0,0,0,NA,NA,NA,0.0,0,NA,1.456111666666667,1,2022-11-29 14:11:34.486000,0.0,0.0,NA,NA,NA,NA
76.0,Malaysia,1993,Male,CAH17-01	Business and management,44,28/11/22 - 04/12/22,0.0,0.021111666666666664,1.2472216666666667,0.0,0.0,0.0,0.0,01:16:06,01:14:16,4,5,0.0,0.0022216666666666665,0.0,0.0,0.0,0.0,0,3,0,0,0,0,NA,2022-11-29 14:10:05.415000,NA,NA,NA,NA,week_nine,0.0,0,NA,NA,0,NA,0.0,0.0,0.0,0.0,0,0,0,NA,NA,NA,0.0,0,NA,0.0,1,2022-11-29 14:10:07.202000,1.1841666666666666,2.0,2022-11-30 10:51:08.577000,NA,NA,NA
67.0,Thailand,1993,Male,CAH10-01	Engineering,45,28/11/22 - 04/12/22,0.6875,0.0,0.0,0.0,0.0,0.0,0.0,00:41:15,01:14:16,5,5,0.0,0.004166666666666667,0.0011116666666666666,0.0,0.0,0.0,0,3,1,0,0,0,NA,2022-11-28 16:17:18.306000,2022-11-28 16:51:47.275000,NA,NA,NA,week_nine,0.0,0,NA,NA,0,NA,0.0,0.0,0.0,0.0,0,0,0,NA,NA,NA,0.005833333333333333,1,2022-11-28 16:18:49.974000,0.023611666666666663,1,2022-11-28 16:17:21.561000,0.0,0.0,NA,NA,NA,NA
65.0,India,1994,Male,CAH17-01	Business and management,46,28/11/22 - 04/12/22,0.0,0.0,0.0,0.0,0.0,0.0,0.0,00:00:00,01:14:16,0,0,0.0,0.0,0.0,0.0,0.0,0.0,0,0,0,0,0,0,NA,NA,NA,NA,NA,NA,week_nine,0.0,0,NA,NA,0,NA,0.0,0.0,0.0,0.0,0,0,0,NA,NA,NA,0.0,0,NA,0.0,0,NA,0.0,0.0,NA,NA,NA,NA
66.0,United Kingdom of Great Britain and Northern Ireland,1997,Female,"CAH26-01 Geography, earth and environmental studies",47,28/11/22 - 04/12/22,0.0,0.0,0.0,0.0,0.0,0.0,0.0,00:00:00,01:14:16,0,0,0.0,0.0,0.0,0.0,0.0,0.0,0,0,0,0,0,0,NA,NA,NA,NA,NA,NA,week_nine,0.0,0,NA,NA,0,NA,0.0,0.0,0.0,0.0,0,0,0,NA,NA,NA,0.0,0,NA,0.0,0,NA,0.0,0.0,NA,NA,NA,NA
60.0,Malaysia,1992,Male,CAH25-01	Creative arts and design,48,28/11/22 - 04/12/22,0.0,0.005555000000000001,0.0,0.0,0.0,0.0,0.0,00:00:20,01:14:16,3,3,0.0,0.0008333333333333334,0.000555,0.0,0.0,0.0,0,1,1,0,0,0,NA,2022-11-29 14:12:10.916000,2022-11-29 14:12:08.804000,NA,NA,NA,week_nine,0.0,0,NA,NA,0,NA,0.0,0.0,0.0,0.0,0,0,0,NA,NA,NA,0.0,0,NA,0.0,1,2022-11-29 14:12:13.569000,0.0,0.0,NA,NA,NA,NA
68.0,Nigeria,1984,Female,CAH11-01	Computing,49,28/11/22 - 04/12/22,0.0,0.0,0.007221666666666667,0.0,0.0,0.0,0.0,00:00:26,01:14:16,2,2,0.005,0.0,0.0,0.0,0.0,0.0,1,0,0,0,0,0,2022-11-30 20:40:08.615000,NA,NA,NA,NA,NA,week_nine,0.0,0,NA,NA,0,NA,0.0,0.0,0.0,0.0,0,0,0,NA,NA,NA,0.0,0,NA,0.0,0,NA,0.0,0.0,NA,NA,NA,NA
57.0,Nigeria,1992,Male,CAH11-01	Computing,50,28/11/22 - 04/12/22,0.0,3.303611666666667,0.0,0.043333333333333335,0.0,0.0,0.0,03:20:49,01:14:16,7,9,0.005,0.0022216666666666665,0.0,0.0,0.0,0.0,3,1,0,0,0,0,2022-12-01 20:14:59.690000,2022-11-29 11:34:16.883000,NA,NA,NA,NA,week_nine,0.0,0,NA,NA,0,NA,0.0,0.0,0.0,0.0,0,0,0,NA,NA,NA,0.0,0,NA,0.215,1,2022-11-29 11:34:24.411000,0.0,0.0,NA,NA,NA,NA
67.0,Nigeria,1998,Female,CAH16-01	Law,51,28/11/22 - 04/12/22,0.0,0.0,0.0,0.0,0.0,0.0,0.0,00:00:00,01:14:16,0,0,0.0,0.0,0.0,0.0,0.0,0.0,0,0,0,0,0,0,NA,NA,NA,NA,NA,NA,week_nine,0.0,0,NA,NA,0,NA,0.0,0.0,0.0,0.0,0,0,0,NA,NA,NA,0.0,0,NA,0.0,0,NA,0.0,0.0,NA,NA,NA,NA
62.0,Nigeria,1991,Female,CAH10-03	Materials and technology,52,28/11/22 - 04/12/22,0.0,0.52,0.0,0.0,0.0,0.0,0.0,00:31:12,01:14:16,5,6,0.0,0.0027766666666666664,0.0,0.0,0.0,0.0,1,2,0,0,0,0,2022-11-29 13:09:45.797000,2022-11-29 12:39:12.696000,NA,NA,NA,NA,week_nine,0.0,0,NA,NA,0,NA,0.0,0.0,0.0,0.049445,0,0,1,NA,NA,2022-11-29 12:39:17.877000,0.0,0,NA,0.0,1,2022-11-29 14:08:38.929000,0.0,0.0,NA,NA,NA,NA
67.0,Nigeria,2001,Female,CAH09-01	Mathematical sciences,53,28/11/22 - 04/12/22,0.007500000000000001,0.0063883333333333335,0.0,0.0,0.0,0.0,0.0,00:00:50,01:14:16,1,2,0.0013883333333333332,0.0,0.0,0.0,0.0,0.0,2,0,0,0,0,0,2022-11-28 17:00:29.062000,NA,NA,NA,NA,NA,week_nine,0.0,0,NA,NA,0,NA,0.0,0.0,0.0,0.0,0,0,0,NA,NA,NA,0.0,0,NA,0.0,0,NA,0.0,0.0,NA,NA,NA,NA
68.0,Nigeria,1979,Female,CAH11-01	Computing,54,28/11/22 - 04/12/22,0.1497216666666667,2.313055,0.029445,0.0,0.971945,0.008333333333333333,0.0,03:28:21,01:14:16,6,11,0.007500000000000001,0.007778333333333333,0.0,0.0,0.0,0.0,5,3,0,0,0,0,2022-11-28 03:36:38.806000,2022-11-29 14:08:58.788000,NA,NA,NA,NA,week_nine,0.0,0,NA,NA,0,NA,0.0,0.0,0.0,0.0,0,0,0,NA,NA,NA,0.0,0,NA,2.30139,3,2022-11-29 14:09:06.269000,0.0,0.0,NA,NA,NA,NA
66.0,Nigeria,1986,Female,CAH10-03	Materials and technology,55,28/11/22 - 04/12/22,0.0,0.020555,0.06833333333333333,0.0,0.0,0.0,0.0,00:05:20,01:14:16,2,2,0.0,0.003055,0.0,0.0,0.0,0.0,0,1,0,0,0,0,NA,2022-11-29 14:02:45.878000,NA,NA,NA,NA,week_nine,0.0,0,NA,NA,0,NA,0.0,0.0,0.0,0.0,0,0,0,NA,NA,NA,0.0,0,NA,0.0,1,2022-11-29 14:02:56.727000,0.0,0.0,NA,NA,NA,NA
70.0,Nigeria,1986,Female,CAH11-01	Computing,56,28/11/22 - 04/12/22,0.0,2.2916666666666665,4.098055,0.035555,2.945556666666667,0.007778333333333333,0.0,09:22:43,01:14:16,8,24,0.025,1.7191666666666667,0.001945,0.009443333333333333,0.0,0.0,7,12,1,2,0,0,2022-11-30 10:12:46.551000,2022-11-29 14:44:27.469000,2022-11-30 10:14:05.673000,2022-11-29 14:45:19.493000,NA,NA,week_nine,0.0,0,NA,NA,0,NA,0.0,0.0,0.0,0.0,0,0,0,NA,NA,NA,0.0,0,NA,1.75639,6,2022-11-29 14:44:31.967000,2.6194450000000002,4.0,2022-11-30 12:10:56.659000,NA,NA,NA
55.0,Nigeria,1990,Female,CAH17-01	Business and management,57,28/11/22 - 04/12/22,0.0,0.0,0.0,0.0,0.0,0.0,0.0,00:00:00,01:14:16,0,0,0.0,0.0,0.0,0.0,0.0,0.0,0,0,0,0,0,0,NA,NA,NA,NA,NA,NA,week_nine,0.0,0,NA,NA,0,NA,0.0,0.0,0.0,0.0,0,0,0,NA,NA,NA,0.0,0,NA,0.0,0,NA,0.0,0.0,NA,NA,NA,NA
66.0,Nigeria,1992,Male,CAH03-01	Biosciences,58,28/11/22 - 04/12/22,0.0,0.006666666666666667,0.0,0.0,0.0,0.0,0.0,00:00:24,01:14:16,2,2,0.004445,0.0,0.0,0.0,0.0,0.0,1,0,0,0,0,0,2022-11-29 12:07:45.121000,NA,NA,NA,NA,NA,week_nine,0.0,0,NA,NA,0,NA,0.0,0.0,0.0,0.0,0,0,0,NA,NA,NA,0.0,0,NA,0.0,0,NA,0.0,0.0,NA,NA,NA,NA
54.0,Sri Lanka,1991,Male,CAH10-01	Engineering,59,28/11/22 - 04/12/22,0.0,0.0,0.0,0.04138833333333333,0.0,0.0,0.0,00:02:29,01:14:16,2,2,0.0027783333333333336,0.0,0.0,0.0,0.0,0.0,1,0,0,0,0,0,2022-12-01 20:17:16.934000,NA,NA,NA,NA,NA,week_nine,0.0,0,NA,NA,0,NA,0.0,0.0,0.0,0.0,0,0,0,NA,NA,NA,0.0,0,NA,0.0,0,NA,0.0,0.0,NA,NA,NA,NA
59.0,Viet Nam,1997,Female,CAH17-01	Business and management,60,28/11/22 - 04/12/22,0.1925,3.833611666666667,0.0,6.291945,0.4472216666666667,0.0,0.0,10:45:55,01:14:16,11,22,0.18249833333333335,0.059998333333333334,0.00027833333333333334,0.000555,0.18416666666666667,0.0022216666666666665,9,13,1,2,1,1,2022-11-28 09:57:06.058000,2022-11-28 09:45:48.417000,2022-11-29 13:22:48.475000,2022-11-29 13:34:43.487000,2022-11-28 09:46:01.171000,2022-11-28 09:45:49.809000,week_nine,0.0,0,NA,NA,0,NA,0.0,0.0,0.0,0.0,0,0,0,NA,NA,NA,0.0,0,NA,3.0213883333333333,3,2022-11-29 13:45:37.613000,3.144721666666667,6.0,2022-12-01 10:17:52.860000,NA,NA,NA
60.0,India,1993,Female,CAH10-01	Engineering,61,28/11/22 - 04/12/22,0.0,0.05583333333333333,0.0,0.0,0.0,0.0,0.0,00:03:21,01:14:16,2,2,0.0,0.0027783333333333336,0.0,0.0,0.0,0.0,0,1,0,0,0,0,NA,2022-11-29 14:25:51.783000,NA,NA,NA,NA,week_nine,0.0,0,NA,NA,0,NA,0.0,0.0,0.0,0.0,0,0,0,NA,NA,NA,0.0,0,NA,0.0,1,2022-11-29 14:26:01.497000,0.0,0.0,NA,NA,NA,NA
60.0,Turkey,1996,Male,CAH17-01	Business and management,62,28/11/22 - 04/12/22,0.0,0.0,0.0,0.0,0.0,0.0,0.0,00:00:00,01:14:16,0,0,0.0,0.0,0.0,0.0,0.0,0.0,0,0,0,0,0,0,NA,NA,NA,NA,NA,NA,week_nine,0.0,0,NA,NA,0,NA,0.0,0.0,0.0,0.0,0,0,0,NA,NA,NA,0.0,0,NA,0.0,0,NA,0.0,0.0,NA,NA,NA,NA
78.0,United Kingdom of Great Britain and Northern Ireland,1998,Female,CAH17-01	Business and management,63,28/11/22 - 04/12/22,0.0,4.1425,0.0,0.0,0.0,0.0,0.0,04:08:33,01:14:16,3,3,0.0,0.0027783333333333336,0.0,0.0,0.0,0.0,0,1,0,0,0,0,NA,2022-11-29 14:06:52.551000,NA,NA,NA,NA,week_nine,0.0,0,NA,NA,0,NA,0.0,0.0,0.0,0.0,0,0,0,NA,NA,NA,0.0,0,NA,2.828055,1,2022-11-29 14:07:02.283000,0.0,0.0,NA,NA,NA,NA
61.0,Iran,1989,Female,CAH15-04	Health and social care,64,28/11/22 - 04/12/22,0.0,0.0,0.0,0.0,0.0,0.0,0.0,00:00:00,01:14:16,0,0,0.0,0.0,0.0,0.0,0.0,0.0,0,0,0,0,0,0,NA,NA,NA,NA,NA,NA,week_nine,0.0,0,NA,NA,0,NA,0.0,0.0,0.0,0.0,0,0,0,NA,NA,NA,0.0,0,NA,0.0,0,NA,0.0,0.0,NA,NA,NA,NA
55.0,Hong Kong (S.A.R.),2000,Male,"CAH13-01	Architecture, building and planning",65,28/11/22 - 04/12/22,0.0,0.075,0.0,0.0,0.0,0.0,0.0,00:04:30,01:14:16,1,1,0.0,0.0,0.0,0.0,0.0,0.0,0,1,0,0,0,0,NA,2022-11-29 14:21:09.311000,NA,NA,NA,NA,week_nine,0.0,0,NA,NA,0,NA,0.0,0.0,0.0,0.0,0,0,0,NA,NA,NA,0.0,0,NA,0.0,0,NA,0.0,0.0,NA,NA,NA,NA
60.0,Hong Kong (S.A.R.),1995,Female,"CAH15-01	Sociology, social policy and anthropology",66,28/11/22 - 04/12/22,0.0,0.19111166666666665,0.004445,0.0,0.0,0.0,0.0,00:11:44,01:14:16,4,4,0.0,0.001945,0.0,0.0,0.0,0.0,1,2,0,0,0,0,2022-11-29 14:22:49.860000,2022-11-29 14:11:28.771000,NA,NA,NA,NA,week_nine,0.0,0,NA,NA,0,NA,0.0,0.0,0.0,0.0,0,0,0,NA,NA,NA,0.0,0,NA,0.18638833333333335,1,2022-11-29 14:11:33.471000,0.0,0.0,NA,NA,NA,NA
58.0,India,1987,Female,CAH17-01	Business and management,67,28/11/22 - 04/12/22,0.0,2.1197216666666665,0.0,0.0,0.0,2.4875,0.0,04:36:26,01:14:16,11,15,1.3572216666666665,0.018609999999999998,0.000555,0.0,0.012221666666666665,0.0036116666666666667,5,7,1,0,1,1,2022-11-29 12:43:42.709000,2022-11-29 14:47:01.081000,2022-11-29 14:46:59.169000,NA,2022-12-03 22:15:12.436000,2022-12-03 22:16:00.933000,week_nine,2.410555,1,2022-12-03 22:16:18.431000,NA,0,NA,0.0,0.0,0.0,0.005,0,0,1,NA,NA,2022-12-03 22:14:49.002000,0.0,0,NA,0.005,1,2022-11-29 14:47:09.960000,0.0,0.0,NA,NA,NA,NA
70.0,Myanmar,1996,Female,CAH11-01	Computing,68,28/11/22 - 04/12/22,0.0,0.0,0.0,0.0,0.0,0.0,0.0,00:00:00,01:14:16,0,0,0.0,0.0,0.0,0.0,0.0,0.0,0,0,0,0,0,0,NA,NA,NA,NA,NA,NA,week_nine,0.0,0,NA,NA,0,NA,0.0,0.0,0.0,0.0,0,0,0,NA,NA,NA,0.0,0,NA,0.0,0,NA,0.0,0.0,NA,NA,NA,NA
64.0,United Kingdom of Great Britain and Northern Ireland,1992,Male,CAH10-01	Engineering,69,28/11/22 - 04/12/22,0.0,1.3802783333333335,0.0,0.0,0.0,0.0,0.0,01:22:49,01:14:16,3,3,0.0,0.000555,0.0,0.0,0.0,0.0,0,1,0,0,0,0,NA,2022-11-29 14:13:19.503000,NA,NA,NA,NA,week_nine,0.0,0,NA,NA,0,NA,0.0,0.0,0.0,0.0,0,0,0,NA,NA,NA,0.0,0,NA,1.3788883333333333,1,2022-11-29 14:13:21.565000,0.0,0.0,NA,NA,NA,NA
65.0,Nigeria,1995,Male,CAH15-02	Economics,70,28/11/22 - 04/12/22,0.0,0.0,0.0,0.0,0.0,0.0,0.0,00:00:00,01:14:16,0,0,0.0,0.0,0.0,0.0,0.0,0.0,0,0,0,0,0,0,NA,NA,NA,NA,NA,NA,week_nine,0.0,0,NA,NA,0,NA,0.0,0.0,0.0,0.0,0,0,0,NA,NA,NA,0.0,0,NA,0.0,0,NA,0.0,0.0,NA,NA,NA,NA
64.0,Viet Nam,1998,Male,CAH15-02	Economics,71,28/11/22 - 04/12/22,0.0,0.0,0.0,0.0,0.0,0.0,0.0,00:00:00,01:14:16,0,0,0.0,0.0,0.0,0.0,0.0,0.0,0,0,0,0,0,0,NA,NA,NA,NA,NA,NA,week_nine,0.0,0,NA,NA,0,NA,0.0,0.0,0.0,0.0,0,0,0,NA,NA,NA,0.0,0,NA,0.0,0,NA,0.0,0.0,NA,NA,NA,NA
69.0,India,1984,Male,"CAH06-01	Agriculture, food and related studies",72,28/11/22 - 04/12/22,0.05277833333333334,4.011945,0.9674999999999999,0.0,0.0,0.0,0.0,05:01:56,01:14:16,2,2,0.0,0.0011116666666666666,0.0,0.0,0.0,0.0,0,1,0,0,0,0,NA,2022-11-30 13:18:34.088000,NA,NA,NA,NA,week_nine,0.0,0,NA,NA,0,NA,0.0,0.0,0.0,0.0,0,0,0,NA,NA,NA,0.0,0,NA,0.0,0,NA,0.0,0.0,NA,NA,NA,NA
64.0,India,1997,Female,CAH10-01	Engineering,73,28/11/22 - 04/12/22,0.0,1.9113883333333332,0.0,0.0,0.0,0.0,0.3077783333333333,02:13:09,01:14:16,6,9,1.5944433333333334,0.0016666666666666668,0.000555,0.0,0.0,0.0,4,2,1,0,0,0,2022-11-29 12:28:35.991000,2022-11-29 14:04:05.305000,2022-12-04 22:37:36.234000,NA,NA,NA,week_nine,0.0,0,NA,NA,0,NA,0.0,0.0,0.0,0.0,0,0,0,NA,NA,NA,0.0,0,NA,0.24416666666666667,1,2022-11-29 14:08:31.039000,0.0,0.0,NA,NA,NA,NA
63.0,Sri Lanka,1986,Female,CAH17-01	Business and management,74,28/11/22 - 04/12/22,0.0,1.2655549999999998,0.0,0.0,0.0,0.0,0.0,01:15:56,01:14:16,3,3,0.007221666666666667,0.0013883333333333332,0.0,0.0,0.0,0.0,2,2,0,0,0,0,2022-11-29 14:43:44.388000,2022-11-29 14:44:06.929000,NA,NA,NA,NA,week_nine,0.0,0,NA,NA,0,NA,0.0,0.0,0.0,0.0,0,0,0,NA,NA,NA,0.0,0,NA,1.2502783333333334,1,2022-11-29 14:44:10.849000,0.0,0.0,NA,NA,NA,NA
62.0,Sri Lanka,1980,Male,CAH17-01	Business and management,75,28/11/22 - 04/12/22,0.0,0.0,0.0,0.0,0.0,0.0,0.0,00:00:00,01:14:16,0,0,0.0,0.0,0.0,0.0,0.0,0.0,0,0,0,0,0,0,NA,NA,NA,NA,NA,NA,week_nine,0.0,0,NA,NA,0,NA,0.0,0.0,0.0,0.0,0,0,0,NA,NA,NA,0.0,0,NA,0.0,0,NA,0.0,0.0,NA,NA,NA,NA
61.0,Poland,1996,Male,CAH02-05	Medical sciences,76,28/11/22 - 04/12/22,0.0,1.9341666666666666,0.0,0.0,0.0,0.0,0.0,01:56:03,01:14:16,2,2,0.0,0.003888333333333333,0.0,0.0,0.0,0.0,0,2,0,0,0,0,NA,2022-11-29 15:40:38.347000,NA,NA,NA,NA,week_nine,0.0,0,NA,NA,0,NA,0.0,0.0,0.0,0.0,0,0,0,NA,NA,NA,0.0,0,NA,0.07111166666666667,2,2022-11-29 15:40:49.640000,0.0,0.0,NA,NA,NA,NA
77.0,Sri Lanka,1990,Male,CAH17-01	Business and management,77,28/11/22 - 04/12/22,0.0,0.01583333333333333,0.0,0.0,0.0,0.0,0.0,00:00:57,01:14:16,2,2,0.0,0.0008333333333333334,0.0,0.0,0.0,0.0,0,1,0,0,0,0,NA,2022-11-29 14:19:29.163000,NA,NA,NA,NA,week_nine,0.0,0,NA,NA,0,NA,0.0,0.0,0.0,0.0,0,0,0,NA,NA,NA,0.0,0,NA,0.0,1,2022-11-29 14:19:32.477000,0.0,0.0,NA,NA,NA,NA
56.0,Pakistan,1992,Male,CAH10-01	Engineering,78,28/11/22 - 04/12/22,0.0,0.0,1.2033333333333334,0.0,0.0,0.0,0.0,01:12:12,01:14:16,1,1,0.0,1.0833333333333333,0.0,0.0,0.0,0.0,0,1,0,0,0,0,NA,2022-11-30 15:18:14.106000,NA,NA,NA,NA,week_nine,0.0,0,NA,NA,0,NA,0.0,0.0,0.0,0.0,0,0,0,NA,NA,NA,0.0,0,NA,0.0,0,NA,0.0,0.0,NA,NA,NA,NA
66.0,India,1994,Female,CAH15-02	Economics,79,28/11/22 - 04/12/22,0.0375,0.017221666666666666,0.0,0.0,0.0,0.0,0.0,00:03:17,01:14:16,1,1,0.0,0.0,0.0,0.0,0.0,0.0,1,0,0,0,0,0,2022-11-29 14:08:53.968000,NA,NA,NA,NA,NA,week_nine,0.0,0,NA,NA,0,NA,0.0,0.0,0.0,0.0,0,0,0,NA,NA,NA,0.0,0,NA,0.0,0,NA,0.0,0.0,NA,NA,NA,NA
54.0,Nigeria,1988,Male,CAH10-01	Engineering,80,28/11/22 - 04/12/22,0.0,0.0,0.0,0.0,0.0,0.0,0.0,00:00:00,01:14:16,0,0,0.0,0.0,0.0,0.0,0.0,0.0,0,0,0,0,0,0,NA,NA,NA,NA,NA,NA,week_nine,0.0,0,NA,NA,0,NA,0.0,0.0,0.0,0.0,0,0,0,NA,NA,NA,0.0,0,NA,0.0,0,NA,0.0,0.0,NA,NA,NA,NA
73.0,India,1989,Female,CAH11-01	Computing,81,27/03/23 - 02/04/23,0.0,0.0,0.0,0.0,0.2502783333333333,0.0,0.0,00:15:01,01:42:04,3,3,0.0,0.0022216666666666665,0.0,0.0,0.0,0.0,1,1,0,0,0,0,2023-04-02 13:56:06.211000,2023-03-31 19:34:45.235000,NA,NA,NA,NA,week_nine,0.0,0,NA,NA,0,NA,0.0,0.0,0.0,0.0,0,0,0,NA,NA,NA,0.0,0,NA,0.24027833333333332,1,2023-03-31 19:34:53.287000,0.0,0.0,NA,NA,NA,NA
63.6,Nigeria,1985,Female,CAH09-01	Mathematical sciences,82,27/03/23 - 02/04/23,0.008333333333333333,1.4558333333333333,0.6188883333333333,0.0,0.338055,0.044445,0.0,02:27:56,01:42:04,4,9,0.2863883333333333,0.7811116666666666,0.0,0.0,0.0,0.0,2,6,0,0,0,0,NA,NA,NA,NA,NA,NA,week_nine,0.0,0,NA,NA,0,NA,0.0,0.0,0.0,0.0,0,0,0,NA,NA,NA,0.08861166666666667,2,NA,1.0191666666666666,3,NA,0.0,0.0,NA,NA,NA,NA
65.2,Nigeria,1996,Female,CAH07-01	Physics and astronomy,83,27/03/23 - 02/04/23,0.0,1.66,0.0,0.06111166666666667,0.0,0.0,0.0,01:43:16,01:42:04,2,3,0.0,0.007778333333333333,0.0,0.0,0.0,0.0,0,2,0,0,0,0,NA,2023-03-28 14:28:55.035000,NA,NA,NA,NA,week_nine,0.0,0,NA,NA,0,NA,0.0,0.0,0.0,0.0,0,0,0,NA,NA,NA,0.0125,1,2023-03-28 14:28:59.180000,0.0,0,NA,0.0,0.0,NA,NA,NA,NA
69.0,India,1999,Male,CAH11-01	Computing,84,27/03/23 - 02/04/23,0.0,0.085555,0.0,0.0013883333333333332,0.0,0.010555,0.0,00:05:50,01:42:04,3,5,0.07416666666666667,0.0052766666666666665,0.0,0.0,0.0,0.0,2,4,0,0,0,0,2023-03-28 19:39:37.698000,2023-03-28 19:39:24.134000,NA,NA,NA,NA,week_nine,0.0,0,NA,NA,0,NA,0.0,0.0,0.0,0.0,0,0,0,NA,NA,NA,0.0,0,NA,0.0,1,2023-04-01 12:08:46.294000,0.0,0.0,NA,NA,NA,NA
56.8,Nigeria,1993,Male,"CAH02-02	Pharmacology, toxicology and pharmacy",85,27/03/23 - 02/04/23,0.0,0.6366666666666667,0.0,0.0,0.0,0.0,0.0,00:38:12,01:42:04,6,7,0.07388833333333333,0.003888333333333333,0.001945,0.0008333333333333334,0.0,0.0,2,3,2,1,0,0,2023-03-28 15:11:55.976000,2023-03-28 15:06:05.058000,2023-03-28 15:29:46.042000,2023-03-28 15:29:48.596000,NA,NA,week_nine,0.0,0,NA,NA,0,NA,0.0,0.0,0.0,0.0,0,0,0,NA,NA,NA,0.22027833333333333,1,2023-03-28 15:30:04.736000,0.319445,2,2023-03-28 15:06:10.349000,0.0,0.0,NA,NA,NA,NA
74.0,Cameroon,1997,Male,CAH10-03	Materials and technology,86,27/03/23 - 02/04/23,0.0,1.5930549999999999,0.0,0.0,0.0,0.0,0.0,01:35:35,01:42:04,2,2,0.0,0.014445000000000001,0.0,0.0,0.0,0.0,0,2,0,0,0,0,NA,2023-03-28 11:30:31.125000,NA,NA,NA,NA,week_nine,0.0,0,NA,NA,0,NA,0.0,0.0,0.0,0.0,0,0,0,NA,NA,NA,0.0,0,NA,1.521945,1,2023-03-28 11:31:15.625000,0.0,0.0,NA,NA,NA,NA
74.6,Egypt,1996,Male,CAH10-01	Engineering,87,27/03/23 - 02/04/23,0.0,0.0,0.0,0.0,0.0,0.0,0.0,00:00:00,01:42:04,0,0,0.0,0.0,0.0,0.0,0.0,0.0,0,0,0,0,0,0,NA,NA,NA,NA,NA,NA,week_nine,0.0,0,NA,NA,0,NA,0.0,0.0,0.0,0.0,0,0,0,NA,NA,NA,0.0,0,NA,0.0,0,NA,0.0,0.0,NA,NA,NA,NA
62.6,Nigeria,1980,Male,CAH10-01	Engineering,88,27/03/23 - 02/04/23,0.0,0.791945,0.6116666666666667,0.3027783333333333,0.0,2.9622233333333337,3.9675000000000002,08:38:10,01:42:04,8,28,3.0588866666666665,0.5125016666666666,0.0,0.0,0.34750000000000003,1.3055549999999998,16,28,0,0,2,2,2023-03-28 14:30:58.495000,2023-03-28 14:29:37.012000,NA,NA,2023-04-02 12:53:51.049000,2023-04-02 13:34:58.234000,week_nine,0.9566666666666667,1,2023-04-02 19:01:52.138000,NA,1,2023-04-02 19:59:22.763000,0.0,0.0,0.0,0.0,0,0,0,NA,NA,NA,0.105555,5,2023-03-28 14:37:39.319000,1.1408333333333334,8,2023-03-28 14:43:05.667000,0.0,0.0,NA,NA,NA,NA
70.0,Thailand,1997,Male,CAH11-01	Computing,89,27/03/23 - 02/04/23,0.0,0.0,0.5452783333333333,0.0,0.001945,0.0,0.0,00:32:50,01:42:04,2,3,0.5283333333333333,0.001945,0.0,0.0,0.0,0.0,3,1,0,0,0,0,2023-03-29 13:34:32.171000,2023-03-29 13:34:24.736000,NA,NA,NA,NA,week_nine,0.0,0,NA,NA,0,NA,0.0,0.0,0.0,0.0,0,0,0,NA,NA,NA,0.0,0,NA,0.0,0,NA,0.0,0.0,NA,NA,NA,NA
68.2,Pakistan,1995,Male,CAH11-01	Computing,90,27/03/23 - 02/04/23,0.0,0.0,0.0,0.0,0.0,0.0,0.0,00:00:00,01:42:04,0,0,0.0,0.0,0.0,0.0,0.0,0.0,0,0,0,0,0,0,NA,NA,NA,NA,NA,NA,week_nine,0.0,0,NA,NA,0,NA,0.0,0.0,0.0,0.0,0,0,0,NA,NA,NA,0.0,0,NA,0.0,0,NA,0.0,0.0,NA,NA,NA,NA
73.6,Sri Lanka,1994,Male,CAH17-01	Business and management,91,27/03/23 - 02/04/23,0.0,1.4611116666666668,1.5158333333333334,0.0,0.003888333333333333,0.0,0.0,02:58:51,01:42:04,4,11,0.095,0.006390000000000001,0.0,0.0,0.0,0.0,8,5,0,0,0,0,2023-03-28 12:07:33.165000,2023-03-28 16:06:00.677000,NA,NA,NA,NA,week_nine,0.0,0,NA,NA,0,NA,0.0,0.0,0.0,0.0,0,0,0,NA,NA,NA,0.000555,1,2023-03-28 16:05:55.822000,0.25527833333333333,3,2023-03-28 22:02:22.082000,0.0,0.0,NA,NA,NA,NA
57.0,Nigeria,1992,Male,NA,92,27/03/23 - 02/04/23,0.0,0.025555,0.0,0.0,0.0,0.0,0.0,00:01:32,01:42:04,3,3,0.0,0.013333333333333334,0.0,0.0,0.0,0.0,0,2,0,0,0,0,NA,2023-03-28 14:39:01.458000,NA,NA,NA,NA,week_nine,0.0,0,NA,NA,0,NA,0.0,0.0,0.0,0.0,0,0,0,NA,NA,NA,0.0,1,2023-03-28 14:40:28.503000,0.010833333333333334,1,2023-03-28 14:39:06.681000,0.0,0.0,NA,NA,NA,NA
66.4,Sri Lanka,1986,Male,CAH11-01	Computing,93,27/03/23 - 02/04/23,0.004166666666666667,0.004166666666666667,0.0,0.0016666666666666668,0.0,0.0016666666666666668,0.14,00:09:06,01:42:04,2,7,0.0,0.0025,0.0,0.0,0.0,0.0,0,6,0,0,0,0,NA,2023-03-27 05:14:54.344000,NA,NA,NA,NA,week_nine,0.0,0,NA,NA,0,NA,0.0,0.0,0.0,0.0,0,0,0,NA,NA,NA,0.0,0,NA,0.0,1,2023-04-02 02:37:11.560000,0.0,0.0,NA,NA,NA,NA
74.8,India,1984,Female,CAH10-01	Engineering,94,27/03/23 - 02/04/23,0.0,0.725,0.0,0.0,0.04,0.0,0.02,00:47:06,01:42:04,5,7,0.0,0.0025,0.016666666666666666,0.0,0.0,0.0,0,3,2,1,0,0,NA,2023-03-31 19:13:24.314000,2023-04-02 17:30:52.987000,2023-04-02 17:30:55.382000,NA,NA,week_nine,0.0,0,NA,NA,1,2023-03-31 19:13:29.753000,0.0,0.0,0.0,0.0,0,0,0,NA,NA,NA,0.0,0,NA,0.0,1,2023-04-02 17:31:57.925000,0.0,0.0,NA,NA,NA,NA
68.4,Nigeria,1980,Female,CAH03-01	Biosciences,95,27/03/23 - 02/04/23,0.0,2.351943333333333,0.0,0.0,0.0,0.0,0.0,02:21:07,01:42:04,4,6,0.008333333333333333,0.005833333333333333,0.0,0.0,0.0,0.0011116666666666666,2,4,0,0,0,1,2023-03-28 14:19:36.345000,2023-03-28 14:19:21.310000,NA,NA,NA,2023-03-28 22:47:09.884000,week_nine,0.0,0,NA,NA,0,NA,0.0,0.0,0.0,0.0,0,0,0,NA,NA,NA,0.0,0,NA,1.7827783333333334,2,2023-03-28 14:19:29.093000,0.0,0.0,NA,NA,NA,NA
73.4,Sri Lanka,1998,Male,CAH11-01	Computing,96,27/03/23 - 02/04/23,0.0,0.020833333333333332,0.0,1.244445,1.220555,0.1,2.3161116666666666,04:54:07,01:42:04,3,11,0.15611166666666668,1.2469433333333335,0.0,0.0,0.0,0.0,3,7,0,0,0,0,2023-03-31 15:53:59.539000,2023-03-28 08:10:18.768000,NA,NA,NA,NA,week_nine,0.0,0,NA,NA,0,NA,0.0,0.0,0.0,0.0,0,0,0,NA,NA,NA,0.0,0,NA,2.8247216666666666,3,2023-03-31 15:24:47.479000,0.0,0.0,NA,NA,NA,NA
72.4,Bolivia,1998,Male,CAH10-01	Engineering,97,27/03/23 - 02/04/23,0.0,0.2658333333333333,1.6402783333333335,0.0,0.0,0.010555,0.008055,01:55:29,01:42:04,4,7,0.005278333333333333,1.65,0.0025,0.0,0.0,0.0,1,4,1,0,0,0,2023-04-01 22:23:01.032000,2023-03-28 15:44:33.285000,2023-03-28 01:18:40.276000,NA,NA,NA,week_nine,0.0,0,NA,NA,0,NA,0.0,0.0,0.0,0.0,0,0,0,NA,NA,NA,0.0,0,NA,0.0,1,2023-04-02 20:49:57.308000,0.0,0.0,NA,NA,NA,NA
76.0,Spain,1994,Female,"CAH24-01	Media, journalism and communications",98,27/03/23 - 02/04/23,0.0,0.0,0.0,0.0,0.0,0.0,0.0,00:00:00,01:42:04,0,0,0.0,0.0,0.0,0.0,0.0,0.0,0,0,0,0,0,0,NA,NA,NA,NA,NA,NA,week_nine,0.0,0,NA,NA,0,NA,0.0,0.0,0.0,0.0,0,0,0,NA,NA,NA,0.0,0,NA,0.0,0,NA,0.0,0.0,NA,NA,NA,NA
73.8,Turkey,1987,Male,CAH17-01	Business and management,99,27/03/23 - 02/04/23,1.731945,0.0,0.0011116666666666666,0.0,0.0,0.0,0.0,01:43:59,01:42:04,3,4,0.0,0.000555,0.0,0.0,0.0,0.0,2,1,0,0,0,0,2023-03-28 11:06:45.085000,2023-03-27 22:46:55.884000,NA,NA,NA,NA,week_nine,0.0,0,NA,NA,0,NA,0.0,0.0,0.0,0.0,0,0,0,NA,NA,NA,0.0,0,NA,0.0011116666666666666,1,2023-03-27 22:46:57.941000,0.0,0.0,NA,NA,NA,NA
76.4,Turkey,1990,Male,CAH15-02	Economics,100,27/03/23 - 02/04/23,0.0,0.7461116666666666,0.0,0.0,0.0,0.0,0.0,00:44:46,01:42:04,2,2,0.0011116666666666666,0.0011116666666666666,0.0,0.0,0.0,0.0,1,1,0,0,0,0,2023-03-28 15:17:08.869000,2023-03-28 15:17:04.452000,NA,NA,NA,NA,week_nine,0.0,0,NA,NA,0,NA,0.0,0.0,0.0,0.0,0,0,0,NA,NA,NA,0.0,0,NA,0.0,0,NA,0.0,0.0,NA,NA,NA,NA
60.0,Nigeria,1999,Male,CAH10-01	Engineering,101,27/03/23 - 02/04/23,0.0,0.0,0.0,1.8644450000000001,0.0,1.5313883333333331,0.0,03:23:45,01:42:04,3,5,0.0,1.3722233333333334,0.0011116666666666666,0.0,0.0,0.0,0,4,1,0,0,0,NA,2023-03-30 19:37:01.776000,2023-04-01 16:29:54.780000,NA,NA,NA,week_nine,0.0,0,NA,NA,0,NA,0.0,0.0,0.0,0.0,0,0,0,NA,NA,NA,0.0,0,NA,0.0,2,2023-03-30 21:12:00.130000,0.0,0.0,NA,NA,NA,NA
65.0,Nigeria,1995,Male,CAH07-01	Physics and astronomy,102,27/03/23 - 02/04/23,0.0,1.8733333333333335,0.0,0.0,0.0,0.0,0.0,01:52:24,01:42:04,3,3,0.0,1.251945,0.0,0.0,0.0,0.0,0,3,0,0,0,0,NA,2023-03-28 14:27:56.009000,NA,NA,NA,NA,week_nine,0.0,0,NA,NA,0,NA,0.0,0.0,0.0,0.0,0,0,0,NA,NA,NA,0.5652783333333333,1,2023-03-28 14:30:15.389000,0.049445,1,2023-03-28 15:04:13.493000,0.0,0.0,NA,NA,NA,NA
69.6,Nigeria,1997,Female,CAH07-02	Chemistry,103,27/03/23 - 02/04/23,0.6313883333333333,3.788056666666667,0.0,0.0,0.0,0.0,0.0,04:25:10,01:42:04,3,7,0.0022216666666666665,1.2974999999999999,0.0,0.0,0.0,0.0,1,6,0,0,0,0,2023-03-28 18:21:21.946000,2023-03-27 21:10:28.979000,NA,NA,NA,NA,week_nine,0.0,0,NA,NA,0,NA,0.0,0.0,0.0,0.0,0,0,0,NA,NA,NA,2.408333333333333,4,2023-03-27 21:10:36.948000,0.0,0,NA,0.0,0.0,NA,NA,NA,NA
62.8,Nigeria,1976,Male,CAH11-01	Computing,104,27/03/23 - 02/04/23,0.0,2.1652783333333336,0.0,0.006666666666666667,0.0,0.9183333333333333,0.0,03:05:25,01:42:04,5,8,0.3211116666666667,0.9988883333333334,0.0008333333333333334,0.0,0.0,0.0,4,10,1,0,0,0,2023-03-28 14:31:09.773000,2023-03-28 14:31:05.570000,2023-03-28 15:14:31.890000,NA,NA,NA,week_nine,0.0,0,NA,NA,0,NA,0.0,0.0,0.0,0.0,0,0,0,NA,NA,NA,0.049445,2,2023-03-28 14:35:13.476000,0.01583333333333333,2,2023-03-28 14:45:02.817000,0.0,0.0,NA,NA,NA,NA
71.8,Sri Lanka,1977,Male,CAH09-01	Mathematical sciences,105,27/03/23 - 02/04/23,0.0,0.0,0.0,0.0,0.0,0.0,0.0,00:00:00,01:42:04,0,0,0.0,0.0,0.0,0.0,0.0,0.0,0,0,0,0,0,0,NA,NA,NA,NA,NA,NA,week_nine,0.0,0,NA,NA,0,NA,0.0,0.0,0.0,0.0,0,0,0,NA,NA,NA,0.0,0,NA,0.0,0,NA,0.0,0.0,NA,NA,NA,NA
66.0,Nigeria,1986,Female,CAH03-01	Biosciences,106,27/03/23 - 02/04/23,0.12083333333333333,0.4102783333333333,0.0,0.0,0.0,0.0,0.0,00:31:52,01:42:04,2,4,0.0,0.4080566666666667,0.0,0.0,0.0,0.0,0,3,0,0,0,0,NA,2023-03-27 14:44:05.866000,NA,NA,NA,NA,week_nine,0.0,0,NA,NA,0,NA,0.0,0.0,0.0,0.0,0,0,0,NA,NA,NA,0.0,0,NA,0.04777833333333334,2,2023-03-27 14:44:18.388000,0.0,0.0,NA,NA,NA,NA
63.4,Bangladesh,1999,Male,CAH11-01	Computing,107,27/03/23 - 02/04/23,0.011111666666666667,0.0,0.0,0.225,0.0,0.0,0.0,00:14:10,01:42:04,3,3,0.0,0.014721666666666666,0.0022216666666666665,0.0,0.0,0.0,0,3,2,0,0,0,NA,2023-03-30 14:51:46.085000,2023-03-30 21:14:49.066000,NA,NA,NA,week_nine,0.0,0,NA,NA,0,NA,0.0,0.0,0.0,0.0,0,0,0,NA,NA,NA,0.0,0,NA,0.0016666666666666668,1,2023-03-30 21:15:05.970000,0.0,0.0,NA,NA,NA,NA
74.0,India,1997,Female,CAH11-01	Computing,108,27/03/23 - 02/04/23,0.0,0.0,0.0,0.0,0.0,0.0,0.0,00:00:00,01:42:04,0,0,0.0,0.0,0.0,0.0,0.0,0.0,0,0,0,0,0,0,NA,NA,NA,NA,NA,NA,week_nine,0.0,0,NA,NA,0,NA,0.0,0.0,0.0,0.0,0,0,0,NA,NA,NA,0.0,0,NA,0.0,0,NA,0.0,0.0,NA,NA,NA,NA
52.6,United States of America,1997,Male,CAH03-02	Sport and exercise sciences,109,27/03/23 - 02/04/23,0.0,0.0,0.0,0.021388333333333336,0.0,0.0,0.0,00:01:17,01:42:04,0,0,0.0,0.0,0.0,0.0,0.0,0.0,0,0,0,0,0,0,NA,NA,NA,NA,NA,NA,week_nine,0.0,0,NA,NA,0,NA,0.0,0.0,0.0,0.0,0,0,0,NA,NA,NA,0.0,0,NA,0.0,0,NA,0.0,0.0,NA,NA,NA,NA
68.0,United Kingdom of Great Britain and Northern Ireland,1998,Female,CAH03-01	Biosciences,110,27/03/23 - 02/04/23,3.5091666666666668,1.3438883333333331,0.0,0.0,0.0,0.0,0.0,04:51:11,01:42:04,2,3,0.9005550000000001,2.606666666666667,0.0,0.0,0.0,0.0,2,2,0,0,0,0,2023-03-27 11:12:51.798000,2023-03-27 10:40:21.948000,NA,NA,NA,NA,week_nine,0.0,0,NA,NA,0,NA,0.0,0.0,0.0,0.0,0,0,0,NA,NA,NA,0.0,0,NA,0.0,0,NA,0.0,0.0,NA,NA,NA,NA
62.6,Nigeria,1980,Male,CAH15-02	Economics,111,27/11/23 - 03/12/23,0.0,2.643333333333333,0.0,0.0,0.0,0.0,0.0,02:38:36,01:24:53,4,4,0.0,0.005,0.0,0.0,0.0,0.0,0,2,0,0,0,0,NA,2023-11-28 15:25:59.739000,NA,NA,NA,NA,week_nine,0.0,0,NA,NA,0,NA,0.0,0.0,0.0,0.0,0,0,0,NA,NA,NA,2.1202783333333333,1,2023-11-28 15:34:27.637000,0.1361116666666667,1,2023-11-28 15:26:09.668000,0.0,0.0,NA,NA,NA,NA
73.0,Sri Lanka,1992,Female,CAH09-01	Mathematical sciences,112,27/11/23 - 03/12/23,0.0,0.007778333333333333,0.0,0.0,0.0,0.0,0.0,00:00:28,01:24:53,0,0,0.0,0.0,0.0,0.0,0.0,0.0,0,0,0,0,0,0,NA,NA,NA,NA,NA,NA,week_nine,0.0,0,NA,NA,0,NA,0.0,0.0,0.0,0.0,0,0,0,NA,NA,NA,0.0,0,NA,0.0,0,NA,0.0,0.0,NA,NA,NA,NA
59.0,Nigeria,1990,Male,CAH16-01	Law,113,27/11/23 - 03/12/23,0.0,0.5941666666666666,0.096945,0.0,0.0,0.0047216666666666665,0.0,00:41:45,01:24:53,5,7,0.011388333333333332,0.0036116666666666667,0.0,0.0,0.0,0.0,2,2,0,0,0,0,2023-11-29 16:30:00.711000,2023-11-28 12:14:57.814000,NA,NA,NA,NA,week_nine,0.0,0,NA,NA,0,NA,0.0,0.0,0.0,0.0,0,0,0,NA,NA,NA,0.0,0,NA,0.17083333333333334,2,2023-11-28 12:15:07.382000,0.0,0.0,NA,NA,NA,NA
58.0,Nigeria,1996,Female,CAH19-01	English studies,114,27/11/23 - 03/12/23,0.0,0.019166666666666665,0.020555,0.0,0.0,0.0,0.0,00:02:23,01:24:53,3,3,0.0,0.003055,0.0,0.0,0.0,0.0,0,2,0,0,0,0,NA,2023-11-28 12:26:33.481000,NA,NA,NA,NA,week_nine,0.010278333333333334,1,2023-11-28 12:26:37.305000,NA,0,NA,0.0,0.0,0.0,0.0,0,0,1,NA,NA,2023-11-28 12:27:21.737000,0.0,0,NA,0.0,0,NA,0.0,0.0,NA,NA,NA,NA
58.0,Nigeria,2001,Male,CAH07-01	Physics and astronomy,115,27/11/23 - 03/12/23,0.11472166666666667,2.9894450000000004,0.0,0.0,0.0,0.0,0.0,03:06:15,01:24:53,5,7,0.006111666666666666,0.007223333333333333,0.0,0.0016666666666666668,0.0,0.0,1,5,0,2,0,0,2023-11-27 12:57:53.220000,2023-11-27 11:20:14.493000,NA,2023-11-27 12:57:49.413000,NA,NA,week_nine,0.0,0,NA,NA,0,NA,0.0,0.0,0.0,0.0,0,0,0,NA,NA,NA,0.0,0,NA,2.990555,5,2023-11-27 11:20:20.601000,0.0,0.0,NA,NA,NA,NA
70.6,Ghana,1992,Male,CAH04-01	Psychology,116,27/11/23 - 03/12/23,0.0,0.0,0.0,0.008888333333333333,0.048054999999999994,0.128055,0.0,00:11:05,01:24:53,5,5,0.0,0.01638833333333333,0.0,0.0,0.0,0.0,0,6,0,0,0,0,NA,2023-12-02 11:59:32.660000,NA,NA,NA,NA,week_nine,0.0,0,NA,NA,2,2023-12-02 11:59:45.506000,0.06611166666666667,0.0,0.011666666666666665,0.0,0,1,0,NA,2023-12-02 12:00:27.736000,NA,0.015000000000000001,2,2023-12-02 12:01:16.933000,0.008611666666666665,1,2023-12-02 12:02:21.361000,0.0,0.0,NA,NA,NA,NA
66.4,Pakistan,1999,Female,CAH11-01	Computing,117,27/11/23 - 03/12/23,0.0,2.843611666666667,0.005278333333333333,1.41,0.0,0.0,0.0,04:15:32,01:24:53,4,5,1.4066666666666667,0.00611,0.0,0.0008333333333333334,0.0,0.0,1,3,0,1,0,0,2023-11-30 18:14:13.343000,2023-11-28 14:30:30.901000,NA,2023-11-28 15:07:22.938000,NA,NA,week_nine,0.0,0,NA,NA,0,NA,0.0,0.0,0.0,0.0,0,0,0,NA,NA,NA,0.0,0,NA,0.6102783333333334,1,2023-11-28 14:30:34.290000,0.0,0.0,NA,NA,NA,NA
73.0,Myanmar,1991,Female,CAH17-01	Business and management,118,27/11/23 - 03/12/23,0.0,0.08416666666666667,0.0,0.0,0.0,0.0,0.007778333333333333,00:05:31,01:24:53,2,2,0.0,0.0033333333333333335,0.0,0.0,0.0,0.0,0,3,0,0,0,0,NA,2023-11-28 07:07:28.140000,NA,NA,NA,NA,week_nine,0.0,0,NA,NA,0,NA,0.0,0.0,0.0,0.0,0,0,0,NA,NA,NA,0.0,0,NA,0.07583333333333334,3,2023-11-28 07:07:32.452000,0.0,0.0,NA,NA,NA,NA
64.4,Nigeria,1994,Male,"CAH26-01 Geography, earth and environmental studies",119,27/11/23 - 03/12/23,0.0,0.11722166666666665,0.0,0.0,0.0,0.0,0.0,00:07:02,01:24:53,3,3,0.014445000000000001,0.01,0.0,0.0047216666666666665,0.0,0.0,2,2,0,2,0,0,2023-11-29 01:24:11.048000,2023-11-29 01:22:39.826000,NA,2023-11-29 01:24:03.987000,NA,NA,week_nine,0.0,0,NA,NA,0,NA,0.0,0.0,0.0,0.0,0,0,0,NA,NA,NA,0.0,0,NA,0.0,0,NA,0.0,0.0,NA,NA,NA,NA
52.0,United Kingdom of Great Britain and Northern Ireland,2000,Male,CAH04-01	Psychology,120,27/11/23 - 03/12/23,0.0,0.0,0.0,0.0,0.0,0.0,0.0,00:00:00,01:24:53,0,0,0.0,0.0,0.0,0.0,0.0,0.0,0,0,0,0,0,0,NA,NA,NA,NA,NA,NA,week_nine,0.0,0,NA,NA,0,NA,0.0,0.0,0.0,0.0,0,0,0,NA,NA,NA,0.0,0,NA,0.0,0,NA,0.0,0.0,NA,NA,NA,NA
64.0,United Kingdom of Great Britain and Northern Ireland,2002,Male,CAH11-01	Computing,121,27/11/23 - 03/12/23,0.0,0.0,0.0,0.0,0.0,0.0,0.0,00:00:00,01:24:53,0,0,0.0,0.0,0.0,0.0,0.0,0.0,0,0,0,0,0,0,NA,NA,NA,NA,NA,NA,week_nine,0.0,0,NA,NA,0,NA,0.0,0.0,0.0,0.0,0,0,0,NA,NA,NA,0.0,0,NA,0.0,0,NA,0.0,0.0,NA,NA,NA,NA
64.0,Poland,2001,Male,CAH17-01	Business and management,122,27/11/23 - 03/12/23,0.0,0.07111166666666667,0.03388833333333333,0.0,0.0,0.0,0.0,00:06:18,01:24:53,4,6,0.007221666666666667,0.0016666666666666668,0.0,0.0,0.0,0.0,4,2,0,0,0,0,2023-11-28 14:30:11.605000,2023-11-28 14:26:23.443000,NA,NA,NA,NA,week_nine,0.0,0,NA,NA,0,NA,0.0,0.0,0.0,0.0,0,0,0,NA,NA,NA,0.0,0,NA,0.06277833333333334,1,2023-11-28 14:26:25.608000,0.0,0.0,NA,NA,NA,NA
74.2,Iran,1982,Male,CAH10-01	Engineering,123,27/11/23 - 03/12/23,0.0,0.0,0.0,0.0,0.0,0.006666666666666667,0.0,00:00:24,01:24:53,0,0,0.0,0.0,0.0,0.0,0.0,0.0,0,0,0,0,0,0,NA,NA,NA,NA,NA,NA,week_nine,0.0,0,NA,NA,0,NA,0.0,0.0,0.0,0.0,0,0,0,NA,NA,NA,0.0,0,NA,0.0,0,NA,0.0,0.0,NA,NA,NA,NA
73.2,Malaysia,1992,Male,CAH17-01	Business and management,124,27/11/23 - 03/12/23,2.1891666666666665,0.5280549999999999,0.08805666666666667,0.0,0.000555,1.7525000000000002,0.125,04:41:00,01:24:53,3,9,0.32527833333333334,0.0022233333333333332,0.0,0.0,0.0,0.0,9,3,0,0,0,0,2023-11-28 14:15:03.770000,2023-11-27 15:50:34.167000,NA,NA,NA,NA,week_nine,0.0,0,NA,NA,0,NA,0.0,0.0,0.0,0.0,0,0,0,NA,NA,NA,0.0,0,NA,2.186945,2,2023-11-27 15:50:36.555000,0.0,0.0,NA,NA,NA,NA
63.0,United Kingdom of Great Britain and Northern Ireland,1987,Male,CAH10-01	Engineering,125,27/11/23 - 03/12/23,0.004166666666666667,0.18944333333333332,0.0,0.0,0.0,0.0022216666666666665,0.8547216666666667,01:03:01,01:24:53,3,8,0.007778333333333333,0.004445,0.0,0.0,0.0,0.0,6,1,0,0,0,0,2023-11-27 13:58:03.011000,2023-11-28 14:13:12.166000,NA,NA,NA,NA,week_nine,0.0,0,NA,NA,0,NA,0.0,0.0,0.0,0.0,0,0,0,NA,NA,NA,0.0,0,NA,0.0,1,2023-11-28 14:13:27.713000,0.0,0.0,NA,NA,NA,NA
73.2,Algeria,2002,Female,"CAH07-04	General, applied and forensic sciences",126,27/11/23 - 03/12/23,0.044721666666666667,0.0,0.0,0.0,0.0,0.0,0.0036116666666666667,00:02:54,01:24:53,3,3,0.0,0.0011116666666666666,0.0,0.0,0.0,0.0,1,1,0,0,0,0,2023-12-03 22:15:03.571000,2023-11-28 00:37:35.551000,NA,NA,NA,NA,week_nine,0.0,0,NA,NA,0,NA,0.0,0.0,0.0,0.0,0,0,0,NA,NA,NA,0.0,0,NA,0.0,1,2023-11-28 00:37:39.853000,0.0,0.0,NA,NA,NA,NA
72.0,United Kingdom of Great Britain and Northern Ireland,1980,Female,CAH07-01	Physics and astronomy,127,27/11/23 - 03/12/23,0.0022216666666666665,1.5722233333333333,0.004443333333333333,0.0,0.0,0.0008333333333333334,0.0,01:34:47,01:24:53,3,7,0.2475,0.003055,0.0,0.0,0.0,0.0,4,3,0,0,0,0,2023-11-28 15:27:10.757000,2023-11-28 14:09:17.170000,NA,NA,NA,NA,week_nine,0.0,0,NA,NA,0,NA,0.0,0.0,0.0,0.0,0,0,0,NA,NA,NA,0.0,0,NA,0.7841666666666666,1,2023-11-28 14:09:24.786000,0.0,0.0,NA,NA,NA,NA
73.8,United Kingdom of Great Britain and Northern Ireland,1984,Female,CAH04-01	Psychology,128,27/11/23 - 03/12/23,0.0,1.7366666666666668,0.0,0.0,0.0,0.0,0.125,01:51:42,01:24:53,4,6,0.125555,0.17666666666666667,0.0,0.0,0.0,0.0,3,6,0,0,0,0,2023-11-28 14:45:51.624000,2023-11-28 13:58:17.157000,NA,NA,NA,NA,week_nine,0.0,0,NA,NA,0,NA,0.0,0.0,0.0,0.0,0,0,0,NA,NA,NA,0.0,0,NA,0.6208333333333333,2,2023-11-28 13:58:25.707000,0.0,0.0,NA,NA,NA,NA
72.0,United Kingdom of Great Britain and Northern Ireland,1988,Male,NA,129,27/11/23 - 03/12/23,0.0,1.6594433333333334,0.0,0.0,0.0,0.0,0.0,01:39:34,01:24:53,4,4,0.15777833333333333,0.0013883333333333332,0.0,0.0,0.0,0.0,1,1,0,0,0,0,2023-11-28 15:32:37.891000,2023-11-28 13:58:50.227000,NA,NA,NA,NA,week_nine,0.0,0,NA,NA,0,NA,0.0,0.0,0.0,0.0,0,0,0,NA,NA,NA,0.0,0,NA,1.4911116666666666,1,2023-11-28 13:58:54.761000,0.0,0.0,NA,NA,NA,NA
56.2,China,2001,Male,CAH11-01	Computing,130,27/11/23 - 03/12/23,0.0,2.3647233333333335,0.0,0.0,0.5047216666666666,0.0,0.05888833333333333,02:55:42,01:24:53,8,18,0.0,0.8391666666666667,0.0,0.003888333333333333,0.0,0.0,2,12,0,3,0,0,2023-11-28 18:02:00.466000,2023-11-28 14:08:32.009000,NA,2023-12-01 23:09:20.548000,NA,NA,week_nine,0.0,0,NA,NA,0,NA,0.0,0.0,0.0,0.0022216666666666665,0,0,1,NA,NA,2023-11-28 17:59:46.239000,0.012221666666666665,2,2023-11-28 17:59:26.392000,1.466945,5,2023-11-28 14:08:33.937000,0.0,0.0,NA,NA,NA,NA
74.0,Singapore,1988,Female,CAH04-01	Psychology,131,27/11/23 - 03/12/23,0.23666666666666666,4.0875,0.0,0.0,0.0,0.0,0.0027783333333333336,04:19:37,01:24:53,3,6,1.1122233333333333,0.0016666666666666668,0.0,0.0,0.0,0.0,3,3,0,0,0,0,2023-11-27 21:24:33.452000,2023-11-27 21:24:30.120000,NA,NA,NA,NA,week_nine,0.0,0,NA,NA,0,NA,0.0,0.0,0.0,0.0,0,0,0,NA,NA,NA,0.0,0,NA,2.8569450000000005,1,2023-11-28 14:13:05.613000,0.0,0.0,NA,NA,NA,NA
65.8,India,1990,Male,CAH11-01	Computing,132,27/11/23 - 03/12/23,0.016111666666666666,0.0,0.0,0.0,0.0,0.010555,0.0,00:01:36,01:24:53,0,0,0.0,0.0,0.0,0.0,0.0,0.0,0,0,0,0,0,0,NA,NA,NA,NA,NA,NA,week_nine,0.0,0,NA,NA,0,NA,0.0,0.0,0.0,0.0,0,0,0,NA,NA,NA,0.0,0,NA,0.0,0,NA,0.0,0.0,NA,NA,NA,NA
61.8,Philippines,1984,Male,CAH17-01	Business and management,133,27/11/23 - 03/12/23,0.0,0.0022216666666666665,0.0,0.0,0.0,0.0,0.0,00:00:08,01:24:53,0,0,0.0,0.0,0.0,0.0,0.0,0.0,0,0,0,0,0,0,NA,NA,NA,NA,NA,NA,week_nine,0.0,0,NA,NA,0,NA,0.0,0.0,0.0,0.0,0,0,0,NA,NA,NA,0.0,0,NA,0.0,0,NA,0.0,0.0,NA,NA,NA,NA
62.2,Turkey,1982,Male,CAH11-01	Computing,134,27/11/23 - 03/12/23,0.12222166666666666,0.0,0.0,0.0,0.0,0.0,0.0,00:07:20,01:24:53,3,3,0.0,0.003888333333333333,0.0,0.0,0.0,0.0,0,2,0,0,0,0,NA,2023-11-27 14:20:54.881000,NA,NA,NA,NA,week_nine,0.0,0,NA,NA,0,NA,0.0,0.0,0.0,0.0,0,0,1,NA,NA,2023-11-27 14:22:48.048000,0.0275,1,2023-11-27 14:21:04.961000,0.0,0,NA,0.0,0.0,NA,NA,NA,NA
70.6,Viet Nam,1995,Male,NA,135,27/11/23 - 03/12/23,0.03861166666666667,3.9541666666666666,0.0,0.0,0.0,0.0,1.5477783333333335,05:32:26,01:24:53,5,8,3.1158333333333332,0.003055,0.0,0.0,0.0,0.0,2,4,0,0,0,0,2023-11-28 12:35:15.636000,2023-11-27 21:02:31.398000,NA,NA,NA,NA,week_nine,0.0,0,NA,NA,0,NA,0.0,0.0,0.0,0.0,0,0,0,NA,NA,NA,0.014166666666666666,1,2023-11-27 21:02:42.306000,2.371666666666667,4,2023-11-27 21:02:35.798000,0.0,0.0,NA,NA,NA,NA
72.0,United Kingdom of Great Britain and Northern Ireland,1974,Male,CAH11-01	Computing,136,27/11/23 - 03/12/23,0.0,0.021945,0.0,0.0025,0.0,0.0,0.0,00:01:28,01:24:53,1,1,0.0,0.0,0.0,0.0008333333333333334,0.0,0.0,0,0,0,1,0,0,NA,NA,NA,2023-11-30 18:08:38.513000,NA,NA,week_nine,0.0,0,NA,NA,0,NA,0.0,0.0,0.0,0.0,0,0,0,NA,NA,NA,0.0,0,NA,0.0,0,NA,0.0,0.0,NA,NA,NA,NA
58.0,Nigeria,1991,Female,CAH17-01	Business and management,137,27/11/23 - 03/12/23,0.0,2.8930549999999995,0.0,0.0,0.0,0.0,0.0,02:53:35,01:24:53,2,2,0.0,0.0022216666666666665,0.0,0.0,0.0,0.0,0,1,0,0,0,0,NA,2023-11-28 14:08:51.161000,NA,NA,NA,NA,week_nine,0.0,0,NA,NA,0,NA,0.0,0.0,0.0,0.0,0,0,0,NA,NA,NA,0.0,0,NA,2.888888333333333,1,2023-11-28 14:08:58.707000,0.0,0.0,NA,NA,NA,NA
58.0,Morocco,2001,Male,CAH11-01	Computing,138,27/11/23 - 03/12/23,0.021111666666666664,1.2761116666666668,0.0,0.0,0.0,0.0,0.08138833333333334,01:22:43,01:24:53,4,6,0.004166666666666667,0.004166666666666667,0.0,0.0,0.0,0.0,2,2,0,0,0,0,2023-11-28 15:11:00.957000,2023-11-27 08:01:53.816000,NA,NA,NA,NA,week_nine,0.0,0,NA,NA,0,NA,0.0,0.0,0.0,0.0,0,0,0,NA,NA,NA,0.0,0,NA,0.004166666666666667,1,2023-11-27 08:01:57.858000,0.0,0.0,NA,NA,NA,NA
63.0,Nigeria,2000,Male,CAH03-01	Biosciences,139,27/11/23 - 03/12/23,0.0,0.07861166666666668,0.0,0.0,0.0,0.0,0.0,00:04:43,01:24:53,2,2,0.0,0.008333333333333333,0.0,0.0,0.0,0.0,0,1,0,0,0,0,NA,2023-11-28 14:11:48.562000,NA,NA,NA,NA,week_nine,0.0,0,NA,NA,0,NA,0.0,0.0,0.0,0.0,0,0,0,NA,NA,NA,0.0,0,NA,0.04388833333333333,1,2023-11-28 14:12:18.761000,0.0,0.0,NA,NA,NA,NA
75.2,United Kingdom of Great Britain and Northern Ireland,1988,Female,CAH04-01	Psychology,140,27/11/23 - 03/12/23,0.0,2.8447216666666666,0.0,0.028611666666666664,0.0,0.0,2.3066666666666666,05:10:48,01:24:53,5,7,0.021945,0.005,0.0,0.0,0.012778333333333334,0.0,4,3,0,0,1,0,2023-11-28 11:18:51.018000,2023-11-28 14:14:16.613000,NA,NA,2023-11-30 14:24:12.269000,NA,week_nine,0.0,0,NA,NA,0,NA,0.0,0.0,0.0,0.0,0,0,0,NA,NA,NA,0.0,0,NA,2.8266666666666667,1,2023-11-28 14:14:21.036000,0.0,0.0,NA,NA,NA,NA
51.8,China,2001,Male,CAH11-01	Computing,141,27/11/23 - 03/12/23,0.0,1.04639,0.0,0.0,0.0,0.0,0.0,01:02:47,01:24:53,3,3,0.0,0.0011116666666666666,0.0,0.0,0.0,0.0,0,1,0,0,0,0,NA,2023-11-28 14:16:15.288000,NA,NA,NA,NA,week_nine,0.0,0,NA,NA,0,NA,0.0,0.0,0.0,0.0,0,0,0,NA,NA,NA,0.0,0,NA,0.0,1,2023-11-28 14:16:18.900000,0.0,0.0,NA,NA,NA,NA
60.0,Jordan,1994,Female,CAH04-01	Psychology,142,27/11/23 - 03/12/23,0.0,3.055833333333333,0.0,0.0,0.0,0.0,0.0,03:03:21,01:24:53,4,5,0.0,0.00389,0.0,0.003888333333333333,0.0,0.0,1,2,0,2,0,0,2023-11-28 15:13:48.092000,2023-11-28 14:17:39.640000,NA,2023-11-28 15:05:49.045000,NA,NA,week_nine,0.0,0,NA,NA,0,NA,0.0,0.0,0.0,0.0,0,0,0,NA,NA,NA,0.0,0,NA,0.0,1,2023-11-28 14:17:43.399000,0.0,0.0,NA,NA,NA,NA
64.0,United Kingdom of Great Britain and Northern Ireland,1990,Male,CAH02-05	Medical sciences,143,27/11/23 - 03/12/23,0.0,0.10027833333333333,0.0,0.0,1.5922216666666666,0.0,0.0,01:41:33,01:24:53,5,8,1.5988883333333332,0.02111,0.0,0.0,0.0,0.0,3,5,0,0,0,0,2023-11-28 14:30:10.805000,2023-11-28 14:25:38.317000,NA,NA,NA,NA,week_nine,0.0,0,NA,NA,0,NA,0.0,0.0,0.0,0.019166666666666665,0,0,3,NA,NA,2023-11-28 14:26:53.506000,0.0,0,NA,0.03527833333333333,1,2023-11-28 14:27:07.742000,0.0,0.0,NA,NA,NA,NA
64.4,Bangladesh,1995,Female,CAH17-01	Business and management,144,27/11/23 - 03/12/23,0.0,0.0,0.0,0.0,0.0,0.0,0.0,00:00:00,01:24:53,0,0,0.0,0.0,0.0,0.0,0.0,0.0,0,0,0,0,0,0,NA,NA,NA,NA,NA,NA,week_nine,0.0,0,NA,NA,0,NA,0.0,0.0,0.0,0.0,0,0,0,NA,NA,NA,0.0,0,NA,0.0,0,NA,0.0,0.0,NA,NA,NA,NA
64.0,United Kingdom of Great Britain and Northern Ireland,2002,Male,CAH20-01	History and archaeology,145,27/11/23 - 03/12/23,0.0,0.08416666666666667,0.005833333333333333,0.0,0.0,0.0,0.0,00:05:24,01:24:53,4,6,0.014445000000000001,0.01583333333333333,0.0,0.0,0.0,0.0,3,6,0,0,0,0,2023-11-28 14:28:13.801000,2023-11-28 14:26:27.972000,NA,NA,NA,NA,week_nine,0.0,0,NA,NA,0,NA,0.0,0.0,0.0,0.0025,0,0,1,NA,NA,2023-11-28 14:26:32.145000,0.0,0,NA,0.018609999999999998,2,2023-11-28 14:27:23.590000,0.0,0.0,NA,NA,NA,NA
74.0,United Kingdom of Great Britain and Northern Ireland,1979,Female,CAH22-01	Education and teaching,146,27/11/23 - 03/12/23,0.0011116666666666666,2.065,0.006944999999999999,0.009166666666666667,0.0,0.05611166666666667,0.0,02:08:18,01:24:53,6,12,0.03388833333333333,0.07083333333333333,0.0,0.003055,0.0,0.0,4,8,0,1,1,0,2023-11-29 21:51:08.358000,2023-11-28 09:59:56.662000,NA,2023-12-02 20:50:01.853000,2023-11-29 21:51:28.283000,NA,week_nine,0.0,0,NA,NA,0,NA,0.0,0.0,0.0,0.0,0,0,0,NA,NA,NA,0.0,0,NA,1.9922216666666666,3,2023-11-28 10:00:09.669000,0.0,0.0,NA,NA,NA,NA
76.2,United Kingdom of Great Britain and Northern Ireland,1983,Male,CAH09-01	Mathematical sciences,147,27/11/23 - 03/12/23,0.0,2.835,0.0,0.0,0.0,3.8172216666666667,0.0,06:39:08,01:24:53,4,5,0.26861166666666664,0.004166666666666667,0.0,0.0,0.0,0.0,4,3,0,0,0,0,2023-12-02 14:16:27.128000,2023-11-28 14:12:13.833000,NA,NA,NA,NA,week_nine,0.0,0,NA,NA,0,NA,0.0,0.0,0.0,0.0,0,0,0,NA,NA,NA,0.0,0,NA,1.9216666666666666,1,2023-11-28 14:12:16.066000,0.0,0.0,NA,NA,NA,NA
73.4,Sri Lanka,1983,Male,CAH10-01	Engineering,148,27/11/23 - 03/12/23,0.0,0.0,0.0,0.0,0.11277833333333334,0.0,0.0,00:06:46,01:24:53,3,3,0.0,0.10361166666666667,0.0,0.00027833333333333334,0.0,0.0,0,1,0,1,0,0,NA,2023-12-01 12:38:14.285000,NA,2023-12-01 12:44:32.083000,NA,NA,week_nine,0.0,0,NA,NA,0,NA,0.0,0.0,0.0,0.0,0,0,0,NA,NA,NA,0.0,0,NA,0.0,0,NA,0.0,0.0,NA,NA,NA,NA
60.4,Sri Lanka,1993,Male,CAH17-01	Business and management,149,27/11/23 - 03/12/23,0.0,2.5038883333333333,0.0,0.0,0.0,0.0,0.29861166666666666,02:48:09,01:24:53,4,7,0.030000000000000002,0.006666666666666667,0.0,0.0,0.0,0.0,3,5,0,0,0,0,2023-11-28 15:28:21.427000,2023-11-28 15:29:32.190000,NA,NA,NA,NA,week_nine,0.0,0,NA,NA,0,NA,0.0,0.0,0.0,0.0,0,0,0,NA,NA,NA,0.003888333333333333,2,2023-11-28 15:30:27.311000,0.021388333333333336,2,2023-11-28 15:29:37.425000,0.0,0.0,NA,NA,NA,NA
61.8,United Kingdom of Great Britain and Northern Ireland,2000,Male,CAH09-01	Mathematical sciences,150,27/11/23 - 03/12/23,0.0,0.0,0.0,0.0,0.0,0.0,0.0,00:00:00,01:24:53,0,0,0.0,0.0,0.0,0.0,0.0,0.0,0,0,0,0,0,0,NA,NA,NA,NA,NA,NA,week_nine,0.0,0,NA,NA,0,NA,0.0,0.0,0.0,0.0,0,0,0,NA,NA,NA,0.0,0,NA,0.0,0,NA,0.0,0.0,NA,NA,NA,NA
63.6,United Kingdom of Great Britain and Northern Ireland,1996,Male,CAH04-01	Psychology,151,27/11/23 - 03/12/23,0.0,2.2247216666666665,0.0,0.0,0.0,0.0,0.0,02:13:29,01:24:53,3,3,0.7975,0.078055,0.0,0.0,0.0,0.0,2,4,0,0,0,0,2023-11-28 14:10:03.223000,2023-11-28 11:57:52.358000,NA,NA,NA,NA,week_nine,0.0,0,NA,NA,0,NA,0.0,0.0,0.0,0.0,0,0,0,NA,NA,NA,0.0,0,NA,1.2430549999999998,2,2023-11-28 14:04:51.161000,0.0,0.0,NA,NA,NA,NA
61.2,Bangladesh,1999,Male,CAH10-01	Engineering,152,27/11/23 - 03/12/23,0.0,0.0,0.0,0.0,0.0,0.0,0.0,00:00:00,01:24:53,0,0,0.0,0.0,0.0,0.0,0.0,0.0,0,0,0,0,0,0,NA,NA,NA,NA,NA,NA,week_nine,0.0,0,NA,NA,0,NA,0.0,0.0,0.0,0.0,0,0,0,NA,NA,NA,0.0,0,NA,0.0,0,NA,0.0,0.0,NA,NA,NA,NA
58.0,Nigeria,1976,Female,CAH25-01	Creative arts and design,153,27/11/23 - 03/12/23,0.0,0.06166666666666667,0.0,0.0,0.0,0.0,0.0,00:03:42,01:24:53,2,2,0.0,0.0011116666666666666,0.0,0.0,0.0,0.0,0,1,0,0,0,0,NA,2023-11-28 14:14:56.257000,NA,NA,NA,NA,week_nine,0.0,0,NA,NA,0,NA,0.0,0.0,0.0,0.0,0,0,0,NA,NA,NA,0.0,0,NA,0.0,1,2023-11-28 14:15:00.152000,0.0,0.0,NA,NA,NA,NA
71.0,Pakistan,1998,Male,CAH11-01	Computing,154,27/11/23 - 03/12/23,0.0,0.0,0.0,0.0,0.146945,0.33277833333333334,0.0,00:28:47,01:24:53,4,4,0.0,0.0025,0.0,0.0,0.0,0.0,1,1,0,0,0,0,2023-12-01 09:11:26.343000,2023-12-01 09:10:49.917000,NA,NA,NA,NA,week_nine,0.0,0,NA,NA,0,NA,0.0,0.0,0.0,0.006666666666666667,0,0,1,NA,NA,2023-12-01 09:10:58.896000,0.0,0,NA,0.0,0,NA,0.0,0.0,NA,NA,NA,NA
68.2,Turkey,1969,Female,CAH22-01	Education and teaching,155,27/11/23 - 03/12/23,0.013611666666666668,2.1591666666666667,0.0,0.0,0.0,0.0,0.28138833333333335,02:27:15,01:24:53,6,7,0.0,0.15888833333333335,0.0,0.0063883333333333335,0.0,0.0,0,6,0,2,0,0,NA,2023-11-28 14:21:20.696000,NA,2023-12-03 23:43:42.947000,NA,NA,week_nine,0.0,0,NA,NA,0,NA,0.0,0.0,0.01861166666666667,0.018055,0,1,3,NA,2023-12-03 23:48:41.154000,2023-12-03 23:42:07.775000,0.004166666666666667,1,2023-12-03 23:43:00.973000,2.1544450000000004,1,2023-11-28 14:21:29.009000,0.0,0.0,NA,NA,NA,NA
73.0,Sri Lanka,2001,Male,CAH17-01	Business and management,156,27/11/23 - 03/12/23,0.0,0.024721666666666666,0.0,0.0,0.0,0.015278333333333335,0.0,00:02:24,01:24:53,1,2,0.023055,0.0,0.0,0.0,0.0,0.0,2,0,0,0,0,0,2023-11-28 15:04:49.452000,NA,NA,NA,NA,NA,week_nine,0.0,0,NA,NA,0,NA,0.0,0.0,0.0,0.0,0,0,0,NA,NA,NA,0.0,0,NA,0.0,0,NA,0.0,0.0,NA,NA,NA,NA
61.4,Sri Lanka,1986,Male,CAH17-01	Business and management,157,27/11/23 - 03/12/23,0.0,0.24138833333333337,0.0,0.0,0.0,0.0,0.012778333333333334,00:15:15,01:24:53,4,4,0.0,0.0025,0.0,0.0,0.0,0.0,1,2,0,0,0,0,2023-12-03 18:53:02.812000,2023-11-28 14:36:14.993000,NA,NA,NA,NA,week_nine,0.0,0,NA,NA,0,NA,0.0,0.0,0.0,0.0,0,0,0,NA,NA,NA,0.0,1,2023-11-28 14:49:53.609000,0.225,1,2023-11-28 14:36:21.704000,0.0,0.0,NA,NA,NA,NA
60.6,India,1995,Male,CAH10-01	Engineering,158,27/11/23 - 03/12/23,1.8772233333333332,0.0,0.015000000000000001,0.0,0.0,0.0,0.003888333333333333,01:53:46,01:24:53,4,6,1.8702783333333335,0.008611666666666665,0.0,0.0,0.0,0.0,5,1,0,0,0,0,2023-11-27 11:24:30.708000,2023-11-29 10:11:03.364000,NA,NA,NA,NA,week_nine,0.0,0,NA,NA,0,NA,0.0,0.0,0.0,0.0,0,0,0,NA,NA,NA,0.0,0,NA,0.003055,1,2023-11-29 10:11:34.725000,0.0,0.0,NA,NA,NA,NA
48.2,Cameroon,1991,Female,CAH17-01	Business and management,159,27/11/23 - 03/12/23,0.0,0.784445,0.0,0.13361166666666666,0.053611666666666676,2.1402766666666664,0.061388333333333336,03:10:24,01:24:53,5,15,0.0,0.02,0.0,0.0,0.0,0.0,3,6,0,0,0,0,2023-11-28 15:17:08.308000,2023-11-28 14:07:25.945000,NA,NA,NA,NA,week_nine,0.0,0,NA,NA,0,NA,0.0,0.0,0.0,0.0,0,0,0,NA,NA,NA,0.3488883333333333,2,2023-11-28 14:57:17.587000,0.5208333333333334,4,2023-11-28 14:07:34.889000,0.0,0.0,NA,NA,NA,NA
61.8,United Kingdom of Great Britain and Northern Ireland,2001,Male,CAH09-01	Mathematical sciences,160,27/11/23 - 03/12/23,0.0,0.0,0.0,0.006666666666666667,0.005,0.0,2.7688883333333334,02:46:50,01:24:53,2,3,0.0016666666666666668,0.0025,0.0,0.0,0.0,0.0,2,1,0,0,0,0,2023-11-30 13:36:51.953000,2023-11-30 13:36:42.926000,NA,NA,NA,NA,week_nine,0.0,0,NA,NA,0,NA,0.0,0.0,0.0,0.0,0,0,0,NA,NA,NA,0.0,0,NA,0.0,0,NA,0.0,0.0,NA,NA,NA,NA
64.4,Egypt,2000,Male,CAH11-01	Computing,161,27/11/23 - 03/12/23,0.0,0.0,0.0,0.0,0.0,0.0,0.0,00:00:00,01:24:53,0,0,0.0,0.0,0.0,0.0,0.0,0.0,0,0,0,0,0,0,NA,NA,NA,NA,NA,NA,week_nine,0.0,0,NA,NA,0,NA,0.0,0.0,0.0,0.0,0,0,0,NA,NA,NA,0.0,0,NA,0.0,0,NA,0.0,0.0,NA,NA,NA,NA
69.4,Myanmar,1995,Male,CAH11-01	Computing,162,27/11/23 - 03/12/23,0.0,0.0,0.0,0.0,0.0,0.0,0.0,00:00:00,01:24:53,0,0,0.0,0.0,0.0,0.0,0.0,0.0,0,0,0,0,0,0,NA,NA,NA,NA,NA,NA,week_nine,0.0,0,NA,NA,0,NA,0.0,0.0,0.0,0.0,0,0,0,NA,NA,NA,0.0,0,NA,0.0,0,NA,0.0,0.0,NA,NA,NA,NA
72.0,United Kingdom of Great Britain and Northern Ireland,1991,Male,CAH15-03	Politics,163,27/11/23 - 03/12/23,0.0,1.6708333333333334,0.4461116666666667,0.0,0.0,0.0,0.0,02:07:01,01:24:53,3,3,0.23277833333333334,0.000555,0.0,0.0,0.0,0.0,1,1,0,0,0,0,2023-11-28 15:28:03.027000,2023-11-28 10:03:02.430000,NA,NA,NA,NA,week_nine,0.0,0,NA,NA,0,NA,0.0,0.0,0.0,0.0,0,0,0,NA,NA,NA,0.0,0,NA,0.008611666666666665,1,2023-11-28 10:03:04.852000,0.0,0.0,NA,NA,NA,NA
65.0,Sri Lanka,1994,Male,CAH11-01	Computing,164,27/11/23 - 03/12/23,0.0,0.01,0.0,0.0,0.0,0.5963883333333334,1.8469433333333334,02:27:11,01:24:53,3,4,0.0,0.0016666666666666668,0.0,0.0,0.0,0.0,2,1,0,0,0,0,2023-11-28 14:43:22.612000,2023-11-28 14:43:16.239000,NA,NA,NA,NA,week_nine,0.0,0,NA,NA,0,NA,0.0,0.0,0.0,0.0,0,0,0,NA,NA,NA,0.0,0,NA,0.0,0,NA,0.0,0.0,NA,NA,NA,NA
61.6,Turkey,1984,Male,CAH17-01	Business and management,165,27/11/23 - 03/12/23,0.0,2.925555,0.0,0.0,0.0,0.0,0.0,02:55:32,01:24:53,2,2,0.0,0.0016666666666666668,0.0,0.0,0.0,0.0,0,2,0,0,0,0,NA,2023-11-28 14:08:55.550000,NA,NA,NA,NA,week_nine,0.0,0,NA,NA,0,NA,0.0,0.0,0.0,0.0,0,0,0,NA,NA,NA,0.0,0,NA,2.8797216666666667,2,2023-11-28 14:08:58.346000,0.0,0.0,NA,NA,NA,NA
68.6,Malaysia,1998,Female,CAH17-01	Business and management,166,27/11/23 - 03/12/23,0.0,0.0,0.0,0.0,0.0,0.0,0.0,00:00:00,01:24:53,0,0,0.0,0.0,0.0,0.0,0.0,0.0,0,0,0,0,0,0,NA,NA,NA,NA,NA,NA,week_nine,0.0,0,NA,NA,0,NA,0.0,0.0,0.0,0.0,0,0,0,NA,NA,NA,0.0,0,NA,0.0,0,NA,0.0,0.0,NA,NA,NA,NA
74.6,Pakistan,1995,Male,CAH10-01	Engineering,167,27/11/23 - 03/12/23,0.0,0.0036116666666666667,0.0,0.0,0.025555,0.0,0.0,00:01:45,01:24:53,5,7,0.0,0.0027783333333333336,0.0,0.0008333333333333334,0.0,0.0,1,2,0,1,0,0,2023-12-01 20:35:35.003000,2023-11-28 14:32:57.920000,NA,2023-12-01 20:35:28.744000,NA,NA,week_nine,0.0,0,NA,NA,0,NA,0.0,0.0,0.0,0.0,0,0,0,NA,NA,NA,0.000555,1,2023-11-28 14:33:04.051000,0.006111666666666666,2,2023-11-28 14:33:06.550000,0.0,0.0,NA,NA,NA,NA
63.0,United Kingdom of Great Britain and Northern Ireland,2001,Female,CAH17-01	Business and management,168,27/11/23 - 03/12/23,0.0,2.5547216666666666,0.0,0.0,0.0,0.0,0.0,02:33:17,01:24:53,3,4,0.0,0.000555,0.0,0.022500000000000003,0.0,0.0,0,2,0,1,0,0,NA,2023-11-28 14:15:34.969000,NA,2023-11-28 14:14:13.802000,NA,NA,week_nine,0.0,0,NA,NA,0,NA,0.0,0.0,0.0,0.0,0,0,0,NA,NA,NA,0.0,0,NA,2.511111666666667,1,2023-11-28 14:15:36.918000,0.0,0.0,NA,NA,NA,NA
76.2,Sweden,1977,Male,"CAH15-01	Sociology, social policy and anthropology",169,27/11/23 - 03/12/23,0.029166666666666667,1.715,0.001945,0.0,0.0,0.006666666666666667,0.0,01:45:10,01:24:53,5,9,0.0,0.04555666666666667,0.0,0.000555,0.0,0.0,3,5,0,1,0,0,2023-11-28 16:27:37.384000,2023-11-27 21:40:21.206000,NA,2023-11-28 16:27:35.750000,NA,NA,week_nine,0.0,0,NA,NA,0,NA,0.0,0.0,0.0,0.005,0,0,1,NA,NA,2023-11-28 14:44:56.016000,0.0,0,NA,1.6891666666666665,2,2023-11-27 21:40:24.742000,0.0,0.0,NA,NA,NA,NA
73.4,Pakistan,1987,Male,CAH11-01	Computing,170,27/11/23 - 03/12/23,0.0,0.0022216666666666665,0.12861166666666668,0.0,0.07,0.0,0.0,00:12:03,01:24:53,3,6,0.05,0.0027766666666666664,0.0,0.0,0.0,0.0,3,2,0,0,0,0,2023-11-29 15:23:52.106000,2023-11-28 14:09:07.267000,NA,NA,NA,NA,week_nine,0.0,0,NA,NA,0,NA,0.0,0.0,0.0,0.0,0,0,0,NA,NA,NA,0.0,0,NA,0.0,1,2023-11-28 14:09:09.232000,0.0,0.0,NA,NA,NA,NA
73.2,India,2001,Male,CAH10-01	Engineering,171,27/11/23 - 03/12/23,0.043611666666666674,2.8177783333333335,0.0,0.0,1.1719450000000002,0.0,0.0,04:02:00,01:24:53,3,6,1.1666666666666667,0.008335,0.0,0.0,0.0,0.0,2,5,0,0,0,0,2023-12-01 09:36:04.210000,2023-11-27 20:19:19.625000,NA,NA,NA,NA,week_nine,0.0,0,NA,NA,0,NA,0.0,0.0,0.0,0.0,0,0,0,NA,NA,NA,0.0,0,NA,2.754723333333333,3,2023-11-27 20:19:28.955000,0.0,0.0,NA,NA,NA,NA
63.8,Nigeria,2001,Male,"CAH26-01 Geography, earth and environmental studies",172,27/11/23 - 03/12/23,0.0,0.0,0.0,0.0,0.0,0.0,0.0,00:00:00,01:24:53,0,0,0.0,0.0,0.0,0.0,0.0,0.0,0,0,0,0,0,0,NA,NA,NA,NA,NA,NA,week_nine,0.0,0,NA,NA,0,NA,0.0,0.0,0.0,0.0,0,0,0,NA,NA,NA,0.0,0,NA,0.0,0,NA,0.0,0.0,NA,NA,NA,NA
74.0,Viet Nam,1998,Male,CAH11-01	Computing,173,27/11/23 - 03/12/23,0.0,1.0022233333333335,0.0,0.0,0.0,0.0,0.0,01:00:08,01:24:53,5,5,0.0,0.0008333333333333334,0.0,0.0008333333333333334,0.0,0.0,1,1,0,1,0,0,2023-11-28 00:40:48.653000,2023-11-28 14:16:52.752000,NA,2023-11-28 00:40:46.031000,NA,NA,week_nine,0.0,0,NA,NA,0,NA,0.0,0.0,0.0,0.0,0,0,0,NA,NA,NA,0.0,0,NA,0.8533333333333334,1,2023-11-28 14:16:55.921000,0.0,0.0,NA,NA,NA,NA
64.6,China,2002,Male,CAH11-01	Computing,174,27/11/23 - 03/12/23,0.0,0.0,0.0,0.0,0.0,0.0,0.0,00:00:00,01:24:53,0,0,0.0,0.0,0.0,0.0,0.0,0.0,0,0,0,0,0,0,NA,NA,NA,NA,NA,NA,week_nine,0.0,0,NA,NA,0,NA,0.0,0.0,0.0,0.0,0,0,0,NA,NA,NA,0.0,0,NA,0.0,0,NA,0.0,0.0,NA,NA,NA,NA
71.2,Nigeria,1996,Female,CAH17-01	Business and management,175,27/11/23 - 03/12/23,0.0,5.609445,0.0,0.0,0.15722166666666668,0.0,0.054445,05:49:16,01:24:53,5,8,0.12722166666666668,0.029721666666666667,0.0,0.003888333333333333,0.0,0.0,3,6,0,2,0,0,2023-12-01 14:43:06.280000,2023-11-28 14:10:26.822000,NA,2023-11-28 14:12:26.138000,NA,NA,week_nine,0.0,0,NA,NA,0,NA,0.0,0.0,0.0,0.0,0,0,0,NA,NA,NA,0.0,0,NA,2.7291666666666665,7,2023-11-28 14:10:30.536000,0.0,0.0,NA,NA,NA,NA
64.4,Nigeria,1980,Female,CAH09-01	Mathematical sciences,176,27/11/23 - 03/12/23,0.40861166666666665,0.2527783333333333,0.0,0.0,0.0,0.0,0.865,01:31:35,01:24:53,6,17,0.09805666666666667,0.021665,0.0,0.0,0.0,0.0,5,7,0,0,0,0,2023-11-27 11:41:42.060000,2023-11-27 11:17:16.414000,NA,NA,NA,NA,week_nine,0.0,0,NA,NA,0,NA,0.0,0.8477783333333334,0.0,0.030278333333333334,1,0,3,2023-12-03 04:35:41.128000,NA,2023-11-28 11:14:59.517000,0.18111166666666667,2,2023-11-27 11:17:21.891000,0.0,0,NA,0.0,0.0,NA,NA,NA,NA
66.2,Nigeria,2001,Female,CAH17-01	Business and management,177,27/11/23 - 03/12/23,0.0,0.0,0.0,0.0,0.0,0.0,0.010278333333333334,00:00:37,01:24:53,0,0,0.0,0.0,0.0,0.0,0.0,0.0,0,0,0,0,0,0,NA,NA,NA,NA,NA,NA,week_nine,0.0,0,NA,NA,0,NA,0.0,0.0,0.0,0.0,0,0,0,NA,NA,NA,0.0,0,NA,0.0,0,NA,0.0,0.0,NA,NA,NA,NA
63.0,Australia,1977,Female,CAH16-01	Law,178,27/11/23 - 03/12/23,0.0,6.26861,0.0,0.0,0.0,0.0,0.0,06:16:07,01:24:53,4,7,0.06916666666666667,0.004445,0.0,0.0016666666666666668,0.0,0.0,2,2,0,1,0,0,2023-11-28 08:55:38.260000,2023-11-28 08:53:54.785000,NA,2023-11-28 08:55:32.612000,NA,NA,week_nine,0.0,0,NA,NA,0,NA,0.0,0.0,0.0,0.0,0,0,0,NA,NA,NA,0.0,0,NA,0.9233333333333333,2,2023-11-28 08:54:01.282000,0.0,0.0,NA,NA,NA,NA
65.8,United Kingdom of Great Britain and Northern Ireland,2001,Male,CAH11-01	Computing,179,27/11/23 - 03/12/23,0.0,0.0,0.0,0.0,0.0,0.0,0.0,00:00:00,01:24:53,0,0,0.0,0.0,0.0,0.0,0.0,0.0,0,0,0,0,0,0,NA,NA,NA,NA,NA,NA,week_nine,0.0,0,NA,NA,0,NA,0.0,0.0,0.0,0.0,0,0,0,NA,NA,NA,0.0,0,NA,0.0,0,NA,0.0,0.0,NA,NA,NA,NA
73.2,India,2000,Male,CAH10-01	Engineering,180,27/11/23 - 03/12/23,0.0,0.0,0.0,0.07861166666666668,0.0,0.0022216666666666665,0.0,00:04:51,01:24:53,2,4,0.0,0.0,0.0,0.0008333333333333334,0.0,0.0,3,0,0,1,0,0,2023-11-30 15:52:41.017000,NA,NA,2023-11-30 15:52:38.482000,NA,NA,week_nine,0.0,0,NA,NA,0,NA,0.0,0.0,0.0,0.0,0,0,0,NA,NA,NA,0.0,0,NA,0.0,0,NA,0.0,0.0,NA,NA,NA,NA
64.4,Nigeria,1976,Female,CAH17-01	Business and management,181,27/11/23 - 03/12/23,0.0,0.20638833333333334,0.0,0.0,0.0,0.0,3.2527766666666666,03:27:32,01:24:53,2,2,0.0,0.0011116666666666666,0.0,0.0,0.0,0.0,0,1,0,0,0,0,NA,2023-11-28 14:25:13.010000,NA,NA,NA,NA,week_nine,0.0,0,NA,NA,0,NA,0.0,0.0,0.0,0.0,0,0,0,NA,NA,NA,0.0,0,NA,0.19277833333333333,1,2023-11-28 14:25:16.797000,0.0,0.0,NA,NA,NA,NA
63.4,Sri Lanka,2000,Female,CAH17-01	Business and management,182,27/11/23 - 03/12/23,0.0,0.0,0.0016666666666666668,0.0013883333333333332,0.0011116666666666666,0.0,0.0016666666666666668,00:00:21,01:24:53,1,4,0.0,0.0,0.0,0.0,0.0,0.0,4,0,0,0,0,0,2023-11-29 09:45:28.983000,NA,NA,NA,NA,NA,week_nine,0.0,0,NA,NA,0,NA,0.0,0.0,0.0,0.0,0,0,0,NA,NA,NA,0.0,0,NA,0.0,0,NA,0.0,0.0,NA,NA,NA,NA
68.6,Viet Nam,1997,Female,CAH17-01	Business and management,183,27/11/23 - 03/12/23,0.0,0.011388333333333332,0.0016666666666666668,0.0,0.0,0.0,0.0,00:00:47,01:24:53,2,2,0.0,0.0008333333333333334,0.0,0.0,0.0,0.0,0,1,0,0,0,0,NA,2023-11-28 23:01:05.983000,NA,NA,NA,NA,week_nine,0.0,0,NA,NA,0,NA,0.0,0.0,0.0,0.0,0,0,0,NA,NA,NA,0.0,0,NA,0.005,1,2023-11-28 23:01:08.997000,0.0,0.0,NA,NA,NA,NA
73.0,Thailand,2001,Male,CAH17-01	Business and management,184,27/11/23 - 03/12/23,0.0016666666666666668,0.005555000000000001,0.0,0.0,0.0025,0.0,0.003055,00:00:46,01:24:53,2,5,0.0,0.004164999999999999,0.0,0.0,0.0,0.0,0,4,0,0,0,0,NA,2023-11-27 23:45:07.396000,NA,NA,NA,NA,week_nine,0.0,0,NA,NA,0,NA,0.0,0.0,0.0,0.0,0,0,0,NA,NA,NA,0.0,0,NA,0.0,2,2023-11-27 23:45:09.863000,0.0,0.0,NA,NA,NA,NA
67.4,United Kingdom of Great Britain and Northern Ireland,2001,Male,CAH04-01	Psychology,185,27/11/23 - 03/12/23,0.0,1.9916666666666667,0.0,2.07,0.0,0.0,0.0,04:03:42,01:24:53,2,2,0.0,0.4986116666666666,0.0,0.0,0.0,0.0,1,2,0,0,0,0,2023-11-28 12:00:26.313000,2023-11-30 12:01:27.309000,NA,NA,NA,NA,week_nine,0.0,0,NA,NA,0,NA,0.0,0.0,0.0,0.0,0,0,0,NA,NA,NA,0.0,0,NA,0.0,0,NA,0.0,0.0,NA,NA,NA,NA
62.4,Iran,1995,Female,CAH10-01	Engineering,186,27/11/23 - 03/12/23,0.0,2.7177783333333334,0.0,0.0,0.0,0.0,0.0,02:43:04,01:24:53,0,0,0.0,0.0,0.0,0.0,0.0,0.0,0,0,0,0,0,0,NA,NA,NA,NA,NA,NA,week_nine,0.0,0,NA,NA,0,NA,0.0,0.0,0.0,0.0,0,0,0,NA,NA,NA,0.0,0,NA,0.0,0,NA,0.0,0.0,NA,NA,NA,NA
64.8,United Kingdom of Great Britain and Northern Ireland,1997,Female,CAH09-01	Mathematical sciences,187,27/11/23 - 03/12/23,0.0,3.366388333333333,0.0,0.0,0.0,1.9647216666666665,0.0,05:19:52,01:24:53,8,12,0.22916666666666666,0.23027666666666666,0.0,0.0011116666666666666,0.0022216666666666665,0.0,4,14,0,2,2,0,2023-11-28 15:43:36.189000,2023-11-28 13:05:28.551000,NA,2023-12-02 18:22:19.992000,2023-12-02 18:22:53.376000,NA,week_nine,0.0,0,NA,NA,0,NA,0.0,0.0,0.0,0.0025,0,0,1,NA,NA,2023-12-02 18:26:27.465000,0.0016666666666666668,1,2023-12-02 18:26:40.792000,1.4622216666666668,4,2023-11-28 13:58:49.990000,0.0,0.0,NA,NA,NA,NA
52.4,Egypt,1986,Male,CAH10-01	Engineering,188,27/11/23 - 03/12/23,0.0,0.08833333333333333,0.0,0.011388333333333332,0.0,0.0,0.4863883333333333,00:35:10,01:24:53,3,9,0.021945,0.010278333333333334,0.0,0.0,0.0,0.0,5,3,0,0,0,0,2023-11-28 14:36:29.084000,2023-11-28 14:37:24.570000,NA,NA,NA,NA,week_nine,0.0,0,NA,NA,0,NA,0.0,0.0,0.0,0.0,0,0,0,NA,NA,NA,0.0,0,NA,0.0,0,NA,0.0,0.0,NA,NA,NA,NA
63.8,Sri Lanka,1987,Female,CAH10-01	Engineering,189,27/11/23 - 03/12/23,0.0,5.924166666666666,0.0,0.0,0.0,0.0,0.11111166666666668,06:02:07,01:24:53,5,6,0.19055666666666668,1.0388883333333334,0.0,0.0,0.0,0.0,5,10,0,0,0,0,2023-11-28 10:43:34.685000,2023-11-28 10:43:42.742000,NA,NA,NA,NA,week_nine,0.0,0,NA,NA,0,NA,0.0,0.0,0.0,0.0,0,0,0,NA,NA,NA,2.095,4,2023-11-28 12:03:17.539000,2.678611666666667,4,2023-11-28 10:43:48.812000,0.0,0.0,NA,NA,NA,NA
73.8,Algeria,1996,Male,NA,190,27/11/23 - 03/12/23,0.0,0.8961116666666666,0.0,0.005555000000000001,0.0,2.0033333333333334,0.0,02:54:18,01:24:53,2,3,0.0,0.004166666666666667,0.0,0.0,0.0,0.0,2,1,0,0,0,0,2023-11-28 16:25:36.950000,2023-11-30 23:00:20.547000,NA,NA,NA,NA,week_nine,0.0,0,NA,NA,0,NA,0.0,0.0,0.0,0.0,0,0,0,NA,NA,NA,0.0,0,NA,0.0,0,NA,0.0,0.0,NA,NA,NA,NA
62.4,Sri Lanka,1996,Female,CAH17-01	Business and management,191,27/11/23 - 03/12/23,0.8547216666666667,0.0,0.0,0.0,0.0,0.0,0.0,00:51:17,01:24:53,3,3,0.7652783333333333,0.005,0.0,0.0,0.0,0.0,1,2,0,0,0,0,2023-11-27 11:55:32.008000,2023-11-27 11:53:02.643000,NA,NA,NA,NA,week_nine,0.0,0,NA,NA,0,NA,0.0,0.0,0.0,0.0,0,0,0,NA,NA,NA,0.0,0,NA,0.0027783333333333336,2,2023-11-27 11:53:07.650000,0.0,0.0,NA,NA,NA,NA
73.0,Iran,1988,Male,CAH10-01	Engineering,192,27/11/23 - 03/12/23,1.2508333333333332,1.266945,0.0,0.0,0.0,0.010555,0.0,02:31:42,01:24:53,2,3,0.0,1.258055,0.0,0.0,0.0,0.0,0,5,0,0,0,0,NA,2023-11-27 22:21:25.940000,NA,NA,NA,NA,week_nine,0.0,0,NA,NA,0,NA,0.0,0.0,0.0,0.0,0,0,0,NA,NA,NA,0.0,0,NA,1.25,2,2023-11-28 14:08:32.505000,0.0,0.0,NA,NA,NA,NA
73.0,Sri Lanka,1996,Female,CAH09-01	Mathematical sciences,193,27/11/23 - 03/12/23,0.0,0.0,0.0,0.025,1.2338883333333333,0.0,0.0,01:15:32,01:24:53,5,5,0.010555,0.0011116666666666666,0.0,0.0,0.0,0.0,1,1,0,0,0,0,2023-11-30 10:56:35.982000,2023-12-01 14:24:04.436000,NA,NA,NA,NA,week_nine,0.0,0,NA,NA,0,NA,0.0,0.0,0.004166666666666667,0.0,0,1,0,NA,2023-11-30 10:56:12.741000,NA,0.0,0,NA,1.2291666666666667,1,2023-12-01 14:24:08.715000,0.0,0.0,NA,NA,NA,NA
69.2,India,1996,Male,CAH17-01	Business and management,194,27/11/23 - 03/12/23,0.0,0.0,0.0,0.0,0.0,0.0,0.0,00:00:00,01:24:53,0,0,0.0,0.0,0.0,0.0,0.0,0.0,0,0,0,0,0,0,NA,NA,NA,NA,NA,NA,week_nine,0.0,0,NA,NA,0,NA,0.0,0.0,0.0,0.0,0,0,0,NA,NA,NA,0.0,0,NA,0.0,0,NA,0.0,0.0,NA,NA,NA,NA
62.4,India,1997,Male,CAH10-01	Engineering,195,27/11/23 - 03/12/23,3.17,0.0013883333333333332,0.05777833333333334,0.0,0.0,0.0,0.0,03:13:45,01:24:53,7,11,0.2377783333333333,0.005555000000000001,0.0,0.000555,0.0,0.0,4,7,0,1,0,0,2023-11-27 11:21:23.828000,2023-11-27 11:23:51.462000,NA,2023-11-27 11:23:49.879000,NA,NA,week_nine,0.0,0,NA,NA,1,2023-11-29 12:51:41.990000,0.03527833333333333,0.0,0.0,0.029166666666666667,0,0,2,NA,NA,2023-11-27 11:24:12.759000,0.0025,2,2023-11-27 11:24:01.724000,0.0011116666666666666,1,2023-11-27 11:23:54.227000,0.0,0.0,NA,NA,NA,NA
70.0,Nigeria,1991,Male,CAH11-01	Computing,196,27/11/23 - 03/12/23,0.0,0.0,0.0,0.0,0.0,0.0,0.0,00:00:00,01:24:53,0,0,0.0,0.0,0.0,0.0,0.0,0.0,0,0,0,0,0,0,NA,NA,NA,NA,NA,NA,week_nine,0.0,0,NA,NA,0,NA,0.0,0.0,0.0,0.0,0,0,0,NA,NA,NA,0.0,0,NA,0.0,0,NA,0.0,0.0,NA,NA,NA,NA
58.0,Nigeria,1997,Female,CAH15-02	Economics,197,27/11/23 - 03/12/23,0.0,0.0,0.0,0.0,0.0,0.0,0.0,00:00:00,01:24:53,0,0,0.0,0.0,0.0,0.0,0.0,0.0,0,0,0,0,0,0,NA,NA,NA,NA,NA,NA,week_nine,0.0,0,NA,NA,0,NA,0.0,0.0,0.0,0.0,0,0,0,NA,NA,NA,0.0,0,NA,0.0,0,NA,0.0,0.0,NA,NA,NA,NA
57.0,United Kingdom of Great Britain and Northern Ireland,2000,Female,CAH04-01	Psychology,198,27/11/23 - 03/12/23,0.0,0.0,0.0,0.45361000000000007,0.0,0.0,3.4672216666666666,03:55:14,01:24:53,2,4,2.125555,0.0025,0.0,0.0,0.0,0.0,5,1,0,0,0,0,2023-11-30 10:29:03.820000,2023-11-30 13:45:01.580000,NA,NA,NA,NA,week_nine,0.0,0,NA,NA,0,NA,0.0,0.0,0.0,0.0,0,0,0,NA,NA,NA,0.0,0,NA,0.0,0,NA,0.0,0.0,NA,NA,NA,NA
68.6,Malaysia,2000,Female,CAH17-01	Business and management,199,27/11/23 - 03/12/23,0.0,0.0,0.0,0.0,0.0,0.08,0.0,00:04:48,01:24:53,2,2,0.01972166666666667,0.0,0.0,0.0,0.0,0.0,2,0,0,0,0,0,2023-12-02 20:17:11.194000,NA,NA,NA,NA,NA,week_nine,0.0,0,NA,NA,0,NA,0.0,0.0,0.0,0.0,0,0,0,NA,NA,NA,0.0,0,NA,0.0,0,NA,0.0,0.0,NA,NA,NA,NA
63.2,United Kingdom of Great Britain and Northern Ireland,2001,Female,CAH15-02	Economics,200,27/11/23 - 03/12/23,2.1597216666666665,1.8266666666666667,0.42583333333333334,0.0,0.0,2.6199999999999997,0.0,07:01:56,01:24:53,6,9,0.8736116666666667,0.018890000000000004,0.0,0.0,0.0,0.0,5,4,0,0,0,0,2023-11-27 21:50:55.634000,2023-11-27 20:08:12.779000,NA,NA,NA,NA,week_nine,0.0,0,NA,NA,0,NA,0.0,0.0,0.0,0.0,0,0,0,NA,NA,NA,0.03833333333333333,1,2023-11-28 14:26:44.028000,0.7477783333333333,2,2023-11-28 14:24:25.066000,0.0,0.0,NA,NA,NA,NA
71.2,China,2002,Male,CAH11-01	Computing,201,27/11/23 - 03/12/23,0.0,2.283333333333333,0.004166666666666667,0.0,0.0,0.0,0.0,02:17:15,01:24:53,4,7,0.06194500000000001,0.012778333333333334,0.0,0.0,0.0,0.0,2,14,0,0,0,0,2023-11-28 15:38:37.969000,2023-11-28 14:11:48.742000,NA,NA,NA,NA,week_nine,0.0,0,NA,NA,0,NA,0.0,0.0,0.0,0.0,0,0,0,NA,NA,NA,0.051945000000000005,4,2023-11-28 14:18:06.837000,0.309445,8,2023-11-28 14:11:52.618000,0.0,0.0,NA,NA,NA,NA
68.2,Iran,1992,Female,CAH10-01	Engineering,202,27/11/23 - 03/12/23,0.0,0.8061116666666667,0.0,0.0,0.0,0.0,0.0,00:48:22,01:24:53,1,2,0.7958333333333333,0.0,0.0,0.0,0.0,0.0,2,0,0,0,0,0,2023-11-28 14:16:13.638000,NA,NA,NA,NA,NA,week_nine,0.0,0,NA,NA,0,NA,0.0,0.0,0.0,0.0,0,0,0,NA,NA,NA,0.0,0,NA,0.0,0,NA,0.0,0.0,NA,NA,NA,NA
73.2,Pakistan,1994,Male,CAH10-01	Engineering,203,27/11/23 - 03/12/23,0.0,0.0,0.0,0.0,0.0,0.0,0.0,00:00:00,01:24:53,0,0,0.0,0.0,0.0,0.0,0.0,0.0,0,0,0,0,0,0,NA,NA,NA,NA,NA,NA,week_nine,0.0,0,NA,NA,0,NA,0.0,0.0,0.0,0.0,0,0,0,NA,NA,NA,0.0,0,NA,0.0,0,NA,0.0,0.0,NA,NA,NA,NA
52.5,India,1999,Male,CAH10-01	Engineering,204,27/11/23 - 03/12/23,0.0,0.0036116666666666667,0.0,0.0,0.0,0.0,0.0,00:00:13,01:24:53,0,0,0.0,0.0,0.0,0.0,0.0,0.0,0,0,0,0,0,0,NA,NA,NA,NA,NA,NA,week_nine,0.0,0,NA,NA,0,NA,0.0,0.0,0.0,0.0,0,0,0,NA,NA,NA,0.0,0,NA,0.0,0,NA,0.0,0.0,NA,NA,NA,NA
68.6,Myanmar,2001,Female,CAH17-01	Business and management,205,27/11/23 - 03/12/23,0.0,0.0022216666666666665,0.0,0.0,0.0,0.0,0.0,00:00:08,01:24:53,1,1,0.0,0.0,0.0,0.0,0.0,0.0,1,0,0,0,0,0,2023-11-28 19:48:45.039000,NA,NA,NA,NA,NA,week_nine,0.0,0,NA,NA,0,NA,0.0,0.0,0.0,0.0,0,0,0,NA,NA,NA,0.0,0,NA,0.0,0,NA,0.0,0.0,NA,NA,NA,NA
73.8,Turkey,1999,Female,CAH10-01	Engineering,206,27/11/23 - 03/12/23,0.0,0.013333333333333334,0.0,0.0,0.0,0.0,0.013055,00:01:35,01:24:53,3,3,0.011666666666666665,0.0011116666666666666,0.0,0.0,0.0,0.0,1,1,0,0,0,0,2023-12-03 13:56:26.576000,2023-11-28 14:17:05.055000,NA,NA,NA,NA,week_nine,0.0,0,NA,NA,0,NA,0.0,0.0,0.0,0.0,0,0,0,NA,NA,NA,0.0,0,NA,0.0,1,2023-11-28 14:17:08.737000,0.0,0.0,NA,NA,NA,NA
71.6,Nigeria,1994,Male,CAH15-02	Economics,207,27/11/23 - 03/12/23,0.0,0.5388883333333333,0.0,0.0,0.0,0.0,0.0,00:32:20,01:24:53,2,2,0.0,0.0013883333333333332,0.0,0.0,0.0,0.0,0,1,0,0,0,0,NA,2023-11-28 14:14:01.510000,NA,NA,NA,NA,week_nine,0.0,0,NA,NA,0,NA,0.0,0.0,0.0,0.0,0,0,0,NA,NA,NA,0.0,0,NA,0.0,1,2023-11-28 14:14:06.084000,0.0,0.0,NA,NA,NA,NA
60.4,India,1992,Male,CAH19-01	English studies,208,27/11/23 - 03/12/23,0.0,0.0,0.18583333333333335,0.0,0.0,0.0,0.006944999999999999,00:11:34,01:24:53,1,1,0.006944999999999999,0.0,0.0,0.0,0.0,0.0,1,0,0,0,0,0,2023-12-03 22:31:17.581000,NA,NA,NA,NA,NA,week_nine,0.0,0,NA,NA,0,NA,0.0,0.0,0.0,0.0,0,0,0,NA,NA,NA,0.0,0,NA,0.0,0,NA,0.0,0.0,NA,NA,NA,NA
64.0,Bangladesh,1996,Female,CAH17-01	Business and management,209,27/11/23 - 03/12/23,0.0,0.17972166666666667,0.0,0.0,0.0,0.0,0.0,00:10:47,01:24:53,3,3,0.0,0.0008333333333333334,0.0,0.0,0.0,0.0,1,1,0,0,0,0,2023-11-28 14:30:08.291000,2023-11-28 14:24:36.515000,NA,NA,NA,NA,week_nine,0.0,0,NA,NA,0,NA,0.0,0.0,0.0,0.0,0,0,0,NA,NA,NA,0.0,0,NA,0.09111166666666667,1,2023-11-28 14:24:39.901000,0.0,0.0,NA,NA,NA,NA
73.0,Sri Lanka,1996,Female,CAH11-01	Computing,210,27/11/23 - 03/12/23,0.0,0.5927783333333333,0.005833333333333333,0.004166666666666667,1.3102783333333334,0.5455566666666666,2.6891666666666665,05:08:52,01:24:53,6,17,1.34139,0.5541666666666667,0.0,0.0027766666666666664,0.0,0.0,8,9,0,2,0,0,2023-11-28 15:04:01.307000,2023-11-28 11:46:20.321000,NA,2023-11-28 15:00:55.920000,NA,NA,week_nine,0.0,0,NA,NA,1,2023-12-02 20:59:56.618000,0.0,0.0,0.0,0.0,0,0,0,NA,NA,NA,0.0,0,NA,0.004443333333333333,4,2023-11-28 11:46:23.507000,0.0,0.0,NA,NA,NA,NA
61.8,Myanmar,1998,Female,CAH11-01	Computing,211,27/11/23 - 03/12/23,2.5533333333333332,0.0036116666666666667,0.0,0.010278333333333334,0.0,0.0,0.0,02:34:02,01:24:53,4,9,1.9536116666666667,0.022500000000000003,0.0,0.0,0.0,0.0,2,5,0,0,0,0,2023-11-27 11:55:57.677000,2023-11-27 11:21:43.798000,NA,NA,NA,NA,week_nine,0.0,0,NA,NA,0,NA,0.0,0.0,0.0,0.0,0,0,0,NA,NA,NA,0.0,0,NA,0.012778333333333334,4,2023-11-27 11:22:05.677000,0.0,0.0,NA,NA,NA,NA
63.0,United States of America,2001,Male,CAH11-01	Computing,212,27/11/23 - 03/12/23,0.0,0.0016666666666666668,0.0,0.0,0.0,0.0,0.0,00:00:06,01:24:53,0,0,0.0,0.0,0.0,0.0,0.0,0.0,0,0,0,0,0,0,NA,NA,NA,NA,NA,NA,week_nine,0.0,0,NA,NA,0,NA,0.0,0.0,0.0,0.0,0,0,0,NA,NA,NA,0.0,0,NA,0.0,0,NA,0.0,0.0,NA,NA,NA,NA
60.0,Nigeria,1996,Male,"CAH13-01	Architecture, building and planning",1,05/12/22 - 11/12/22,0.0,0.0,0.0,0.0,0.0,0.0,0.0,00:00:00,01:38:08,0,0,0.0,0.0,0.0,0.0,0.0,0.0,0,0,0,0,0,0,NA,NA,NA,NA,NA,NA,week_ten,0.0,0,NA,NA,0,NA,0.0,0.0,0.0,0.0,0,0,0,NA,NA,NA,0.0,0,NA,0.0,0,NA,0.0,0,NA,NA,NA,NA
70.0,Nigeria,1996,Male,CAH07-02	Chemistry,2,05/12/22 - 11/12/22,0.003055,0.0,0.0,0.0,0.026111666666666665,0.0,0.0,00:01:45,01:38:08,4,4,0.0,0.000555,0.0011116666666666666,0.0,0.0,0.0,0,1,1,0,1,0,NA,2022-12-05 21:28:14.680000,2022-12-09 10:42:26.282000,NA,2022-12-05 21:28:17.098000,NA,week_ten,0.0,0,NA,NA,0,NA,0.0,0.0,0.0,0.0,0,0,0,NA,NA,NA,0.0,0,NA,0.0,0,NA,0.0,0,NA,NA,NA,NA
65.0,Nigeria,1990,Female,CAH15-02	Economics,3,05/12/22 - 11/12/22,0.0,0.8541666666666666,0.010833333333333334,0.001945,0.0,0.0,0.005833333333333333,00:52:22,01:38:08,6,12,0.009445000000000002,0.0016666666666666668,0.0,0.00027833333333333334,0.0,0.0,5,1,0,1,0,0,2022-12-06 14:40:36.003000,2022-12-06 14:27:08.387000,NA,2022-12-08 14:04:20.466000,NA,NA,week_ten,0.0,0,NA,NA,0,NA,0.0,0.0,0.0,0.0,0,0,0,NA,NA,NA,0.0,0,NA,0.0,0,NA,0.22277833333333333,1,2022-12-06 14:27:14.120000,NA,NA,NA
55.0,Nigeria,1991,Male,CAH15-02	Economics,4,05/12/22 - 11/12/22,0.0,0.26666666666666666,0.0047216666666666665,0.0,0.0,0.0,0.0063883333333333335,00:16:40,01:38:08,3,8,0.0,0.00889,0.0,0.0,0.0,0.0,0,5,0,0,0,0,NA,2022-12-06 14:17:22.293000,NA,NA,NA,NA,week_ten,0.0,0,NA,NA,0,NA,0.0,0.0,0.0,0.0,0,0,0,NA,NA,NA,0.0,0,NA,0.0,0,NA,0.10361,3,2022-12-06 14:17:29.385000,NA,NA,NA
65.0,Pakistan,1998,Male,CAH17-01	Business and management,5,05/12/22 - 11/12/22,0.9697233333333333,0.22083333333333333,0.0,0.0,0.0,0.0,0.0,01:11:26,01:38:08,3,3,0.0,0.005833333333333333,0.0,0.0,0.0,0.0,0,1,0,0,0,0,NA,2022-12-06 14:07:20.229000,NA,NA,NA,NA,week_ten,0.0,0,NA,NA,0,NA,0.0,0.0,0.0,0.0,0,0,0,NA,NA,NA,0.0,0,NA,0.0,0,NA,0.0,0,NA,NA,NA,NA
62.0,Nigeria,1985,Male,CAH10-01	Engineering,6,05/12/22 - 11/12/22,0.0,4.793611666666666,0.0,0.0,0.0,0.0,0.020278333333333332,04:48:50,01:38:08,3,6,0.0,0.005833333333333333,0.0,0.0,0.0,0.0,0,4,0,0,0,0,NA,2022-12-06 12:02:04.899000,NA,NA,NA,NA,week_ten,0.0,0,NA,NA,0,NA,0.0,0.0,0.0,0.0,0,0,0,NA,NA,NA,0.0,0,NA,0.0,0,NA,2.8258333333333336,3,2022-12-06 12:02:10.564000,NA,NA,NA
61.0,Nigeria,1985,Male,CAH11-01	Computing,7,05/12/22 - 11/12/22,0.0,1.6347233333333333,0.8736116666666667,0.0,0.164445,0.0,0.0,02:40:22,01:38:08,4,5,0.1902783333333333,0.0,0.0,0.0,0.0,0.0,5,0,0,0,0,0,2022-12-06 11:26:49.804000,NA,NA,NA,NA,NA,week_ten,0.0,0,NA,NA,0,NA,0.0,0.0,0.0,0.0,0,0,0,NA,NA,NA,0.0,0,NA,0.0,0,NA,0.0,0,NA,NA,NA,NA
77.0,United Kingdom of Great Britain and Northern Ireland,2001,Female,"CAH07-04	General, applied and forensic sciences",8,05/12/22 - 11/12/22,0.0,0.483055,0.0,0.0,0.7638883333333334,0.0,0.0,01:14:49,01:38:08,5,8,0.006666666666666667,0.0022216666666666665,0.0008333333333333334,0.0,0.0,0.0,2,3,1,0,0,0,2022-12-06 14:42:17.162000,2022-12-06 14:13:35.153000,2022-12-09 18:20:31.932000,NA,NA,NA,week_ten,0.0,0,NA,NA,0,NA,0.0,0.0,0.0,0.0,0,0,0,NA,NA,NA,0.0,0,NA,0.0,0,NA,0.659445,3,2022-12-06 14:13:36.946000,NA,NA,NA
61.0,Nigeria,1976,Male,CAH03-01	Biosciences,9,05/12/22 - 11/12/22,0.0,0.012778333333333334,0.0,0.0,0.0,0.0,0.0,00:00:46,01:38:08,2,2,0.0,0.003888333333333333,0.0,0.0,0.0,0.0,0,1,0,0,0,0,NA,2022-12-06 14:35:22.837000,NA,NA,NA,NA,week_ten,0.0,0,NA,NA,0,NA,0.0,0.0,0.0,0.0,0,0,0,NA,NA,NA,0.0,0,NA,0.0,0,NA,0.0,1,2022-12-06 14:35:37.102000,NA,NA,NA
63.0,India,1998,Female,CAH11-01	Computing,10,05/12/22 - 11/12/22,0.0,3.245833333333333,0.0,0.0,1.75,0.0,0.0,04:59:45,01:38:08,6,6,0.0016666666666666668,0.0036116666666666667,0.0,0.0,0.0,0.0,1,2,0,0,0,0,2022-12-06 14:37:11.758000,2022-12-06 11:35:49.950000,NA,NA,NA,NA,week_ten,0.0,0,NA,NA,0,NA,0.0,0.0,0.0,2.858611666666667,0,0,1,NA,NA,2022-12-06 11:35:55.499000,0.0,0,NA,0.0,0,NA,0.134445,1,2022-12-06 14:27:33.118000,NA,NA,NA
67.0,Nigeria,1996,Female,CAH07-02	Chemistry,11,05/12/22 - 11/12/22,0.0,4.321388333333333,0.0,0.0,0.0,0.0,0.04666666666666666,04:22:05,01:38:08,3,5,0.0,0.005833333333333333,0.0,0.0,0.0,0.0,0,2,0,0,0,0,NA,2022-12-06 14:20:49.281000,NA,NA,NA,NA,week_ten,0.0,0,NA,NA,0,NA,0.0,0.0,0.0,0.0,0,0,0,NA,NA,NA,0.0,0,NA,0.0,0,NA,2.645,2,2022-12-06 14:20:58.337000,NA,NA,NA
66.0,Nigeria,1986,Female,"CAH06-01	Agriculture, food and related studies",12,05/12/22 - 11/12/22,0.0,0.0,0.0,0.0,0.0,0.0,0.0,00:00:00,01:38:08,0,0,0.0,0.0,0.0,0.0,0.0,0.0,0,0,0,0,0,0,NA,NA,NA,NA,NA,NA,week_ten,0.0,0,NA,NA,0,NA,0.0,0.0,0.0,0.0,0,0,0,NA,NA,NA,0.0,0,NA,0.0,0,NA,0.0,0,NA,NA,NA,NA
76.0,United Kingdom of Great Britain and Northern Ireland,1995,Male,CAH11-01	Computing,13,05/12/22 - 11/12/22,0.0,0.0,0.0,0.1625,0.0,0.0,0.0,00:09:45,01:38:08,3,3,0.010833333333333334,0.0,0.0,0.0,0.0,0.0,4,0,0,0,0,0,2022-12-08 21:49:18.716000,NA,NA,NA,NA,NA,week_ten,0.0,0,NA,NA,0,NA,0.0,0.0,0.0,0.0,0,0,0,NA,NA,NA,0.0,0,NA,0.0,0,NA,0.0,0,NA,NA,NA,NA
57.0,Bangladesh,1997,Female,CAH10-01	Engineering,14,05/12/22 - 11/12/22,0.8677783333333333,0.017221666666666666,0.0,0.0,0.0,0.0,0.0,00:53:06,01:38:08,2,4,0.0,0.0033333333333333335,0.0,0.0,0.0,0.0,0,2,0,0,0,0,NA,2022-12-05 19:37:55.636000,NA,NA,NA,NA,week_ten,0.0,0,NA,NA,0,NA,0.0,0.0,0.0,0.0,0,0,0,NA,NA,NA,0.0,0,NA,0.0,0,NA,0.19888833333333336,2,2022-12-05 19:38:02.270000,NA,NA,NA
64.0,Italy,2000,Female,CAH16-01	Law,15,05/12/22 - 11/12/22,0.0,1.3047216666666666,0.0,0.0016666666666666668,1.7486116666666667,0.0,0.4075016666666667,03:27:45,01:38:08,8,17,0.004166666666666667,0.03499833333333333,0.0,0.0,0.0,0.0,2,9,0,0,0,0,2022-12-09 13:48:24.877000,2022-12-06 14:09:28.292000,NA,NA,NA,NA,week_ten,0.0,0,NA,NA,0,NA,0.0,0.0,0.0,0.0,0,0,0,NA,NA,NA,0.06888833333333334,1,2022-12-11 20:51:24.712000,0.0,1,2022-12-11 20:55:35.183000,0.32916666666666666,5,2022-12-06 14:09:32.903000,NA,NA,NA
64.0,Sri Lanka,1993,Female,CAH17-01	Business and management,16,05/12/22 - 11/12/22,0.0,0.8816666666666666,0.0,0.0,0.0,0.0,0.0,00:52:54,01:38:08,3,3,0.0,0.0011116666666666666,0.0,0.0,0.0,0.0,0,1,0,0,0,0,NA,2022-12-06 14:09:15.156000,NA,NA,NA,NA,week_ten,0.0,0,NA,NA,0,NA,0.0,0.0,0.0,0.0,0,0,0,NA,NA,NA,0.0,0,NA,0.0,0,NA,0.8038883333333333,1,2022-12-06 14:09:19.553000,NA,NA,NA
78.0,Viet Nam,1999,Male,CAH11-01	Computing,17,05/12/22 - 11/12/22,0.0,0.0,0.014166666666666666,0.0,0.0,0.0,0.0,00:00:51,01:38:08,1,1,0.0,0.014166666666666666,0.0,0.0,0.0,0.0,0,2,0,0,0,0,NA,2022-12-07 14:11:42.666000,NA,NA,NA,NA,week_ten,0.0,0,NA,NA,0,NA,0.0,0.0,0.0,0.0,0,0,0,NA,NA,NA,0.0,0,NA,0.0,0,NA,0.0,0,NA,NA,NA,NA
63.0,Viet Nam,1996,Female,CAH17-01	Business and management,18,05/12/22 - 11/12/22,0.0,0.385,0.0,0.0,0.0,0.0,1.761945,02:08:49,01:38:08,6,8,0.0011116666666666666,0.022500000000000003,0.0,0.0,0.0,0.0,1,4,0,0,0,0,2022-12-11 15:50:28.114000,2022-12-06 13:58:43.361000,NA,NA,NA,NA,week_ten,0.0,0,NA,NA,1,2022-12-06 14:07:37.571000,0.23361166666666663,0.0,0.0,0.0,0,0,0,NA,NA,NA,0.0,0,NA,0.0,0,NA,0.43083333333333335,4,2022-12-06 13:59:52.690000,NA,NA,NA
62.0,United Kingdom of Great Britain and Northern Ireland,2001,Male,CAH15-02	Economics,19,05/12/22 - 11/12/22,0.0,0.19527833333333333,0.000555,0.5275,0.007221666666666667,0.0,0.0,00:43:50,01:38:08,4,7,0.0036116666666666667,0.18305500000000002,0.0,0.0,0.0,0.0,4,2,0,0,0,0,2022-12-08 19:58:30.623000,2022-12-06 14:04:38.090000,NA,NA,NA,NA,week_ten,0.0,0,NA,NA,0,NA,0.0,0.0,0.0,0.0,0,0,0,NA,NA,NA,0.0,0,NA,0.0,0,NA,0.0,0,NA,NA,NA,NA
62.0,Sri Lanka,1989,Female,CAH17-01	Business and management,20,05/12/22 - 11/12/22,0.0,0.16638833333333336,0.0,0.0,0.0,0.0,0.0,00:09:59,01:38:08,3,3,0.0,0.005,0.0,0.0,0.0,0.0,0,2,0,0,0,0,NA,2022-12-06 14:13:25.817000,NA,NA,NA,NA,week_ten,0.0,0,NA,NA,0,NA,0.0,0.0,0.0,0.0,0,0,0,NA,NA,NA,0.15916666666666668,1,2022-12-06 14:13:37.579000,0.0,0,NA,0.0,1,2022-12-06 14:23:20.337000,NA,NA,NA
66.0,Sri Lanka,1997,Male,CAH17-01	Business and management,21,05/12/22 - 11/12/22,0.0,0.0,0.0,0.0,0.0,0.0,2.661111666666667,02:39:40,01:38:08,2,2,0.0011116666666666666,2.6577783333333334,0.0,0.0,0.0,0.0,1,1,0,0,0,0,2022-12-11 15:50:48.695000,2022-12-11 15:50:52.530000,NA,NA,NA,NA,week_ten,0.0,0,NA,NA,0,NA,0.0,0.0,0.0,0.0,0,0,0,NA,NA,NA,0.0,0,NA,0.0,0,NA,0.0,0,NA,NA,NA,NA
59.0,Nigeria,1990,Male,"CAH07-04	General, applied and forensic sciences",22,05/12/22 - 11/12/22,6.169723333333334,3.956945,0.0,0.0,3.7897216666666664,0.0,0.0,13:54:59,01:38:08,10,15,0.0016666666666666668,0.003055,0.0008333333333333334,0.001945,0.46055500000000005,0.0,2,3,1,2,1,0,2022-12-06 14:18:28.654000,2022-12-05 20:38:55.326000,2022-12-05 20:38:48.850000,2022-12-09 12:27:54.056000,2022-12-05 20:38:59.906000,NA,week_ten,0.0,0,NA,NA,0,NA,0.0,0.0,0.0,0.0,0,0,0,NA,NA,NA,0.0,0,NA,0.0,0,NA,1.5747216666666666,2,2022-12-06 14:09:04.275000,NA,NA,NA
67.0,Nigeria,1993,Female,CAH09-01	Mathematical sciences,23,05/12/22 - 11/12/22,0.015554999999999998,6.753333333333333,0.0,0.7241666666666667,0.0,0.0,0.0,07:29:35,01:38:08,12,17,0.006943333333333333,0.01361,0.009445000000000002,0.004443333333333333,0.0036116666666666667,0.7177783333333333,4,7,1,3,1,3,2022-12-05 14:04:07.484000,2022-12-05 14:04:57.832000,2022-12-06 13:48:56.685000,2022-12-05 14:04:16.943000,2022-12-08 13:37:31.500000,2022-12-05 14:05:01.063000,week_ten,0.0,0,NA,NA,0,NA,0.0,0.0,0.0,0.0,0,0,0,NA,NA,NA,0.0,0,NA,0.0,1,2022-12-06 13:40:02.785000,0.9280550000000001,3,2022-12-06 12:44:11.900000,NA,NA,NA
75.0,United Kingdom of Great Britain and Northern Ireland,1988,Male,CAH03-01	Biosciences,24,05/12/22 - 11/12/22,0.0,2.698611666666667,0.0,0.0,2.4108333333333336,0.0,0.003055,05:06:45,01:38:08,4,7,0.0016666666666666668,0.0011116666666666666,0.0,0.0,0.0,0.0,2,1,0,0,0,0,2022-12-06 14:22:41.404000,2022-12-06 14:39:47.214000,NA,NA,NA,NA,week_ten,0.0,0,NA,NA,0,NA,0.0,0.0,0.0,0.0,0,0,0,NA,NA,NA,0.0,0,NA,0.0,0,NA,0.6472216666666667,2,2022-12-06 14:22:44.624000,NA,NA,NA
66.0,United Kingdom of Great Britain and Northern Ireland,2000,Male,CAH17-01	Business and management,25,05/12/22 - 11/12/22,0.0,0.34138833333333335,0.0,0.0,0.0,0.0,0.0,00:20:29,01:38:08,3,3,0.004166666666666667,0.0,0.0,0.0,0.0,0.0,3,0,0,0,0,0,2022-12-06 12:57:00.094000,NA,NA,NA,NA,NA,week_ten,0.0,0,NA,NA,0,NA,0.0,0.0,0.0,0.0,0,0,0,NA,NA,NA,0.0,0,NA,0.0,0,NA,0.0,0,NA,NA,NA,NA
83.0,United Kingdom of Great Britain and Northern Ireland,1998,Male,CAH15-02	Economics,26,05/12/22 - 11/12/22,0.059166666666666666,5.305555,0.0,0.0,0.0,0.0,0.0,05:21:53,01:38:08,3,3,0.035,0.7958333333333333,0.0,0.0,0.0,0.0,1,4,0,0,0,0,2022-12-06 14:34:19.677000,2022-12-06 11:09:50.640000,NA,NA,NA,NA,week_ten,0.0,0,NA,NA,0,NA,0.0,0.0,0.0,0.0,0,0,0,NA,NA,NA,0.0,0,NA,0.0,0,NA,0.45916666666666667,2,2022-12-06 14:05:33.282000,NA,NA,NA
71.0,Switzerland,1996,Female,CAH17-01	Business and management,27,05/12/22 - 11/12/22,0.0,0.0,0.0,0.0,0.0925,0.0,0.0,00:05:33,01:38:08,2,2,0.0,0.0016666666666666668,0.0,0.0,0.0,0.0,0,1,0,0,0,0,NA,2022-12-09 10:44:40.384000,NA,NA,NA,NA,week_ten,0.0,0,NA,NA,0,NA,0.0,0.0,0.0,0.0,0,0,0,NA,NA,NA,0.0,0,NA,0.0,0,NA,0.0,1,2022-12-09 10:44:46.600000,NA,NA,NA
82.0,United Kingdom of Great Britain and Northern Ireland,1995,Non-binary / third gender,"CAH15-01	Sociology, social policy and anthropology",28,05/12/22 - 11/12/22,0.0,2.684168333333333,0.0,0.0,0.0,0.039445,1.345555,04:04:09,01:38:08,6,11,0.008055,0.3694433333333334,0.0,0.0,0.0,0.0,2,6,0,0,0,0,2022-12-06 13:41:19.512000,2022-12-06 12:57:59.299000,NA,NA,NA,NA,week_ten,0.0,0,NA,NA,0,NA,0.0,0.0,0.0,0.0,0,0,0,NA,NA,NA,0.029445,1,2022-12-10 15:28:45.827000,0.0,0,NA,1.3472233333333332,4,2022-12-06 12:58:02.051000,NA,NA,NA
81.0,United Kingdom of Great Britain and Northern Ireland,1998,Male,CAH11-01	Computing,29,05/12/22 - 11/12/22,0.0,0.7188883333333334,0.0,0.0,0.0,0.0,0.0,00:43:08,01:38:08,3,3,0.0,0.0025,0.0,0.0,0.0,0.0,0,3,0,0,0,0,NA,2022-12-06 14:20:31.293000,NA,NA,NA,NA,week_ten,0.0,0,NA,NA,0,NA,0.0,0.001945,0.0,0.0,1,0,0,2022-12-06 14:20:33.910000,NA,NA,0.0,0,NA,0.0,0,NA,0.474445,1,2022-12-06 14:20:49.647000,NA,NA,NA
71.0,Spain,1983,Male,CAH10-01	Engineering,30,05/12/22 - 11/12/22,0.24027833333333332,3.6383333333333336,0.138055,0.0,0.013611666666666668,0.0,0.0,04:01:49,01:38:08,6,13,0.001945,0.058333333333333334,0.007221666666666667,0.0,0.0,0.0,1,6,3,0,0,0,2022-12-07 10:01:42.232000,2022-12-05 21:58:04.241000,2022-12-07 10:01:49.407000,NA,NA,NA,week_ten,0.0,0,NA,NA,0,NA,0.0,0.0016666666666666668,0.0,0.0,1,0,0,2022-12-07 20:23:03.748000,NA,NA,0.0,0,NA,0.0,0,NA,0.3958333333333333,3,2022-12-05 21:58:09.552000,NA,NA,NA
63.0,India,1998,Male,CAH11-01	Computing,31,05/12/22 - 11/12/22,0.0,0.0,0.0,0.0,0.0,0.0,0.0,00:00:00,01:38:08,0,0,0.0,0.0,0.0,0.0,0.0,0.0,0,0,0,0,0,0,NA,NA,NA,NA,NA,NA,week_ten,0.0,0,NA,NA,0,NA,0.0,0.0,0.0,0.0,0,0,0,NA,NA,NA,0.0,0,NA,0.0,0,NA,0.0,0,NA,NA,NA,NA
54.0,Nigeria,1979,Female,CAH17-01	Business and management,32,05/12/22 - 11/12/22,0.0,0.08638833333333333,0.0,0.0,0.0,0.0,0.0,00:05:11,01:38:08,3,3,0.050278333333333335,0.0033333333333333335,0.0,0.0,0.0,0.0,1,1,0,0,0,0,2022-12-06 14:19:53.030000,2022-12-06 14:23:23.610000,NA,NA,NA,NA,week_ten,0.0,0,NA,NA,0,NA,0.0,0.0,0.0,0.0,0,0,0,NA,NA,NA,0.0,0,NA,0.0,0,NA,0.0,1,2022-12-06 14:23:36.094000,NA,NA,NA
62.0,Nigeria,1970,Prefer to self-describe,CAH17-01	Business and management,33,05/12/22 - 11/12/22,1.0038883333333333,0.015278333333333335,0.19139,0.0,0.0,0.0,0.0,01:12:38,01:38:08,9,20,0.02361,0.01805666666666667,0.0013883333333333332,0.11611166666666667,0.0,0.0,5,5,2,5,1,0,2022-12-05 22:56:07.499000,2022-12-05 22:55:23.304000,2022-12-05 21:57:26.627000,2022-12-05 21:56:31.462000,2022-12-07 08:07:52.401000,NA,week_ten,0.0,0,NA,NA,0,NA,0.0,0.0,0.0,0.0,0,0,0,NA,NA,NA,0.0,0,NA,0.0,2,2022-12-05 22:56:18.223000,0.014443333333333334,2,2022-12-05 22:55:35.889000,NA,NA,NA
60.0,Sri Lanka,1992,Female,CAH17-01	Business and management,34,05/12/22 - 11/12/22,0.0,1.7177766666666667,0.236945,0.0,0.0,0.0,0.0,01:57:17,01:38:08,9,14,0.014443333333333334,0.0033333333333333335,0.008888333333333333,0.0,0.0,0.0,4,4,3,0,0,0,2022-12-06 13:46:43.287000,2022-12-06 14:08:30.677000,2022-12-06 13:47:09.967000,NA,NA,NA,week_ten,0.0,0,NA,NA,0,NA,0.0,0.0,0.0,0.0,0,0,0,NA,NA,NA,0.0,0,NA,0.0016666666666666668,1,2022-12-06 14:08:44.722000,0.020278333333333332,2,2022-12-06 14:08:35.210000,NA,NA,NA
62.0,Nigeria,1999,Male,CAH11-01	Computing,35,05/12/22 - 11/12/22,0.0,1.799445,0.0,0.5727766666666666,0.0,0.0,0.0,02:22:20,01:38:08,2,4,0.0,0.0036100000000000004,0.0,0.0,0.0,0.0,0,3,0,0,0,0,NA,2022-12-06 14:32:03.926000,NA,NA,NA,NA,week_ten,0.0,0,NA,NA,0,NA,0.0,0.0,0.0,0.0,0,0,0,NA,NA,NA,0.0,0,NA,0.0,0,NA,1.1352783333333332,3,2022-12-06 14:32:09.085000,NA,NA,NA
62.0,Nigeria,1987,Female,"CAH07-04	General, applied and forensic sciences",36,05/12/22 - 11/12/22,1.6825,0.009166666666666667,3.0875,0.0,0.07027833333333335,0.0,0.057221666666666664,04:54:24,01:38:08,10,15,0.005833333333333333,0.027776666666666665,0.0,0.0,0.5847216666666667,0.029721666666666667,2,14,0,0,4,4,2022-12-11 15:23:26.305000,2022-12-05 20:05:57.414000,NA,NA,2022-12-05 20:05:59.985000,2022-12-05 20:31:28.537000,week_ten,0.20638833333333334,3,2022-12-05 20:33:52.763000,NA,1,2022-12-05 20:56:07.474000,0.014166666666666666,0.0,0.0,0.0,1,0,0,2022-12-05 20:57:22.829000,NA,NA,0.0,0,NA,0.0,0,NA,0.0,1,2022-12-06 14:12:13.410000,NA,NA,NA
67.0,Sri Lanka,1981,Male,CAH17-01	Business and management,37,05/12/22 - 11/12/22,0.0,3.0772216666666665,0.0,0.0,0.0,0.013333333333333334,0.0,03:05:26,01:38:08,3,5,0.0,0.010276666666666667,0.0,0.0,0.0,0.0,0,5,0,0,0,0,NA,2022-12-06 14:04:55.625000,NA,NA,NA,NA,week_ten,0.0,0,NA,NA,0,NA,0.0,0.0,0.0,0.0,0,0,0,NA,NA,NA,0.0,0,NA,0.0,0,NA,0.085555,3,2022-12-06 14:04:59.425000,NA,NA,NA
65.0,Pakistan,1993,Male,CAH11-01	Computing,38,05/12/22 - 11/12/22,0.0,0.0,0.0,0.0,0.0,0.0,0.0,00:00:00,01:38:08,0,0,0.0,0.0,0.0,0.0,0.0,0.0,0,0,0,0,0,0,NA,NA,NA,NA,NA,NA,week_ten,0.0,0,NA,NA,0,NA,0.0,0.0,0.0,0.0,0,0,0,NA,NA,NA,0.0,0,NA,0.0,0,NA,0.0,0,NA,NA,NA,NA
62.0,Pakistan,1991,Female,CAH11-01	Computing,39,05/12/22 - 11/12/22,0.0,0.0,0.0,0.0,0.0,0.0,0.0,00:00:00,01:38:08,0,0,0.0,0.0,0.0,0.0,0.0,0.0,0,0,0,0,0,0,NA,NA,NA,NA,NA,NA,week_ten,0.0,0,NA,NA,0,NA,0.0,0.0,0.0,0.0,0,0,0,NA,NA,NA,0.0,0,NA,0.0,0,NA,0.0,0,NA,NA,NA,NA
63.0,Sri Lanka,1996,Male,CAH17-01	Business and management,40,05/12/22 - 11/12/22,0.0,0.8461116666666667,0.7738883333333334,0.0,0.0,0.0,2.153888333333333,03:46:26,01:38:08,6,10,0.005,0.0052766666666666665,0.0,0.0,0.0,0.0,2,5,0,0,0,0,2022-12-11 22:14:47.761000,2022-12-06 14:19:46.976000,NA,NA,NA,NA,week_ten,0.0,0,NA,NA,0,NA,0.0,0.0,0.0,0.0,0,0,0,NA,NA,NA,0.053611666666666676,1,2022-12-06 14:19:50.817000,0.0,0,NA,1.8238883333333331,4,2022-12-06 14:23:09.112000,NA,NA,NA
60.0,India,1992,Male,CAH15-02	Economics,41,05/12/22 - 11/12/22,0.0,0.0,0.0,0.0,0.0,0.0,0.0,00:00:00,01:38:08,0,0,0.0,0.0,0.0,0.0,0.0,0.0,0,0,0,0,0,0,NA,NA,NA,NA,NA,NA,week_ten,0.0,0,NA,NA,0,NA,0.0,0.0,0.0,0.0,0,0,0,NA,NA,NA,0.0,0,NA,0.0,0,NA,0.0,0,NA,NA,NA,NA
83.0,United Kingdom of Great Britain and Northern Ireland,1975,Female,CAH07-01	Physics and astronomy,42,05/12/22 - 11/12/22,0.0,7.9972216666666665,0.0,0.0,0.0,0.0,0.0,07:59:50,01:38:08,3,3,0.011666666666666665,0.0013883333333333332,0.0,0.0,0.0,0.0,2,2,0,0,0,0,2022-12-06 13:41:31.221000,2022-12-06 13:41:29.227000,NA,NA,NA,NA,week_ten,0.0,0,NA,NA,0,NA,0.0,0.0,0.0,0.0,0,0,0,NA,NA,NA,0.0,0,NA,0.0,0,NA,0.0,0,NA,NA,NA,NA
62.0,Sri Lanka,1990,Female,CAH17-01	Business and management,43,05/12/22 - 11/12/22,0.0,0.07638833333333332,0.08083333333333333,0.0,0.0,0.0,0.42833333333333334,00:35:08,01:38:08,7,10,0.03333333333333333,0.015000000000000001,0.0,0.0,0.0,0.0,7,2,0,0,0,0,2022-12-07 09:48:41.794000,2022-12-06 14:17:27.924000,NA,NA,NA,NA,week_ten,0.0,0,NA,NA,0,NA,0.0,0.0,0.0,0.0,0,0,0,NA,NA,NA,0.058333333333333334,1,2022-12-06 14:17:44.134000,0.0,0,NA,0.0,1,2022-12-06 14:21:54.160000,NA,NA,NA
76.0,Malaysia,1993,Male,CAH17-01	Business and management,44,05/12/22 - 11/12/22,0.09749999999999999,0.0,1.2636116666666668,0.12527833333333332,0.008611666666666665,1.143055,0.00027833333333333334,02:38:18,01:38:08,6,13,0.005,0.000555,0.0,0.0,0.0,0.0,5,1,0,0,0,0,2022-12-07 14:12:12.556000,2022-12-05 20:29:06.030000,NA,NA,NA,NA,week_ten,0.0,0,NA,NA,0,NA,0.0,0.0,0.0,0.0,0,0,0,NA,NA,NA,0.0,0,NA,0.0,0,NA,0.09388833333333334,1,2022-12-05 20:29:08.281000,NA,NA,NA
67.0,Thailand,1993,Male,CAH10-01	Engineering,45,05/12/22 - 11/12/22,0.16694499999999998,0.08777833333333333,0.0,0.04,0.0025,0.0,0.0,00:17:50,01:38:08,4,7,0.018333333333333333,0.001945,0.0,0.0,0.0,0.0,6,1,0,0,0,0,2022-12-06 13:24:07.522000,2022-12-08 21:56:08.486000,NA,NA,NA,NA,week_ten,0.0,0,NA,NA,0,NA,0.0,0.0,0.0,0.0,0,0,0,NA,NA,NA,0.0,0,NA,0.0,0,NA,0.0,0,NA,NA,NA,NA
65.0,India,1994,Male,CAH17-01	Business and management,46,05/12/22 - 11/12/22,0.0,0.014166666666666666,0.0,0.256945,0.0,0.0,0.0,00:16:16,01:38:08,6,6,0.1877783333333333,0.0013883333333333332,0.0,0.0,0.0,0.0,5,1,0,0,0,0,2022-12-08 21:43:48.070000,2022-12-06 14:05:16.802000,NA,NA,NA,NA,week_ten,0.0,0,NA,NA,0,NA,0.0,0.0,0.0,0.0,0,0,0,NA,NA,NA,0.0,0,NA,0.0,0,NA,0.0,1,2022-12-06 14:05:21.995000,NA,NA,NA
66.0,United Kingdom of Great Britain and Northern Ireland,1997,Female,"CAH26-01 Geography, earth and environmental studies",47,05/12/22 - 11/12/22,0.07222166666666666,0.9697233333333333,0.015000000000000001,0.0,0.0,0.0,0.006111666666666666,01:03:47,01:38:08,9,17,0.015554999999999998,0.010555,0.0,0.0,0.0,0.0,10,7,0,0,0,0,2022-12-05 16:26:40.027000,2022-12-06 11:57:29.389000,NA,NA,NA,NA,week_ten,0.0,0,NA,NA,0,NA,0.0,0.0,0.0,0.0,0,0,0,NA,NA,NA,0.003888333333333333,1,2022-12-06 14:08:00.100000,0.24583333333333332,1,2022-12-06 11:57:31.797000,0.20833333333333334,5,2022-12-06 12:12:24.088000,NA,NA,NA
60.0,Malaysia,1992,Male,CAH25-01	Creative arts and design,48,05/12/22 - 11/12/22,0.0,0.0,0.0,0.0,0.0,0.0,0.0,00:00:00,01:38:08,0,0,0.0,0.0,0.0,0.0,0.0,0.0,0,0,0,0,0,0,NA,NA,NA,NA,NA,NA,week_ten,0.0,0,NA,NA,0,NA,0.0,0.0,0.0,0.0,0,0,0,NA,NA,NA,0.0,0,NA,0.0,0,NA,0.0,0,NA,NA,NA,NA
68.0,Nigeria,1984,Female,CAH11-01	Computing,49,05/12/22 - 11/12/22,0.0,0.0,0.0,0.0,0.0,0.0,0.0,00:00:00,01:38:08,0,0,0.0,0.0,0.0,0.0,0.0,0.0,0,0,0,0,0,0,NA,NA,NA,NA,NA,NA,week_ten,0.0,0,NA,NA,0,NA,0.0,0.0,0.0,0.0,0,0,0,NA,NA,NA,0.0,0,NA,0.0,0,NA,0.0,0,NA,NA,NA,NA
57.0,Nigeria,1992,Male,CAH11-01	Computing,50,05/12/22 - 11/12/22,0.14416666666666667,2.808055,0.0,0.0,0.0,0.0,0.007500000000000001,02:57:35,01:38:08,2,4,0.0,0.007221666666666667,0.0,0.0,0.0,0.0,0,3,0,0,0,0,NA,2022-12-06 14:10:08.215000,NA,NA,NA,NA,week_ten,0.0,0,NA,NA,0,NA,0.0,0.0,0.0,0.0,0,0,0,NA,NA,NA,0.0,0,NA,0.0,0,NA,1.5905549999999997,2,2022-12-06 14:10:30.532000,NA,NA,NA
67.0,Nigeria,1998,Female,CAH16-01	Law,51,05/12/22 - 11/12/22,0.0022216666666666665,1.5536116666666666,0.03722166666666667,0.0,0.0,0.0,0.025555,01:37:07,01:38:08,9,12,0.0022216666666666665,0.007500000000000001,0.000555,0.0,0.40249999999999997,0.0,3,3,1,0,1,0,2022-12-06 14:12:09.619000,2022-12-06 15:13:11.478000,2022-12-06 15:13:09.188000,NA,2022-12-06 15:13:27.312000,NA,week_ten,0.0,0,NA,NA,0,NA,0.0,0.0,0.0,0.0,0,0,0,NA,NA,NA,0.0,0,NA,0.0,0,NA,0.0,1,2022-12-06 15:37:47.446000,NA,NA,NA
62.0,Nigeria,1991,Female,CAH10-03	Materials and technology,52,05/12/22 - 11/12/22,0.0,0.0,0.0,0.0,0.0,0.0,0.0,00:00:00,01:38:08,0,0,0.0,0.0,0.0,0.0,0.0,0.0,0,0,0,0,0,0,NA,NA,NA,NA,NA,NA,week_ten,0.0,0,NA,NA,0,NA,0.0,0.0,0.0,0.0,0,0,0,NA,NA,NA,0.0,0,NA,0.0,0,NA,0.0,0,NA,NA,NA,NA
67.0,Nigeria,2001,Female,CAH09-01	Mathematical sciences,53,05/12/22 - 11/12/22,0.0,1.2058333333333333,0.0,0.0027783333333333336,0.0,0.0,0.0,01:12:31,01:38:08,7,10,0.0,0.004166666666666667,0.008611666666666665,0.0033333333333333335,0.0033333333333333335,0.0,0,2,2,2,1,0,NA,2022-12-06 12:42:35.378000,2022-12-06 14:42:35.038000,2022-12-06 14:52:48.480000,2022-12-06 14:52:16.320000,NA,week_ten,0.0,0,NA,NA,0,NA,0.0,0.0,0.0,0.0,0,0,0,NA,NA,NA,0.0,0,NA,0.0,0,NA,0.9316666666666666,1,2022-12-06 12:42:41.615000,NA,NA,NA
68.0,Nigeria,1979,Female,CAH11-01	Computing,54,05/12/22 - 11/12/22,0.29972166666666666,1.5213883333333333,0.0,0.0,0.0,0.0,0.0,01:49:16,01:38:08,7,9,0.001945,0.0036100000000000004,0.0,0.0,0.0,0.0,1,3,0,0,0,0,2022-12-05 12:11:25.382000,2022-12-06 05:14:26.209000,NA,NA,NA,NA,week_ten,0.0,0,NA,NA,0,NA,0.0,0.0,0.0,0.0,0,0,0,NA,NA,NA,0.0,0,NA,0.0,0,NA,0.2841666666666667,2,2022-12-06 05:14:34.683000,NA,NA,NA
66.0,Nigeria,1986,Female,CAH10-03	Materials and technology,55,05/12/22 - 11/12/22,0.0,0.24166666666666667,0.009445000000000002,0.0,0.14111166666666666,0.0,0.0,00:23:32,01:38:08,6,9,0.005,0.008888333333333333,0.0,0.0,0.0,0.0,2,2,0,0,0,0,2022-12-09 20:02:42.358000,2022-12-06 15:27:41.251000,NA,NA,NA,NA,week_ten,0.0,0,NA,NA,0,NA,0.0,0.0,0.0,0.0,0,0,0,NA,NA,NA,0.0,0,NA,0.0,0,NA,0.21277833333333332,2,2022-12-06 15:27:46.992000,NA,NA,NA
70.0,Nigeria,1986,Female,CAH11-01	Computing,56,05/12/22 - 11/12/22,0.0,0.0,0.0,0.0,0.0,0.0,0.8772216666666667,00:52:38,01:38:08,0,0,0.0,0.0,0.0,0.0,0.0,0.0,0,0,0,0,0,0,NA,NA,NA,NA,NA,NA,week_ten,0.0,0,NA,NA,0,NA,0.0,0.0,0.0,0.0,0,0,0,NA,NA,NA,0.0,0,NA,0.0,0,NA,0.0,0,NA,NA,NA,NA
55.0,Nigeria,1990,Female,CAH17-01	Business and management,57,05/12/22 - 11/12/22,0.0,0.0,0.004166666666666667,0.0,0.0,0.0,0.0,00:00:15,01:38:08,2,2,0.003055,0.0,0.0,0.0,0.0,0.0,1,0,0,0,0,0,2022-12-07 11:59:47.656000,NA,NA,NA,NA,NA,week_ten,0.0,0,NA,NA,0,NA,0.0,0.0,0.0,0.0,0,0,0,NA,NA,NA,0.0,0,NA,0.0,0,NA,0.0,0,NA,NA,NA,NA
66.0,Nigeria,1992,Male,CAH03-01	Biosciences,58,05/12/22 - 11/12/22,0.0,0.058333333333333334,0.0,0.0,0.0,0.040555,0.0,00:05:56,01:38:08,4,4,0.007500000000000001,0.0,0.0,0.0,0.0,0.0,2,1,0,0,0,0,2022-12-06 10:21:14.985000,2022-12-10 10:24:02.007000,NA,NA,NA,NA,week_ten,0.0,0,NA,NA,0,NA,0.0,0.0,0.0,0.0,0,0,0,NA,NA,NA,0.0,0,NA,0.0,0,NA,0.0,0,NA,NA,NA,NA
54.0,Sri Lanka,1991,Male,CAH10-01	Engineering,59,05/12/22 - 11/12/22,2.825555,1.3552783333333336,0.0,0.0,0.0,0.0,0.0,04:10:51,01:38:08,5,7,0.010555,0.009166666666666667,0.0,0.0,0.0,0.0,2,4,0,0,0,0,2022-12-06 15:29:23.361000,2022-12-05 18:00:40.048000,NA,NA,NA,NA,week_ten,0.0,0,NA,NA,0,NA,0.0,0.0,0.0,0.0,0,0,0,NA,NA,NA,0.0,0,NA,0.0,0,NA,4.027778333333334,4,2022-12-05 18:00:45.366000,NA,NA,NA
59.0,Viet Nam,1997,Female,CAH17-01	Business and management,60,05/12/22 - 11/12/22,0.8177783333333333,1.7536116666666668,0.0,0.8672216666666668,0.0,0.0008333333333333334,0.0,03:26:22,01:38:08,6,11,0.11444499999999999,0.004166666666666667,0.0,0.0,0.0,0.0,3,5,0,0,0,0,2022-12-06 13:37:10.597000,2022-12-05 20:11:18.424000,NA,NA,NA,NA,week_ten,0.0,0,NA,NA,0,NA,0.0,0.0,0.0,0.0,0,0,0,NA,NA,NA,0.0,0,NA,0.0,0,NA,0.8725,4,2022-12-05 20:11:22.616000,NA,NA,NA
60.0,India,1993,Female,CAH10-01	Engineering,61,05/12/22 - 11/12/22,0.051388333333333334,2.787223333333334,0.184445,0.0,0.0,0.0,0.0,03:01:23,01:38:08,5,7,0.0013883333333333332,0.012223333333333333,0.0,0.0,0.0,0.0,1,4,0,0,0,0,2022-12-07 08:19:19.012000,2022-12-06 13:29:31.479000,NA,NA,NA,NA,week_ten,0.0,0,NA,NA,0,NA,0.0,0.0,0.0,0.026111666666666665,0,0,2,NA,NA,2022-12-06 13:29:36.513000,0.0,0,NA,0.0,0,NA,0.0,0,NA,NA,NA,NA
60.0,Turkey,1996,Male,CAH17-01	Business and management,62,05/12/22 - 11/12/22,0.0,0.8327783333333333,0.009166666666666667,0.0,0.0,0.0,0.0,00:50:31,01:38:08,5,6,0.006943333333333333,0.0013883333333333332,0.0,0.0,0.0,0.0,2,1,0,0,0,0,2022-12-06 14:43:21.034000,2022-12-06 14:05:46.670000,NA,NA,NA,NA,week_ten,0.0,0,NA,NA,0,NA,0.0,0.0,0.0,0.0,0,0,0,NA,NA,NA,0.0,0,NA,0.0,0,NA,0.625,1,2022-12-06 14:05:51.448000,NA,NA,NA
78.0,United Kingdom of Great Britain and Northern Ireland,1998,Female,CAH17-01	Business and management,63,05/12/22 - 11/12/22,0.0,3.2497216666666664,0.0,0.0,0.0,0.0,0.0,03:14:59,01:38:08,7,7,0.005278333333333333,0.0011116666666666666,0.0,0.0,0.0,0.0,5,2,0,0,0,0,2022-12-06 13:41:50.345000,2022-12-06 14:34:00.106000,NA,NA,NA,NA,week_ten,0.0,0,NA,NA,0,NA,0.0,0.0,0.0,0.0,0,0,0,NA,NA,NA,0.0,0,NA,0.0,0,NA,0.4927783333333334,1,2022-12-06 14:34:01.879000,NA,NA,NA
61.0,Iran,1989,Female,CAH15-04	Health and social care,64,05/12/22 - 11/12/22,0.11777833333333333,0.0,0.0,0.16222333333333333,0.0,2.185,0.0,02:27:54,01:38:08,5,6,0.10888833333333332,0.0027783333333333336,0.000555,0.0,0.0,0.0,2,2,1,0,0,0,2022-12-08 15:56:11.432000,2022-12-10 10:26:02.689000,2022-12-10 10:26:00.247000,NA,NA,NA,week_ten,0.0,0,NA,NA,0,NA,0.0,0.0,0.0,0.0,0,0,0,NA,NA,NA,0.0,0,NA,0.0,0,NA,2.178611666666667,2,2022-12-10 10:26:10.166000,NA,NA,NA
55.0,Hong Kong (S.A.R.),2000,Male,"CAH13-01	Architecture, building and planning",65,05/12/22 - 11/12/22,0.0,0.01638833333333333,0.00027833333333333334,0.0,0.0,0.0,0.0,00:01:00,01:38:08,0,0,0.0,0.0,0.0,0.0,0.0,0.0,0,0,0,0,0,0,NA,NA,NA,NA,NA,NA,week_ten,0.0,0,NA,NA,0,NA,0.0,0.0,0.0,0.0,0,0,0,NA,NA,NA,0.0,0,NA,0.0,0,NA,0.0,0,NA,NA,NA,NA
60.0,Hong Kong (S.A.R.),1995,Female,"CAH15-01	Sociology, social policy and anthropology",66,05/12/22 - 11/12/22,0.0,0.0,0.0,0.0,1.8213883333333334,0.0,0.0,01:49:17,01:38:08,7,7,0.006944999999999999,0.15944499999999998,0.00027833333333333334,0.00027833333333333334,0.0,0.0,3,5,1,1,0,0,2022-12-09 14:14:24.755000,2022-12-09 13:24:23.940000,2022-12-09 15:31:53.879000,2022-12-09 15:31:53.237000,NA,NA,week_ten,0.0,0,NA,NA,0,NA,0.0,0.0,0.0,0.0,0,0,0,NA,NA,NA,0.0,0,NA,0.0,0,NA,0.8933333333333333,3,2022-12-09 13:24:26.470000,NA,NA,NA
58.0,India,1987,Female,CAH17-01	Business and management,67,05/12/22 - 11/12/22,0.0,0.3747216666666667,0.0175,0.0,0.0,0.0,0.0,00:23:32,01:38:08,6,7,0.0013883333333333332,0.0011116666666666666,0.0,0.0,0.0,0.0,2,2,0,0,0,0,2022-12-06 13:45:47.031000,2022-12-06 13:32:23.217000,NA,NA,NA,NA,week_ten,0.0,0,NA,NA,0,NA,0.0,0.0,0.0,0.0,0,0,0,NA,NA,NA,0.0,0,NA,0.0,0,NA,0.0,1,2022-12-06 14:05:47.610000,NA,NA,NA
70.0,Myanmar,1996,Female,CAH11-01	Computing,68,05/12/22 - 11/12/22,0.0036116666666666667,0.533055,0.0,0.27694499999999994,0.013055,0.0022216666666666665,0.0033333333333333335,00:49:56,01:38:08,11,23,0.004723333333333334,0.024166666666666666,0.01861166666666667,0.0011116666666666666,0.0,0.0,4,8,1,1,0,0,2022-12-06 15:21:45.821000,2022-12-06 14:03:29.215000,2022-12-08 16:59:28.696000,2022-12-09 11:51:55.167000,NA,NA,week_ten,0.0,0,NA,NA,0,NA,0.0,0.0,0.0,0.0008333333333333334,0,0,1,NA,NA,2022-12-08 17:13:28.664000,0.0,0,NA,0.0011116666666666666,1,2022-12-08 17:13:35.342000,0.163055,5,2022-12-06 14:04:27.305000,NA,NA,NA
64.0,United Kingdom of Great Britain and Northern Ireland,1992,Male,CAH10-01	Engineering,69,05/12/22 - 11/12/22,0.0,0.011945,0.0,0.0,0.0,0.0,0.2025,00:12:52,01:38:08,4,7,0.0063883333333333335,0.00027833333333333334,0.0,0.0,0.0,0.0,4,1,0,0,0,0,2022-12-06 14:10:33.250000,2022-12-11 13:38:24.662000,NA,NA,NA,NA,week_ten,0.0,0,NA,NA,0,NA,0.0,0.0,0.0,0.0,0,0,0,NA,NA,NA,0.0,0,NA,0.0,0,NA,0.0,2,2022-12-06 14:10:58.377000,NA,NA,NA
65.0,Nigeria,1995,Male,CAH15-02	Economics,70,05/12/22 - 11/12/22,0.0,0.0,0.0,1.3644450000000001,0.0,0.0,0.0,01:21:52,01:38:08,6,6,0.011666666666666665,0.0008333333333333334,0.0,0.0,0.0,0.0,3,1,0,0,0,0,2022-12-08 12:32:36.102000,2022-12-08 12:39:16.024000,NA,NA,NA,NA,week_ten,0.0,0,NA,NA,0,NA,0.0,0.0,0.0,0.0,0,0,0,NA,NA,NA,0.0,0,NA,0.0,0,NA,0.0,1,2022-12-08 12:39:19.348000,NA,NA,NA
64.0,Viet Nam,1998,Male,CAH15-02	Economics,71,05/12/22 - 11/12/22,0.024444999999999998,0.04916666666666667,0.0,0.27388833333333334,0.0,0.0,0.0016666666666666668,00:20:57,01:38:08,8,10,0.008333333333333333,0.00027833333333333334,0.0,0.0,0.003055,0.0033333333333333335,6,1,0,0,1,1,2022-12-06 14:26:48.278000,2022-12-08 14:38:39.799000,NA,NA,2022-12-08 14:53:23.571000,2022-12-08 14:53:59.046000,week_ten,0.0,0,NA,NA,0,NA,0.0,0.0,0.0,0.0,1,0,0,2022-12-08 14:54:15.023000,NA,NA,0.0,0,NA,0.0,0,NA,0.24250000000000002,2,2022-12-06 14:26:50.312000,NA,NA,NA
69.0,India,1984,Male,"CAH06-01	Agriculture, food and related studies",72,05/12/22 - 11/12/22,0.0,1.3088883333333332,0.0008333333333333334,0.8772216666666667,0.9783333333333334,0.06611166666666667,0.0,03:13:53,01:38:08,6,14,0.0,1.019445,0.004445,0.004445,0.0,0.0,0,4,2,1,0,0,NA,2022-12-06 12:47:39.986000,2022-12-06 11:57:51.631000,2022-12-06 11:58:40.658000,NA,NA,week_ten,0.0,0,NA,NA,0,NA,0.0,0.0,0.0,0.0,0,0,0,NA,NA,NA,0.0,0,NA,0.0027783333333333336,1,2022-12-06 12:47:51.326000,0.188055,2,2022-12-06 12:48:05.259000,NA,NA,NA
64.0,India,1997,Female,CAH10-01	Engineering,73,05/12/22 - 11/12/22,0.0,1.3566666666666667,2.925,0.0025,0.0,0.0,0.0,04:17:03,01:38:08,9,14,0.020276666666666665,0.006666666666666667,0.0025,0.00111,0.0,0.0,7,5,1,2,0,0,2022-12-06 10:07:23.777000,2022-12-06 10:07:31.716000,2022-12-07 16:06:28.264000,2022-12-06 10:08:11.643000,NA,NA,week_ten,0.0,0,NA,NA,0,NA,0.0,0.0,0.0,0.0,0,0,0,NA,NA,NA,0.004166666666666667,2,2022-12-06 10:07:51.828000,0.0,0,NA,1.6822216666666665,4,2022-12-06 10:07:35.556000,NA,NA,NA
63.0,Sri Lanka,1986,Female,CAH17-01	Business and management,74,05/12/22 - 11/12/22,0.0,0.0,0.0,0.0,0.0,0.0,0.0,00:00:00,01:38:08,0,0,0.0,0.0,0.0,0.0,0.0,0.0,0,0,0,0,0,0,NA,NA,NA,NA,NA,NA,week_ten,0.0,0,NA,NA,0,NA,0.0,0.0,0.0,0.0,0,0,0,NA,NA,NA,0.0,0,NA,0.0,0,NA,0.0,0,NA,NA,NA,NA
62.0,Sri Lanka,1980,Male,CAH17-01	Business and management,75,05/12/22 - 11/12/22,0.0,0.8938883333333333,0.0,0.0,0.0,0.0,0.0,00:53:38,01:38:08,6,6,0.009166666666666667,0.0025,0.0,0.0,0.0,0.0,1,2,0,0,0,0,2022-12-06 13:30:17.643000,2022-12-06 14:21:02.312000,NA,NA,NA,NA,week_ten,0.0,0,NA,NA,0,NA,0.0,0.0,0.0,0.0,0,0,0,NA,NA,NA,0.03138833333333333,1,2022-12-06 14:21:06.580000,0.0,0,NA,0.0,1,2022-12-06 14:23:04.008000,NA,NA,NA
61.0,Poland,1996,Male,CAH02-05	Medical sciences,76,05/12/22 - 11/12/22,0.176945,0.0875,0.09027833333333334,0.0,0.0,0.0,0.0,00:21:17,01:38:08,7,11,0.006111666666666666,0.005555000000000001,0.0,0.0,0.0,0.0,4,5,0,0,0,0,2022-12-05 10:32:06.857000,2022-12-05 10:37:52.421000,NA,NA,NA,NA,week_ten,0.0,0,NA,NA,0,NA,0.0,0.0,0.0,0.0,0,0,0,NA,NA,NA,0.0,1,2022-12-05 10:42:23.715000,0.0,0,NA,0.15027833333333332,2,2022-12-05 10:37:57.947000,NA,NA,NA
77.0,Sri Lanka,1990,Male,CAH17-01	Business and management,77,05/12/22 - 11/12/22,0.0,0.01583333333333333,0.0,0.0,0.0,0.0,0.0,00:00:57,01:38:08,2,2,0.0,0.000555,0.0,0.0,0.0,0.0,0,1,0,0,0,0,NA,2022-12-06 13:35:32.355000,NA,NA,NA,NA,week_ten,0.0,0,NA,NA,0,NA,0.0,0.0,0.0,0.0,0,0,0,NA,NA,NA,0.0,0,NA,0.0,0,NA,0.0,1,2022-12-06 13:35:34.486000,NA,NA,NA
56.0,Pakistan,1992,Male,CAH10-01	Engineering,78,05/12/22 - 11/12/22,0.0,0.01972166666666667,0.006944999999999999,0.0,0.0,0.29277833333333336,0.0,00:19:10,01:38:08,7,11,0.0047216666666666665,0.008888333333333333,0.00111,0.0016666666666666668,0.0,0.0,3,5,2,1,0,0,2022-12-06 18:47:37.336000,2022-12-06 18:47:17.065000,2022-12-06 18:47:51.672000,2022-12-07 16:28:00.331000,NA,NA,week_ten,0.0,0,NA,NA,0,NA,0.0,0.0,0.0,0.0,0,0,0,NA,NA,NA,0.0,0,NA,0.0,0,NA,0.0,1,2022-12-10 11:17:18.057000,NA,NA,NA
66.0,India,1994,Female,CAH15-02	Economics,79,05/12/22 - 11/12/22,0.0,0.071945,0.0,0.03333333333333333,0.0,2.0797216666666665,0.0,02:11:06,01:38:08,8,13,0.03277666666666666,0.01,0.00027833333333333334,0.02,0.0,0.0,4,4,1,2,0,0,2022-12-06 14:01:13.601000,2022-12-06 14:04:23.917000,2022-12-10 14:57:28.815000,2022-12-10 14:57:25.247000,NA,NA,week_ten,0.0,0,NA,NA,0,NA,0.0,0.0,0.0,0.0,0,0,0,NA,NA,NA,0.0,0,NA,0.0,0,NA,0.078055,2,2022-12-06 14:04:37.573000,NA,NA,NA
54.0,Nigeria,1988,Male,CAH10-01	Engineering,80,05/12/22 - 11/12/22,0.0,0.0,0.0,0.0,0.0,0.0,0.0,00:00:00,01:38:08,0,0,0.0,0.0,0.0,0.0,0.0,0.0,0,0,0,0,0,0,NA,NA,NA,NA,NA,NA,week_ten,0.0,0,NA,NA,0,NA,0.0,0.0,0.0,0.0,0,0,0,NA,NA,NA,0.0,0,NA,0.0,0,NA,0.0,0,NA,NA,NA,NA
73.0,India,1989,Female,CAH11-01	Computing,81,17/04/23 - 23/04/23,0.005555000000000001,0.003888333333333333,0.0,0.0,0.3777766666666667,0.0,0.005833333333333333,00:23:34,03:09:36,5,13,0.11888833333333333,0.0022216666666666665,0.004443333333333333,0.0,0.0,0.0,5,2,4,0,0,0,2023-04-17 13:09:43.583000,2023-04-21 22:34:43.041000,2023-04-18 20:59:16.174000,NA,NA,NA,week_ten,0.0,0,NA,NA,1,2023-04-21 22:34:49.072000,0.0,0.0,0.0,0.0,0,0,0,NA,NA,NA,0.0,0,NA,0.0,0,NA,0.0,0,NA,NA,NA,NA
63.6,Nigeria,1985,Female,CAH09-01	Mathematical sciences,82,17/04/23 - 23/04/23,0.20416666666666666,0.6047216666666667,0.006666666666666667,0.0,0.0,0.0,0.0,00:48:56,03:09:36,5,6,0.05777833333333334,0.030000000000000002,0.39666666666666667,0.0,0.0,0.0,1,2,2,0,0,0,2023-04-18 12:28:57.540000,2023-04-17 06:53:19.811000,2023-04-18 12:32:42.015000,NA,NA,NA,week_ten,0.0,0,NA,NA,0,NA,0.0,0.0,0.0,0.0,0,2,0,NA,2023-04-17 06:54:53.583000,NA,0.0,0,NA,0.0,0,NA,0.0,2,2023-04-18 20:54:13.890000,NA,NA,NA
65.2,Nigeria,1996,Female,CAH07-01	Physics and astronomy,83,17/04/23 - 23/04/23,0.14361,2.8313900000000003,0.0,0.6352783333333334,0.0,1.3638883333333331,0.003055,04:58:38,03:09:36,10,16,0.15416666666666667,0.108055,0.03138833333333333,0.0,0.028333333333333332,0.0,6,15,2,0,1,0,2023-04-17 16:58:54.215000,2023-04-18 14:27:43.423000,2023-04-17 16:56:43.990000,NA,2023-04-18 15:07:28.544000,NA,week_ten,0.0,0,NA,NA,5,2023-04-18 15:09:21.789000,0.3122216666666667,0.0,0.0,0.7933333333333333,2,0,1,2023-04-19 00:03:38.768000,NA,2023-04-18 15:12:29.153000,0.10889,3,2023-04-18 14:32:13.384000,0.0175,1,2023-04-18 14:27:52.094000,1.3122216666666666,5,2023-04-18 14:43:21.307000,NA,NA,NA
69.0,India,1999,Male,CAH11-01	Computing,84,17/04/23 - 23/04/23,0.0,0.0,0.0,0.004445,0.0,0.0,0.0,00:00:16,03:09:36,3,3,0.0,0.0013883333333333332,0.0,0.0,0.0,0.0,0,2,0,0,0,0,NA,2023-04-20 19:41:50.103000,NA,NA,NA,NA,week_ten,0.0,1,2023-04-20 19:42:01.632000,NA,0,NA,0.0,0.0,0.0,0.0,0,0,0,NA,NA,NA,0.0,0,NA,0.0,0,NA,0.0016666666666666668,1,2023-04-20 19:41:53.181000,NA,NA,NA
56.8,Nigeria,1993,Male,"CAH02-02	Pharmacology, toxicology and pharmacy",85,17/04/23 - 23/04/23,3.4266666666666667,0.0025,1.7125,0.0,0.0,0.0,0.0,05:08:30,03:09:36,12,19,0.008611666666666665,0.2850016666666667,0.0022216666666666665,0.05388833333333333,0.0011116666666666666,0.19166666666666668,2,13,1,2,1,1,2023-04-17 10:02:21.553000,2023-04-17 08:58:01.544000,2023-04-19 23:20:46.906000,2023-04-19 23:11:46.369000,2023-04-19 23:23:16.643000,2023-04-19 23:23:24.074000,week_ten,0.0,0,NA,NA,1,2023-04-19 23:35:05.128000,0.10111166666666667,0.0,0.10888833333333332,0.0,1,1,0,2023-04-20 00:54:22.405000,2023-04-19 23:41:24.412000,NA,0.0,0,NA,1.2983333333333333,3,2023-04-17 08:58:14.293000,0.8702783333333333,2,2023-04-18 19:57:00.305000,NA,NA,NA
74.0,Cameroon,1997,Male,CAH10-03	Materials and technology,86,17/04/23 - 23/04/23,0.0,0.0,0.0,0.0,0.0,0.0,0.0,00:00:00,03:09:36,0,0,0.0,0.0,0.0,0.0,0.0,0.0,0,0,0,0,0,0,NA,NA,NA,NA,NA,NA,week_ten,0.0,0,NA,NA,0,NA,0.0,0.0,0.0,0.0,0,0,0,NA,NA,NA,0.0,0,NA,0.0,0,NA,0.0,0,NA,NA,NA,NA
74.6,Egypt,1996,Male,CAH10-01	Engineering,87,17/04/23 - 23/04/23,0.11416666666666667,0.010555,0.0,0.0,0.0,0.0,0.0,00:07:29,03:09:36,3,3,0.004166666666666667,0.000555,0.000555,0.0,0.0,0.0,1,1,1,0,0,0,2023-04-18 22:38:36.613000,2023-04-17 12:35:52.013000,2023-04-17 12:35:53.774000,NA,NA,NA,week_ten,0.0,0,NA,NA,0,NA,0.0,0.0,0.0,0.0,0,0,0,NA,NA,NA,0.0,0,NA,0.0,0,NA,0.0,0,NA,NA,NA,NA
62.6,Nigeria,1980,Male,CAH10-01	Engineering,88,17/04/23 - 23/04/23,0.004445,2.2227783333333333,0.0,3.515555,4.3475,5.5405549999999995,0.331945,15:57:46,03:09:36,15,31,0.5958333333333333,1.41611,0.0,0.004166666666666667,0.423055,4.507499999999999,6,28,0,1,1,4,2023-04-18 12:25:17.536000,2023-04-18 12:45:52.448000,NA,2023-04-21 11:21:41.345000,2023-04-20 15:22:56.773000,2023-04-20 15:48:27.605000,week_ten,0.04527833333333334,1,2023-04-20 21:49:02.145000,NA,6,2023-04-20 21:51:50.177000,0.13333333333333333,0.75111,0.023055,1.3477783333333335,4,3,4,2023-04-21 14:10:09.324000,2023-04-21 17:17:14.671000,2023-04-21 17:19:08.404000,0.0,0,NA,0.0,0,NA,3.4466666666666668,2,2023-04-18 14:09:01.662000,NA,NA,NA
70.0,Thailand,1997,Male,CAH11-01	Computing,89,17/04/23 - 23/04/23,0.0,1.961388333333333,0.0,0.0,0.0,0.0,2.203333333333333,04:09:53,03:09:36,11,17,0.6527783333333333,0.345,0.210555,0.03833333333333333,0.0,0.0,9,20,4,2,0,0,2023-04-18 14:59:56.204000,2023-04-18 14:14:55.453000,2023-04-18 13:58:58.029000,2023-04-23 15:09:54.374000,NA,NA,week_ten,0.0,0,NA,NA,4,2023-04-18 15:03:40.616000,0.5619449999999999,0.006111666666666666,0.04416666666666667,1.1083333333333334,1,1,4,2023-04-18 15:11:15.577000,2023-04-23 15:04:36.897000,2023-04-18 15:13:16.663000,0.008055,3,2023-04-18 15:05:02.729000,0.0033333333333333335,2,2023-04-18 15:13:05.934000,1.0783333333333334,8,2023-04-18 14:15:01.048000,NA,NA,NA
68.2,Pakistan,1995,Male,CAH11-01	Computing,90,17/04/23 - 23/04/23,0.000555,0.17888833333333337,0.0,0.0,0.0,0.0,0.0,00:10:46,03:09:36,2,2,0.0,0.051945000000000005,0.0,0.0,0.0,0.0,1,4,0,0,0,0,2023-04-17 17:54:20.400000,2023-04-18 15:07:09.569000,NA,NA,NA,NA,week_ten,0.0,0,NA,NA,0,NA,0.0,0.0,0.0,0.0,0,0,0,NA,NA,NA,0.0,0,NA,0.0,0,NA,0.0,0,NA,NA,NA,NA
73.6,Sri Lanka,1994,Male,CAH17-01	Business and management,91,17/04/23 - 23/04/23,2.209445,3.3241666666666663,0.0,0.0,0.0,0.0,0.0,05:32:01,03:09:36,14,16,0.01972166666666667,0.043054999999999996,0.3727783333333333,2.941945,0.8319449999999999,0.005555000000000001,2,10,1,5,3,1,2023-04-17 21:35:02.895000,2023-04-18 15:16:39.989000,2023-04-18 14:44:18.087000,2023-04-17 21:37:42.481000,2023-04-18 15:42:27.537000,2023-04-18 15:42:54.756000,week_ten,0.01583333333333333,1,2023-04-18 15:43:17.289000,NA,2,2023-04-18 15:16:45.911000,0.375,0.003888333333333333,0.011945,0.012778333333333334,1,1,1,2023-04-18 15:45:44.525000,2023-04-18 15:46:00.300000,2023-04-18 15:46:47.006000,0.008055,1,2023-04-18 15:47:36.229000,0.6172216666666668,2,2023-04-18 15:48:10.473000,0.034166666666666665,1,2023-04-18 15:38:03.649000,NA,NA,NA
57.0,Nigeria,1992,Male,NA,92,17/04/23 - 23/04/23,0.0,0.0,0.0,0.0,0.0,0.0,0.0,00:00:00,03:09:36,0,0,0.0,0.0,0.0,0.0,0.0,0.0,0,0,0,0,0,0,NA,NA,NA,NA,NA,NA,week_ten,0.0,0,NA,NA,0,NA,0.0,0.0,0.0,0.0,0,0,0,NA,NA,NA,0.0,0,NA,0.0,0,NA,0.0,0,NA,NA,NA,NA
66.4,Sri Lanka,1986,Male,CAH11-01	Computing,93,17/04/23 - 23/04/23,0.0,0.0,0.0,0.0,0.0,0.0,0.0,00:00:00,03:09:36,0,0,0.0,0.0,0.0,0.0,0.0,0.0,0,0,0,0,0,0,NA,NA,NA,NA,NA,NA,week_ten,0.0,0,NA,NA,0,NA,0.0,0.0,0.0,0.0,0,0,0,NA,NA,NA,0.0,0,NA,0.0,0,NA,0.0,0,NA,NA,NA,NA
74.8,India,1984,Female,CAH10-01	Engineering,94,17/04/23 - 23/04/23,0.8622216666666667,0.15944499999999998,0.0,0.0,0.0,0.0,3.9613883333333333,04:58:59,03:09:36,14,29,0.036388333333333335,0.03388833333333333,0.0022233333333333332,0.38833333333333336,0.11333333333333333,0.7061116666666667,3,24,2,3,2,4,2023-04-17 23:19:43.011000,2023-04-17 23:21:54.618000,2023-04-17 23:26:46.177000,2023-04-17 23:26:58.538000,2023-04-18 23:39:30.991000,2023-04-18 23:46:14.366000,week_ten,0.24916666666666665,3,2023-04-23 15:28:57.260000,NA,5,2023-04-23 15:03:00.546000,2.1402783333333337,0.20666666666666667,0.005278333333333333,0.0063883333333333335,2,1,2,2023-04-23 17:03:26.400000,2023-04-24 00:26:31.971000,2023-04-24 00:26:54.622000,0.013611666666666668,2,2023-04-23 15:23:49.632000,0.36111166666666666,2,2023-04-23 16:41:38.950000,0.5822216666666667,5,2023-04-17 23:22:00.691000,NA,NA,NA
68.4,Nigeria,1980,Female,CAH03-01	Biosciences,95,17/04/23 - 23/04/23,0.0,2.136945,2.1627783333333337,0.0,0.0,0.0,0.0,04:17:59,03:09:36,9,11,0.23333333333333334,0.05611166666666667,0.0,0.0,0.0022216666666666665,0.0275,3,10,0,0,1,1,2023-04-18 15:04:15.996000,2023-04-18 09:43:11.532000,NA,NA,2023-04-18 15:20:50.211000,2023-04-18 15:22:05.293000,week_ten,0.014445000000000001,2,2023-04-18 15:23:50.951000,NA,0,NA,0.0,0.026111666666666665,0.0027783333333333336,0.025555,1,1,1,2023-04-18 15:01:55.342000,2023-04-18 15:21:16.584000,2023-04-18 15:11:33.175000,0.0,0,NA,0.0,0,NA,0.6858333333333333,4,2023-04-18 09:43:15.569000,NA,NA,NA
73.4,Sri Lanka,1998,Male,CAH11-01	Computing,96,17/04/23 - 23/04/23,2.0525,4.364999999999999,0.03277833333333333,0.0,0.0,0.0,0.0022216666666666665,06:27:09,03:09:36,9,18,0.1525,0.036388333333333335,0.0027783333333333336,0.000555,0.0,0.0,3,4,3,1,0,0,2023-04-17 11:58:25.565000,2023-04-18 00:56:01.285000,2023-04-17 11:58:18.290000,2023-04-18 14:20:09.214000,NA,NA,week_ten,0.0,0,NA,NA,0,NA,0.0,1.3519450000000002,1.3147216666666666,2.3747216666666664,2,1,10,2023-04-18 15:04:44.269000,2023-04-18 12:49:02.970000,2023-04-17 15:43:24.030000,0.0,0,NA,0.0011116666666666666,1,2023-04-18 14:20:12.875000,1.1561116666666669,2,2023-04-18 00:56:04.022000,NA,NA,NA
72.4,Bolivia,1998,Male,CAH10-01	Engineering,97,17/04/23 - 23/04/23,2.9141666666666666,0.13333333333333333,0.0,1.5116666666666667,0.0,0.0,0.0,04:33:33,03:09:36,12,21,0.6441666666666667,0.014723333333333333,0.007778333333333333,0.00027833333333333334,0.0,0.3052783333333334,7,12,3,1,0,2,2023-04-17 13:21:12.825000,2023-04-17 11:55:24.182000,2023-04-17 21:59:47.192000,2023-04-17 22:00:07.463000,NA,2023-04-20 22:01:17.351000,week_ten,0.013611666666666668,2,2023-04-17 21:20:57.300000,NA,2,2023-04-20 21:13:36.654000,0.008055,0.775,0.00027833333333333334,0.00027833333333333334,1,1,1,2023-04-20 21:14:13.744000,2023-04-20 21:13:45.401000,2023-04-17 21:59:49.536000,0.0,0,NA,0.6397216666666666,1,2023-04-17 22:00:19.377000,1.4902783333333334,4,2023-04-17 11:55:28.663000,NA,NA,NA
76.0,Spain,1994,Female,"CAH24-01	Media, journalism and communications",98,17/04/23 - 23/04/23,0.0,0.4116666666666667,0.0,0.0,0.0,0.0,0.0,00:24:42,03:09:36,3,3,0.32194500000000004,0.0047216666666666665,0.0,0.0,0.0,0.0,1,1,0,0,0,0,2023-04-18 15:51:40.233000,2023-04-18 15:46:59.407000,NA,NA,NA,NA,week_ten,0.0,0,NA,NA,0,NA,0.0,0.0,0.0,0.0,0,0,0,NA,NA,NA,0.0,0,NA,0.0,0,NA,0.0036116666666666667,1,2023-04-18 15:47:16.009000,NA,NA,NA
73.8,Turkey,1987,Male,CAH17-01	Business and management,99,17/04/23 - 23/04/23,0.07027833333333335,0.07,0.010833333333333334,0.0,0.0,0.0,0.011388333333333332,00:09:45,03:09:36,4,6,0.0,0.005555000000000001,0.07388833333333333,0.0,0.0,0.0,0,3,5,0,0,0,NA,2023-04-18 14:58:11.619000,2023-04-17 20:57:40.946000,NA,NA,NA,week_ten,0.0,0,NA,NA,0,NA,0.0,0.0,0.0,0.0,0,0,0,NA,NA,NA,0.0,0,NA,0.06611166666666667,1,2023-04-18 14:58:16.335000,0.0033333333333333335,1,2023-04-23 11:35:31.482000,NA,NA,NA
76.4,Turkey,1990,Male,CAH15-02	Economics,100,17/04/23 - 23/04/23,1.5616666666666668,0.0011116666666666666,1.7727783333333336,0.0,0.0,0.0,0.0,03:20:08,03:09:36,1,2,1.6841666666666666,0.0,0.0,0.0,0.0,0.0,5,0,0,0,0,0,2023-04-17 22:39:26.836000,NA,NA,NA,NA,NA,week_ten,0.0,0,NA,NA,0,NA,0.0,0.0,0.0,0.0,0,0,0,NA,NA,NA,0.0,0,NA,0.0,0,NA,0.0,0,NA,NA,NA,NA
60.0,Nigeria,1999,Male,CAH10-01	Engineering,101,17/04/23 - 23/04/23,3.330833333333333,0.8308333333333333,0.3541666666666667,0.455,0.0,0.0,0.0,04:58:15,03:09:36,4,16,0.014721666666666666,1.1011116666666667,0.0,0.0,0.0,0.0,1,4,0,0,0,0,2023-04-17 13:54:48.003000,2023-04-17 15:56:40.914000,NA,NA,NA,NA,week_ten,0.0,0,NA,NA,0,NA,0.0,0.0,0.0,0.8016666666666666,0,12,0,NA,NA,2023-04-18 15:12:18.265000,0.0,0,NA,0.0,0,NA,0.6616666666666667,2,2023-04-18 14:23:37.718000,NA,NA,NA
65.0,Nigeria,1995,Male,CAH07-01	Physics and astronomy,102,17/04/23 - 23/04/23,0.008888333333333333,0.0,0.0,0.0,0.0,0.0,0.0,00:00:32,03:09:36,5,5,0.0,0.0025,0.0008333333333333334,0.0,0.0,0.0,0,3,1,0,0,0,NA,2023-04-17 17:27:10.156000,2023-04-17 17:27:07.521000,NA,NA,NA,week_ten,0.0,0,NA,NA,0,NA,0.0,0.0,0.0,0.0,0,0,0,NA,NA,NA,0.0,1,2023-04-17 17:27:35.099000,0.0033333333333333335,1,2023-04-17 17:27:20.836000,0.0013883333333333332,1,2023-04-17 17:27:14.059000,NA,NA,NA
69.6,Nigeria,1997,Female,CAH07-02	Chemistry,103,17/04/23 - 23/04/23,0.0,2.9188883333333333,0.0,0.0,0.0,0.0,0.0,02:55:08,03:09:36,1,1,0.003888333333333333,0.0,0.0,0.0,0.0,0.0,1,0,0,0,0,0,2023-04-18 13:12:36.053000,NA,NA,NA,NA,NA,week_ten,0.0,0,NA,NA,0,NA,0.0,0.0,0.0,0.0,0,0,0,NA,NA,NA,0.0,0,NA,0.0,0,NA,0.0,0,NA,NA,NA,NA
62.8,Nigeria,1976,Male,CAH11-01	Computing,104,17/04/23 - 23/04/23,0.6241666666666668,4.489721666666667,0.0,0.0,0.0,0.0,2.9741666666666666,08:05:17,03:09:36,16,20,0.017221666666666666,0.17027833333333334,0.003055,1.0991666666666666,0.07972166666666666,0.005833333333333333,2,21,1,1,2,1,2023-04-18 21:55:21.461000,2023-04-18 20:51:25.126000,2023-04-18 21:59:02.617000,2023-04-19 01:25:44.878000,2023-04-18 21:47:50.160000,2023-04-18 22:46:15.986000,week_ten,0.0036116666666666667,1,2023-04-18 22:46:39.564000,NA,6,2023-04-18 22:46:56.088000,1.8863883333333331,0.0,0.19,1.5866666666666667,1,1,2,2023-04-23 23:40:29.019000,2023-04-23 23:28:54.615000,2023-04-23 21:53:24.776000,0.146945,1,2023-04-23 21:44:26.514000,0.014445000000000001,1,2023-04-23 21:43:24.359000,2.018055,3,2023-04-18 20:51:33.274000,NA,NA,NA
71.8,Sri Lanka,1977,Male,CAH09-01	Mathematical sciences,105,17/04/23 - 23/04/23,0.0,2.2558333333333334,0.0,0.0,0.0,0.0,0.0,02:15:21,03:09:36,2,2,0.0,0.0016666666666666668,0.0,0.0,0.0,0.0,0,1,0,0,0,0,NA,2023-04-18 14:15:32.631000,NA,NA,NA,NA,week_ten,0.0,0,NA,NA,0,NA,0.0,0.0,0.0,0.0,0,0,0,NA,NA,NA,0.0,0,NA,0.0,0,NA,2.195,1,2023-04-18 14:15:38.931000,NA,NA,NA
66.0,Nigeria,1986,Female,CAH03-01	Biosciences,106,17/04/23 - 23/04/23,0.0,2.0791666666666666,0.0,0.0,0.0,0.0,0.0,02:04:45,03:09:36,6,6,0.5727783333333334,0.04111166666666667,0.0,0.0,0.0,0.0,1,5,0,0,0,0,2023-04-18 14:32:57.273000,2023-04-18 14:19:59.810000,NA,NA,NA,NA,week_ten,0.0,0,NA,NA,0,NA,0.0,0.0,0.0036116666666666667,1.0161116666666665,0,1,1,NA,2023-04-18 15:09:21.785000,2023-04-18 15:09:55.076000,0.0036116666666666667,1,2023-04-18 15:08:57.281000,0.0,0,NA,0.210555,1,2023-04-18 14:20:09.157000,NA,NA,NA
63.4,Bangladesh,1999,Male,CAH11-01	Computing,107,17/04/23 - 23/04/23,2.8041666666666667,1.9052783333333336,0.0,0.0,1.2602783333333334,1.0411116666666667,0.0,07:00:39,03:09:36,8,20,2.148611666666667,0.694445,0.0,0.0,0.0,0.0,7,8,0,0,0,0,2023-04-18 14:23:05.387000,2023-04-17 13:25:52.645000,NA,NA,NA,NA,week_ten,0.0,0,NA,NA,0,NA,0.0,0.0,0.0,0.0,0,0,0,NA,NA,NA,0.0,0,NA,0.0,0,NA,0.2547216666666667,5,2023-04-17 13:26:18.268000,NA,NA,NA
74.0,India,1997,Female,CAH11-01	Computing,108,17/04/23 - 23/04/23,0.008333333333333333,0.42222166666666666,2.6136116666666664,0.0,0.01,0.0,0.0,03:03:15,03:09:36,6,10,0.006944999999999999,0.42694499999999996,0.0,0.0,0.0,0.0,3,6,0,0,0,0,2023-04-19 18:03:46.090000,2023-04-18 15:36:09.787000,NA,NA,NA,NA,week_ten,0.0,0,NA,NA,0,NA,0.0,0.0,0.0,0.0,0,0,0,NA,NA,NA,1.3602783333333335,2,2023-04-19 16:39:57.421000,0.5913883333333333,3,2023-04-19 15:47:23.946000,0.0,0,NA,NA,NA,NA
52.6,United States of America,1997,Male,CAH03-02	Sport and exercise sciences,109,17/04/23 - 23/04/23,0.2675,0.35138833333333336,0.010278333333333334,0.0,0.0,0.0,0.0,00:37:45,03:09:36,4,5,0.020833333333333332,0.24555500000000002,0.0,0.0,0.0,0.0,3,2,0,0,0,0,2023-04-17 13:42:45.733000,2023-04-17 13:43:54.576000,NA,NA,NA,NA,week_ten,0.0,0,NA,NA,0,NA,0.0,0.0,0.0,0.0,0,0,0,NA,NA,NA,0.0,0,NA,0.0,0,NA,0.0,0,NA,NA,NA,NA
68.0,United Kingdom of Great Britain and Northern Ireland,1998,Female,CAH03-01	Biosciences,110,17/04/23 - 23/04/23,3.574445,3.11,0.015276666666666668,0.0,0.0,0.0,0.0,06:41:59,03:09:36,8,15,1.574165,0.9208333333333333,1.8275016666666668,0.0,0.01861166666666667,0.0,13,8,9,0,1,0,2023-04-17 11:53:22.275000,2023-04-17 19:25:09.227000,2023-04-17 18:18:34.555000,NA,2023-04-18 15:01:10.476000,NA,week_ten,0.0,0,NA,NA,1,2023-04-18 15:03:11.319000,1.044445,0.0,0.0,0.0,0,0,1,NA,NA,2023-04-17 20:55:25.487000,0.0008333333333333334,1,2023-04-17 18:41:19.328000,0.0,0,NA,1.2238883333333332,3,2023-04-17 19:25:18.851000,NA,NA,NA
62.6,Nigeria,1980,Male,CAH15-02	Economics,111,04/12/23 - 10/12/23,0.0,0.006666666666666667,0.846945,0.0,0.0,0.0,0.0,00:51:13,01:03:06,2,2,0.0,0.234445,0.0,0.0,0.0,0.0,0,1,0,0,0,0,NA,2023-12-06 03:02:35.471000,NA,NA,NA,NA,week_ten,0.0,0,NA,NA,0,NA,0.0,0.0,0.0,0.0,0,0,0,NA,NA,NA,0.0,0,NA,0.0,0,NA,0.0,0,NA,NA,NA,NA
73.0,Sri Lanka,1992,Female,CAH09-01	Mathematical sciences,112,04/12/23 - 10/12/23,0.0,0.31833333333333336,0.0,0.0,0.0,0.0,0.0,00:19:06,01:03:06,0,0,0.0,0.0,0.0,0.0,0.0,0.0,0,0,0,0,0,0,NA,NA,NA,NA,NA,NA,week_ten,0.0,0,NA,NA,0,NA,0.0,0.0,0.0,0.0,0,0,0,NA,NA,NA,0.0,0,NA,0.0,0,NA,0.0,0,NA,NA,NA,NA
59.0,Nigeria,1990,Male,CAH16-01	Law,113,04/12/23 - 10/12/23,0.0,0.7825000000000001,0.08,0.0,0.0,0.0,0.0,00:51:45,01:03:06,2,2,0.7691666666666667,0.0,0.0,0.0,0.0,0.0,1,0,0,0,0,0,2023-12-05 09:12:09.232000,NA,NA,NA,NA,NA,week_ten,0.0,0,NA,NA,0,NA,0.0,0.0,0.0,0.0,0,0,0,NA,NA,NA,0.0,0,NA,0.0,0,NA,0.0,0,NA,NA,NA,NA
58.0,Nigeria,1996,Female,CAH19-01	English studies,114,04/12/23 - 10/12/23,0.0,0.09777833333333333,0.013888333333333332,0.0,0.0,0.0,0.0,00:06:42,01:03:06,2,2,0.013888333333333332,0.0,0.0,0.0,0.0,0.0,2,0,0,0,0,0,2023-12-06 21:18:54.560000,NA,NA,NA,NA,NA,week_ten,0.0,0,NA,NA,0,NA,0.0,0.0,0.0,0.0,0,0,0,NA,NA,NA,0.0,0,NA,0.0,0,NA,0.0,0,NA,NA,NA,NA
58.0,Nigeria,2001,Male,CAH07-01	Physics and astronomy,115,04/12/23 - 10/12/23,0.0,0.0,0.0,0.0,0.0,0.0,0.0,00:00:00,01:03:06,0,0,0.0,0.0,0.0,0.0,0.0,0.0,0,0,0,0,0,0,NA,NA,NA,NA,NA,NA,week_ten,0.0,0,NA,NA,0,NA,0.0,0.0,0.0,0.0,0,0,0,NA,NA,NA,0.0,0,NA,0.0,0,NA,0.0,0,NA,NA,NA,NA
70.6,Ghana,1992,Male,CAH04-01	Psychology,116,04/12/23 - 10/12/23,0.0047216666666666665,0.0,0.0,0.0,0.0,0.0,0.0,00:00:17,01:03:06,0,0,0.0,0.0,0.0,0.0,0.0,0.0,0,0,0,0,0,0,NA,NA,NA,NA,NA,NA,week_ten,0.0,0,NA,NA,0,NA,0.0,0.0,0.0,0.0,0,0,0,NA,NA,NA,0.0,0,NA,0.0,0,NA,0.0,0,NA,NA,NA,NA
66.4,Pakistan,1999,Female,CAH11-01	Computing,117,04/12/23 - 10/12/23,0.14027833333333334,2.8616666666666664,0.0022216666666666665,0.0,0.0,0.0,0.0,03:00:15,01:03:06,5,7,1.2863883333333332,0.0011116666666666666,0.0,0.0,0.0,0.0,2,1,0,0,0,0,2023-12-05 08:30:09.224000,2023-12-05 08:29:46.652000,NA,NA,NA,NA,week_ten,0.0,0,NA,NA,0,NA,0.0,0.0,0.0,0.005278333333333333,0,0,1,NA,NA,2023-12-05 08:29:50.385000,0.0,0,NA,0.0,0,NA,0.0,0,NA,NA,NA,NA
73.0,Myanmar,1991,Female,CAH17-01	Business and management,118,04/12/23 - 10/12/23,0.0,2.289445,0.0,0.0,0.0,0.0,0.0,02:17:22,01:03:06,2,2,0.0,0.0033333333333333335,0.0,0.0,0.0,0.0,0,2,0,0,0,0,NA,2023-12-05 11:54:58.055000,NA,NA,NA,NA,week_ten,0.0,0,NA,NA,0,NA,0.0,0.0,0.0,0.0,0,0,0,NA,NA,NA,0.0,0,NA,0.0,0,NA,2.2686116666666667,2,2023-12-05 11:55:06.780000,NA,NA,NA
64.4,Nigeria,1994,Male,"CAH26-01 Geography, earth and environmental studies",119,04/12/23 - 10/12/23,0.0,0.0,0.011945,0.0,0.0,0.0,0.0,00:00:43,01:03:06,0,0,0.0,0.0,0.0,0.0,0.0,0.0,0,0,0,0,0,0,NA,NA,NA,NA,NA,NA,week_ten,0.0,0,NA,NA,0,NA,0.0,0.0,0.0,0.0,0,0,0,NA,NA,NA,0.0,0,NA,0.0,0,NA,0.0,0,NA,NA,NA,NA
52.0,United Kingdom of Great Britain and Northern Ireland,2000,Male,CAH04-01	Psychology,120,04/12/23 - 10/12/23,0.0,0.0,0.0,0.0,0.0,0.0,0.0,00:00:00,01:03:06,0,0,0.0,0.0,0.0,0.0,0.0,0.0,0,0,0,0,0,0,NA,NA,NA,NA,NA,NA,week_ten,0.0,0,NA,NA,0,NA,0.0,0.0,0.0,0.0,0,0,0,NA,NA,NA,0.0,0,NA,0.0,0,NA,0.0,0,NA,NA,NA,NA
64.0,United Kingdom of Great Britain and Northern Ireland,2002,Male,CAH11-01	Computing,121,04/12/23 - 10/12/23,0.0,0.0,0.0,0.0,0.0,0.0,0.0,00:00:00,01:03:06,0,0,0.0,0.0,0.0,0.0,0.0,0.0,0,0,0,0,0,0,NA,NA,NA,NA,NA,NA,week_ten,0.0,0,NA,NA,0,NA,0.0,0.0,0.0,0.0,0,0,0,NA,NA,NA,0.0,0,NA,0.0,0,NA,0.0,0,NA,NA,NA,NA
64.0,Poland,2001,Male,CAH17-01	Business and management,122,04/12/23 - 10/12/23,0.0,0.11888833333333333,0.0,0.0,0.0,0.0,0.0,00:07:08,01:03:06,2,2,0.026388333333333337,0.0,0.0,0.0,0.0,0.0,3,0,0,0,0,0,2023-12-05 12:06:35.149000,NA,NA,NA,NA,NA,week_ten,0.0,0,NA,NA,0,NA,0.0,0.0,0.0,0.0,0,0,0,NA,NA,NA,0.0,0,NA,0.0,0,NA,0.0,0,NA,NA,NA,NA
74.2,Iran,1982,Male,CAH10-01	Engineering,123,04/12/23 - 10/12/23,0.0,0.06333333333333332,0.0,0.0,0.0,0.0,0.0,00:03:48,01:03:06,2,2,0.006666666666666667,0.0,0.0,0.0,0.0,0.0,2,0,0,0,0,0,2023-12-05 12:57:13.182000,NA,NA,NA,NA,NA,week_ten,0.0,0,NA,NA,0,NA,0.0,0.0,0.0,0.0,0,0,0,NA,NA,NA,0.0,0,NA,0.0,0,NA,0.0,0,NA,NA,NA,NA
73.2,Malaysia,1992,Male,CAH17-01	Business and management,124,04/12/23 - 10/12/23,2.111665,0.04,0.0,0.0,0.0,0.0,0.0025,02:09:14,01:03:06,4,10,1.0605566666666666,0.0016666666666666668,0.0,0.0,0.0,0.0,12,1,0,0,0,0,2023-12-04 14:38:02.561000,2023-12-10 19:27:26.992000,NA,NA,NA,NA,week_ten,0.0,0,NA,NA,0,NA,0.0,0.0,0.0,0.0,0,0,0,NA,NA,NA,0.0,0,NA,0.0,0,NA,0.0,1,2023-12-10 19:27:33.160000,NA,NA,NA
63.0,United Kingdom of Great Britain and Northern Ireland,1987,Male,CAH10-01	Engineering,125,04/12/23 - 10/12/23,1.3752783333333334,1.075,0.0,0.0,0.0,0.0,0.0,02:27:01,01:03:06,2,5,0.20888833333333334,0.0,0.0,0.0,0.0,0.0,7,0,0,0,0,0,2023-12-04 12:30:45.423000,NA,NA,NA,NA,NA,week_ten,0.0,0,NA,NA,0,NA,0.0,0.0,0.0,0.0,0,0,0,NA,NA,NA,0.0,0,NA,0.0,0,NA,0.0,0,NA,NA,NA,NA
73.2,Algeria,2002,Female,"CAH07-04	General, applied and forensic sciences",126,04/12/23 - 10/12/23,0.0,2.8333333333333335,0.09138833333333334,0.0,0.0,0.0,0.0,02:55:29,01:03:06,3,5,2.470833333333333,0.003055,0.0,0.0,0.0,0.0,1,4,0,0,0,0,2023-12-05 14:38:27.916000,2023-12-05 14:16:58.971000,NA,NA,NA,NA,week_ten,0.0,0,NA,NA,0,NA,0.0,0.0,0.0,0.0,0,0,0,NA,NA,NA,0.0,0,NA,0.0,0,NA,0.44333333333333336,3,2023-12-05 14:17:01.829000,NA,NA,NA
72.0,United Kingdom of Great Britain and Northern Ireland,1980,Female,CAH07-01	Physics and astronomy,127,04/12/23 - 10/12/23,0.004445,1.548055,0.0,0.0,0.0,0.0,0.0,01:33:09,01:03:06,1,1,0.006666666666666667,0.0,0.0,0.0,0.0,0.0,1,0,0,0,0,0,2023-12-05 15:34:54.758000,NA,NA,NA,NA,NA,week_ten,0.0,0,NA,NA,0,NA,0.0,0.0,0.0,0.0,0,0,0,NA,NA,NA,0.0,0,NA,0.0,0,NA,0.0,0,NA,NA,NA,NA
73.8,United Kingdom of Great Britain and Northern Ireland,1984,Female,CAH04-01	Psychology,128,04/12/23 - 10/12/23,3.433333333333333,0.03833333333333333,0.0,0.0,0.0,0.010555,0.0,03:28:56,01:03:06,4,4,0.034166666666666665,0.0008333333333333334,0.0,0.0,0.0,0.0,2,1,0,0,0,0,2023-12-04 16:59:15.366000,2023-12-05 13:51:30.560000,NA,NA,NA,NA,week_ten,0.0,0,NA,NA,0,NA,0.0,0.0,0.0,0.0,0,0,0,NA,NA,NA,0.0,0,NA,0.0,0,NA,0.0022216666666666665,1,2023-12-05 13:51:33.820000,NA,NA,NA
72.0,United Kingdom of Great Britain and Northern Ireland,1988,Male,NA,129,04/12/23 - 10/12/23,0.21638833333333335,0.15416666666666667,0.0,0.0,0.0,0.0,0.0,00:22:14,01:03:06,4,7,0.005278333333333333,0.0011116666666666666,0.0,0.0,0.0,0.0,2,1,0,0,0,0,2023-12-04 22:31:28.975000,2023-12-05 14:11:10.593000,NA,NA,NA,NA,week_ten,0.0,0,NA,NA,0,NA,0.0,0.0,0.0,0.0,0,0,0,NA,NA,NA,0.0,0,NA,0.0,0,NA,0.0,1,2023-12-05 14:11:14.938000,NA,NA,NA
56.2,China,2001,Male,CAH11-01	Computing,130,04/12/23 - 10/12/23,0.0008333333333333334,0.0033333333333333335,0.033889999999999997,0.0,0.0,0.0,0.0,00:02:17,01:03:06,4,6,0.023611666666666663,0.0025,0.0,0.00027833333333333334,0.0,0.0,3,3,0,1,0,0,2023-12-06 14:04:52.456000,2023-12-04 20:08:56.658000,NA,2023-12-06 18:32:02.880000,NA,NA,week_ten,0.0,0,NA,NA,0,NA,0.0,0.0,0.0,0.0,0,0,0,NA,NA,NA,0.0,0,NA,0.0,0,NA,0.0,0,NA,NA,NA,NA
74.0,Singapore,1988,Female,CAH04-01	Psychology,131,04/12/23 - 10/12/23,0.0013883333333333332,0.0,0.0,0.0,0.0,0.0,0.0,00:00:05,01:03:06,1,1,0.0,0.0,0.0,0.0,0.0,0.0,1,0,0,0,0,0,2023-12-04 18:13:52.492000,NA,NA,NA,NA,NA,week_ten,0.0,0,NA,NA,0,NA,0.0,0.0,0.0,0.0,0,0,0,NA,NA,NA,0.0,0,NA,0.0,0,NA,0.0,0,NA,NA,NA,NA
65.8,India,1990,Male,CAH11-01	Computing,132,04/12/23 - 10/12/23,0.008888333333333333,0.0,0.0,0.0,0.0,0.0,0.0,00:00:32,01:03:06,0,0,0.0,0.0,0.0,0.0,0.0,0.0,0,0,0,0,0,0,NA,NA,NA,NA,NA,NA,week_ten,0.0,0,NA,NA,0,NA,0.0,0.0,0.0,0.0,0,0,0,NA,NA,NA,0.0,0,NA,0.0,0,NA,0.0,0,NA,NA,NA,NA
61.8,Philippines,1984,Male,CAH17-01	Business and management,133,04/12/23 - 10/12/23,0.0,2.0813883333333334,0.0,0.0,0.0,0.0,0.0,02:04:53,01:03:06,3,3,0.0,0.0008333333333333334,0.0,0.0008333333333333334,0.0,0.0,0,1,0,1,0,0,NA,2023-12-05 12:18:57.465000,NA,2023-12-05 12:18:54.059000,NA,NA,week_ten,0.0,0,NA,NA,0,NA,0.0,0.0,0.0,0.0,0,0,0,NA,NA,NA,0.0,0,NA,0.0,0,NA,2.0788883333333334,1,2023-12-05 12:19:00.956000,NA,NA,NA
62.2,Turkey,1982,Male,CAH11-01	Computing,134,04/12/23 - 10/12/23,0.0,0.5408333333333334,0.0,0.0,0.0,0.0,0.0,00:32:27,01:03:06,2,2,0.0,0.0036116666666666667,0.0,0.0,0.0,0.0,0,1,0,0,0,0,NA,2023-12-05 14:50:27.427000,NA,NA,NA,NA,week_ten,0.0,0,NA,NA,0,NA,0.0,0.0,0.0,0.0,0,0,0,NA,NA,NA,0.0,0,NA,0.0,0,NA,0.07888833333333332,1,2023-12-05 14:50:39.940000,NA,NA,NA
70.6,Viet Nam,1995,Male,NA,135,04/12/23 - 10/12/23,0.03166666666666666,3.666943333333333,0.0,0.0,0.0,0.0,0.042778333333333335,03:44:29,01:03:06,4,7,0.021943333333333332,0.10166666666666666,0.0,0.0,0.0,0.0,8,3,0,0,0,0,2023-12-04 14:36:19.827000,2023-12-05 12:21:42.901000,NA,NA,NA,NA,week_ten,0.0,0,NA,NA,0,NA,0.0,0.0,0.0,0.0,0,0,0,NA,NA,NA,0.0,0,NA,0.0,0,NA,0.7038883333333333,1,2023-12-05 12:21:45.833000,NA,NA,NA
72.0,United Kingdom of Great Britain and Northern Ireland,1974,Male,CAH11-01	Computing,136,04/12/23 - 10/12/23,0.0,0.0,0.0,0.0,0.0,0.0,0.0,00:00:00,01:03:06,0,0,0.0,0.0,0.0,0.0,0.0,0.0,0,0,0,0,0,0,NA,NA,NA,NA,NA,NA,week_ten,0.0,0,NA,NA,0,NA,0.0,0.0,0.0,0.0,0,0,0,NA,NA,NA,0.0,0,NA,0.0,0,NA,0.0,0,NA,NA,NA,NA
58.0,Nigeria,1991,Female,CAH17-01	Business and management,137,04/12/23 - 10/12/23,0.0,0.0,0.0,0.0,0.0,0.0,0.0,00:00:00,01:03:06,0,0,0.0,0.0,0.0,0.0,0.0,0.0,0,0,0,0,0,0,NA,NA,NA,NA,NA,NA,week_ten,0.0,0,NA,NA,0,NA,0.0,0.0,0.0,0.0,0,0,0,NA,NA,NA,0.0,0,NA,0.0,0,NA,0.0,0,NA,NA,NA,NA
58.0,Morocco,2001,Male,CAH11-01	Computing,138,04/12/23 - 10/12/23,0.005555000000000001,0.0,0.0,0.0,0.0,0.0,0.0,00:00:20,01:03:06,0,0,0.0,0.0,0.0,0.0,0.0,0.0,0,0,0,0,0,0,NA,NA,NA,NA,NA,NA,week_ten,0.0,0,NA,NA,0,NA,0.0,0.0,0.0,0.0,0,0,0,NA,NA,NA,0.0,0,NA,0.0,0,NA,0.0,0,NA,NA,NA,NA
63.0,Nigeria,2000,Male,CAH03-01	Biosciences,139,04/12/23 - 10/12/23,0.0,0.8936116666666667,0.0,0.0,0.0,0.0,0.0,00:53:37,01:03:06,2,2,0.0022216666666666665,0.0,0.0,0.0,0.0,0.0,2,0,0,0,0,0,2023-12-05 13:27:15.609000,NA,NA,NA,NA,NA,week_ten,0.0,0,NA,NA,0,NA,0.0,0.0,0.0,0.0,0,0,0,NA,NA,NA,0.0,0,NA,0.0,0,NA,0.0,0,NA,NA,NA,NA
75.2,United Kingdom of Great Britain and Northern Ireland,1988,Female,CAH04-01	Psychology,140,04/12/23 - 10/12/23,0.0,1.029165,0.0,0.0,0.0,0.0,0.0,01:01:44,01:03:06,4,8,0.18583333333333335,0.004445,0.0,0.0,0.0,0.0,5,2,0,0,0,0,2023-12-05 02:56:02.433000,2023-12-05 14:10:46.746000,NA,NA,NA,NA,week_ten,0.0,0,NA,NA,0,NA,0.0,0.0,0.0,0.0,0,0,0,NA,NA,NA,0.0,0,NA,0.0,0,NA,0.515555,1,2023-12-05 14:11:29.541000,NA,NA,NA
51.8,China,2001,Male,CAH11-01	Computing,141,04/12/23 - 10/12/23,0.0,0.018333333333333333,0.0,0.0,0.0,0.0,0.0,00:01:06,01:03:06,1,1,0.018333333333333333,0.0,0.0,0.0,0.0,0.0,1,0,0,0,0,0,2023-12-05 10:22:13.489000,NA,NA,NA,NA,NA,week_ten,0.0,0,NA,NA,0,NA,0.0,0.0,0.0,0.0,0,0,0,NA,NA,NA,0.0,0,NA,0.0,0,NA,0.0,0,NA,NA,NA,NA
60.0,Jordan,1994,Female,CAH04-01	Psychology,142,04/12/23 - 10/12/23,0.0,4.498055,0.0,0.0,0.0,0.0,0.0,04:29:53,01:03:06,3,3,0.03527833333333333,0.0013883333333333332,0.0,0.0,0.0,0.0,1,1,0,0,0,0,2023-12-05 11:58:42.601000,2023-12-05 12:00:49.802000,NA,NA,NA,NA,week_ten,0.0,0,NA,NA,0,NA,0.0,0.0,0.0,0.0,0,0,0,NA,NA,NA,0.0,0,NA,0.0,0,NA,2.9525,1,2023-12-05 12:00:54.404000,NA,NA,NA
64.0,United Kingdom of Great Britain and Northern Ireland,1990,Male,CAH02-05	Medical sciences,143,04/12/23 - 10/12/23,0.0,0.025555,0.0,0.01861166666666667,0.0,0.0,0.0,00:02:39,01:03:06,3,3,0.0,0.005555000000000001,0.0,0.0,0.0,0.0,0,3,0,0,0,0,NA,2023-12-05 09:46:37.862000,NA,NA,NA,NA,week_ten,0.0,0,NA,NA,0,NA,0.0,0.0,0.0,0.004445,0,0,1,NA,NA,2023-12-05 09:47:12.046000,0.0,0,NA,0.003888333333333333,1,2023-12-05 09:46:54.753000,0.0,0,NA,NA,NA,NA
64.4,Bangladesh,1995,Female,CAH17-01	Business and management,144,04/12/23 - 10/12/23,0.07583333333333334,0.0,0.0,0.0,0.0,0.0,0.0,00:04:33,01:03:06,0,0,0.0,0.0,0.0,0.0,0.0,0.0,0,0,0,0,0,0,NA,NA,NA,NA,NA,NA,week_ten,0.0,0,NA,NA,0,NA,0.0,0.0,0.0,0.0,0,0,0,NA,NA,NA,0.0,0,NA,0.0,0,NA,0.0,0,NA,NA,NA,NA
64.0,United Kingdom of Great Britain and Northern Ireland,2002,Male,CAH20-01	History and archaeology,145,04/12/23 - 10/12/23,0.0,0.020555,0.0,0.0,0.0,0.0,0.0,00:01:14,01:03:06,2,2,0.0,0.0027783333333333336,0.0,0.0,0.0,0.0,0,1,0,0,0,0,NA,2023-12-05 17:10:32.185000,NA,NA,NA,NA,week_ten,0.0,0,NA,NA,0,NA,0.0,0.0,0.0,0.0,0,0,0,NA,NA,NA,0.0,0,NA,0.0,0,NA,0.013055,1,2023-12-05 17:10:42.131000,NA,NA,NA
74.0,United Kingdom of Great Britain and Northern Ireland,1979,Female,CAH22-01	Education and teaching,146,04/12/23 - 10/12/23,0.0,0.0,0.0,0.0,0.0,0.0,0.0,00:00:00,01:03:06,0,0,0.0,0.0,0.0,0.0,0.0,0.0,0,0,0,0,0,0,NA,NA,NA,NA,NA,NA,week_ten,0.0,0,NA,NA,0,NA,0.0,0.0,0.0,0.0,0,0,0,NA,NA,NA,0.0,0,NA,0.0,0,NA,0.0,0,NA,NA,NA,NA
76.2,United Kingdom of Great Britain and Northern Ireland,1983,Male,CAH09-01	Mathematical sciences,147,04/12/23 - 10/12/23,2.2391666666666667,0.04916666666666667,0.0,0.0,0.0,0.0,0.0,02:17:18,01:03:06,2,2,0.014445000000000001,0.0,0.0,0.0,0.0,0.0,5,0,0,0,0,0,2023-12-05 11:09:28.166000,NA,NA,NA,NA,NA,week_ten,0.0,0,NA,NA,0,NA,0.0,0.0,0.0,0.0,0,0,0,NA,NA,NA,0.0,0,NA,0.0,0,NA,0.0,0,NA,NA,NA,NA
73.4,Sri Lanka,1983,Male,CAH10-01	Engineering,148,04/12/23 - 10/12/23,0.358055,2.230278333333333,0.0011116666666666666,0.0,0.10416666666666667,0.0,0.0,02:41:37,01:03:06,6,7,0.24583333333333332,0.30472166666666667,0.0,0.021945,0.0,0.0,5,3,0,1,0,0,2023-12-05 13:03:58.643000,2023-12-04 13:19:49.642000,NA,2023-12-04 13:39:19.847000,NA,NA,week_ten,0.0,0,NA,NA,0,NA,0.0,0.0,0.0,0.0,0,0,0,NA,NA,NA,0.0,0,NA,0.023611666666666663,1,2023-12-04 13:37:54.720000,1.0708333333333333,2,2023-12-05 11:59:39.433000,NA,NA,NA
60.4,Sri Lanka,1993,Male,CAH17-01	Business and management,149,04/12/23 - 10/12/23,2.325,0.005555000000000001,0.0,0.0,0.0,0.0,0.0,02:19:50,01:03:06,2,3,0.004445,0.0,0.0,0.0,0.0,0.0,3,0,0,0,0,0,2023-12-04 21:43:18.456000,NA,NA,NA,NA,NA,week_ten,0.0,0,NA,NA,0,NA,0.0,0.0,0.0,0.0,0,0,0,NA,NA,NA,0.0,0,NA,0.0,0,NA,0.0,0,NA,NA,NA,NA
61.8,United Kingdom of Great Britain and Northern Ireland,2000,Male,CAH09-01	Mathematical sciences,150,04/12/23 - 10/12/23,0.21166666666666664,0.0,0.0,0.0,0.0,0.0,0.0,00:12:42,01:03:06,0,0,0.0,0.0,0.0,0.0,0.0,0.0,0,0,0,0,0,0,NA,NA,NA,NA,NA,NA,week_ten,0.0,0,NA,NA,0,NA,0.0,0.0,0.0,0.0,0,0,0,NA,NA,NA,0.0,0,NA,0.0,0,NA,0.0,0,NA,NA,NA,NA
63.6,United Kingdom of Great Britain and Northern Ireland,1996,Male,CAH04-01	Psychology,151,04/12/23 - 10/12/23,0.0,1.4125,0.0,0.0,0.0,0.0,0.0,01:24:45,01:03:06,4,4,0.12472166666666666,0.386945,0.0,0.0,0.0,0.0,3,3,0,0,0,0,2023-12-05 13:12:06.303000,2023-12-05 13:51:50.244000,NA,NA,NA,NA,week_ten,0.0,0,NA,NA,0,NA,0.0,0.0,0.0,0.0,0,0,0,NA,NA,NA,0.0,0,NA,0.0,0,NA,0.350555,1,2023-12-05 13:52:01.198000,NA,NA,NA
61.2,Bangladesh,1999,Male,CAH10-01	Engineering,152,04/12/23 - 10/12/23,0.0,0.0,0.0,0.0,0.0,0.0,0.0,00:00:00,01:03:06,0,0,0.0,0.0,0.0,0.0,0.0,0.0,0,0,0,0,0,0,NA,NA,NA,NA,NA,NA,week_ten,0.0,0,NA,NA,0,NA,0.0,0.0,0.0,0.0,0,0,0,NA,NA,NA,0.0,0,NA,0.0,0,NA,0.0,0,NA,NA,NA,NA
58.0,Nigeria,1976,Female,CAH25-01	Creative arts and design,153,04/12/23 - 10/12/23,0.029721666666666667,0.004166666666666667,0.0,0.0,0.0,0.0,0.0,00:02:02,01:03:06,1,1,0.029721666666666667,0.0,0.0,0.0,0.0,0.0,1,0,0,0,0,0,2023-12-04 18:27:15.123000,NA,NA,NA,NA,NA,week_ten,0.0,0,NA,NA,0,NA,0.0,0.0,0.0,0.0,0,0,0,NA,NA,NA,0.0,0,NA,0.0,0,NA,0.0,0,NA,NA,NA,NA
71.0,Pakistan,1998,Male,CAH11-01	Computing,154,04/12/23 - 10/12/23,0.0,0.012778333333333334,0.0,0.0,0.0,0.0,0.0,00:00:46,01:03:06,2,2,0.0036116666666666667,0.0,0.0,0.0,0.0,0.0,1,0,0,0,0,0,2023-12-05 13:56:35.399000,NA,NA,NA,NA,NA,week_ten,0.0,0,NA,NA,0,NA,0.0,0.0,0.0,0.0,0,0,0,NA,NA,NA,0.0,0,NA,0.0,0,NA,0.0,0,NA,NA,NA,NA
68.2,Turkey,1969,Female,CAH22-01	Education and teaching,155,04/12/23 - 10/12/23,0.0027783333333333336,0.0,0.0,0.0,0.0,0.0,0.0,00:00:10,01:03:06,1,1,0.0,0.0,0.0,0.0,0.0,0.0,1,0,0,0,0,0,2023-12-04 17:46:00.857000,NA,NA,NA,NA,NA,week_ten,0.0,0,NA,NA,0,NA,0.0,0.0,0.0,0.0,0,0,0,NA,NA,NA,0.0,0,NA,0.0,0,NA,0.0,0,NA,NA,NA,NA
73.0,Sri Lanka,2001,Male,CAH17-01	Business and management,156,04/12/23 - 10/12/23,0.0275,0.05444333333333333,0.004445,0.0,0.0,0.0,0.0,00:05:11,01:03:06,5,9,0.005555000000000001,0.0027766666666666664,0.0,0.0,0.0,0.0,2,2,0,0,0,0,2023-12-05 00:04:42.016000,2023-12-04 12:26:06.750000,NA,NA,NA,NA,week_ten,0.0,0,NA,NA,0,NA,0.0,0.0,0.0,0.0,0,0,0,NA,NA,NA,0.0,0,NA,0.0,0,NA,0.0,1,2023-12-05 12:18:07.524000,NA,NA,NA
61.4,Sri Lanka,1986,Male,CAH17-01	Business and management,157,04/12/23 - 10/12/23,0.003888333333333333,0.9783333333333334,0.0,0.0,0.0,0.0,0.0036116666666666667,00:59:09,01:03:06,2,2,0.0036116666666666667,0.0,0.0,0.0,0.0,0.0,1,0,0,0,0,0,2023-12-10 16:24:49.294000,NA,NA,NA,NA,NA,week_ten,0.0,0,NA,NA,0,NA,0.0,0.0,0.0,0.0,0,0,0,NA,NA,NA,0.0,0,NA,0.0,0,NA,0.0,0,NA,NA,NA,NA
60.6,India,1995,Male,CAH10-01	Engineering,158,04/12/23 - 10/12/23,0.0,3.01,0.006111666666666666,0.0,0.0,0.0,0.0,03:00:58,01:03:06,1,1,0.006111666666666666,0.0,0.0,0.0,0.0,0.0,1,0,0,0,0,0,2023-12-06 11:40:38.574000,NA,NA,NA,NA,NA,week_ten,0.0,0,NA,NA,0,NA,0.0,0.0,0.0,0.0,0,0,0,NA,NA,NA,0.0,0,NA,0.0,0,NA,0.0,0,NA,NA,NA,NA
48.2,Cameroon,1991,Female,CAH17-01	Business and management,159,04/12/23 - 10/12/23,0.0,0.0,0.0,0.0,0.0,0.0,0.0,00:00:00,01:03:06,0,0,0.0,0.0,0.0,0.0,0.0,0.0,0,0,0,0,0,0,NA,NA,NA,NA,NA,NA,week_ten,0.0,0,NA,NA,0,NA,0.0,0.0,0.0,0.0,0,0,0,NA,NA,NA,0.0,0,NA,0.0,0,NA,0.0,0,NA,NA,NA,NA
61.8,United Kingdom of Great Britain and Northern Ireland,2001,Male,CAH09-01	Mathematical sciences,160,04/12/23 - 10/12/23,0.9552783333333333,2.000555,0.016944999999999998,0.0,0.0,0.0,0.0,02:58:22,01:03:06,3,3,0.0016666666666666668,0.9458333333333333,0.0,0.0,0.0,0.0,1,1,0,0,0,0,2023-12-05 10:43:12.909000,2023-12-04 18:40:02.768000,NA,NA,NA,NA,week_ten,0.0,0,NA,NA,0,NA,0.0,0.0,0.0,0.0,0,0,0,NA,NA,NA,0.0,0,NA,0.0,0,NA,0.0,0,NA,NA,NA,NA
64.4,Egypt,2000,Male,CAH11-01	Computing,161,04/12/23 - 10/12/23,0.0,0.001945,0.0,0.0,0.0,0.0,0.0,00:00:07,01:03:06,0,0,0.0,0.0,0.0,0.0,0.0,0.0,0,0,0,0,0,0,NA,NA,NA,NA,NA,NA,week_ten,0.0,0,NA,NA,0,NA,0.0,0.0,0.0,0.0,0,0,0,NA,NA,NA,0.0,0,NA,0.0,0,NA,0.0,0,NA,NA,NA,NA
69.4,Myanmar,1995,Male,CAH11-01	Computing,162,04/12/23 - 10/12/23,0.0,0.0,0.0,0.0,0.0,0.0,0.0,00:00:00,01:03:06,0,0,0.0,0.0,0.0,0.0,0.0,0.0,0,0,0,0,0,0,NA,NA,NA,NA,NA,NA,week_ten,0.0,0,NA,NA,0,NA,0.0,0.0,0.0,0.0,0,0,0,NA,NA,NA,0.0,0,NA,0.0,0,NA,0.0,0,NA,NA,NA,NA
72.0,United Kingdom of Great Britain and Northern Ireland,1991,Male,CAH15-03	Politics,163,04/12/23 - 10/12/23,0.0,2.008055,0.0,0.0,0.0,0.0,0.0,02:00:29,01:03:06,2,2,0.0,0.0008333333333333334,0.0,0.0,0.0,0.0,0,1,0,0,0,0,NA,2023-12-05 12:05:40.920000,NA,NA,NA,NA,week_ten,0.0,0,NA,NA,0,NA,0.0,0.0,0.0,0.0,0,0,0,NA,NA,NA,0.0,0,NA,0.0,0,NA,1.9988883333333332,1,2023-12-05 12:05:43.619000,NA,NA,NA
65.0,Sri Lanka,1994,Male,CAH11-01	Computing,164,04/12/23 - 10/12/23,0.0,5.177778333333333,0.0,0.0,0.0,0.0,0.0,05:10:40,01:03:06,2,3,0.03777833333333334,0.0,0.0,0.0,0.0,0.0,2,0,0,0,0,0,2023-12-05 07:20:48.453000,NA,NA,NA,NA,NA,week_ten,0.0,0,NA,NA,0,NA,0.0,0.0,0.0,0.0,0,0,0,NA,NA,NA,0.0,0,NA,0.0,0,NA,0.0,0,NA,NA,NA,NA
61.6,Turkey,1984,Male,CAH17-01	Business and management,165,04/12/23 - 10/12/23,0.0,0.0,0.0,0.0,0.0,0.0,0.0,00:00:00,01:03:06,0,0,0.0,0.0,0.0,0.0,0.0,0.0,0,0,0,0,0,0,NA,NA,NA,NA,NA,NA,week_ten,0.0,0,NA,NA,0,NA,0.0,0.0,0.0,0.0,0,0,0,NA,NA,NA,0.0,0,NA,0.0,0,NA,0.0,0,NA,NA,NA,NA
68.6,Malaysia,1998,Female,CAH17-01	Business and management,166,04/12/23 - 10/12/23,0.0,0.0,0.0,0.0,0.0,0.0,0.0,00:00:00,01:03:06,0,0,0.0,0.0,0.0,0.0,0.0,0.0,0,0,0,0,0,0,NA,NA,NA,NA,NA,NA,week_ten,0.0,0,NA,NA,0,NA,0.0,0.0,0.0,0.0,0,0,0,NA,NA,NA,0.0,0,NA,0.0,0,NA,0.0,0,NA,NA,NA,NA
74.6,Pakistan,1995,Male,CAH10-01	Engineering,167,04/12/23 - 10/12/23,0.0,0.0,0.0,0.0,0.0,0.0,0.0,00:00:00,01:03:06,0,0,0.0,0.0,0.0,0.0,0.0,0.0,0,0,0,0,0,0,NA,NA,NA,NA,NA,NA,week_ten,0.0,0,NA,NA,0,NA,0.0,0.0,0.0,0.0,0,0,0,NA,NA,NA,0.0,0,NA,0.0,0,NA,0.0,0,NA,NA,NA,NA
63.0,United Kingdom of Great Britain and Northern Ireland,2001,Female,CAH17-01	Business and management,168,04/12/23 - 10/12/23,0.0,0.8344433333333333,0.0,0.0,0.0,0.0,0.0,00:50:04,01:03:06,1,2,0.8319433333333334,0.0,0.0,0.0,0.0,0.0,3,0,0,0,0,0,2023-12-05 12:19:34.616000,NA,NA,NA,NA,NA,week_ten,0.0,0,NA,NA,0,NA,0.0,0.0,0.0,0.0,0,0,0,NA,NA,NA,0.0,0,NA,0.0,0,NA,0.0,0,NA,NA,NA,NA
76.2,Sweden,1977,Male,"CAH15-01	Sociology, social policy and anthropology",169,04/12/23 - 10/12/23,0.0016666666666666668,0.0875,0.0,0.0,0.0,0.0,0.0,00:05:21,01:03:06,3,3,0.025555,0.0,0.0,0.0,0.0,0.0,4,1,0,0,0,0,2023-12-05 11:07:26.854000,2023-12-04 13:28:03.835000,NA,NA,NA,NA,week_ten,0.0,0,NA,NA,0,NA,0.0,0.0,0.0,0.0,0,0,0,NA,NA,NA,0.0,0,NA,0.0,0,NA,0.0,0,NA,NA,NA,NA
73.4,Pakistan,1987,Male,CAH11-01	Computing,170,04/12/23 - 10/12/23,0.0,1.3863883333333331,2.031945,0.0,0.0,0.048054999999999994,0.0,03:27:59,01:03:06,4,5,0.09916666666666667,0.0008333333333333334,0.0,0.0,0.0,0.0,2,1,0,0,0,0,2023-12-05 12:59:06.343000,2023-12-05 14:21:45.828000,NA,NA,NA,NA,week_ten,0.0,0,NA,NA,0,NA,0.0,0.0,0.0,0.0,0,0,0,NA,NA,NA,0.0,0,NA,0.0,0,NA,0.0,1,2023-12-05 14:21:48.430000,NA,NA,NA
73.2,India,2001,Male,CAH10-01	Engineering,171,04/12/23 - 10/12/23,0.03861166666666667,0.14194500000000002,0.0,0.0,0.0,0.0,0.0,00:10:50,01:03:06,4,4,0.006111666666666666,0.0011116666666666666,0.0,0.0,0.0,0.0,2,1,0,0,0,0,2023-12-04 15:23:08.919000,2023-12-05 14:08:39.668000,NA,NA,NA,NA,week_ten,0.0,0,NA,NA,0,NA,0.0,0.0,0.0,0.0,0,0,0,NA,NA,NA,0.0,0,NA,0.0,0,NA,0.0375,1,2023-12-05 14:08:43.653000,NA,NA,NA
63.8,Nigeria,2001,Male,"CAH26-01 Geography, earth and environmental studies",172,04/12/23 - 10/12/23,0.0,0.0,0.0,0.0,0.0,0.0,0.0,00:00:00,01:03:06,0,0,0.0,0.0,0.0,0.0,0.0,0.0,0,0,0,0,0,0,NA,NA,NA,NA,NA,NA,week_ten,0.0,0,NA,NA,0,NA,0.0,0.0,0.0,0.0,0,0,0,NA,NA,NA,0.0,0,NA,0.0,0,NA,0.0,0,NA,NA,NA,NA
74.0,Viet Nam,1998,Male,CAH11-01	Computing,173,04/12/23 - 10/12/23,0.0,0.0,0.0,0.0,0.0,0.0,0.0,00:00:00,01:03:06,0,0,0.0,0.0,0.0,0.0,0.0,0.0,0,0,0,0,0,0,NA,NA,NA,NA,NA,NA,week_ten,0.0,0,NA,NA,0,NA,0.0,0.0,0.0,0.0,0,0,0,NA,NA,NA,0.0,0,NA,0.0,0,NA,0.0,0,NA,NA,NA,NA
64.6,China,2002,Male,CAH11-01	Computing,174,04/12/23 - 10/12/23,0.0,0.0,0.0,0.0,0.0,0.0,0.0,00:00:00,01:03:06,0,0,0.0,0.0,0.0,0.0,0.0,0.0,0,0,0,0,0,0,NA,NA,NA,NA,NA,NA,week_ten,0.0,0,NA,NA,0,NA,0.0,0.0,0.0,0.0,0,0,0,NA,NA,NA,0.0,0,NA,0.0,0,NA,0.0,0,NA,NA,NA,NA
71.2,Nigeria,1996,Female,CAH17-01	Business and management,175,04/12/23 - 10/12/23,0.7688883333333333,0.0,0.0,0.0,0.0,0.0,0.0,00:46:08,01:03:06,1,1,0.7477783333333333,0.0,0.0,0.0,0.0,0.0,1,0,0,0,0,0,2023-12-04 11:20:01.517000,NA,NA,NA,NA,NA,week_ten,0.0,0,NA,NA,0,NA,0.0,0.0,0.0,0.0,0,0,0,NA,NA,NA,0.0,0,NA,0.0,0,NA,0.0,0,NA,NA,NA,NA
64.4,Nigeria,1980,Female,CAH09-01	Mathematical sciences,176,04/12/23 - 10/12/23,0.0,0.47638833333333336,0.0,0.0,0.0,0.0,0.0,00:28:35,01:03:06,0,0,0.0,0.0,0.0,0.0,0.0,0.0,0,0,0,0,0,0,NA,NA,NA,NA,NA,NA,week_ten,0.0,0,NA,NA,0,NA,0.0,0.0,0.0,0.0,0,0,0,NA,NA,NA,0.0,0,NA,0.0,0,NA,0.0,0,NA,NA,NA,NA
66.2,Nigeria,2001,Female,CAH17-01	Business and management,177,04/12/23 - 10/12/23,0.0,0.009166666666666667,0.0,0.0,0.0,0.0,0.0,00:00:33,01:03:06,0,0,0.0,0.0,0.0,0.0,0.0,0.0,0,0,0,0,0,0,NA,NA,NA,NA,NA,NA,week_ten,0.0,0,NA,NA,0,NA,0.0,0.0,0.0,0.0,0,0,0,NA,NA,NA,0.0,0,NA,0.0,0,NA,0.0,0,NA,NA,NA,NA
63.0,Australia,1977,Female,CAH16-01	Law,178,04/12/23 - 10/12/23,0.04388833333333333,3.865555,0.7966666666666666,0.0,0.0,0.0,0.0,04:42:22,01:03:06,2,2,0.0,0.40638833333333335,0.0,0.0,0.0,0.0,0,1,0,0,0,0,NA,2023-12-06 12:30:53.812000,NA,NA,NA,NA,week_ten,0.0,0,NA,NA,0,NA,0.0,0.0,0.0,0.0,0,0,0,NA,NA,NA,0.0,0,NA,0.0,0,NA,0.3825,1,2023-12-06 12:55:16.344000,NA,NA,NA
65.8,United Kingdom of Great Britain and Northern Ireland,2001,Male,CAH11-01	Computing,179,04/12/23 - 10/12/23,0.059721666666666666,0.0025,0.0,0.0,0.0,0.0,0.0,00:03:44,01:03:06,2,3,0.0,0.0008333333333333334,0.0,0.0,0.0,0.0,2,1,0,0,0,0,2023-12-04 13:54:48.889000,2023-12-04 13:54:46.212000,NA,NA,NA,NA,week_ten,0.0,0,NA,NA,0,NA,0.0,0.0,0.0,0.0,0,0,0,NA,NA,NA,0.0,0,NA,0.0,0,NA,0.0,0,NA,NA,NA,NA
73.2,India,2000,Male,CAH10-01	Engineering,180,04/12/23 - 10/12/23,0.0,0.0,0.8716666666666666,0.0,0.0,0.0,0.0,00:52:18,01:03:06,1,1,0.0,0.8716666666666666,0.0,0.0,0.0,0.0,0,1,0,0,0,0,NA,2023-12-06 09:33:12.221000,NA,NA,NA,NA,week_ten,0.0,0,NA,NA,0,NA,0.0,0.0,0.0,0.0,0,0,0,NA,NA,NA,0.0,0,NA,0.0,0,NA,0.0,0,NA,NA,NA,NA
64.4,Nigeria,1976,Female,CAH17-01	Business and management,181,04/12/23 - 10/12/23,0.0,0.0,0.0063883333333333335,0.0,0.0,0.0,0.0,00:00:23,01:03:06,0,0,0.0,0.0,0.0,0.0,0.0,0.0,0,0,0,0,0,0,NA,NA,NA,NA,NA,NA,week_ten,0.0,0,NA,NA,0,NA,0.0,0.0,0.0,0.0,0,0,0,NA,NA,NA,0.0,0,NA,0.0,0,NA,0.0,0,NA,NA,NA,NA
63.4,Sri Lanka,2000,Female,CAH17-01	Business and management,182,04/12/23 - 10/12/23,3.198611666666667,0.22472166666666668,0.0,0.0,0.0,0.0,0.0,03:25:24,01:03:06,7,9,2.5027783333333335,0.004166666666666667,0.0,0.0008333333333333334,0.006111666666666666,0.0,4,3,0,1,1,0,2023-12-04 15:20:21.530000,2023-12-05 01:45:04.029000,NA,2023-12-05 01:45:01.363000,2023-12-05 01:45:07.646000,NA,week_ten,0.0,0,NA,NA,0,NA,0.0,0.0,0.0,0.0,0,0,0,NA,NA,NA,0.003888333333333333,1,2023-12-05 03:19:04.087000,0.0,1,2023-12-05 03:19:20.603000,0.0,0,NA,NA,NA,NA
68.6,Viet Nam,1997,Female,CAH17-01	Business and management,183,04/12/23 - 10/12/23,0.0,0.0,0.006666666666666667,0.0,0.0,0.0,0.0,00:00:24,01:03:06,0,0,0.0,0.0,0.0,0.0,0.0,0.0,0,0,0,0,0,0,NA,NA,NA,NA,NA,NA,week_ten,0.0,0,NA,NA,0,NA,0.0,0.0,0.0,0.0,0,0,0,NA,NA,NA,0.0,0,NA,0.0,0,NA,0.0,0,NA,NA,NA,NA
73.0,Thailand,2001,Male,CAH17-01	Business and management,184,04/12/23 - 10/12/23,0.0,0.06361166666666666,0.0,0.0,0.0,0.0,0.0,00:03:49,01:03:06,2,2,0.0,0.0013883333333333332,0.0,0.0,0.0,0.0,0,2,0,0,0,0,NA,2023-12-05 14:07:53.762000,NA,NA,NA,NA,week_ten,0.0,0,NA,NA,0,NA,0.0,0.0,0.0,0.0,0,0,0,NA,NA,NA,0.0,0,NA,0.0,0,NA,0.04666666666666666,1,2023-12-05 14:07:59.119000,NA,NA,NA
67.4,United Kingdom of Great Britain and Northern Ireland,2001,Male,CAH04-01	Psychology,185,04/12/23 - 10/12/23,0.10611166666666666,5.867500000000001,0.0,0.0,0.0,0.0,0.0,05:58:25,01:03:06,5,7,0.23666666666666666,0.9058333333333334,0.0,0.0,0.0,0.0,6,8,0,0,0,0,2023-12-04 12:32:01.919000,2023-12-04 12:31:55.673000,NA,NA,NA,NA,week_ten,0.0,0,NA,NA,0,NA,0.0,0.0,0.0,0.0,0,0,0,NA,NA,NA,0.0,0,NA,0.0008333333333333334,1,2023-12-05 09:32:53.718000,0.007778333333333333,4,2023-12-05 09:32:35.376000,NA,NA,NA
62.4,Iran,1995,Female,CAH10-01	Engineering,186,04/12/23 - 10/12/23,0.0,7.539721666666667,0.0,0.0,0.0,0.0,0.0,07:32:23,01:03:06,3,6,1.9511116666666668,0.001945,0.0,0.0,0.0,0.0,12,1,0,0,0,0,2023-12-05 13:37:01.566000,2023-12-05 13:36:54.252000,NA,NA,NA,NA,week_ten,0.0,0,NA,NA,0,NA,0.0,0.0,0.0,0.0,0,0,0,NA,NA,NA,0.0,0,NA,0.0,0,NA,0.0,0,NA,NA,NA,NA
64.8,United Kingdom of Great Britain and Northern Ireland,1997,Female,CAH09-01	Mathematical sciences,187,04/12/23 - 10/12/23,1.7658333333333334,1.0041666666666667,0.0,0.0,0.0,0.0,0.0,02:46:12,01:03:06,4,4,0.656945,0.000555,0.0,0.0,0.0,0.0,3,1,0,0,0,0,2023-12-05 13:17:56.817000,2023-12-05 14:01:09.329000,NA,NA,NA,NA,week_ten,0.0,0,NA,NA,0,NA,0.0,0.0,0.0,0.0,0,0,0,NA,NA,NA,0.0,0,NA,0.0,0,NA,0.1716666666666667,1,2023-12-05 14:01:11.353000,NA,NA,NA
52.4,Egypt,1986,Male,CAH10-01	Engineering,188,04/12/23 - 10/12/23,0.0,0.021666666666666667,0.0,0.0,0.0,0.0,0.0,00:01:18,01:03:06,0,0,0.0,0.0,0.0,0.0,0.0,0.0,0,0,0,0,0,0,NA,NA,NA,NA,NA,NA,week_ten,0.0,0,NA,NA,0,NA,0.0,0.0,0.0,0.0,0,0,0,NA,NA,NA,0.0,0,NA,0.0,0,NA,0.0,0,NA,NA,NA,NA
63.8,Sri Lanka,1987,Female,CAH10-01	Engineering,189,04/12/23 - 10/12/23,0.3452783333333333,2.9375,0.0022216666666666665,0.020833333333333332,0.0,0.0,0.013333333333333334,03:19:09,01:03:06,6,11,0.08722333333333335,0.0022216666666666665,0.0,0.0,0.0,0.0,5,1,0,0,0,0,2023-12-04 17:10:37.439000,2023-12-10 19:33:26.662000,NA,NA,NA,NA,week_ten,0.0,0,NA,NA,0,NA,0.0,0.0,0.0,0.0,0,0,0,NA,NA,NA,0.0,0,NA,0.0,0,NA,0.0,1,2023-12-10 19:33:34.881000,NA,NA,NA
73.8,Algeria,1996,Male,NA,190,04/12/23 - 10/12/23,0.06277666666666666,0.0,0.0,0.0,0.0,0.0,0.0,00:03:46,01:03:06,3,3,0.034721666666666665,0.0022216666666666665,0.0,0.0,0.0,0.0,4,1,0,0,0,0,2023-12-04 14:34:52.526000,2023-12-04 13:28:16.565000,NA,NA,NA,NA,week_ten,0.0,0,NA,NA,0,NA,0.0,0.0,0.0,0.0,0,0,0,NA,NA,NA,0.0,0,NA,0.0,0,NA,0.0,0,NA,NA,NA,NA
62.4,Sri Lanka,1996,Female,CAH17-01	Business and management,191,04/12/23 - 10/12/23,0.0,0.0,0.0,0.0,0.0,0.0,0.0,00:00:00,01:03:06,0,0,0.0,0.0,0.0,0.0,0.0,0.0,0,0,0,0,0,0,NA,NA,NA,NA,NA,NA,week_ten,0.0,0,NA,NA,0,NA,0.0,0.0,0.0,0.0,0,0,0,NA,NA,NA,0.0,0,NA,0.0,0,NA,0.0,0,NA,NA,NA,NA
73.0,Iran,1988,Male,CAH10-01	Engineering,192,04/12/23 - 10/12/23,0.0,0.11416666666666667,0.0,0.0,0.0,0.0,0.0,00:06:51,01:03:06,3,3,0.011388333333333332,0.0008333333333333334,0.0,0.0,0.0,0.0,2,1,0,0,0,0,2023-12-05 14:18:51.859000,2023-12-05 14:31:23.810000,NA,NA,NA,NA,week_ten,0.0,0,NA,NA,0,NA,0.0,0.0,0.0,0.0,0,0,0,NA,NA,NA,0.0,0,NA,0.0,0,NA,0.016944999999999998,1,2023-12-05 14:19:30.762000,NA,NA,NA
73.0,Sri Lanka,1996,Female,CAH09-01	Mathematical sciences,193,04/12/23 - 10/12/23,1.0147216666666667,0.0,0.0,0.0,0.0,0.0,0.0,01:00:53,01:03:06,2,2,1.0091666666666665,0.0,0.0,0.0,0.0,0.0,1,0,0,0,0,0,2023-12-04 17:19:06.795000,NA,NA,NA,NA,NA,week_ten,0.0,0,NA,NA,0,NA,0.0,0.0,0.0,0.0,0,0,0,NA,NA,NA,0.0,0,NA,0.0,0,NA,0.0,0,NA,NA,NA,NA
69.2,India,1996,Male,CAH17-01	Business and management,194,04/12/23 - 10/12/23,0.0,0.0,0.0,0.0,0.0,0.0,0.0,00:00:00,01:03:06,0,0,0.0,0.0,0.0,0.0,0.0,0.0,0,0,0,0,0,0,NA,NA,NA,NA,NA,NA,week_ten,0.0,0,NA,NA,0,NA,0.0,0.0,0.0,0.0,0,0,0,NA,NA,NA,0.0,0,NA,0.0,0,NA,0.0,0,NA,NA,NA,NA
62.4,India,1997,Male,CAH10-01	Engineering,195,04/12/23 - 10/12/23,0.0,0.0022216666666666665,0.0,0.0,0.0,0.0,0.0,00:00:08,01:03:06,1,1,0.0,0.0,0.0,0.0,0.0,0.0,1,0,0,0,0,0,2023-12-05 10:44:19.683000,NA,NA,NA,NA,NA,week_ten,0.0,0,NA,NA,0,NA,0.0,0.0,0.0,0.0,0,0,0,NA,NA,NA,0.0,0,NA,0.0,0,NA,0.0,0,NA,NA,NA,NA
70.0,Nigeria,1991,Male,CAH11-01	Computing,196,04/12/23 - 10/12/23,2.1061116666666666,3.2008333333333336,0.0,0.0,0.0,0.0,0.0,05:18:25,01:03:06,2,2,0.115,0.0,0.0,0.0,0.0,0.0,2,0,0,0,0,0,2023-12-04 10:40:14.606000,NA,NA,NA,NA,NA,week_ten,0.0,0,NA,NA,0,NA,0.0,0.0,0.0,0.0,0,0,0,NA,NA,NA,0.0,0,NA,0.0,0,NA,0.0,0,NA,NA,NA,NA
58.0,Nigeria,1997,Female,CAH15-02	Economics,197,04/12/23 - 10/12/23,0.006944999999999999,0.9611133333333333,0.013611666666666668,0.0,0.0,0.0,0.0,00:58:54,01:03:06,2,4,0.35638833333333336,0.0,0.0,0.0,0.0,0.0,3,0,0,0,0,0,2023-12-04 14:06:36.150000,NA,NA,NA,NA,NA,week_ten,0.0,0,NA,NA,0,NA,0.0,0.0,0.0,0.0,0,0,0,NA,NA,NA,0.0,0,NA,0.0,0,NA,0.0,0,NA,NA,NA,NA
57.0,United Kingdom of Great Britain and Northern Ireland,2000,Female,CAH04-01	Psychology,198,04/12/23 - 10/12/23,0.016111666666666666,0.0013883333333333332,0.0,0.0,0.0,0.0,0.0,00:01:03,01:03:06,1,1,0.0027783333333333336,0.0,0.0,0.0,0.0,0.0,2,0,0,0,0,0,2023-12-04 18:07:29.281000,NA,NA,NA,NA,NA,week_ten,0.0,0,NA,NA,0,NA,0.0,0.0,0.0,0.0,0,0,0,NA,NA,NA,0.0,0,NA,0.0,0,NA,0.0,0,NA,NA,NA,NA
68.6,Malaysia,2000,Female,CAH17-01	Business and management,199,04/12/23 - 10/12/23,0.0,0.0,0.0,0.0,0.0,0.0,0.0,00:00:00,01:03:06,0,0,0.0,0.0,0.0,0.0,0.0,0.0,0,0,0,0,0,0,NA,NA,NA,NA,NA,NA,week_ten,0.0,0,NA,NA,0,NA,0.0,0.0,0.0,0.0,0,0,0,NA,NA,NA,0.0,0,NA,0.0,0,NA,0.0,0,NA,NA,NA,NA
63.2,United Kingdom of Great Britain and Northern Ireland,2001,Female,CAH15-02	Economics,200,04/12/23 - 10/12/23,1.5247216666666668,0.0,0.0,0.0,0.0,0.0,0.0,01:31:29,01:03:06,2,5,1.4475,0.0,0.0,0.0,0.0,0.0,6,0,0,0,0,0,2023-12-04 06:30:49.853000,NA,NA,NA,NA,NA,week_ten,0.0,0,NA,NA,0,NA,0.0,0.0,0.0,0.0,0,0,0,NA,NA,NA,0.0,0,NA,0.0,0,NA,0.0,0,NA,NA,NA,NA
71.2,China,2002,Male,CAH11-01	Computing,201,04/12/23 - 10/12/23,0.0,3.818888333333333,0.006111666666666666,0.0,0.0,0.0,0.0,03:49:30,01:03:06,5,6,0.18305500000000002,0.10888833333333332,0.0,0.00027833333333333334,0.0,0.0,7,8,0,1,0,0,2023-12-05 11:09:30.491000,2023-12-05 14:16:04.650000,NA,2023-12-05 14:57:40.814000,NA,NA,week_ten,0.0,0,NA,NA,0,NA,0.0,0.0,0.0,0.0,0,0,0,NA,NA,NA,0.0,0,NA,0.0,0,NA,0.043611666666666674,3,2023-12-05 14:16:07.341000,NA,NA,NA
68.2,Iran,1992,Female,CAH10-01	Engineering,202,04/12/23 - 10/12/23,0.8013883333333334,0.0,0.0,0.0,0.0,0.0,0.0,00:48:05,01:03:06,3,3,0.7916666666666666,0.0013883333333333332,0.0,0.0,0.0,0.0,1,1,0,0,0,0,2023-12-04 22:42:39.977000,2023-12-04 22:42:11.057000,NA,NA,NA,NA,week_ten,0.0,0,NA,NA,0,NA,0.0,0.0,0.0,0.0,0,0,0,NA,NA,NA,0.0,0,NA,0.006666666666666667,1,2023-12-04 22:42:16.192000,0.0,0,NA,NA,NA,NA
73.2,Pakistan,1994,Male,CAH10-01	Engineering,203,04/12/23 - 10/12/23,0.0,0.0,0.10277833333333335,0.0,0.0,0.0,0.0,00:06:10,01:03:06,1,1,0.08361166666666667,0.0,0.0,0.0,0.0,0.0,1,0,0,0,0,0,2023-12-06 04:07:53.484000,NA,NA,NA,NA,NA,week_ten,0.0,0,NA,NA,0,NA,0.0,0.0,0.0,0.0,0,0,0,NA,NA,NA,0.0,0,NA,0.0,0,NA,0.0,0,NA,NA,NA,NA
52.5,India,1999,Male,CAH10-01	Engineering,204,04/12/23 - 10/12/23,0.0,0.0,0.0,0.0,0.0,0.0,0.0,00:00:00,01:03:06,0,0,0.0,0.0,0.0,0.0,0.0,0.0,0,0,0,0,0,0,NA,NA,NA,NA,NA,NA,week_ten,0.0,0,NA,NA,0,NA,0.0,0.0,0.0,0.0,0,0,0,NA,NA,NA,0.0,0,NA,0.0,0,NA,0.0,0,NA,NA,NA,NA
68.6,Myanmar,2001,Female,CAH17-01	Business and management,205,04/12/23 - 10/12/23,0.0,0.0,0.0,0.0,0.0,0.0,0.0,00:00:00,01:03:06,0,0,0.0,0.0,0.0,0.0,0.0,0.0,0,0,0,0,0,0,NA,NA,NA,NA,NA,NA,week_ten,0.0,0,NA,NA,0,NA,0.0,0.0,0.0,0.0,0,0,0,NA,NA,NA,0.0,0,NA,0.0,0,NA,0.0,0,NA,NA,NA,NA
73.8,Turkey,1999,Female,CAH10-01	Engineering,206,04/12/23 - 10/12/23,0.0,0.0,0.0,0.0,0.0,0.0,0.0,00:00:00,01:03:06,0,0,0.0,0.0,0.0,0.0,0.0,0.0,0,0,0,0,0,0,NA,NA,NA,NA,NA,NA,week_ten,0.0,0,NA,NA,0,NA,0.0,0.0,0.0,0.0,0,0,0,NA,NA,NA,0.0,0,NA,0.0,0,NA,0.0,0,NA,NA,NA,NA
71.6,Nigeria,1994,Male,CAH15-02	Economics,207,04/12/23 - 10/12/23,0.0,0.0,0.0,0.0,0.0,0.0,0.0,00:00:00,01:03:06,0,0,0.0,0.0,0.0,0.0,0.0,0.0,0,0,0,0,0,0,NA,NA,NA,NA,NA,NA,week_ten,0.0,0,NA,NA,0,NA,0.0,0.0,0.0,0.0,0,0,0,NA,NA,NA,0.0,0,NA,0.0,0,NA,0.0,0,NA,NA,NA,NA
60.4,India,1992,Male,CAH19-01	English studies,208,04/12/23 - 10/12/23,0.10833333333333334,0.09888833333333333,0.0,0.0,0.0,0.0,0.0,00:12:26,01:03:06,2,2,0.024444999999999998,0.0,0.0,0.0,0.0,0.0,2,0,0,0,0,0,2023-12-05 11:39:43.274000,NA,NA,NA,NA,NA,week_ten,0.0,0,NA,NA,0,NA,0.0,0.0,0.0,0.0,0,0,0,NA,NA,NA,0.0,0,NA,0.0,0,NA,0.0,0,NA,NA,NA,NA
64.0,Bangladesh,1996,Female,CAH17-01	Business and management,209,04/12/23 - 10/12/23,0.008333333333333333,0.0063883333333333335,0.0,0.0,0.0,0.0,0.0,00:00:53,01:03:06,1,1,0.0,0.0,0.0,0.0,0.0,0.0,1,0,0,0,0,0,2023-12-04 18:51:09.315000,NA,NA,NA,NA,NA,week_ten,0.0,0,NA,NA,0,NA,0.0,0.0,0.0,0.0,0,0,0,NA,NA,NA,0.0,0,NA,0.0,0,NA,0.0,0,NA,NA,NA,NA
73.0,Sri Lanka,1996,Female,CAH11-01	Computing,210,04/12/23 - 10/12/23,3.3311116666666667,1.5047216666666665,0.008888333333333333,0.0,0.0,0.0,0.013333333333333334,04:51:29,01:03:06,5,10,0.2302783333333333,0.008335,0.0,0.0,0.0,0.0,11,4,0,0,0,0,2023-12-04 14:58:59.902000,2023-12-04 15:03:52.987000,NA,NA,NA,NA,week_ten,0.0,0,NA,NA,0,NA,0.0,0.0,0.0,0.0,0,0,0,NA,NA,NA,0.0,0,NA,0.0,0,NA,0.0,1,2023-12-05 12:35:03.715000,NA,NA,NA
61.8,Myanmar,1998,Female,CAH11-01	Computing,211,04/12/23 - 10/12/23,0.0,0.583055,0.463055,0.0,0.0,0.0,0.0,01:02:46,01:03:06,4,6,0.0,0.0016666666666666668,0.0,0.0,0.0,0.0,0,2,0,0,0,0,NA,2023-12-05 12:32:50.999000,NA,NA,NA,NA,week_ten,0.0,0,NA,NA,0,NA,0.0,0.0,0.0,0.0,0,0,0,NA,NA,NA,0.0,0,NA,0.0,0,NA,0.0,2,2023-12-05 12:32:54.983000,NA,NA,NA
63.0,United States of America,2001,Male,CAH11-01	Computing,212,04/12/23 - 10/12/23,0.0,0.0,0.0,0.0,0.0,0.0,0.0,00:00:00,01:03:06,0,0,0.0,0.0,0.0,0.0,0.0,0.0,0,0,0,0,0,0,NA,NA,NA,NA,NA,NA,week_ten,0.0,0,NA,NA,0,NA,0.0,0.0,0.0,0.0,0,0,0,NA,NA,NA,0.0,0,NA,0.0,0,NA,0.0,0,NA,NA,NA,NA
60.0,Nigeria,1996,Male,"CAH13-01	Architecture, building and planning",1,12/12/22 - 18/12/22,0.0,0.009166666666666667,0.0,0.0,0.0,0.0,0.0,00:00:33,02:08:53,1,1,0.0027783333333333336,0.0,0.0,0.0,0.0,0.0,1,0,0,0,0,0,2022-12-13 14:04:09.192000,NA,NA,NA,NA,NA,week_eleven,0.0,0,NA,NA,0,NA,0.0,0.0,0.0,0.0,0,0,0,NA,NA,NA,0.0,0,NA,0.0,0,NA,0.0,0,NA,0.0,0.0,NA
70.0,Nigeria,1996,Male,CAH07-02	Chemistry,2,12/12/22 - 18/12/22,0.0,0.0033333333333333335,0.0,0.0,0.0,0.0,0.0,00:00:12,02:08:53,2,2,0.0,0.0016666666666666668,0.0,0.0,0.0,0.0,0,1,0,0,0,0,NA,2022-12-13 14:44:24.055000,NA,NA,NA,NA,week_eleven,0.0,0,NA,NA,0,NA,0.0,0.0,0.0,0.0,0,0,0,NA,NA,NA,0.0,0,NA,0.0,0,NA,0.0,0,NA,0.0,1.0,2022-12-13 14:44:29.706000
65.0,Nigeria,1990,Female,CAH15-02	Economics,3,12/12/22 - 18/12/22,0.0,0.003888333333333333,0.0,0.0,0.011945,0.0,0.0,00:00:57,02:08:53,1,1,0.0,0.011945,0.0,0.0,0.0,0.0,0,1,0,0,0,0,NA,2022-12-16 23:41:35.681000,NA,NA,NA,NA,week_eleven,0.0,0,NA,NA,0,NA,0.0,0.0,0.0,0.0,0,0,0,NA,NA,NA,0.0,0,NA,0.0,0,NA,0.0,0,NA,0.0,0.0,NA
55.0,Nigeria,1991,Male,CAH15-02	Economics,4,12/12/22 - 18/12/22,0.0,0.0,0.0,0.0,0.0,0.0,0.0,00:00:00,02:08:53,0,0,0.0,0.0,0.0,0.0,0.0,0.0,0,0,0,0,0,0,NA,NA,NA,NA,NA,NA,week_eleven,0.0,0,NA,NA,0,NA,0.0,0.0,0.0,0.0,0,0,0,NA,NA,NA,0.0,0,NA,0.0,0,NA,0.0,0,NA,0.0,0.0,NA
65.0,Pakistan,1998,Male,CAH17-01	Business and management,5,12/12/22 - 18/12/22,0.0,2.2305566666666667,0.0,0.0,0.3211116666666667,0.0,0.0,02:33:06,02:08:53,4,6,0.0008333333333333334,0.003888333333333333,0.0,0.0,0.0,0.0,1,3,0,0,0,0,2022-12-16 18:15:24.227000,2022-12-13 14:40:33.918000,NA,NA,NA,NA,week_eleven,0.0,0,NA,NA,0,NA,0.0,0.0,0.0,0.0,0,0,0,NA,NA,NA,0.0,0,NA,0.0,0,NA,0.0,0,NA,2.065,2.0,2022-12-13 14:40:36.785000
62.0,Nigeria,1985,Male,CAH10-01	Engineering,6,12/12/22 - 18/12/22,0.0,0.0,0.0,0.0,0.0,0.0,0.0,00:00:00,02:08:53,0,0,0.0,0.0,0.0,0.0,0.0,0.0,0,0,0,0,0,0,NA,NA,NA,NA,NA,NA,week_eleven,0.0,0,NA,NA,0,NA,0.0,0.0,0.0,0.0,0,0,0,NA,NA,NA,0.0,0,NA,0.0,0,NA,0.0,0,NA,0.0,0.0,NA
61.0,Nigeria,1985,Male,CAH11-01	Computing,7,12/12/22 - 18/12/22,0.0,0.0,0.009166666666666667,0.0,0.0,0.0,0.0,00:00:33,02:08:53,0,0,0.0,0.0,0.0,0.0,0.0,0.0,0,0,0,0,0,0,NA,NA,NA,NA,NA,NA,week_eleven,0.0,0,NA,NA,0,NA,0.0,0.0,0.0,0.0,0,0,0,NA,NA,NA,0.0,0,NA,0.0,0,NA,0.0,0,NA,0.0,0.0,NA
77.0,United Kingdom of Great Britain and Northern Ireland,2001,Female,"CAH07-04	General, applied and forensic sciences",8,12/12/22 - 18/12/22,0.0,1.5127766666666667,0.0,1.6288883333333333,0.0,0.0,0.0,03:08:29,02:08:53,8,11,0.003888333333333333,0.0013883333333333332,0.000555,0.0,0.0,0.0,4,3,1,0,0,0,2022-12-15 10:10:45.317000,2022-12-13 14:40:29.765000,2022-12-13 09:25:20.865000,NA,NA,NA,week_eleven,0.0,0,NA,NA,0,NA,0.0,0.0,0.0,0.0,0,0,0,NA,NA,NA,0.0,0,NA,0.0,0,NA,0.05611166666666667,1,2022-12-15 11:03:28.429000,0.705,2.0,2022-12-13 14:40:31.649000
61.0,Nigeria,1976,Male,CAH03-01	Biosciences,9,12/12/22 - 18/12/22,0.0,0.03277833333333333,0.0,0.0,0.0,0.0,0.0,00:01:58,02:08:53,2,2,0.0,0.005555000000000001,0.0,0.0,0.0,0.0,0,1,0,0,0,0,NA,2022-12-13 14:59:21.413000,NA,NA,NA,NA,week_eleven,0.0,0,NA,NA,0,NA,0.0,0.0,0.0,0.0,0,0,0,NA,NA,NA,0.0,0,NA,0.0,0,NA,0.0,0,NA,0.0,1.0,2022-12-13 14:59:41
63.0,India,1998,Female,CAH11-01	Computing,10,12/12/22 - 18/12/22,0.0,2.966388333333333,0.0,0.6958333333333333,0.0,0.0,0.0,03:39:44,02:08:53,8,14,0.013333333333333334,0.009443333333333333,0.0,0.0,0.0,0.0,10,4,0,0,0,0,2022-12-13 16:06:51.148000,2022-12-13 14:12:58.885000,NA,NA,NA,NA,week_eleven,0.0,0,NA,NA,0,NA,0.0,0.0,0.0,0.0,0,0,0,NA,NA,NA,0.0,0,NA,0.003055,1,2022-12-13 16:06:10.701000,0.25777833333333333,1,2022-12-13 15:50:29.159000,1.6216666666666666,1.0,2022-12-13 14:13:04.935000
67.0,Nigeria,1996,Female,CAH07-02	Chemistry,11,12/12/22 - 18/12/22,0.0,3.5452783333333335,0.0,0.21666666666666667,0.0,0.0,0.0,03:45:43,02:08:53,7,7,0.004166666666666667,0.017221666666666666,0.0,0.0,0.0,0.0,1,3,0,0,0,0,2022-12-15 00:49:20.645000,2022-12-13 13:32:12.039000,NA,NA,NA,NA,week_eleven,0.0,0,NA,NA,0,NA,0.0,0.0,0.0,0.0,0,0,0,NA,NA,NA,0.0,0,NA,0.0,0,NA,0.354445,1,2022-12-13 13:32:55.597000,2.646666666666667,2.0,2022-12-13 13:54:32.751000
66.0,Nigeria,1986,Female,"CAH06-01	Agriculture, food and related studies",12,12/12/22 - 18/12/22,0.8222216666666667,1.0697216666666667,0.0,0.0,0.0,0.0,0.0,01:53:31,02:08:53,6,9,0.01583333333333333,0.010833333333333334,0.0,0.0,0.0,0.0,1,3,0,0,0,0,2022-12-12 18:42:54.193000,2022-12-12 19:38:53.433000,NA,NA,NA,NA,week_eleven,0.0,0,NA,NA,0,NA,0.0,0.0,0.0,0.0,0,0,0,NA,NA,NA,0.0,0,NA,0.0,0,NA,0.33027833333333334,2,2022-12-12 19:39:05.355000,0.673055,1.0,2022-12-13 14:22:54.581000
76.0,United Kingdom of Great Britain and Northern Ireland,1995,Male,CAH11-01	Computing,13,12/12/22 - 18/12/22,0.0,0.003888333333333333,0.0,0.0,0.0,0.0,0.0,00:00:14,02:08:53,0,0,0.0,0.0,0.0,0.0,0.0,0.0,0,0,0,0,0,0,NA,NA,NA,NA,NA,NA,week_eleven,0.0,0,NA,NA,0,NA,0.0,0.0,0.0,0.0,0,0,0,NA,NA,NA,0.0,0,NA,0.0,0,NA,0.0,0,NA,0.0,0.0,NA
57.0,Bangladesh,1997,Female,CAH10-01	Engineering,14,12/12/22 - 18/12/22,0.0,0.4313883333333334,1.7674999999999998,0.0,0.0,0.0,0.0,02:11:56,02:08:53,0,0,0.0,0.0,0.0,0.0,0.0,0.0,0,0,0,0,0,0,NA,NA,NA,NA,NA,NA,week_eleven,0.0,0,NA,NA,0,NA,0.0,0.0,0.0,0.0,0,0,0,NA,NA,NA,0.0,0,NA,0.0,0,NA,0.0,0,NA,0.0,0.0,NA
64.0,Italy,2000,Female,CAH16-01	Law,15,12/12/22 - 18/12/22,0.16694499999999998,1.754445,0.0,1.3975,0.0,0.0,0.0,03:19:08,02:08:53,11,15,0.009445000000000002,0.005833333333333333,0.0,0.0,0.0,0.0,5,5,0,0,0,0,2022-12-15 10:33:11.890000,2022-12-12 14:06:35.941000,NA,NA,NA,NA,week_eleven,0.0,0,NA,NA,0,NA,0.0,0.0,0.0,0.0,0,0,0,NA,NA,NA,0.0063883333333333335,1,2022-12-12 14:09:17.706000,0.042778333333333335,2,2022-12-12 14:06:39.600000,0.0008333333333333334,1,2022-12-12 14:09:45.065000,0.9077783333333332,1.0,2022-12-13 14:14:39.002000
64.0,Sri Lanka,1993,Female,CAH17-01	Business and management,16,12/12/22 - 18/12/22,0.0,1.5908333333333333,0.0,0.006111666666666666,0.0,0.0,0.0,01:35:49,02:08:53,4,6,0.0,0.0125,0.0,0.0,0.0,0.0,0,5,0,0,0,0,NA,2022-12-13 14:06:23.204000,NA,NA,NA,NA,week_eleven,0.0,0,NA,NA,0,NA,0.0,0.0,0.0,0.0,0,0,0,NA,NA,NA,0.0,0,NA,0.0,0,NA,0.10333333333333333,3,2022-12-13 14:06:28.750000,0.1427783333333333,1.0,2022-12-13 14:11:46.652000
78.0,Viet Nam,1999,Male,CAH11-01	Computing,17,12/12/22 - 18/12/22,0.0,0.0,0.0,0.0,0.0,0.0,0.0,00:00:00,02:08:53,0,0,0.0,0.0,0.0,0.0,0.0,0.0,0,0,0,0,0,0,NA,NA,NA,NA,NA,NA,week_eleven,0.0,0,NA,NA,0,NA,0.0,0.0,0.0,0.0,0,0,0,NA,NA,NA,0.0,0,NA,0.0,0,NA,0.0,0,NA,0.0,0.0,NA
63.0,Viet Nam,1996,Female,CAH17-01	Business and management,18,12/12/22 - 18/12/22,0.0,0.5697216666666667,0.000555,0.0,0.0,0.0,0.0,00:34:13,02:08:53,3,3,0.0,0.0013883333333333332,0.0,0.0,0.0,0.0,0,1,0,0,0,0,NA,2022-12-13 14:06:38.081000,NA,NA,NA,NA,week_eleven,0.0,0,NA,NA,0,NA,0.0,0.0,0.0,0.0,0,0,0,NA,NA,NA,0.0,0,NA,0.0,0,NA,0.0,0,NA,0.27694499999999994,1.0,2022-12-13 14:06:43.477000
62.0,United Kingdom of Great Britain and Northern Ireland,2001,Male,CAH15-02	Economics,19,12/12/22 - 18/12/22,0.011111666666666667,0.001945,0.0,0.6983333333333334,0.0,0.0,0.0,00:42:41,02:08:53,7,11,0.042221666666666664,0.003055,0.0,0.0,0.0,0.0,9,5,0,0,0,0,2022-12-12 18:08:19.670000,2022-12-15 13:03:24.559000,NA,NA,NA,NA,week_eleven,0.0,0,NA,NA,0,NA,0.0,0.0,0.0,0.0,0,0,0,NA,NA,NA,0.0,0,NA,0.0,0,NA,0.52,1,2022-12-15 13:11:35.933000,0.129445,2.0,2022-12-15 13:03:30.215000
62.0,Sri Lanka,1989,Female,CAH17-01	Business and management,20,12/12/22 - 18/12/22,0.0,1.3133333333333332,0.5463883333333334,0.0,0.0,0.0,0.0,01:51:35,02:08:53,11,15,0.025,0.5125,0.0,0.0,0.0,0.0,6,14,0,0,0,0,2022-12-13 14:08:22.335000,2022-12-13 14:08:28.098000,NA,NA,NA,NA,week_eleven,0.004166666666666667,1,2022-12-14 18:11:55.430000,NA,3,2022-12-14 18:07:50.875000,0.03611166666666667,0.0,0.17833333333333332,0.023611666666666663,0,1,1,NA,2022-12-14 18:13:37.666000,2022-12-14 18:09:33.144000,0.0,0,NA,0.0,0,NA,0.035833333333333335,2,2022-12-13 14:09:13.944000,0.8072233333333333,5.0,2022-12-13 14:08:33.643000
66.0,Sri Lanka,1997,Male,CAH17-01	Business and management,21,12/12/22 - 18/12/22,0.0,0.0,0.0,0.0,0.0,0.0,0.0,00:00:00,02:08:53,0,0,0.0,0.0,0.0,0.0,0.0,0.0,0,0,0,0,0,0,NA,NA,NA,NA,NA,NA,week_eleven,0.0,0,NA,NA,0,NA,0.0,0.0,0.0,0.0,0,0,0,NA,NA,NA,0.0,0,NA,0.0,0,NA,0.0,0,NA,0.0,0.0,NA
59.0,Nigeria,1990,Male,"CAH07-04	General, applied and forensic sciences",22,12/12/22 - 18/12/22,4.3075,5.615278333333333,0.0,0.3016666666666667,0.0,0.0,0.0,10:13:28,02:08:53,14,32,0.028888333333333335,0.20194333333333334,0.0022233333333333332,0.0011116666666666666,0.0,0.0,16,10,2,3,0,0,2022-12-12 00:56:14.560000,2022-12-12 00:53:38.770000,2022-12-13 11:37:52.527000,2022-12-12 05:11:00.391000,NA,NA,week_eleven,0.0,0,NA,NA,0,NA,0.0,0.0,0.0,0.0,0,0,0,NA,NA,NA,0.036388333333333335,1,2022-12-12 00:54:03.699000,0.0033333333333333335,1,2022-12-12 00:53:50.378000,3.064445,5,2022-12-12 00:53:42.610000,2.768333333333333,1.0,2022-12-13 12:30:53.645000
67.0,Nigeria,1993,Female,CAH09-01	Mathematical sciences,23,12/12/22 - 18/12/22,0.0,2.9691666666666667,0.0,0.0,2.8875,0.0,0.0,05:51:24,02:08:53,10,13,0.13499999999999998,0.4472233333333333,0.0,0.0,0.06638833333333333,0.9272216666666666,7,8,0,1,2,1,2022-12-13 16:02:40.253000,2022-12-13 14:25:13.958000,NA,2022-12-16 14:27:37.352000,2022-12-16 10:34:30.827000,2022-12-16 11:26:34.814000,week_eleven,0.0022216666666666665,1,2022-12-16 12:22:17.917000,NA,2,2022-12-16 14:17:55.337000,0.16166666666666665,0.0,0.0,0.0,0,0,0,NA,NA,NA,0.0,0,NA,0.0,0,NA,0.0,0,NA,1.623055,1.0,2022-12-13 14:25:17.618000
75.0,United Kingdom of Great Britain and Northern Ireland,1988,Male,CAH03-01	Biosciences,24,12/12/22 - 18/12/22,0.0,1.5902783333333335,0.00611,0.007221666666666667,0.0,1.5594450000000002,0.0,03:09:47,02:08:53,6,7,0.26805500000000004,0.10027833333333333,0.0016666666666666668,0.0,0.0,0.0,2,2,1,0,0,0,2022-12-17 17:18:30.880000,2022-12-13 14:40:26.240000,2022-12-17 17:18:24.795000,NA,NA,NA,week_eleven,0.0,0,NA,NA,0,NA,0.0,0.0,0.0,0.0,0,0,0,NA,NA,NA,0.0,0,NA,0.0,0,NA,0.0,0,NA,0.7088883333333335,1.0,2022-12-13 14:40:29.482000
66.0,United Kingdom of Great Britain and Northern Ireland,2000,Male,CAH17-01	Business and management,25,12/12/22 - 18/12/22,0.023055,0.8388883333333333,0.0,0.04388833333333333,0.0,0.0,0.0,00:54:20,02:08:53,8,12,0.53389,0.0011116666666666666,0.316945,0.0,0.0,0.0,10,1,1,0,0,0,2022-12-12 11:13:20.136000,2022-12-13 14:44:08.401000,2022-12-13 14:24:47.244000,NA,NA,NA,week_eleven,0.0,0,NA,NA,0,NA,0.0,0.0,0.0,0.0,0,0,0,NA,NA,NA,0.0,0,NA,0.0,0,NA,0.0,0,NA,0.0,1.0,2022-12-13 14:44:12.087000
83.0,United Kingdom of Great Britain and Northern Ireland,1998,Male,CAH15-02	Economics,26,12/12/22 - 18/12/22,0.055,6.051945,0.3211116666666667,0.0,0.05333333333333334,0.0,0.0,06:28:53,02:08:53,11,16,0.056945,1.8636116666666669,0.004445,0.0,0.007778333333333333,0.0,7,8,1,0,1,0,2022-12-12 18:08:04.925000,2022-12-12 18:07:31.513000,2022-12-13 09:42:42.857000,NA,2022-12-13 09:43:03.159000,NA,week_eleven,0.0,0,NA,NA,0,NA,0.0,0.0,0.0,0.0,0,0,0,NA,NA,NA,0.0,0,NA,0.0,0,NA,0.0,0,NA,0.964445,2.0,2022-12-13 14:17:49.499000
71.0,Switzerland,1996,Female,CAH17-01	Business and management,27,12/12/22 - 18/12/22,0.0,0.0,0.0,0.0,0.0,0.0,0.0,00:00:00,02:08:53,0,0,0.0,0.0,0.0,0.0,0.0,0.0,0,0,0,0,0,0,NA,NA,NA,NA,NA,NA,week_eleven,0.0,0,NA,NA,0,NA,0.0,0.0,0.0,0.0,0,0,0,NA,NA,NA,0.0,0,NA,0.0,0,NA,0.0,0,NA,0.0,0.0,NA
82.0,United Kingdom of Great Britain and Northern Ireland,1995,Non-binary / third gender,"CAH15-01	Sociology, social policy and anthropology",28,12/12/22 - 18/12/22,0.9383333333333332,5.473888333333333,0.9994433333333334,0.0,0.0,0.0,0.0,07:24:41,02:08:53,6,10,0.09388833333333334,0.022500000000000003,0.9922216666666668,0.0013883333333333332,0.0,0.0,4,5,1,1,0,0,2022-12-12 20:41:11.288000,2022-12-12 20:41:06.286000,2022-12-14 12:18:54.608000,2022-12-14 12:18:50.071000,NA,NA,week_eleven,0.0,0,NA,NA,0,NA,0.0,0.0,0.0,0.0,0,0,0,NA,NA,NA,0.0,0,NA,0.0,0,NA,1.0258333333333334,1,2022-12-13 16:33:03.865000,2.575555,2.0,2022-12-13 13:57:21.824000
81.0,United Kingdom of Great Britain and Northern Ireland,1998,Male,CAH11-01	Computing,29,12/12/22 - 18/12/22,0.0,0.0,0.0,0.0,0.0,0.0,0.011388333333333332,00:00:41,02:08:53,0,0,0.0,0.0,0.0,0.0,0.0,0.0,0,0,0,0,0,0,NA,NA,NA,NA,NA,NA,week_eleven,0.0,0,NA,NA,0,NA,0.0,0.0,0.0,0.0,0,0,0,NA,NA,NA,0.0,0,NA,0.0,0,NA,0.0,0,NA,0.0,0.0,NA
71.0,Spain,1983,Male,CAH10-01	Engineering,30,12/12/22 - 18/12/22,0.0,0.07805666666666668,0.6602783333333334,1.7383333333333333,0.0,0.0,0.0,02:28:36,02:08:53,8,19,0.027776666666666665,0.033056666666666665,0.003888333333333333,0.0,0.0,0.0,10,4,3,0,0,0,2022-12-14 00:00:49.250000,2022-12-13 23:59:38.794000,2022-12-14 00:00:40.042000,NA,NA,NA,week_eleven,0.0,0,NA,NA,0,NA,0.0,0.0,0.0,0.0,0,0,0,NA,NA,NA,0.0,0,NA,0.0,0,NA,0.0,0,NA,0.006944999999999999,3.0,2022-12-13 23:59:44.741000
63.0,India,1998,Male,CAH11-01	Computing,31,12/12/22 - 18/12/22,0.0,0.0,0.0,0.0,0.0,0.0,0.0,00:00:00,02:08:53,0,0,0.0,0.0,0.0,0.0,0.0,0.0,0,0,0,0,0,0,NA,NA,NA,NA,NA,NA,week_eleven,0.0,0,NA,NA,0,NA,0.0,0.0,0.0,0.0,0,0,0,NA,NA,NA,0.0,0,NA,0.0,0,NA,0.0,0,NA,0.0,0.0,NA
54.0,Nigeria,1979,Female,CAH17-01	Business and management,32,12/12/22 - 18/12/22,0.0,0.0,0.0,0.0,0.0,0.0,0.0,00:00:00,02:08:53,0,0,0.0,0.0,0.0,0.0,0.0,0.0,0,0,0,0,0,0,NA,NA,NA,NA,NA,NA,week_eleven,0.0,0,NA,NA,0,NA,0.0,0.0,0.0,0.0,0,0,0,NA,NA,NA,0.0,0,NA,0.0,0,NA,0.0,0,NA,0.0,0.0,NA
62.0,Nigeria,1970,Prefer to self-describe,CAH17-01	Business and management,33,12/12/22 - 18/12/22,0.0,0.0,0.017221666666666666,0.0,0.0,0.0,0.0,00:01:02,02:08:53,1,1,0.0027783333333333336,0.0,0.0,0.0,0.0,0.0,1,0,0,0,0,0,2022-12-14 16:19:31.383000,NA,NA,NA,NA,NA,week_eleven,0.0,0,NA,NA,0,NA,0.0,0.0,0.0,0.0,0,0,0,NA,NA,NA,0.0,0,NA,0.0,0,NA,0.0,0,NA,0.0,0.0,NA
60.0,Sri Lanka,1992,Female,CAH17-01	Business and management,34,12/12/22 - 18/12/22,0.5416666666666666,0.16888833333333333,0.0,0.0,0.0,0.0,0.0,00:42:38,02:08:53,5,7,0.0,0.009445000000000002,0.0,0.0,0.0,0.0,0,4,0,0,0,0,NA,2022-12-12 18:03:30.322000,NA,NA,NA,NA,week_eleven,0.0,0,NA,NA,0,NA,0.0,0.0,0.0,0.0,0,0,0,NA,NA,NA,0.0,0,NA,0.0,0,NA,0.5352783333333334,1,2022-12-12 18:03:40.086000,0.0,1.0,2022-12-13 14:53:04.728000
62.0,Nigeria,1999,Male,CAH11-01	Computing,35,12/12/22 - 18/12/22,2.0633333333333335,1.5766666666666667,0.003055,0.0,0.0,0.0,0.0,03:38:35,02:08:53,4,4,0.003055,0.004445,0.0,0.0,0.0,0.0,1,2,0,0,0,0,2022-12-12 19:02:35.866000,2022-12-12 19:02:22.617000,NA,NA,NA,NA,week_eleven,0.0,0,NA,NA,0,NA,0.0,0.0,0.0,0.0,0,0,0,NA,NA,NA,0.0,0,NA,0.0,0,NA,2.033055,1,2022-12-12 19:04:01.643000,0.0,0.0,NA
62.0,Nigeria,1987,Female,"CAH07-04	General, applied and forensic sciences",36,12/12/22 - 18/12/22,0.8450000000000001,2.5283333333333333,0.0,0.0,0.0,0.0,0.0,03:22:24,02:08:53,11,12,0.006111666666666666,0.06472166666666666,0.012221666666666665,0.004445,0.0,0.0,1,6,3,2,0,0,2022-12-12 20:06:53.982000,2022-12-12 19:27:15.688000,2022-12-12 20:15:44.125000,2022-12-12 19:42:50.080000,NA,NA,week_eleven,0.0,0,NA,NA,0,NA,0.0,0.0,0.10527833333333333,0.008333333333333333,0,1,1,NA,2022-12-12 19:28:31.442000,2022-12-12 19:34:55.962000,0.13388833333333333,3,2022-12-12 19:36:25.788000,0.2536116666666667,1,2022-12-12 19:45:24.875000,0.6522216666666666,1,2022-12-13 13:21:41.328000,0.0,0.0,NA
67.0,Sri Lanka,1981,Male,CAH17-01	Business and management,37,12/12/22 - 18/12/22,0.0,3.0511116666666664,0.8319449999999999,0.1275,0.0,0.0,0.0,04:00:38,02:08:53,6,7,0.0047216666666666665,0.023611666666666663,0.0,0.0,0.0,0.0,2,3,0,0,0,0,2022-12-15 13:38:23.212000,2022-12-13 14:13:01.181000,NA,NA,NA,NA,week_eleven,0.0,0,NA,NA,0,NA,0.0,0.0,0.0,0.0,0,0,0,NA,NA,NA,0.0,0,NA,0.0,0,NA,0.5422216666666667,2,2022-12-14 10:45:00.217000,1.1963883333333334,1.0,2022-12-13 14:13:05.461000
65.0,Pakistan,1993,Male,CAH11-01	Computing,38,12/12/22 - 18/12/22,0.0,0.0,0.0,0.0,0.0,0.0,0.0,00:00:00,02:08:53,0,0,0.0,0.0,0.0,0.0,0.0,0.0,0,0,0,0,0,0,NA,NA,NA,NA,NA,NA,week_eleven,0.0,0,NA,NA,0,NA,0.0,0.0,0.0,0.0,0,0,0,NA,NA,NA,0.0,0,NA,0.0,0,NA,0.0,0,NA,0.0,0.0,NA
62.0,Pakistan,1991,Female,CAH11-01	Computing,39,12/12/22 - 18/12/22,0.0,2.2427766666666664,0.13166666666666668,0.0,0.0,0.0,0.0,02:22:28,02:08:53,3,7,0.0,0.005278333333333333,0.0,0.0,0.0,0.0,0,4,0,0,0,0,NA,2022-12-13 14:46:26.477000,NA,NA,NA,NA,week_eleven,0.0,0,NA,NA,0,NA,0.0,0.0,0.0,0.0,0,0,0,NA,NA,NA,0.0,0,NA,0.0,0,NA,0.12666666666666665,2,2022-12-13 18:51:23.031000,2.234166666666667,2.0,2022-12-13 14:46:29.770000
63.0,Sri Lanka,1996,Male,CAH17-01	Business and management,40,12/12/22 - 18/12/22,0.0,2.9066666666666667,2.8233333333333333,0.0,0.0,0.0,0.0,05:43:48,02:08:53,6,10,2.515555,1.6402783333333335,0.0,0.0,0.0,0.0,3,5,0,0,0,0,2022-12-13 18:30:29.116000,2022-12-13 14:40:06.395000,NA,NA,NA,NA,week_eleven,0.0,0,NA,NA,0,NA,0.0,0.0,0.0,0.0,0,0,0,NA,NA,NA,0.0,0,NA,0.0,0,NA,1.3302783333333335,1,2022-12-14 16:45:08.558000,0.17583333333333334,2.0,2022-12-13 14:52:53.598000
60.0,India,1992,Male,CAH15-02	Economics,41,12/12/22 - 18/12/22,0.0,0.0,0.0,0.8033333333333333,0.0,0.0,0.0,00:48:12,02:08:53,3,3,0.001945,0.0,0.0,0.0,0.0,0.0,2,0,0,0,0,0,2022-12-15 22:24:06.424000,NA,NA,NA,NA,NA,week_eleven,0.0,0,NA,NA,0,NA,0.0,0.0,0.0,0.0,0,0,0,NA,NA,NA,0.0,0,NA,0.0,0,NA,0.0,0,NA,0.0,0.0,NA
83.0,United Kingdom of Great Britain and Northern Ireland,1975,Female,CAH07-01	Physics and astronomy,42,12/12/22 - 18/12/22,1.2997216666666667,7.825833333333334,0.033056666666666665,0.33111,0.0,0.0,0.0,09:29:23,02:08:53,6,10,0.012223333333333333,0.0011116666666666666,0.0,0.0,0.0,0.0,4,1,0,0,0,0,2022-12-13 14:57:34.552000,2022-12-13 14:57:55.077000,NA,NA,NA,NA,week_eleven,0.0,0,NA,NA,0,NA,0.0,0.0,0.0,0.0,0,0,0,NA,NA,NA,0.0,0,NA,0.0,0,NA,0.0,0,NA,1.4475,1.0,2022-12-13 14:57:59.432000
62.0,Sri Lanka,1990,Female,CAH17-01	Business and management,43,12/12/22 - 18/12/22,0.0,1.2730549999999998,2.4488883333333336,0.0,0.0,0.0,0.0,03:43:19,02:08:53,10,18,0.2597216666666667,0.03861166666666667,0.003055,0.0,0.0,0.0,4,15,2,0,0,0,2022-12-13 14:14:25.650000,2022-12-13 14:07:59.550000,2022-12-13 15:28:32.340000,NA,NA,NA,week_eleven,0.0,0,NA,NA,0,NA,0.0,0.0,0.0,0.41722166666666666,0,0,1,NA,NA,2022-12-14 17:00:07.120000,0.0,0,NA,0.0,0,NA,2.0575,3,2022-12-13 14:15:47.883000,0.3472216666666667,6.0,2022-12-13 14:08:09.854000
76.0,Malaysia,1993,Male,CAH17-01	Business and management,44,12/12/22 - 18/12/22,0.1475,0.007500000000000001,0.0,0.0,0.008055,0.0027783333333333336,0.0036116666666666667,00:10:10,02:08:53,7,13,0.0033333333333333335,0.00027833333333333334,0.003055,0.0,0.0,0.0,5,1,1,0,0,0,2022-12-12 15:14:00.989000,2022-12-12 15:14:00.171000,2022-12-18 00:34:08.454000,NA,NA,NA,week_eleven,0.0,0,NA,NA,0,NA,0.0,0.0,0.0,0.0,0,0,0,NA,NA,NA,0.0,0,NA,0.0,0,NA,0.0,0,NA,0.0,0.0,NA
67.0,Thailand,1993,Male,CAH10-01	Engineering,45,12/12/22 - 18/12/22,0.0,0.39805500000000005,0.0,0.0033333333333333335,0.0,0.0,0.0,00:24:05,02:08:53,4,4,0.001945,0.0008333333333333334,0.0,0.0,0.0,0.0,1,1,0,0,0,0,2022-12-15 17:01:28.763000,2022-12-13 14:53:23.232000,NA,NA,NA,NA,week_eleven,0.0,0,NA,NA,0,NA,0.0,0.0,0.0,0.0,0,0,0,NA,NA,NA,0.0,0,NA,0.0,0,NA,0.0,0,NA,0.39027833333333334,1.0,2022-12-13 14:53:26.601000
65.0,India,1994,Male,CAH17-01	Business and management,46,12/12/22 - 18/12/22,0.0,1.3125,0.0,0.0,0.0,0.0,0.0,01:18:45,02:08:53,0,0,0.0,0.0,0.0,0.0,0.0,0.0,0,0,0,0,0,0,NA,NA,NA,NA,NA,NA,week_eleven,0.0,0,NA,NA,0,NA,0.0,0.0,0.0,0.0,0,0,0,NA,NA,NA,0.0,0,NA,0.0,0,NA,0.0,0,NA,0.0,0.0,NA
66.0,United Kingdom of Great Britain and Northern Ireland,1997,Female,"CAH26-01 Geography, earth and environmental studies",47,12/12/22 - 18/12/22,1.9858333333333333,0.6888883333333333,0.5725,0.0016666666666666668,0.0,0.0,0.0,03:14:56,02:08:53,8,16,0.008055,0.02389,0.0008333333333333334,0.0,0.0,0.0,6,5,1,0,0,0,2022-12-13 18:42:07.917000,2022-12-12 13:12:01.188000,2022-12-14 15:55:26.847000,NA,NA,NA,week_eleven,0.0,0,NA,NA,0,NA,0.0,0.0,0.0,0.0,0,0,0,NA,NA,NA,0.0,0,NA,0.0,0,NA,0.9163883333333334,3,2022-12-12 13:12:07.886000,0.014445000000000001,2.0,2022-12-12 13:13:06.686000
60.0,Malaysia,1992,Male,CAH25-01	Creative arts and design,48,12/12/22 - 18/12/22,0.020555,0.0,0.8541666666666666,0.3972216666666667,0.0,2.2863883333333335,0.0,03:33:29,02:08:53,4,8,0.0047216666666666665,0.0,0.000555,0.0,0.0,0.0,5,0,1,0,0,0,2022-12-13 00:30:09.540000,NA,2022-12-15 12:59:57.804000,NA,NA,NA,week_eleven,0.0,0,NA,NA,0,NA,0.0,0.0,0.0,0.0,0,0,0,NA,NA,NA,0.0,0,NA,0.0,0,NA,0.0,0,NA,0.0,0.0,NA
68.0,Nigeria,1984,Female,CAH11-01	Computing,49,12/12/22 - 18/12/22,0.08666666666666667,0.0,0.0,0.0,0.0,0.0,0.0,00:05:12,02:08:53,4,4,0.007778333333333333,0.0,0.0,0.0,0.0,0.0,3,0,0,0,0,0,2022-12-12 11:41:35.462000,NA,NA,NA,NA,NA,week_eleven,0.0,0,NA,NA,0,NA,0.0,0.0,0.0,0.0,0,0,0,NA,NA,NA,0.0,0,NA,0.0,0,NA,0.0,0,NA,0.0,0.0,NA
57.0,Nigeria,1992,Male,CAH11-01	Computing,50,12/12/22 - 18/12/22,0.0,0.0,2.89,0.008888333333333333,0.0,0.0,0.0,02:53:56,02:08:53,5,5,0.005278333333333333,0.004166666666666667,0.0,0.0,0.0,0.0,1,2,0,0,0,0,2022-12-15 08:16:53.970000,2022-12-14 11:08:43.723000,NA,NA,NA,NA,week_eleven,0.0,0,NA,NA,0,NA,0.0,0.0,0.0,0.0,0,0,0,NA,NA,NA,0.0,0,NA,0.0,0,NA,2.8800000000000003,2,2022-12-14 11:08:49.225000,0.0,0.0,NA
67.0,Nigeria,1998,Female,CAH16-01	Law,51,12/12/22 - 18/12/22,4.9488900000000005,3.978333333333333,0.0033333333333333335,0.0,0.0,0.0,0.0,08:55:50,02:08:53,9,22,0.025555,0.005278333333333333,0.0,0.0008333333333333334,0.0,0.0,12,3,0,1,0,0,2022-12-12 08:19:24.894000,2022-12-13 09:20:05.929000,NA,2022-12-12 09:11:29.581000,NA,NA,week_eleven,0.0,0,NA,NA,0,NA,0.0,0.0,0.0,0.0,0,0,0,NA,NA,NA,0.0,0,NA,0.0,0,NA,0.0625,2,2022-12-13 09:20:15.813000,0.15305500000000002,1.0,2022-12-13 14:21:10.767000
62.0,Nigeria,1991,Female,CAH10-03	Materials and technology,52,12/12/22 - 18/12/22,0.051666666666666666,0.935555,0.0,0.0,0.0475,0.0,0.0,01:02:05,02:08:53,4,9,0.0,0.005833333333333333,0.0,0.0,0.0,0.0,0,3,0,0,0,0,NA,2022-12-13 14:03:32.864000,NA,NA,NA,NA,week_eleven,0.0,0,NA,NA,0,NA,0.0,0.0,0.0,0.0,0,0,0,NA,NA,NA,0.0,0,NA,0.0,0,NA,0.0,0,NA,0.6547216666666668,3.0,2022-12-13 14:03:40.297000
67.0,Nigeria,2001,Female,CAH09-01	Mathematical sciences,53,12/12/22 - 18/12/22,0.06194500000000001,1.9763883333333332,0.7516666666666667,0.0,0.0,0.0,0.0,02:47:24,02:08:53,10,21,0.009723333333333332,0.011666666666666665,0.007221666666666667,0.0,0.0,0.0,5,7,2,0,0,0,2022-12-12 23:55:48.112000,2022-12-12 23:54:56.388000,2022-12-13 14:10:50.852000,NA,NA,NA,week_eleven,0.0,0,NA,NA,0,NA,0.0,0.0,0.0,0.0,0,0,0,NA,NA,NA,0.0,0,NA,0.0,0,NA,0.6277766666666668,3,2022-12-12 23:55:09.772000,1.9166666666666667,3.0,2022-12-12 23:55:27.657000
68.0,Nigeria,1979,Female,CAH11-01	Computing,54,12/12/22 - 18/12/22,0.9477783333333334,0.736945,3.156388333333333,1.495,0.06361166666666666,0.0,0.0,06:23:59,02:08:53,14,26,0.858055,0.01861166666666667,0.0027766666666666664,0.0,0.090555,0.3222216666666667,6,10,2,0,1,1,2022-12-15 12:30:50.998000,2022-12-12 09:31:03.954000,2022-12-13 13:27:29.345000,NA,2022-12-14 06:11:45.576000,2022-12-14 06:17:14.489000,week_eleven,0.0,0,NA,NA,1,2022-12-14 06:36:45.885000,2.7375,0.0,0.0,0.0,0,0,0,NA,NA,NA,0.0,0,NA,0.0,0,NA,1.4458333333333333,2,2022-12-12 09:31:09.557000,0.0063883333333333335,2.0,2022-12-12 19:29:00.911000
66.0,Nigeria,1986,Female,CAH10-03	Materials and technology,55,12/12/22 - 18/12/22,0.0,0.004445,0.0,0.0,0.0,0.0,0.0,00:00:16,02:08:53,1,1,0.0,0.004445,0.0,0.0,0.0,0.0,0,1,0,0,0,0,NA,2022-12-13 16:56:26.839000,NA,NA,NA,NA,week_eleven,0.0,0,NA,NA,0,NA,0.0,0.0,0.0,0.0,0,0,0,NA,NA,NA,0.0,0,NA,0.0,0,NA,0.0,0,NA,0.0,0.0,NA
70.0,Nigeria,1986,Female,CAH11-01	Computing,56,12/12/22 - 18/12/22,0.0,3.265555,2.153611666666667,0.0,0.0,0.0,0.0,05:25:09,02:08:53,2,2,0.004445,0.0,0.0,0.0,0.0,0.0,2,0,0,0,0,0,2022-12-14 09:10:32.674000,NA,NA,NA,NA,NA,week_eleven,0.0,0,NA,NA,0,NA,0.0,0.0,0.0,0.0,0,0,0,NA,NA,NA,0.0,0,NA,0.0,0,NA,0.0,0,NA,0.0,0.0,NA
55.0,Nigeria,1990,Female,CAH17-01	Business and management,57,12/12/22 - 18/12/22,0.050554999999999996,2.914445,0.0,0.0,0.0,0.0,0.0,02:57:54,02:08:53,6,10,0.007500000000000001,0.009166666666666667,0.0,0.0,0.0,0.0,2,4,0,0,0,0,2022-12-13 15:30:16.359000,2022-12-13 14:54:44.734000,NA,NA,NA,NA,week_eleven,0.0,0,NA,NA,0,NA,0.0,0.0,0.0,0.0,0,0,0,NA,NA,NA,0.0,0,NA,0.0,0,NA,2.2175000000000002,3,2022-12-13 14:54:54.955000,0.0036116666666666667,1.0,2022-12-13 15:17:05.999000
66.0,Nigeria,1992,Male,CAH03-01	Biosciences,58,12/12/22 - 18/12/22,0.0,0.8547233333333334,0.226945,0.0,0.0,0.0,0.0,01:04:54,02:08:53,7,13,0.015000000000000001,0.006111666666666666,0.0,0.0,0.0,0.0,5,4,0,0,0,0,2022-12-13 02:11:08.573000,2022-12-13 02:07:00.735000,NA,NA,NA,NA,week_eleven,0.0,0,NA,NA,0,NA,0.0,0.0,0.0,0.0,0,0,0,NA,NA,NA,0.0,0,NA,0.0,0,NA,0.19194499999999998,2,2022-12-13 02:12:39.400000,0.8011116666666667,2.0,2022-12-13 02:07:07.854000
54.0,Sri Lanka,1991,Male,CAH10-01	Engineering,59,12/12/22 - 18/12/22,0.0,0.7258333333333333,0.0,0.0,0.0,0.0,0.0,00:43:33,02:08:53,3,3,0.0,0.0022216666666666665,0.0,0.0,0.0,0.0,0,1,0,0,0,0,NA,2022-12-13 13:19:27.820000,NA,NA,NA,NA,week_eleven,0.0,0,NA,NA,0,NA,0.0,0.0,0.0,0.0,0,0,0,NA,NA,NA,0.0,0,NA,0.0,0,NA,0.7030550000000001,1,2022-12-13 13:19:35.485000,0.0,0.0,NA
59.0,Viet Nam,1997,Female,CAH17-01	Business and management,60,12/12/22 - 18/12/22,0.0,3.075555,0.005,0.0,0.0,0.0,0.0,03:04:50,02:08:53,3,5,0.0,0.0047216666666666665,0.0,0.0,0.0,0.0,0,7,0,0,0,0,NA,2022-12-13 14:06:13.594000,NA,NA,NA,NA,week_eleven,0.0,0,NA,NA,0,NA,0.0,0.0,0.0,0.0,0,0,0,NA,NA,NA,0.0,0,NA,0.0,0,NA,0.118055,3,2022-12-13 14:53:04.678000,2.8808333333333334,4.0,2022-12-13 14:06:16.039000
60.0,India,1993,Female,CAH10-01	Engineering,61,12/12/22 - 18/12/22,0.04,1.8147233333333332,0.004443333333333333,0.0,0.30444333333333334,0.0,0.720555,02:53:02,02:08:53,6,15,0.0,0.009445000000000002,0.010833333333333334,0.0,0.0,0.0,0,7,2,0,0,0,NA,2022-12-13 14:08:02.741000,2022-12-16 16:49:28.583000,NA,NA,NA,week_eleven,0.0,0,NA,NA,0,NA,0.0,0.0,0.0,0.0,0,0,0,NA,NA,NA,0.0,0,NA,0.0,0,NA,0.08611166666666667,4,2022-12-13 14:08:07.707000,0.3922216666666667,3.0,2022-12-13 14:12:55.594000
60.0,Turkey,1996,Male,CAH17-01	Business and management,62,12/12/22 - 18/12/22,0.0,0.350555,1.8466666666666667,0.8097216666666667,0.0,0.0,0.0,03:00:25,02:08:53,7,15,0.009721666666666665,0.00389,0.0,0.0,0.0,0.0,6,4,0,0,0,0,2022-12-13 13:06:42.213000,2022-12-13 13:26:17.667000,NA,NA,NA,NA,week_eleven,0.0,0,NA,NA,0,NA,0.0,0.0,0.0,0.0,0,0,0,NA,NA,NA,0.0,0,NA,0.0,0,NA,0.0,2,2022-12-14 15:17:44.258000,0.010833333333333334,2.0,2022-12-13 13:26:20.578000
78.0,United Kingdom of Great Britain and Northern Ireland,1998,Female,CAH17-01	Business and management,63,12/12/22 - 18/12/22,0.075555,1.2011116666666668,0.0,0.0,0.0,0.0,0.0,01:16:36,02:08:53,7,10,0.042499999999999996,0.006111666666666666,0.0,0.0,0.251945,0.0,3,7,0,0,1,0,2022-12-13 09:57:59.294000,2022-12-12 12:42:13.515000,NA,NA,2022-12-13 09:59:31.535000,NA,week_eleven,0.0,0,NA,NA,0,NA,0.0,0.0,0.0,0.0,0,0,0,NA,NA,NA,0.0,0,NA,0.0,0,NA,0.06472166666666666,1,2022-12-12 12:42:35.289000,0.8813883333333333,5.0,2022-12-12 12:42:16.472000
61.0,Iran,1989,Female,CAH15-04	Health and social care,64,12/12/22 - 18/12/22,0.0,0.011110000000000002,0.0,1.1597216666666665,0.0,0.0,0.0,01:10:14,02:08:53,6,6,0.004166666666666667,0.0036116666666666667,0.0027783333333333336,0.0,0.0,0.0,2,2,1,0,0,0,2022-12-15 13:51:35.196000,2022-12-13 14:55:04.919000,2022-12-13 14:55:21.563000,NA,NA,NA,week_eleven,0.0,0,NA,NA,0,NA,0.0,0.0,0.0,0.0,0,0,0,NA,NA,NA,0.0,0,NA,0.0,0,NA,0.0,0,NA,0.0,1.0,2022-12-13 14:55:37.016000
55.0,Hong Kong (S.A.R.),2000,Male,"CAH13-01	Architecture, building and planning",65,12/12/22 - 18/12/22,0.0,0.0,0.0,0.0027783333333333336,0.0,0.0,0.0,00:00:10,02:08:53,0,0,0.0,0.0,0.0,0.0,0.0,0.0,0,0,0,0,0,0,NA,NA,NA,NA,NA,NA,week_eleven,0.0,0,NA,NA,0,NA,0.0,0.0,0.0,0.0,0,0,0,NA,NA,NA,0.0,0,NA,0.0,0,NA,0.0,0,NA,0.0,0.0,NA
60.0,Hong Kong (S.A.R.),1995,Female,"CAH15-01	Sociology, social policy and anthropology",66,12/12/22 - 18/12/22,0.0,0.965,0.0,0.15722166666666668,0.0,0.0022216666666666665,0.0,01:07:28,02:08:53,7,10,0.0,0.005278333333333333,0.0,0.0,0.0,0.0,0,5,0,1,0,0,NA,2022-12-13 22:09:11.855000,NA,2022-12-15 18:13:30.649000,NA,NA,week_eleven,0.0,0,NA,NA,0,NA,0.0,0.0,0.0,0.0,0,0,0,NA,NA,NA,0.0,0,NA,0.0,0,NA,0.9175,2,2022-12-13 22:10:55.762000,0.021111666666666664,2.0,2022-12-13 22:09:39.800000
58.0,India,1987,Female,CAH17-01	Business and management,67,12/12/22 - 18/12/22,0.0,0.8041666666666667,0.0,0.0,0.0,0.0,0.0,00:48:15,02:08:53,3,5,0.0,0.011943333333333334,0.0,0.0,0.0,0.0,0,3,0,0,0,0,NA,2022-12-13 15:22:04.571000,NA,NA,NA,NA,week_eleven,0.0,0,NA,NA,0,NA,0.0,0.0,0.0,0.0013883333333333332,0,0,4,NA,NA,2022-12-13 15:22:13.017000,0.0,0,NA,0.0,0,NA,0.0,0,NA,0.0,0.0,NA
70.0,Myanmar,1996,Female,CAH11-01	Computing,68,12/12/22 - 18/12/22,0.004166666666666667,0.7872233333333333,0.0,4.133055,0.010555,0.0,0.005555000000000001,04:56:26,02:08:53,6,10,0.07583333333333334,0.0019433333333333336,0.0,0.0,0.0,0.0,7,2,0,0,0,0,2022-12-13 14:39:46.819000,2022-12-12 16:32:58.569000,NA,NA,NA,NA,week_eleven,0.0,0,NA,NA,0,NA,0.0,0.0,0.0,0.0,0,0,0,NA,NA,NA,0.0,0,NA,0.0,0,NA,0.0,1,2022-12-12 16:33:03.904000,0.778055,1.0,2022-12-13 14:39:51.004000
64.0,United Kingdom of Great Britain and Northern Ireland,1992,Male,CAH10-01	Engineering,69,12/12/22 - 18/12/22,0.0,0.4597216666666667,0.0,0.06638833333333333,0.0,0.0,0.0008333333333333334,00:31:37,02:08:53,3,5,0.003888333333333333,0.0,0.0,0.0,0.0,0.0,4,0,0,0,0,0,2022-12-13 15:19:53.302000,NA,NA,NA,NA,NA,week_eleven,0.0,0,NA,NA,0,NA,0.0,0.0,0.0,0.0,0,0,0,NA,NA,NA,0.0,0,NA,0.0,0,NA,0.0,0,NA,0.0,0.0,NA
65.0,Nigeria,1995,Male,CAH15-02	Economics,70,12/12/22 - 18/12/22,0.0,1.7791666666666666,0.08666666666666667,0.9088883333333334,0.0,0.0,0.0,02:46:29,02:08:53,9,15,0.01583333333333333,0.008055,0.0,0.0,0.0,0.0,14,7,0,0,0,0,2022-12-14 15:33:24.573000,2022-12-13 14:21:29.779000,NA,NA,NA,NA,week_eleven,0.0,0,NA,NA,0,NA,0.0,0.0,0.0,0.0,0,0,0,NA,NA,NA,0.0022216666666666665,1,2022-12-14 15:35:13.062000,0.017778333333333333,1,2022-12-14 15:33:58.369000,0.003888333333333333,2,2022-12-14 15:33:46.955000,0.71139,2.0,2022-12-13 14:21:32.925000
64.0,Viet Nam,1998,Male,CAH15-02	Economics,71,12/12/22 - 18/12/22,0.0,0.03138833333333333,0.0,0.0,0.0,0.0,0.0,00:01:53,02:08:53,2,2,0.0,0.0,0.0016666666666666668,0.0,0.0,0.0,0,0,1,0,0,0,NA,NA,2022-12-13 14:03:19.747000,NA,NA,NA,week_eleven,0.0,0,NA,NA,0,NA,0.0,0.0,0.0,0.0,0,0,0,NA,NA,NA,0.0,0,NA,0.0,0,NA,0.0,0,NA,0.0,0.0,NA
69.0,India,1984,Male,"CAH06-01	Agriculture, food and related studies",72,12/12/22 - 18/12/22,0.0,2.9961116666666667,0.0875,4.4330549999999995,0.0,0.0,0.0,07:31:00,02:08:53,7,15,0.8472216666666667,0.0063883333333333335,0.0,0.0,0.0,0.0,10,3,0,0,0,0,2022-12-13 17:10:58.332000,2022-12-13 14:16:46.578000,NA,NA,NA,NA,week_eleven,0.0,0,NA,NA,0,NA,0.0,0.0,0.0,0.0,0,0,0,NA,NA,NA,0.0,0,NA,0.0,0,NA,4.694999999999999,2,2022-12-13 15:25:51.905000,1.1463883333333333,1.0,2022-12-13 14:16:57.931000
64.0,India,1997,Female,CAH10-01	Engineering,73,12/12/22 - 18/12/22,0.007500000000000001,0.004443333333333333,3.5322216666666666,0.0,0.0,0.0,0.0,03:32:38,02:08:53,4,14,0.48027833333333336,0.02861333333333333,0.0,0.0,0.0,0.0,1,8,0,0,0,0,2022-12-14 20:15:30.872000,2022-12-12 13:02:58.936000,NA,NA,NA,NA,week_eleven,0.0,0,NA,NA,0,NA,0.0,0.0,0.0,0.0,0,0,0,NA,NA,NA,0.0,0,NA,0.0,0,NA,2.9738883333333335,6,2022-12-12 13:03:03.184000,0.004445,2.0,2022-12-13 14:44:17.592000
63.0,Sri Lanka,1986,Female,CAH17-01	Business and management,74,12/12/22 - 18/12/22,0.0,0.0,0.0,0.0,0.066945,0.04388833333333333,0.0,00:06:39,02:08:53,3,3,0.003055,0.0,0.0,0.0,0.0,0.0,1,0,0,0,0,0,2022-12-16 11:45:21.692000,NA,NA,NA,NA,NA,week_eleven,0.0,0,NA,NA,0,NA,0.0,0.0,0.0,0.0,0,0,0,NA,NA,NA,0.0,0,NA,0.0,0,NA,0.0,0,NA,0.0,0.0,NA
62.0,Sri Lanka,1980,Male,CAH17-01	Business and management,75,12/12/22 - 18/12/22,0.359445,3.2630566666666665,0.034444999999999996,0.0,0.0,0.0,0.0,03:39:25,02:08:53,7,8,0.15555500000000003,0.0036116666666666667,0.0013883333333333332,0.0,0.0,0.0,2,4,2,0,0,0,2022-12-12 13:16:13.897000,2022-12-12 13:31:34.136000,2022-12-13 14:52:54.892000,NA,NA,NA,week_eleven,0.0,0,NA,NA,0,NA,0.0,0.0,0.0,0.0,0,0,0,NA,NA,NA,0.0,0,NA,0.0,0,NA,0.0,1,2022-12-12 13:31:38.491000,2.417221666666667,3.0,2022-12-13 14:41:55.262000
61.0,Poland,1996,Male,CAH02-05	Medical sciences,76,12/12/22 - 18/12/22,0.0,2.7175000000000002,0.005,0.0,0.0,0.9563883333333333,0.07222166666666666,03:45:04,02:08:53,9,25,0.024166666666666666,0.021111666666666664,0.0013899999999999997,0.0,0.0,0.0,8,17,3,0,0,0,2022-12-13 00:28:49.704000,2022-12-13 00:28:34.444000,2022-12-13 00:30:53.643000,NA,NA,NA,week_eleven,0.0,0,NA,NA,0,NA,0.0,0.0,0.0,0.0,0,0,0,NA,NA,NA,0.0,0,NA,0.0,0,NA,0.7522233333333334,6,2022-12-13 00:29:28.815000,0.15027666666666667,4.0,2022-12-13 00:29:20.212000
77.0,Sri Lanka,1990,Male,CAH17-01	Business and management,77,12/12/22 - 18/12/22,0.0,0.0,0.0,0.0,0.0,0.0,0.0,00:00:00,02:08:53,0,0,0.0,0.0,0.0,0.0,0.0,0.0,0,0,0,0,0,0,NA,NA,NA,NA,NA,NA,week_eleven,0.0,0,NA,NA,0,NA,0.0,0.0,0.0,0.0,0,0,0,NA,NA,NA,0.0,0,NA,0.0,0,NA,0.0,0,NA,0.0,0.0,NA
56.0,Pakistan,1992,Male,CAH10-01	Engineering,78,12/12/22 - 18/12/22,0.0,0.0,0.0,0.0,0.0,0.0,0.0,00:00:00,02:08:53,0,0,0.0,0.0,0.0,0.0,0.0,0.0,0,0,0,0,0,0,NA,NA,NA,NA,NA,NA,week_eleven,0.0,0,NA,NA,0,NA,0.0,0.0,0.0,0.0,0,0,0,NA,NA,NA,0.0,0,NA,0.0,0,NA,0.0,0,NA,0.0,0.0,NA
66.0,India,1994,Female,CAH15-02	Economics,79,12/12/22 - 18/12/22,0.003888333333333333,2.578055,0.009721666666666665,2.5272216666666667,0.0,0.0,0.0,05:07:07,02:08:53,3,4,0.0,0.007221666666666667,0.0,0.0,0.0,0.0,0,2,0,0,0,0,NA,2022-12-13 17:11:17.027000,NA,NA,NA,NA,week_eleven,0.0,0,NA,NA,0,NA,0.0,0.0,0.0,0.0,0,0,0,NA,NA,NA,0.0,0,NA,0.0,0,NA,0.0,1,2022-12-14 15:24:15.538000,0.0,0.0,NA
54.0,Nigeria,1988,Male,CAH10-01	Engineering,80,12/12/22 - 18/12/22,0.0,0.0,0.6055550000000001,0.0,0.0,0.0,0.0,00:36:20,02:08:53,1,1,0.6055550000000001,0.0,0.0,0.0,0.0,0.0,1,0,0,0,0,0,2022-12-14 13:16:25.221000,NA,NA,NA,NA,NA,week_eleven,0.0,0,NA,NA,0,NA,0.0,0.0,0.0,0.0,0,0,0,NA,NA,NA,0.0,0,NA,0.0,0,NA,0.0,0,NA,0.0,0.0,NA
73.0,India,1989,Female,CAH11-01	Computing,81,24/04/23 - 30/04/23,0.445,1.8022233333333333,0.0,0.463055,0.0,0.4227783333333333,5.107221666666666,08:14:25,03:20:32,15,32,0.44194333333333335,0.07500166666666666,0.06055666666666667,0.0008333333333333334,1.4480549999999999,0.259445,7,29,7,1,3,3,2023-04-28 00:09:45.088000,2023-04-24 20:08:19.476000,2023-04-25 21:27:06.139000,2023-04-30 14:02:52.935000,2023-04-30 14:03:37.706000,2023-04-29 00:23:56.729000,week_eleven,0.041666666666666664,3,2023-04-24 20:08:32.546000,NA,4,2023-04-24 20:08:50.131000,0.435,0.5511116666666667,0.063055,0.331945,5,1,3,2023-04-24 20:19:21.593000,2023-04-27 23:53:59.824000,2023-04-27 23:57:49.883000,0.059445,1,2023-04-28 00:06:11.215000,0.0011116666666666666,1,2023-04-29 00:39:12.028000,0.0005566666666666667,2,2023-04-25 21:27:12.395000,0.009445000000000002,2.0,2023-04-30 19:58:08.156000
63.6,Nigeria,1985,Female,CAH09-01	Mathematical sciences,82,24/04/23 - 30/04/23,0.014721666666666666,0.8638883333333334,0.0,0.98,0.0,0.0,0.0,01:51:31,03:20:32,4,4,0.035,0.0047216666666666665,0.9450000000000001,0.0,0.0,0.0,2,2,3,0,0,0,2023-04-27 19:25:34.285000,2023-04-24 13:40:53.904000,2023-04-27 18:36:06.137000,NA,NA,NA,week_eleven,0.0,0,NA,NA,0,NA,0.0,0.0,0.0,0.0,0,0,0,NA,NA,NA,0.0,0,NA,0.0,0,NA,0.0,2,2023-04-24 13:41:10.527000,0.0,0.0,NA
65.2,Nigeria,1996,Female,CAH07-01	Physics and astronomy,83,24/04/23 - 30/04/23,0.0,0.0,0.0,0.0,0.5641666666666667,0.9569449999999999,0.0,01:31:16,03:20:32,2,3,0.0,0.008611666666666665,0.0,0.0,0.0,0.0,0,5,0,0,0,0,NA,2023-04-28 19:14:21.115000,NA,NA,NA,NA,week_eleven,0.0,0,NA,NA,0,NA,0.0,0.0,0.0,0.0,0,0,0,NA,NA,NA,0.0,0,NA,0.0,0,NA,0.0,1,2023-04-28 19:14:25.332000,0.0,0.0,NA
69.0,India,1999,Male,CAH11-01	Computing,84,24/04/23 - 30/04/23,0.0,0.34138999999999997,0.0,0.4977783333333333,0.505555,0.0,0.0,01:20:41,03:20:32,12,19,0.23583333333333334,0.15777833333333333,0.003055,0.004723333333333334,0.0,0.007500000000000001,6,23,2,2,0,1,2023-04-25 12:42:20.214000,2023-04-25 12:27:54.484000,2023-04-27 21:08:15.336000,2023-04-25 12:42:15.956000,NA,2023-04-27 21:15:29.023000,week_eleven,0.005833333333333333,1,2023-04-27 21:29:10.928000,NA,1,2023-04-27 21:27:33.275000,0.026111666666666665,0.06805499999999999,0.0,0.0,1,0,0,2023-04-27 21:23:18.141000,NA,NA,0.05611166666666667,1,2023-04-27 21:29:35.180000,0.03722166666666667,2,2023-04-27 21:16:26.815000,0.26527833333333334,6,2023-04-25 12:42:47.740000,0.06888833333333334,3.0,2023-04-25 12:27:58.151000
56.8,Nigeria,1993,Male,"CAH02-02	Pharmacology, toxicology and pharmacy",85,24/04/23 - 30/04/23,0.0,0.7869433333333333,0.060555,0.0,0.0,0.08416666666666667,0.15166666666666667,01:04:59,03:20:32,4,8,0.0,0.059721666666666666,0.0,0.0,0.0,0.0,0,6,0,0,0,0,NA,2023-04-25 22:44:37.357000,NA,NA,NA,NA,week_eleven,0.0,0,NA,NA,0,NA,0.0,0.0,0.0,0.0,0,0,0,NA,NA,NA,0.005278333333333333,2,2023-04-26 13:28:27.416000,0.0016666666666666668,1,2023-04-26 13:28:12.543000,0.06083333333333333,1,2023-04-29 07:43:37.624000,0.0,0.0,NA
74.0,Cameroon,1997,Male,CAH10-03	Materials and technology,86,24/04/23 - 30/04/23,0.0,1.4477783333333334,0.0,0.0,0.06222166666666666,0.0,3.815,05:19:30,03:20:32,8,10,0.028055,1.0008333333333332,0.16194499999999998,0.0,0.006944999999999999,0.11305499999999999,2,12,1,0,1,1,2023-04-29 01:05:01.612000,2023-04-25 14:15:38.494000,2023-04-30 18:30:22.010000,NA,2023-04-30 19:21:58.692000,2023-04-30 19:22:31.616000,week_eleven,0.0,0,NA,NA,2,2023-04-30 20:49:02.680000,1.4763883333333332,0.0,0.0,0.0,0,0,0,NA,NA,NA,0.0,0,NA,0.0,0,NA,0.6322216666666667,4,2023-04-30 18:40:28.230000,1.4197233333333332,6.0,2023-04-25 14:15:42.712000
74.6,Egypt,1996,Male,CAH10-01	Engineering,87,24/04/23 - 30/04/23,0.0,0.0,0.0033333333333333335,0.0,0.0,0.0,0.0,00:00:12,03:20:32,0,0,0.0,0.0,0.0,0.0,0.0,0.0,0,0,0,0,0,0,NA,NA,NA,NA,NA,NA,week_eleven,0.0,0,NA,NA,0,NA,0.0,0.0,0.0,0.0,0,0,0,NA,NA,NA,0.0,0,NA,0.0,0,NA,0.0,0,NA,0.0,0.0,NA
62.6,Nigeria,1980,Male,CAH10-01	Engineering,88,24/04/23 - 30/04/23,0.0,1.9941666666666669,0.0,0.0,0.0,0.0,0.0,01:59:39,03:20:32,1,1,0.0,1.9913883333333333,0.0,0.0,0.0,0.0,0,1,0,0,0,0,NA,2023-04-25 14:10:55.830000,NA,NA,NA,NA,week_eleven,0.0,0,NA,NA,0,NA,0.0,0.0,0.0,0.0,0,0,0,NA,NA,NA,0.0,0,NA,0.0,0,NA,0.0,0,NA,0.0,0.0,NA
70.0,Thailand,1997,Male,CAH11-01	Computing,89,24/04/23 - 30/04/23,0.0,2.957778333333333,0.0,0.0,0.5688883333333333,0.0,0.0,03:31:36,03:20:32,4,4,0.04916666666666667,0.003055,0.0,0.0,0.0,0.0,1,3,0,0,0,0,2023-04-25 13:10:05.519000,2023-04-25 13:06:43.183000,NA,NA,NA,NA,week_eleven,0.0,0,NA,NA,0,NA,0.0,0.0,0.0,0.0,0,0,0,NA,NA,NA,0.0,0,NA,0.0,0,NA,0.005555000000000001,1,2023-04-25 13:13:04.607000,2.031388333333333,2.0,2023-04-25 13:06:49.618000
68.2,Pakistan,1995,Male,CAH11-01	Computing,90,24/04/23 - 30/04/23,0.0,0.3152783333333333,0.0,0.0,0.0,0.0,0.0,00:18:55,03:20:32,7,7,0.06222166666666666,0.075,0.0011116666666666666,0.0,0.0,0.0,1,2,1,0,0,0,2023-04-25 13:31:34.738000,2023-04-25 13:19:32.324000,2023-04-25 13:19:27.901000,NA,NA,NA,week_eleven,0.0022216666666666665,1,2023-04-25 13:21:10.645000,NA,1,2023-04-25 13:21:18.324000,0.003888333333333333,0.0,0.16666666666666666,0.0,0,1,0,NA,2023-04-25 13:21:32.082000,NA,0.0,0,NA,0.0,1,2023-04-25 13:38:10.829000,0.0,0,NA,0.0,0.0,NA
73.6,Sri Lanka,1994,Male,CAH17-01	Business and management,91,24/04/23 - 30/04/23,0.0,1.8686116666666668,0.0,0.0,4.234721666666666,0.0,0.0,06:06:12,03:20:32,12,13,2.170555,0.08861166666666667,0.000555,0.0,0.011945,0.475555,5,13,1,1,2,4,2023-04-28 17:17:09.716000,2023-04-25 15:44:16.895000,2023-04-28 17:10:30.007000,2023-04-28 18:21:50.296000,2023-04-28 17:09:45.613000,2023-04-28 17:10:34.780000,week_eleven,0.018888333333333333,1,2023-04-28 17:13:09.117000,NA,2,2023-04-28 17:39:40.042000,0.01,0.400555,0.015278333333333335,0.31333333333333335,4,1,3,2023-04-28 17:15:44.783000,2023-04-28 17:15:55.519000,2023-04-28 18:21:13.712000,0.0,0,NA,0.0,0,NA,0.7283333333333334,2,2023-04-28 16:25:57.126000,0.0,0.0,NA
57.0,Nigeria,1992,Male,NA,92,24/04/23 - 30/04/23,0.0,0.0,0.0,0.0,0.0,0.0,0.0,00:00:00,03:20:32,0,0,0.0,0.0,0.0,0.0,0.0,0.0,0,0,0,0,0,0,NA,NA,NA,NA,NA,NA,week_eleven,0.0,0,NA,NA,0,NA,0.0,0.0,0.0,0.0,0,0,0,NA,NA,NA,0.0,0,NA,0.0,0,NA,0.0,0,NA,0.0,0.0,NA
66.4,Sri Lanka,1986,Male,CAH11-01	Computing,93,24/04/23 - 30/04/23,0.0,0.0,0.0,0.0,0.0,0.0,0.0,00:00:00,03:20:32,0,0,0.0,0.0,0.0,0.0,0.0,0.0,0,0,0,0,0,0,NA,NA,NA,NA,NA,NA,week_eleven,0.0,0,NA,NA,0,NA,0.0,0.0,0.0,0.0,0,0,0,NA,NA,NA,0.0,0,NA,0.0,0,NA,0.0,0,NA,0.0,0.0,NA
74.8,India,1984,Female,CAH10-01	Engineering,94,24/04/23 - 30/04/23,0.013888333333333332,0.0,0.0,0.49472166666666667,0.1825,0.0,0.0,00:41:28,03:20:32,5,11,0.5530566666666666,0.0036116666666666667,0.079445,0.0,0.0,0.0,6,4,3,0,0,0,2023-04-27 17:27:14.433000,2023-04-24 12:50:18.685000,2023-04-28 23:04:51.292000,NA,NA,NA,week_eleven,0.0,0,NA,NA,0,NA,0.0,0.0,0.0,0.0,2,0,0,2023-04-24 12:50:22.043000,NA,NA,0.0,0,NA,0.0,0,NA,0.022778333333333334,2,2023-04-27 17:56:46.542000,0.0,0.0,NA
68.4,Nigeria,1980,Female,CAH03-01	Biosciences,95,24/04/23 - 30/04/23,0.0,1.9672216666666666,0.0,0.0,0.0,0.0,5.644166666666666,07:36:41,03:20:32,9,10,0.09472166666666666,1.4888883333333331,0.0,0.0,0.0,0.050554999999999996,1,11,0,0,0,2,2023-04-30 16:08:38.370000,2023-04-25 14:12:08.522000,NA,NA,NA,2023-04-30 16:18:38.155000,week_eleven,0.0,0,NA,NA,1,2023-04-30 19:56:16.676000,1.838055,2.513888333333333,0.0,0.0,1,1,0,2023-04-30 17:25:18.842000,2023-04-30 21:46:45.344000,NA,0.0,0,NA,0.005,1,2023-04-25 14:42:21.751000,0.09305499999999998,2,2023-04-30 16:14:23.638000,0.433055,1.0,2023-04-25 14:12:14.030000
73.4,Sri Lanka,1998,Male,CAH11-01	Computing,96,24/04/23 - 30/04/23,0.0,1.951945,0.0,1.4719450000000003,0.0,0.0,0.0,03:25:26,03:20:32,12,14,0.07166666666666667,0.25639,0.00027833333333333334,0.000555,0.0,0.16916666666666666,3,10,1,1,0,1,2023-04-27 17:40:38.692000,2023-04-25 14:10:02.151000,2023-04-27 18:40:22.257000,2023-04-27 17:44:17.233000,NA,2023-04-27 17:52:19.868000,week_eleven,0.053611666666666676,1,2023-04-27 18:02:33.244000,NA,0,NA,0.0,0.03722166666666667,0.0,0.016666666666666666,1,0,1,2023-04-27 17:42:57.801000,NA,2023-04-27 18:06:52.974000,0.451945,1,2023-04-27 18:12:51.199000,0.050278333333333335,3,2023-04-27 17:40:15.358000,0.3491666666666667,1,2023-04-27 18:40:28.674000,1.9558333333333333,2.0,2023-04-25 14:10:06.084000
72.4,Bolivia,1998,Male,CAH10-01	Engineering,97,24/04/23 - 30/04/23,0.0,0.0,0.0,0.06111166666666667,0.5341666666666666,0.0,0.0,00:35:43,03:20:32,6,8,0.05,0.0047216666666666665,0.07527833333333334,0.0,0.0,0.0,6,4,5,1,0,0,2023-04-27 23:04:33.658000,2023-04-27 23:04:28.846000,2023-04-28 09:56:08.877000,2023-04-27 23:08:07.146000,NA,NA,week_eleven,0.0,0,NA,NA,0,NA,0.0,0.0,0.0,0.006111666666666666,0,0,2,NA,NA,2023-04-27 23:07:44.691000,0.0,0,NA,0.0,0,NA,0.034166666666666665,1,2023-04-27 23:05:31.760000,0.0,0.0,NA
76.0,Spain,1994,Female,"CAH24-01	Media, journalism and communications",98,24/04/23 - 30/04/23,0.0,0.0,0.0,0.0,0.0,0.0,0.0,00:00:00,03:20:32,0,0,0.0,0.0,0.0,0.0,0.0,0.0,0,0,0,0,0,0,NA,NA,NA,NA,NA,NA,week_eleven,0.0,0,NA,NA,0,NA,0.0,0.0,0.0,0.0,0,0,0,NA,NA,NA,0.0,0,NA,0.0,0,NA,0.0,0,NA,0.0,0.0,NA
73.8,Turkey,1987,Male,CAH17-01	Business and management,99,24/04/23 - 30/04/23,0.0,0.0,0.0,0.0,0.0,2.576111666666667,1.5747216666666666,04:09:03,03:20:32,11,14,0.0,0.83639,0.010833333333333334,0.0011116666666666666,0.0008333333333333334,0.3647216666666667,0,12,1,2,1,1,NA,2023-04-29 11:27:43.794000,2023-04-30 11:34:22.929000,2023-04-30 11:35:28.032000,2023-04-30 11:54:06.443000,2023-04-30 11:55:02.126000,week_eleven,0.11666666666666667,1,2023-04-30 12:17:01.348000,NA,0,NA,0.0,0.0,0.026945,0.0027783333333333336,0,1,2,NA,2023-04-29 11:32:31.492000,2023-04-29 11:32:19.670000,0.005833333333333333,1,2023-04-29 11:31:31.870000,0.000555,1,2023-04-29 11:31:53.980000,2.7258333333333336,4,2023-04-29 11:28:31.529000,0.0,0.0,NA
76.4,Turkey,1990,Male,CAH15-02	Economics,100,24/04/23 - 30/04/23,0.0,2.0366666666666666,0.0,0.0,0.0,1.7577783333333334,0.0,03:47:40,03:20:32,10,12,0.3038883333333333,0.014445000000000001,0.0008333333333333334,0.0,0.0,0.0,6,9,1,1,0,0,2023-04-25 14:07:34.104000,2023-04-25 16:09:11.591000,2023-04-29 14:32:29.144000,2023-04-29 15:43:07.802000,NA,NA,week_eleven,0.0,0,NA,NA,4,2023-04-29 15:04:51.335000,0.5452783333333333,0.34361166666666665,0.474445,0.23333333333333334,2,3,1,2023-04-29 15:05:13.140000,2023-04-29 14:34:53.896000,2023-04-29 15:58:38.737000,0.0,0,NA,0.0,0,NA,0.016944999999999998,3,2023-04-29 14:28:42.051000,0.0036116666666666667,1.0,2023-04-25 16:09:14.542000
60.0,Nigeria,1999,Male,CAH10-01	Engineering,101,24/04/23 - 30/04/23,0.0,0.9433333333333334,0.0,0.0,0.0,0.005278333333333333,0.0,00:56:55,03:20:32,2,2,0.0,0.5891666666666667,0.0,0.0,0.0,0.0,0,2,0,0,0,0,NA,2023-04-25 14:22:28.935000,NA,NA,NA,NA,week_eleven,0.0,0,NA,NA,0,NA,0.0,0.0,0.0,0.0,0,0,0,NA,NA,NA,0.0,0,NA,0.0,0,NA,0.0,0,NA,0.21277833333333332,1.0,2023-04-25 14:22:40.554000
65.0,Nigeria,1995,Male,CAH07-01	Physics and astronomy,102,24/04/23 - 30/04/23,0.0,0.0,0.0,0.0,0.0,0.0,0.045555,00:02:44,03:20:32,0,0,0.0,0.0,0.0,0.0,0.0,0.0,0,0,0,0,0,0,NA,NA,NA,NA,NA,NA,week_eleven,0.0,0,NA,NA,0,NA,0.0,0.0,0.0,0.0,0,0,0,NA,NA,NA,0.0,0,NA,0.0,0,NA,0.0,0,NA,0.0,0.0,NA
69.6,Nigeria,1997,Female,CAH07-02	Chemistry,103,24/04/23 - 30/04/23,0.0,1.4516666666666667,3.5297233333333335,0.0,0.0,0.8041666666666667,0.0,05:47:08,03:20:32,13,17,0.025833333333333333,0.26111166666666663,0.0,0.0022216666666666665,0.0,0.2341666666666667,2,16,0,4,0,2,2023-04-25 15:37:10.697000,2023-04-25 14:11:52.592000,NA,2023-04-29 16:12:43.610000,NA,2023-04-26 08:33:31.629000,week_eleven,0.005278333333333333,1,2023-04-26 08:34:05.417000,NA,3,2023-04-26 08:34:27.752000,3.006111666666667,0.0,0.089445,0.16194499999999998,1,2,5,2023-04-26 16:17:49.182000,2023-04-29 15:45:28.823000,2023-04-29 16:04:03.485000,0.3052783333333334,1,2023-04-29 15:45:33.092000,0.0011116666666666666,1,2023-04-29 16:14:04.300000,0.23888833333333334,1,2023-04-26 08:19:06.460000,1.405,1.0,2023-04-25 14:11:57.440000
62.8,Nigeria,1976,Male,CAH11-01	Computing,104,24/04/23 - 30/04/23,2.7419450000000003,0.0,0.3333333333333333,0.0,0.0,0.7933333333333333,0.8891666666666667,04:45:28,03:20:32,6,14,0.0,0.5658333333333334,0.0,0.0,0.0,0.059445,0,12,0,0,0,4,NA,2023-04-24 11:46:30.569000,NA,NA,NA,2023-04-26 11:04:38.033000,week_eleven,0.0,0,NA,NA,1,2023-04-30 23:27:00.522000,0.0,2.8897216666666665,0.01972166666666667,0.12000000000000001,4,1,1,2023-04-24 11:47:59.870000,2023-04-24 11:46:42.691000,2023-04-26 10:56:50.813000,0.0,0,NA,0.0,0,NA,0.0,0,NA,0.0,0.0,NA
71.8,Sri Lanka,1977,Male,CAH09-01	Mathematical sciences,105,24/04/23 - 30/04/23,0.0,2.734445,0.0,0.0,0.0,1.88611,0.17555500000000002,04:47:46,03:20:32,7,9,0.355555,0.2988883333333333,0.0,0.0,0.0,1.3444450000000001,1,7,0,0,0,2,2023-04-29 23:37:36.389000,2023-04-29 10:47:59.291000,NA,NA,NA,2023-04-29 10:48:49.128000,week_eleven,0.04416666666666667,1,2023-04-29 12:10:09.904000,NA,1,2023-04-29 12:12:56.509000,0.0,0.0,0.0,0.0,0,1,0,NA,2023-04-30 00:05:34.660000,NA,0.0,0,NA,0.0,0,NA,0.0,1,2023-04-30 15:56:24.793000,0.0,0.0,NA
66.0,Nigeria,1986,Female,CAH03-01	Biosciences,106,24/04/23 - 30/04/23,0.0,2.0766666666666667,0.0,0.0,0.0,3.2963883333333333,0.28944499999999995,05:39:45,03:20:32,17,22,0.05611166666666667,0.08166666666666668,0.2225,0.001945,0.007500000000000001,0.05277833333333334,3,20,2,1,1,1,2023-04-29 13:14:04.883000,2023-04-25 14:13:15.039000,2023-04-30 14:30:39.817000,2023-04-29 12:11:09.255000,2023-04-29 10:07:36.322000,2023-04-29 10:08:06.691000,week_eleven,1.2658333333333334,2,2023-04-29 10:11:21.829000,NA,4,2023-04-29 11:27:19.483000,0.025,0.6133333333333333,0.088055,1.1275000000000002,2,2,3,2023-04-29 11:27:43.308000,2023-04-29 12:04:27.255000,2023-04-29 12:09:58.580000,0.0,2,2023-04-29 13:24:11.214000,0.0,1,2023-04-29 14:15:53.593000,0.022778333333333334,4,2023-04-29 12:09:00.746000,2.0538883333333335,2.0,2023-04-25 14:13:25.883000
63.4,Bangladesh,1999,Male,CAH11-01	Computing,107,24/04/23 - 30/04/23,0.0,1.555,0.0,0.034444999999999996,0.0,0.0,0.019166666666666665,01:36:31,03:20:32,5,7,0.007500000000000001,0.028611666666666664,0.45416666666666666,0.009445000000000002,0.0,0.0,1,3,2,1,0,0,2023-04-30 14:02:45.455000,2023-04-25 14:35:10.679000,2023-04-25 15:39:34.595000,2023-04-30 14:03:16.235000,NA,NA,week_eleven,0.0,0,NA,NA,0,NA,0.0,0.0,0.0,0.0,0,0,0,NA,NA,NA,0.0,0,NA,0.0,0,NA,0.0,0,NA,0.7894450000000001,1.0,2023-04-25 14:35:13.334000
74.0,India,1997,Female,CAH11-01	Computing,108,24/04/23 - 30/04/23,0.0,0.0,0.048054999999999994,0.4547216666666667,0.0,0.0,0.0,00:30:10,03:20:32,8,9,0.036943333333333335,0.05611166666666667,0.0011116666666666666,0.004445,0.006666666666666667,0.011666666666666665,4,7,1,1,1,2,2023-04-26 15:13:17.304000,2023-04-27 23:55:15.094000,2023-04-27 23:55:10.807000,2023-04-27 23:54:55.161000,2023-04-28 00:03:46.460000,2023-04-28 00:03:41.884000,week_eleven,0.0036116666666666667,1,2023-04-28 00:05:14.580000,NA,0,NA,0.0,0.0,0.0,0.0,0,0,0,NA,NA,NA,0.0,0,NA,0.0,0,NA,0.36111166666666666,3,2023-04-27 23:55:22.904000,0.0,0.0,NA
52.6,United States of America,1997,Male,CAH03-02	Sport and exercise sciences,109,24/04/23 - 30/04/23,0.013055,1.4802783333333336,0.0,0.0,0.0,3.1816666666666666,0.109445,04:47:04,03:20:32,7,14,0.14111166666666666,0.09000000000000001,0.04194333333333333,0.0,0.001945,0.0,3,9,3,0,3,0,2023-04-25 15:39:48.536000,2023-04-25 14:10:58.913000,2023-04-24 14:59:38.347000,NA,2023-04-29 15:29:48.987000,NA,week_eleven,0.0,0,NA,NA,1,2023-04-29 15:48:36.729000,0.007221666666666667,0.4375,0.0,0.0,1,0,0,2023-04-29 15:49:07.207000,NA,NA,0.0,0,NA,0.0,0,NA,0.0,0,NA,0.9066666666666666,4.0,2023-04-25 14:11:10.669000
68.0,United Kingdom of Great Britain and Northern Ireland,1998,Female,CAH03-01	Biosciences,110,24/04/23 - 30/04/23,0.0,3.134721666666666,0.0,0.0,0.018888333333333333,0.0,2.046945,05:12:02,03:20:32,5,8,1.9163883333333334,0.004166666666666667,0.129445,0.0,0.0,0.0,7,4,4,0,0,0,2023-04-25 11:34:03.087000,2023-04-25 11:34:30.207000,2023-04-30 16:45:03.534000,NA,NA,NA,week_eleven,0.0,0,NA,NA,0,NA,0.0,0.0,0.0,0.0,0,0,0,NA,NA,NA,0.0,0,NA,0.0,0,NA,0.0025,2,2023-04-28 10:33:55.873000,1.9425,1.0,2023-04-25 11:34:34.643000
62.6,Nigeria,1980,Male,CAH15-02	Economics,111,11/12/23 - 17/12/23,0.311945,0.0,0.0,0.0,0.0,0.0,0.0,00:18:43,00:43:49,3,3,0.0,0.30833333333333335,0.0,0.0,0.0,0.0,1,1,0,0,0,0,2023-12-12 19:11:28.729000,2023-12-11 08:23:21.705000,NA,NA,NA,NA,week_eleven,0.0,0,NA,NA,0,NA,0.0,0.0,0.0,0.0,0,0,0,NA,NA,NA,0.0,0,NA,0.0,0,NA,0.0,0,NA,0.0,0.0,NA
73.0,Sri Lanka,1992,Female,CAH09-01	Mathematical sciences,112,11/12/23 - 17/12/23,0.028333333333333332,1.7136116666666668,0.0,0.0,0.0,0.0,0.0,01:44:31,00:43:49,4,7,0.003888333333333333,0.005278333333333333,0.0,0.0,0.0,0.0,1,3,0,0,0,0,2023-12-11 18:28:33.009000,2023-12-12 11:14:38.788000,NA,NA,NA,NA,week_eleven,0.0,0,NA,NA,0,NA,0.0,0.0,0.0,0.0,0,0,0,NA,NA,NA,0.0,0,NA,0.0,0,NA,0.0,0,NA,1.4672233333333333,3.0,2023-12-12 11:14:47.502000
59.0,Nigeria,1990,Male,CAH16-01	Law,113,11/12/23 - 17/12/23,0.0,0.0,0.031111666666666666,0.0,0.0,0.0,0.0,00:01:52,00:43:49,1,1,0.011111666666666667,0.0,0.0,0.0,0.0,0.0,1,0,0,0,0,0,2023-12-13 10:48:59.827000,NA,NA,NA,NA,NA,week_eleven,0.0,0,NA,NA,0,NA,0.0,0.0,0.0,0.0,0,0,0,NA,NA,NA,0.0,0,NA,0.0,0,NA,0.0,0,NA,0.0,0.0,NA
58.0,Nigeria,1996,Female,CAH19-01	English studies,114,11/12/23 - 17/12/23,0.0,0.008055,0.0,0.0,0.0,0.0,0.0,00:00:29,00:43:49,2,2,0.0,0.0036116666666666667,0.0,0.0,0.0,0.0,0,1,0,0,0,0,NA,2023-12-12 14:20:01.983000,NA,NA,NA,NA,week_eleven,0.0,0,NA,NA,0,NA,0.0,0.0,0.0,0.0,0,0,0,NA,NA,NA,0.0,0,NA,0.0,0,NA,0.0,0,NA,0.0,1.0,2023-12-12 14:20:15.323000
58.0,Nigeria,2001,Male,CAH07-01	Physics and astronomy,115,11/12/23 - 17/12/23,0.0,0.0,0.0,0.0,0.0,0.0,0.0,00:00:00,00:43:49,0,0,0.0,0.0,0.0,0.0,0.0,0.0,0,0,0,0,0,0,NA,NA,NA,NA,NA,NA,week_eleven,0.0,0,NA,NA,0,NA,0.0,0.0,0.0,0.0,0,0,0,NA,NA,NA,0.0,0,NA,0.0,0,NA,0.0,0,NA,0.0,0.0,NA
70.6,Ghana,1992,Male,CAH04-01	Psychology,116,11/12/23 - 17/12/23,0.0,0.08916666666666666,0.0,0.0,0.0,0.0,0.0,00:05:21,00:43:49,1,1,0.05888833333333333,0.0,0.0,0.0,0.0,0.0,1,0,0,0,0,0,2023-12-12 14:12:07.942000,NA,NA,NA,NA,NA,week_eleven,0.0,0,NA,NA,0,NA,0.0,0.0,0.0,0.0,0,0,0,NA,NA,NA,0.0,0,NA,0.0,0,NA,0.0,0,NA,0.0,0.0,NA
66.4,Pakistan,1999,Female,CAH11-01	Computing,117,11/12/23 - 17/12/23,0.0,0.0125,0.0,0.0,0.0,0.0,0.0,00:00:45,00:43:49,2,2,0.0027783333333333336,0.0,0.0,0.0,0.0,0.0,1,0,0,0,0,0,2023-12-12 14:09:28.099000,NA,NA,NA,NA,NA,week_eleven,0.0,0,NA,NA,0,NA,0.0,0.0,0.0,0.0,0,0,0,NA,NA,NA,0.0,0,NA,0.0,0,NA,0.0,0,NA,0.0,0.0,NA
73.0,Myanmar,1991,Female,CAH17-01	Business and management,118,11/12/23 - 17/12/23,0.0,2.0366666666666666,0.0,0.0,0.0,0.0,0.0,02:02:12,00:43:49,0,0,0.0,0.0,0.0,0.0,0.0,0.0,0,0,0,0,0,0,NA,NA,NA,NA,NA,NA,week_eleven,0.0,0,NA,NA,0,NA,0.0,0.0,0.0,0.0,0,0,0,NA,NA,NA,0.0,0,NA,0.0,0,NA,0.0,0,NA,0.0,0.0,NA
64.4,Nigeria,1994,Male,"CAH26-01 Geography, earth and environmental studies",119,11/12/23 - 17/12/23,0.0,0.025,0.0,0.0,0.0,0.0,0.0,00:01:30,00:43:49,4,4,0.0,0.013611666666666668,0.0,0.0,0.0,0.0,1,1,0,0,0,0,2023-12-12 11:53:01.756000,2023-12-12 14:17:36.508000,NA,NA,NA,NA,week_eleven,0.0,0,NA,NA,0,NA,0.0,0.0,0.0,0.0,0,0,0,NA,NA,NA,0.0,0,NA,0.0,0,NA,0.0,0,NA,0.0,1.0,2023-12-12 14:18:25.578000
52.0,United Kingdom of Great Britain and Northern Ireland,2000,Male,CAH04-01	Psychology,120,11/12/23 - 17/12/23,0.0,0.0,0.0,0.0,0.0,0.0,0.0,00:00:00,00:43:49,0,0,0.0,0.0,0.0,0.0,0.0,0.0,0,0,0,0,0,0,NA,NA,NA,NA,NA,NA,week_eleven,0.0,0,NA,NA,0,NA,0.0,0.0,0.0,0.0,0,0,0,NA,NA,NA,0.0,0,NA,0.0,0,NA,0.0,0,NA,0.0,0.0,NA
64.0,United Kingdom of Great Britain and Northern Ireland,2002,Male,CAH11-01	Computing,121,11/12/23 - 17/12/23,0.0,0.0,0.0,0.0,0.0,0.0,0.0,00:00:00,00:43:49,0,0,0.0,0.0,0.0,0.0,0.0,0.0,0,0,0,0,0,0,NA,NA,NA,NA,NA,NA,week_eleven,0.0,0,NA,NA,0,NA,0.0,0.0,0.0,0.0,0,0,0,NA,NA,NA,0.0,0,NA,0.0,0,NA,0.0,0,NA,0.0,0.0,NA
64.0,Poland,2001,Male,CAH17-01	Business and management,122,11/12/23 - 17/12/23,0.0,0.0,0.0,0.0,0.0,0.0,0.06416666666666666,00:03:51,00:43:49,0,0,0.0,0.0,0.0,0.0,0.0,0.0,0,0,0,0,0,0,NA,NA,NA,NA,NA,NA,week_eleven,0.0,0,NA,NA,0,NA,0.0,0.0,0.0,0.0,0,0,0,NA,NA,NA,0.0,0,NA,0.0,0,NA,0.0,0,NA,0.0,0.0,NA
74.2,Iran,1982,Male,CAH10-01	Engineering,123,11/12/23 - 17/12/23,0.0,3.6319450000000004,0.0,0.0,0.0,0.0,0.0,03:37:55,00:43:49,0,0,0.0,0.0,0.0,0.0,0.0,0.0,0,0,0,0,0,0,NA,NA,NA,NA,NA,NA,week_eleven,0.0,0,NA,NA,0,NA,0.0,0.0,0.0,0.0,0,0,0,NA,NA,NA,0.0,0,NA,0.0,0,NA,0.0,0,NA,0.0,0.0,NA
73.2,Malaysia,1992,Male,CAH17-01	Business and management,124,11/12/23 - 17/12/23,0.005555000000000001,0.003888333333333333,0.0,0.0,0.0,0.0,0.0,00:00:34,00:43:49,1,2,0.0022216666666666665,0.0,0.0,0.0,0.0,0.0,2,0,0,0,0,0,2023-12-11 16:41:32.556000,NA,NA,NA,NA,NA,week_eleven,0.0,0,NA,NA,0,NA,0.0,0.0,0.0,0.0,0,0,0,NA,NA,NA,0.0,0,NA,0.0,0,NA,0.0,0,NA,0.0,0.0,NA
63.0,United Kingdom of Great Britain and Northern Ireland,1987,Male,CAH10-01	Engineering,125,11/12/23 - 17/12/23,0.0,3.3891666666666667,0.0,0.11444499999999999,0.0,0.0027783333333333336,0.0,03:30:23,00:43:49,3,3,0.007221666666666667,1.8472216666666665,0.0,0.0,0.0,0.0,3,3,0,0,0,0,2023-12-12 11:20:27.889000,2023-12-12 12:03:36.520000,NA,NA,NA,NA,week_eleven,0.0,0,NA,NA,0,NA,0.0,0.0,0.0,0.0,0,0,0,NA,NA,NA,0.0,0,NA,0.0,0,NA,0.0,0,NA,0.8072216666666667,2.0,2023-12-12 12:03:40.146000
73.2,Algeria,2002,Female,"CAH07-04	General, applied and forensic sciences",126,11/12/23 - 17/12/23,0.0,0.8447216666666667,0.0,0.0,0.0,0.0,0.0,00:50:41,00:43:49,1,1,0.8422216666666668,0.0,0.0,0.0,0.0,0.0,1,0,0,0,0,0,2023-12-12 16:07:27.361000,NA,NA,NA,NA,NA,week_eleven,0.0,0,NA,NA,0,NA,0.0,0.0,0.0,0.0,0,0,0,NA,NA,NA,0.0,0,NA,0.0,0,NA,0.0,0,NA,0.0,0.0,NA
72.0,United Kingdom of Great Britain and Northern Ireland,1980,Female,CAH07-01	Physics and astronomy,127,11/12/23 - 17/12/23,0.3097216666666667,1.2727766666666667,0.0,0.0,0.0,0.0,0.0,01:34:56,00:43:49,6,10,0.007221666666666667,0.009721666666666665,0.0,0.0,0.0,0.0,2,3,0,0,0,0,2023-12-11 21:34:57.498000,2023-12-11 21:37:21.063000,NA,NA,NA,NA,week_eleven,0.0,0,NA,NA,0,NA,0.0,0.0,0.0,0.0,0,0,0,NA,NA,NA,0.0,0,NA,0.0,0,NA,0.004166666666666667,1,2023-12-11 21:37:33.655000,0.9230566666666667,2.0,2023-12-11 21:37:28.445000
73.8,United Kingdom of Great Britain and Northern Ireland,1984,Female,CAH04-01	Psychology,128,11/12/23 - 17/12/23,0.14388833333333334,1.3191666666666668,0.0,0.0,0.0,0.0,0.0,01:27:47,00:43:49,5,11,0.005278333333333333,0.0022216666666666665,0.0,0.0,0.0,0.0,2,3,0,0,0,0,2023-12-12 11:09:34.277000,2023-12-12 13:31:34.491000,NA,NA,NA,NA,week_eleven,0.0,0,NA,NA,0,NA,0.0,0.0,0.0,0.0,0,0,0,NA,NA,NA,0.0,0,NA,0.0,0,NA,0.0,0,NA,0.23555500000000001,4.0,2023-12-12 13:31:38.658000
72.0,United Kingdom of Great Britain and Northern Ireland,1988,Male,NA,129,11/12/23 - 17/12/23,0.090555,0.70611,0.0,0.0,0.0,0.0,0.0,00:47:47,00:43:49,5,9,0.020833333333333332,0.0033333333333333335,0.0,0.0025,0.0,0.0,4,4,0,1,0,0,2023-12-11 14:56:43.518000,2023-12-11 14:56:51.798000,NA,2023-12-12 14:08:40.513000,NA,NA,week_eleven,0.0,0,NA,NA,0,NA,0.0,0.0,0.0,0.0,0,0,0,NA,NA,NA,0.0,0,NA,0.0,0,NA,0.017778333333333333,1,2023-12-11 14:56:55.364000,0.630555,2.0,2023-12-12 13:59:15.778000
56.2,China,2001,Male,CAH11-01	Computing,130,11/12/23 - 17/12/23,0.0,0.0,0.02333333333333333,0.0,0.0,0.0,0.0,00:01:24,00:43:49,1,1,0.0,0.015554999999999998,0.0,0.0,0.0,0.0,0,1,0,0,0,0,NA,2023-12-13 03:40:00.810000,NA,NA,NA,NA,week_eleven,0.0,0,NA,NA,0,NA,0.0,0.0,0.0,0.0,0,0,0,NA,NA,NA,0.0,0,NA,0.0,0,NA,0.0,0,NA,0.0,0.0,NA
74.0,Singapore,1988,Female,CAH04-01	Psychology,131,11/12/23 - 17/12/23,0.0,0.0,0.0,0.0,0.0,0.0,0.0,00:00:00,00:43:49,0,0,0.0,0.0,0.0,0.0,0.0,0.0,0,0,0,0,0,0,NA,NA,NA,NA,NA,NA,week_eleven,0.0,0,NA,NA,0,NA,0.0,0.0,0.0,0.0,0,0,0,NA,NA,NA,0.0,0,NA,0.0,0,NA,0.0,0,NA,0.0,0.0,NA
65.8,India,1990,Male,CAH11-01	Computing,132,11/12/23 - 17/12/23,0.0,0.0,0.0,0.0,0.0,0.0,0.0,00:00:00,00:43:49,0,0,0.0,0.0,0.0,0.0,0.0,0.0,0,0,0,0,0,0,NA,NA,NA,NA,NA,NA,week_eleven,0.0,0,NA,NA,0,NA,0.0,0.0,0.0,0.0,0,0,0,NA,NA,NA,0.0,0,NA,0.0,0,NA,0.0,0,NA,0.0,0.0,NA
61.8,Philippines,1984,Male,CAH17-01	Business and management,133,11/12/23 - 17/12/23,0.0,0.0,0.0,0.0,0.0,0.0,0.0,00:00:00,00:43:49,0,0,0.0,0.0,0.0,0.0,0.0,0.0,0,0,0,0,0,0,NA,NA,NA,NA,NA,NA,week_eleven,0.0,0,NA,NA,0,NA,0.0,0.0,0.0,0.0,0,0,0,NA,NA,NA,0.0,0,NA,0.0,0,NA,0.0,0,NA,0.0,0.0,NA
62.2,Turkey,1982,Male,CAH11-01	Computing,134,11/12/23 - 17/12/23,0.0,0.009166666666666667,0.0,0.0,0.0,0.0,0.0,00:00:33,00:43:49,3,3,0.004445,0.0013883333333333332,0.0,0.0,0.0,0.0,1,1,0,0,0,0,2023-12-12 14:12:18.259000,2023-12-12 14:12:33.843000,NA,NA,NA,NA,week_eleven,0.0,0,NA,NA,0,NA,0.0,0.0,0.0,0.0,0,0,0,NA,NA,NA,0.0,0,NA,0.0,0,NA,0.0,0,NA,0.0,1.0,2023-12-12 14:12:39.127000
70.6,Viet Nam,1995,Male,NA,135,11/12/23 - 17/12/23,0.0,2.960555,0.0,0.0,0.0,0.0,0.0,02:57:38,00:43:49,3,3,0.0,0.0025,0.0,0.0,0.0,0.0,0,3,0,0,0,0,NA,2023-12-12 14:08:49.402000,NA,NA,NA,NA,week_eleven,0.0,0,NA,NA,0,NA,0.0,0.0,0.0,0.0,0,0,0,NA,NA,NA,0.0,0,NA,0.0,0,NA,0.0033333333333333335,1,2023-12-12 14:09:33.829000,0.009721666666666665,2.0,2023-12-12 14:08:51.643000
72.0,United Kingdom of Great Britain and Northern Ireland,1974,Male,CAH11-01	Computing,136,11/12/23 - 17/12/23,0.0,0.0125,0.0,0.0,0.0,0.0,0.0,00:00:45,00:43:49,1,1,0.0125,0.0,0.0,0.0,0.0,0.0,1,0,0,0,0,0,2023-12-12 17:06:34.005000,NA,NA,NA,NA,NA,week_eleven,0.0,0,NA,NA,0,NA,0.0,0.0,0.0,0.0,0,0,0,NA,NA,NA,0.0,0,NA,0.0,0,NA,0.0,0,NA,0.0,0.0,NA
58.0,Nigeria,1991,Female,CAH17-01	Business and management,137,11/12/23 - 17/12/23,0.0,2.8247216666666666,0.0,0.0,0.0,0.0,0.0,02:49:29,00:43:49,2,2,0.0,0.013055,0.0,0.0,0.0,0.0,0,1,0,0,0,0,NA,2023-12-12 14:14:34.927000,NA,NA,NA,NA,week_eleven,0.0,0,NA,NA,0,NA,0.0,0.0,0.0,0.0,0,0,0,NA,NA,NA,0.0,0,NA,0.0,0,NA,0.0,1,NA,2.796111666666667,0.0,2023-12-12 14:15:21.913000
58.0,Morocco,2001,Male,CAH11-01	Computing,138,11/12/23 - 17/12/23,0.0,2.350555,0.0,0.0,0.0,0.0,0.0,02:21:02,00:43:49,4,4,0.005,0.994445,0.0,0.0,0.0,0.0,2,4,0,0,0,0,2023-12-12 12:52:23.498000,2023-12-12 10:58:11.457000,NA,NA,NA,NA,week_eleven,0.0,0,NA,NA,0,NA,0.0,0.0,0.0,0.0,0,0,0,NA,NA,NA,0.0,0,NA,0.0,0,NA,0.0,0,NA,0.245,3.0,2023-12-12 10:58:15.873000
63.0,Nigeria,2000,Male,CAH03-01	Biosciences,139,11/12/23 - 17/12/23,0.0,0.0,0.0,0.0,0.0,0.0,0.0,00:00:00,00:43:49,0,0,0.0,0.0,0.0,0.0,0.0,0.0,0,0,0,0,0,0,NA,NA,NA,NA,NA,NA,week_eleven,0.0,0,NA,NA,0,NA,0.0,0.0,0.0,0.0,0,0,0,NA,NA,NA,0.0,0,NA,0.0,0,NA,0.0,0,NA,0.0,0.0,NA
75.2,United Kingdom of Great Britain and Northern Ireland,1988,Female,CAH04-01	Psychology,140,11/12/23 - 17/12/23,0.0,0.144445,0.0,0.0,0.0,0.0,0.0,00:08:40,00:43:49,3,3,0.005278333333333333,0.0,0.0,0.0,0.0,0.0,2,0,0,0,0,0,2023-12-12 12:40:06.263000,NA,NA,NA,NA,NA,week_eleven,0.0,0,NA,NA,0,NA,0.0,0.0,0.0,0.0,0,0,0,NA,NA,NA,0.0,0,NA,0.0,0,NA,0.0,0,NA,0.11,1.0,2023-12-12 12:41:35.219000
51.8,China,2001,Male,CAH11-01	Computing,141,11/12/23 - 17/12/23,0.0,0.0,0.0,0.0,0.0,0.0,0.0,00:00:00,00:43:49,0,0,0.0,0.0,0.0,0.0,0.0,0.0,0,0,0,0,0,0,NA,NA,NA,NA,NA,NA,week_eleven,0.0,0,NA,NA,0,NA,0.0,0.0,0.0,0.0,0,0,0,NA,NA,NA,0.0,0,NA,0.0,0,NA,0.0,0,NA,0.0,0.0,NA
60.0,Jordan,1994,Female,CAH04-01	Psychology,142,11/12/23 - 17/12/23,0.0,4.045,0.0,0.0,0.0,0.0,0.0,04:02:42,00:43:49,4,5,0.004166666666666667,0.004166666666666667,0.0,0.0,0.0,0.0,1,3,0,0,0,0,2023-12-12 14:10:20.611000,2023-12-12 02:06:31.928000,NA,NA,NA,NA,week_eleven,0.0,0,NA,NA,0,NA,0.0,0.0,0.0,0.0,0,0,0,NA,NA,NA,0.0,0,NA,0.0,0,NA,0.0,0,NA,1.8175,2.0,2023-12-12 14:13:52.272000
64.0,United Kingdom of Great Britain and Northern Ireland,1990,Male,CAH02-05	Medical sciences,143,11/12/23 - 17/12/23,0.0,0.01638833333333333,0.03166666666666666,0.0,0.0,0.0,0.0,00:02:53,00:43:49,1,1,0.024721666666666666,0.0,0.0,0.0,0.0,0.0,1,0,0,0,0,0,2023-12-13 15:17:43.875000,NA,NA,NA,NA,NA,week_eleven,0.0,0,NA,NA,0,NA,0.0,0.0,0.0,0.0,0,0,0,NA,NA,NA,0.0,0,NA,0.0,0,NA,0.0,0,NA,0.0,0.0,NA
64.4,Bangladesh,1995,Female,CAH17-01	Business and management,144,11/12/23 - 17/12/23,0.0,0.018888333333333333,0.0,0.0,0.0,0.0,0.0,00:01:08,00:43:49,2,2,0.0,0.011945,0.0,0.0,0.0,0.0,0,1,0,0,0,0,NA,2023-12-12 14:14:33.389000,NA,NA,NA,NA,week_eleven,0.0,0,NA,NA,0,NA,0.0,0.0,0.0,0.0,0,0,0,NA,NA,NA,0.0,0,NA,0.0,0,NA,0.0,0,NA,0.0,1.0,2023-12-12 14:15:16.355000
64.0,United Kingdom of Great Britain and Northern Ireland,2002,Male,CAH20-01	History and archaeology,145,11/12/23 - 17/12/23,0.0,0.6202766666666667,0.001945,0.0,0.0,0.0,0.0,00:37:20,00:43:49,3,5,0.0,0.007500000000000001,0.0,0.0,0.0,0.0,0,3,0,0,0,0,NA,2023-12-12 12:35:56.430000,NA,NA,NA,NA,week_eleven,0.0,0,NA,NA,0,NA,0.0,0.0,0.0,0.006944999999999999,0,0,1,NA,NA,2023-12-12 17:49:26.978000,0.0,0,NA,0.0,0,NA,0.0,0,NA,0.5922233333333333,2.0,2023-12-12 12:36:00.964000
74.0,United Kingdom of Great Britain and Northern Ireland,1979,Female,CAH22-01	Education and teaching,146,11/12/23 - 17/12/23,0.0,0.104445,0.0047216666666666665,0.0,0.0,0.0,0.0,00:06:33,00:43:49,4,8,0.048054999999999994,0.004166666666666667,0.0,0.0,0.0,0.0,4,3,0,0,0,0,2023-12-12 10:57:04.651000,2023-12-12 10:58:14.692000,NA,NA,NA,NA,week_eleven,0.0,0,NA,NA,0,NA,0.0,0.0,0.0,0.0,0,0,0,NA,NA,NA,0.0,0,NA,0.0,0,NA,0.0,0,NA,0.0,2.0,2023-12-12 14:11:31.417000
76.2,United Kingdom of Great Britain and Northern Ireland,1983,Male,CAH09-01	Mathematical sciences,147,11/12/23 - 17/12/23,0.0,1.370555,0.0,0.0,0.0,0.0,0.0,01:22:14,00:43:49,2,2,0.0,0.000555,0.0,0.0,0.0,0.0,0,1,0,0,0,0,NA,2023-12-12 14:08:09.754000,NA,NA,NA,NA,week_eleven,0.0,0,NA,NA,0,NA,0.0,0.0,0.0,0.0,0,0,0,NA,NA,NA,0.0,0,NA,0.0,0,NA,0.0,0,NA,1.3691666666666669,1.0,2023-12-12 14:08:11.699000
73.4,Sri Lanka,1983,Male,CAH10-01	Engineering,148,11/12/23 - 17/12/23,0.0,1.0261116666666665,0.0,0.0,0.0,0.0,0.0,01:01:34,00:43:49,4,5,0.016111666666666666,0.0013883333333333332,0.0,0.0,0.0,0.0,2,1,0,0,0,0,2023-12-12 13:15:57.393000,2023-12-12 14:12:36.589000,NA,NA,NA,NA,week_eleven,0.0,0,NA,NA,0,NA,0.0,0.0,0.0,0.0,0,0,0,NA,NA,NA,0.0,0,NA,0.0,0,NA,0.0,0,NA,0.0,0.0,NA
60.4,Sri Lanka,1993,Male,CAH17-01	Business and management,149,11/12/23 - 17/12/23,0.0,0.0,0.0,0.0,0.0,0.0,0.0,00:00:00,00:43:49,0,0,0.0,0.0,0.0,0.0,0.0,0.0,0,0,0,0,0,0,NA,NA,NA,NA,NA,NA,week_eleven,0.0,0,NA,NA,0,NA,0.0,0.0,0.0,0.0,0,0,0,NA,NA,NA,0.0,0,NA,0.0,0,NA,0.0,0,NA,0.0,0.0,NA
61.8,United Kingdom of Great Britain and Northern Ireland,2000,Male,CAH09-01	Mathematical sciences,150,11/12/23 - 17/12/23,0.0,0.0,0.0,0.0,0.0,0.0,0.0,00:00:00,00:43:49,0,0,0.0,0.0,0.0,0.0,0.0,0.0,0,0,0,0,0,0,NA,NA,NA,NA,NA,NA,week_eleven,0.0,0,NA,NA,0,NA,0.0,0.0,0.0,0.0,0,0,0,NA,NA,NA,0.0,0,NA,0.0,0,NA,0.0,0,NA,0.0,0.0,NA
63.6,United Kingdom of Great Britain and Northern Ireland,1996,Male,CAH04-01	Psychology,151,11/12/23 - 17/12/23,0.0,2.949445,0.0,0.0,0.0,0.0,0.0,02:56:58,00:43:49,5,5,0.003055,0.0011116666666666666,0.0,0.0,0.0,0.0,1,2,0,0,0,0,2023-12-12 13:13:27.111000,2023-12-12 14:09:55.098000,NA,NA,NA,NA,week_eleven,0.0,0,NA,NA,0,NA,0.0,0.0,0.0,0.0,0,0,0,NA,NA,NA,0.0,0,NA,0.0,0,NA,0.848055,1,2023-12-12 16:14:26.152000,2.071388333333333,1.0,2023-12-12 14:09:57.371000
61.2,Bangladesh,1999,Male,CAH10-01	Engineering,152,11/12/23 - 17/12/23,0.0,0.0,0.0,0.0,0.0,0.0,0.0,00:00:00,00:43:49,0,0,0.0,0.0,0.0,0.0,0.0,0.0,0,0,0,0,0,0,NA,NA,NA,NA,NA,NA,week_eleven,0.0,0,NA,NA,0,NA,0.0,0.0,0.0,0.0,0,0,0,NA,NA,NA,0.0,0,NA,0.0,0,NA,0.0,0,NA,0.0,0.0,NA
58.0,Nigeria,1976,Female,CAH25-01	Creative arts and design,153,11/12/23 - 17/12/23,0.0,0.729445,0.0,0.0,0.0,0.0,0.0,00:43:46,00:43:49,2,2,0.0,0.0022216666666666665,0.0,0.0,0.0,0.0,0,2,0,0,0,0,NA,2023-12-12 14:08:45.409000,NA,NA,NA,NA,week_eleven,0.0,0,NA,NA,0,NA,0.0,0.0,0.0,0.0,0,0,0,NA,NA,NA,0.0,0,NA,0.0,0,NA,0.0,0,NA,0.709445,1.0,2023-12-12 14:08:51.727000
71.0,Pakistan,1998,Male,CAH11-01	Computing,154,11/12/23 - 17/12/23,0.2777783333333333,0.05388833333333333,0.0,0.0,0.0,0.0,0.0,00:19:54,00:43:49,3,3,0.0063883333333333335,0.0,0.0,0.0,0.0,0.0,1,0,0,0,0,0,2023-12-12 13:54:23.808000,NA,NA,NA,NA,NA,week_eleven,0.0,0,NA,NA,0,NA,0.0,0.0,0.0,0.0,0,0,0,NA,NA,NA,0.0,0,NA,0.0,0,NA,0.0,0,NA,0.0,0.0,NA
68.2,Turkey,1969,Female,CAH22-01	Education and teaching,155,11/12/23 - 17/12/23,0.005278333333333333,0.17861166666666667,0.0,0.0,0.0,0.0,0.0,00:11:02,00:43:49,2,2,0.0,0.0033333333333333335,0.0,0.0,0.0,0.0,0,1,0,0,0,0,NA,2023-12-12 22:28:16.763000,NA,NA,NA,NA,week_eleven,0.0,0,NA,NA,0,NA,0.0,0.0,0.0,0.0,0,0,0,NA,NA,NA,0.0,0,NA,0.0,0,NA,0.0,0,NA,0.06527833333333334,1.0,2023-12-12 22:28:28.439000
73.0,Sri Lanka,2001,Male,CAH17-01	Business and management,156,11/12/23 - 17/12/23,0.0,0.5275,0.0,0.0,0.0,0.0,0.0,00:31:39,00:43:49,2,2,0.0,0.0008333333333333334,0.0,0.0,0.0,0.0,0,1,0,0,0,0,NA,2023-12-12 14:12:10.634000,NA,NA,NA,NA,week_eleven,0.0,0,NA,NA,0,NA,0.0,0.0,0.0,0.0,0,0,0,NA,NA,NA,0.0,0,NA,0.0,0,NA,0.0,0,NA,0.5175,1.0,2023-12-12 14:12:13.829000
61.4,Sri Lanka,1986,Male,CAH17-01	Business and management,157,11/12/23 - 17/12/23,0.0,0.0,0.0,0.0,0.0,0.0,0.0,00:00:00,00:43:49,0,0,0.0,0.0,0.0,0.0,0.0,0.0,0,0,0,0,0,0,NA,NA,NA,NA,NA,NA,week_eleven,0.0,0,NA,NA,0,NA,0.0,0.0,0.0,0.0,0,0,0,NA,NA,NA,0.0,0,NA,0.0,0,NA,0.0,0,NA,0.0,0.0,NA
60.6,India,1995,Male,CAH10-01	Engineering,158,11/12/23 - 17/12/23,0.0,0.0047216666666666665,0.0,0.0,0.0,0.0,0.0,00:00:17,00:43:49,2,2,0.0,0.0011116666666666666,0.0,0.0,0.0,0.0,0,1,0,0,0,0,NA,2023-12-12 14:11:20.954000,NA,NA,NA,NA,week_eleven,0.0,0,NA,NA,0,NA,0.0,0.0,0.0,0.0,0,0,0,NA,NA,NA,0.0,0,NA,0.0,0,NA,0.0,0,NA,0.0,1.0,2023-12-12 14:11:24.758000
48.2,Cameroon,1991,Female,CAH17-01	Business and management,159,11/12/23 - 17/12/23,0.0,0.016111666666666666,0.0,0.0,0.051666666666666666,0.0,0.0,00:04:04,00:43:49,2,3,0.021666666666666667,0.007221666666666667,0.0,0.0,0.0,0.0,2,1,0,0,0,0,2023-12-12 14:31:08.869000,2023-12-15 22:31:18.832000,NA,NA,NA,NA,week_eleven,0.0,0,NA,NA,0,NA,0.0,0.0,0.0,0.0,0,0,0,NA,NA,NA,0.0,0,NA,0.0,0,NA,0.0,0,NA,0.0,0.0,NA
61.8,United Kingdom of Great Britain and Northern Ireland,2001,Male,CAH09-01	Mathematical sciences,160,11/12/23 - 17/12/23,0.003888333333333333,0.0,0.0,0.0,0.0,0.0,0.0,00:00:14,00:43:49,0,0,0.0,0.0,0.0,0.0,0.0,0.0,0,0,0,0,0,0,NA,NA,NA,NA,NA,NA,week_eleven,0.0,0,NA,NA,0,NA,0.0,0.0,0.0,0.0,0,0,0,NA,NA,NA,0.0,0,NA,0.0,0,NA,0.0,0,NA,0.0,0.0,NA
64.4,Egypt,2000,Male,CAH11-01	Computing,161,11/12/23 - 17/12/23,0.0,1.9719450000000003,0.0,0.0,0.0,0.0,0.0,01:58:19,00:43:49,2,2,0.0,0.000555,0.0,0.0,0.0,0.0,0,1,0,0,0,0,NA,2023-12-12 15:32:46.020000,NA,NA,NA,NA,week_eleven,0.0,0,NA,NA,0,NA,0.0,0.0,0.0,0.0,0,0,0,NA,NA,NA,0.0,0,NA,0.0,0,NA,0.0,0,NA,1.6508333333333334,1.0,2023-12-12 15:32:48.378000
69.4,Myanmar,1995,Male,CAH11-01	Computing,162,11/12/23 - 17/12/23,0.0,0.008611666666666665,0.0,0.0,0.0,0.0,0.0,00:00:31,00:43:49,0,0,0.0,0.0,0.0,0.0,0.0,0.0,0,0,0,0,0,0,NA,NA,NA,NA,NA,NA,week_eleven,0.0,0,NA,NA,0,NA,0.0,0.0,0.0,0.0,0,0,0,NA,NA,NA,0.0,0,NA,0.0,0,NA,0.0,0,NA,0.0,0.0,NA
72.0,United Kingdom of Great Britain and Northern Ireland,1991,Male,CAH15-03	Politics,163,11/12/23 - 17/12/23,0.0,0.475,0.0,0.0,0.0,0.0,0.0,00:28:30,00:43:49,2,2,0.0,0.095,0.0,0.0,0.0,0.0,0,3,0,0,0,0,NA,2023-12-12 11:43:13.746000,NA,NA,NA,NA,week_eleven,0.0,0,NA,NA,0,NA,0.0,0.0,0.0,0.0,0,0,0,NA,NA,NA,0.0,0,NA,0.0,0,NA,0.0,0,NA,0.211945,2.0,2023-12-12 11:43:19.153000
65.0,Sri Lanka,1994,Male,CAH11-01	Computing,164,11/12/23 - 17/12/23,0.0,0.020833333333333332,0.0,0.0,0.0125,0.0,0.0,00:02:00,00:43:49,2,4,0.013333333333333334,0.0,0.0,0.0,0.0,0.0,2,0,0,0,0,0,2023-12-12 17:54:42.495000,NA,NA,NA,NA,NA,week_eleven,0.0,0,NA,NA,0,NA,0.0,0.0,0.0,0.0,0,0,0,NA,NA,NA,0.0,0,NA,0.0,0,NA,0.0,0,NA,0.0,0.0,NA
61.6,Turkey,1984,Male,CAH17-01	Business and management,165,11/12/23 - 17/12/23,0.0,2.9452783333333334,0.0,0.0,0.0,0.0,0.0,02:56:43,00:43:49,4,4,0.006944999999999999,0.0011116666666666666,0.0,0.0,0.0,0.0,1,1,0,0,0,0,2023-12-12 13:00:35.137000,2023-12-12 14:09:32.348000,NA,NA,NA,NA,week_eleven,0.0,0,NA,NA,0,NA,0.0,0.0,0.0,0.0,0,0,0,NA,NA,NA,0.0,0,NA,0.0,0,NA,0.0,0,NA,2.875555,1.0,2023-12-12 14:09:36.419000
68.6,Malaysia,1998,Female,CAH17-01	Business and management,166,11/12/23 - 17/12/23,0.0,0.027221666666666665,0.0,0.0,0.0,0.0,0.0,00:01:38,00:43:49,2,2,0.023888333333333334,0.0,0.0,0.0,0.0,0.0,1,0,0,0,0,0,2023-12-12 14:00:51.839000,NA,NA,NA,NA,NA,week_eleven,0.0,0,NA,NA,0,NA,0.0,0.0,0.0,0.0,0,0,0,NA,NA,NA,0.0,0,NA,0.0,0,NA,0.0,0,NA,0.0,0.0,NA
74.6,Pakistan,1995,Male,CAH10-01	Engineering,167,11/12/23 - 17/12/23,0.0,0.0,0.0,0.0,0.0,0.0,0.0,00:00:00,00:43:49,0,0,0.0,0.0,0.0,0.0,0.0,0.0,0,0,0,0,0,0,NA,NA,NA,NA,NA,NA,week_eleven,0.0,0,NA,NA,0,NA,0.0,0.0,0.0,0.0,0,0,0,NA,NA,NA,0.0,0,NA,0.0,0,NA,0.0,0,NA,0.0,0.0,NA
63.0,United Kingdom of Great Britain and Northern Ireland,2001,Female,CAH17-01	Business and management,168,11/12/23 - 17/12/23,0.0,0.450555,0.005555000000000001,0.0,0.0,0.0,0.0,00:27:22,00:43:49,2,2,0.005278333333333333,0.0,0.0,0.0,0.0,0.0,1,0,0,0,0,0,2023-12-12 14:20:30.844000,NA,NA,NA,NA,NA,week_eleven,0.0,0,NA,NA,0,NA,0.0,0.0,0.0,0.0,0,0,0,NA,NA,NA,0.0,0,NA,0.0,0,NA,0.0,0,NA,0.0,0.0,NA
76.2,Sweden,1977,Male,"CAH15-01	Sociology, social policy and anthropology",169,11/12/23 - 17/12/23,0.0,0.07583333333333334,0.0,0.0,0.0,0.0,0.0,00:04:33,00:43:49,5,6,0.03666666666666667,0.0013883333333333332,0.0,0.0,0.0,0.0,3,1,0,0,0,0,2023-12-12 13:31:18.887000,2023-12-12 12:48:17.835000,NA,NA,NA,NA,week_eleven,0.0,0,NA,NA,0,NA,0.0,0.0,0.0,0.0,0,0,0,NA,NA,NA,0.0,0,NA,0.0,0,NA,0.0,0,NA,0.0,1.0,2023-12-12 12:48:22.682000
73.4,Pakistan,1987,Male,CAH11-01	Computing,170,11/12/23 - 17/12/23,0.0,0.0,0.0,0.0,0.0,0.0,0.0,00:00:00,00:43:49,0,0,0.0,0.0,0.0,0.0,0.0,0.0,0,0,0,0,0,0,NA,NA,NA,NA,NA,NA,week_eleven,0.0,0,NA,NA,0,NA,0.0,0.0,0.0,0.0,0,0,0,NA,NA,NA,0.0,0,NA,0.0,0,NA,0.0,0,NA,0.0,0.0,NA
73.2,India,2001,Male,CAH10-01	Engineering,171,11/12/23 - 17/12/23,0.0,3.0586116666666667,0.0,0.0,0.0,0.0,0.0,03:03:31,00:43:49,3,5,0.008888333333333333,0.0025,0.0,0.0,0.0,0.0,2,4,0,0,0,0,2023-12-12 10:54:17.701000,2023-12-12 10:54:43.664000,NA,NA,NA,NA,week_eleven,0.0,0,NA,NA,0,NA,0.0,0.0,0.0,0.0,0,0,0,NA,NA,NA,0.0,0,NA,0.0,0,NA,0.0,0,NA,3.0344433333333334,3.0,2023-12-12 10:54:46.820000
63.8,Nigeria,2001,Male,"CAH26-01 Geography, earth and environmental studies",172,11/12/23 - 17/12/23,0.0,0.0,0.0,0.0,0.0,0.0,0.0,00:00:00,00:43:49,0,0,0.0,0.0,0.0,0.0,0.0,0.0,0,0,0,0,0,0,NA,NA,NA,NA,NA,NA,week_eleven,0.0,0,NA,NA,0,NA,0.0,0.0,0.0,0.0,0,0,0,NA,NA,NA,0.0,0,NA,0.0,0,NA,0.0,0,NA,0.0,0.0,NA
74.0,Viet Nam,1998,Male,CAH11-01	Computing,173,11/12/23 - 17/12/23,0.0,0.009445000000000002,0.0,0.0,0.0,0.0,0.0,00:00:34,00:43:49,2,2,0.0,0.0013883333333333332,0.0,0.0,0.0,0.0,0,1,0,0,0,0,NA,2023-12-12 14:12:10.150000,NA,NA,NA,NA,week_eleven,0.0,0,NA,NA,0,NA,0.0,0.0,0.0,0.0,0,0,0,NA,NA,NA,0.0,0,NA,0.0,0,NA,0.0,0,NA,0.0,1.0,2023-12-12 14:12:14.857000
64.6,China,2002,Male,CAH11-01	Computing,174,11/12/23 - 17/12/23,0.0,0.0,0.0,0.017221666666666666,0.0,0.0,0.0,00:01:02,00:43:49,1,1,0.0,0.001945,0.0,0.0,0.0,0.0,0,1,0,0,0,0,NA,2023-12-14 05:19:48.548000,NA,NA,NA,NA,week_eleven,0.0,0,NA,NA,0,NA,0.0,0.0,0.0,0.0,0,0,0,NA,NA,NA,0.0,0,NA,0.0,0,NA,0.0,0,NA,0.0,0.0,NA
71.2,Nigeria,1996,Female,CAH17-01	Business and management,175,11/12/23 - 17/12/23,0.0,0.0375,0.0,0.0,0.0,0.0,0.0,00:02:15,00:43:49,5,5,0.0008333333333333334,0.004445,0.0,0.0,0.0,0.0,1,1,0,0,0,0,2023-12-12 08:18:47.636000,2023-12-12 08:18:53.196000,NA,NA,NA,NA,week_eleven,0.0,0,NA,NA,0,NA,0.0,0.0,0.0,0.0,0,0,0,NA,NA,NA,0.0,0,NA,0.0,0,NA,0.0,0,NA,0.020833333333333332,1.0,2023-12-12 08:19:09.153000
64.4,Nigeria,1980,Female,CAH09-01	Mathematical sciences,176,11/12/23 - 17/12/23,0.006111666666666666,0.0036116666666666667,0.0,0.8416666666666667,2.228888333333333,2.624445,0.8558333333333333,06:33:38,00:43:49,9,22,0.0036116666666666667,0.07416333333333333,0.0,0.009721666666666665,0.9116666666666667,1.4380549999999999,1,18,0,3,6,3,2023-12-12 14:51:34.956000,2023-12-11 16:20:06.723000,NA,2023-12-14 16:07:51.835000,2023-12-11 16:20:20.441000,2023-12-15 06:03:36.234000,week_eleven,2.1211116666666667,2,2023-12-15 16:11:19.973000,NA,3,2023-12-16 16:46:25.015000,0.491945,0.723055,0.11027833333333333,0.0,2,1,0,2023-12-17 05:08:21.246000,2023-12-17 05:52:54.272000,NA,0.0,0,NA,0.0,0,NA,0.0,0,NA,0.0,0.0,NA
66.2,Nigeria,2001,Female,CAH17-01	Business and management,177,11/12/23 - 17/12/23,0.0,0.021111666666666664,0.0,0.0,0.0,0.0,0.0,00:01:16,00:43:49,4,4,0.003888333333333333,0.011388333333333332,0.0,0.0,0.0,0.0,1,1,0,0,0,0,2023-12-12 14:13:47.869000,2023-12-12 14:14:23.179000,NA,NA,NA,NA,week_eleven,0.0,0,NA,NA,0,NA,0.0,0.0,0.0,0.0,0,0,0,NA,NA,NA,0.0,0,NA,0.0,0,NA,0.0,0,NA,0.0,1.0,2023-12-12 14:15:04.387000
63.0,Australia,1977,Female,CAH16-01	Law,178,11/12/23 - 17/12/23,0.0,1.919445,0.0,0.0,0.0,0.0,0.0,01:55:10,00:43:49,2,2,0.0,0.0022216666666666665,0.0,0.0,0.0,0.0,0,1,0,0,0,0,NA,2023-12-12 14:13:54.479000,NA,NA,NA,NA,week_eleven,0.0,0,NA,NA,0,NA,0.0,0.0,0.0,0.0,0,0,0,NA,NA,NA,0.0,0,NA,0.0,0,NA,0.0,0,NA,0.3477783333333333,1.0,2023-12-12 14:14:02.483000
65.8,United Kingdom of Great Britain and Northern Ireland,2001,Male,CAH11-01	Computing,179,11/12/23 - 17/12/23,0.0,0.3333333333333333,0.0,0.0,0.0,0.0,0.0,00:20:00,00:43:49,3,3,0.034721666666666665,0.08722166666666667,0.0,0.0,0.0,0.0,1,5,0,0,0,0,2023-12-12 14:20:38.177000,2023-12-12 14:11:33.867000,NA,NA,NA,NA,week_eleven,0.0,0,NA,NA,0,NA,0.0,0.0,0.0,0.0,0,0,0,NA,NA,NA,0.0,0,NA,0.0,0,NA,0.0,0,NA,0.2097216666666667,3.0,2023-12-12 14:11:35.681000
73.2,India,2000,Male,CAH10-01	Engineering,180,11/12/23 - 17/12/23,0.0,0.05416666666666667,0.0,0.0,0.0,0.0,0.0,00:03:15,00:43:49,3,3,0.001945,0.0011116666666666666,0.0,0.0,0.0,0.0,1,1,0,0,0,0,2023-12-12 14:12:36.748000,2023-12-12 14:14:58.867000,NA,NA,NA,NA,week_eleven,0.0,0,NA,NA,0,NA,0.0,0.0,0.0,0.0,0,0,0,NA,NA,NA,0.0,0,NA,0.0,0,NA,0.0,0,NA,0.0,1.0,2023-12-12 14:15:03.013000
64.4,Nigeria,1976,Female,CAH17-01	Business and management,181,11/12/23 - 17/12/23,0.0,0.018888333333333333,0.0,0.5075,0.0,0.0,0.0,00:31:35,00:43:49,3,3,0.012221666666666665,0.0013883333333333332,0.0,0.0,0.0,0.0,1,1,0,0,0,0,2023-12-14 09:28:25.213000,2023-12-14 09:29:08.789000,NA,NA,NA,NA,week_eleven,0.0,0,NA,NA,0,NA,0.0,0.0,0.0,0.0,0,0,0,NA,NA,NA,0.0,0,NA,0.0,0,NA,0.0,0,NA,0.4702783333333333,1.0,2023-12-14 09:29:13.790000
63.4,Sri Lanka,2000,Female,CAH17-01	Business and management,182,11/12/23 - 17/12/23,0.0,2.463888333333333,0.0,0.0,0.0,0.0,0.0,02:27:50,00:43:49,2,4,0.085555,0.0,0.0,0.0,0.0,0.0,3,0,0,0,0,0,2023-12-12 15:17:09.251000,NA,NA,NA,NA,NA,week_eleven,0.0,0,NA,NA,0,NA,0.0,0.0,0.0,0.0,0,0,0,NA,NA,NA,0.0,0,NA,0.0,0,NA,0.0,0,NA,0.0,0.0,NA
68.6,Viet Nam,1997,Female,CAH17-01	Business and management,183,11/12/23 - 17/12/23,0.0,0.0,0.014166666666666666,0.0,0.0025,0.0,0.0,00:01:00,00:43:49,2,2,0.0,0.0027783333333333336,0.0,0.0,0.0,0.0,0,2,0,0,0,0,NA,2023-12-13 13:31:14.503000,NA,NA,NA,NA,week_eleven,0.0,0,NA,NA,0,NA,0.0,0.0,0.0,0.0,0,0,0,NA,NA,NA,0.0,0,NA,0.0,0,NA,0.003888333333333333,1,2023-12-13 15:22:47.954000,0.0,0.0,NA
73.0,Thailand,2001,Male,CAH17-01	Business and management,184,11/12/23 - 17/12/23,0.0,0.521945,0.0,0.0,0.0,0.0,0.0,00:31:19,00:43:49,0,0,0.0,0.0,0.0,0.0,0.0,0.0,0,0,0,0,0,0,NA,NA,NA,NA,NA,NA,week_eleven,0.0,0,NA,NA,0,NA,0.0,0.0,0.0,0.0,0,0,0,NA,NA,NA,0.0,0,NA,0.0,0,NA,0.0,0,NA,0.0,0.0,NA
67.4,United Kingdom of Great Britain and Northern Ireland,2001,Male,CAH04-01	Psychology,185,11/12/23 - 17/12/23,0.0,3.9894450000000004,0.0,0.0,0.0,0.0,0.0,03:59:22,00:43:49,3,3,1.4536116666666667,0.0033333333333333335,0.0,0.0,0.0,0.0,2,4,0,0,0,0,2023-12-12 11:03:35.397000,2023-12-12 12:30:35.030000,NA,NA,NA,NA,week_eleven,0.0,0,NA,NA,0,NA,0.0,0.0,0.0,0.0,0,0,0,NA,NA,NA,0.0,0,NA,0.0,0,NA,0.0,0,NA,0.36222166666666666,2.0,2023-12-12 12:30:40.923000
62.4,Iran,1995,Female,CAH10-01	Engineering,186,11/12/23 - 17/12/23,0.0,0.0,0.0,0.0,0.0,0.0,0.0,00:00:00,00:43:49,0,0,0.0,0.0,0.0,0.0,0.0,0.0,0,0,0,0,0,0,NA,NA,NA,NA,NA,NA,week_eleven,0.0,0,NA,NA,0,NA,0.0,0.0,0.0,0.0,0,0,0,NA,NA,NA,0.0,0,NA,0.0,0,NA,0.0,0,NA,0.0,0.0,NA
64.8,United Kingdom of Great Britain and Northern Ireland,1997,Female,CAH09-01	Mathematical sciences,187,11/12/23 - 17/12/23,0.0,3.5316666666666667,0.0,0.0,0.0,0.0,0.0,03:31:54,00:43:49,3,3,0.020833333333333332,0.0016666666666666668,0.0,0.0,0.0,0.0,1,1,0,0,0,0,2023-12-12 11:02:46.231000,2023-12-12 14:09:31.108000,NA,NA,NA,NA,week_eleven,0.0,0,NA,NA,0,NA,0.0,0.0,0.0,0.0,0,0,0,NA,NA,NA,0.0,0,NA,0.0,0,NA,0.0,0,NA,0.42222166666666666,1.0,2023-12-12 14:09:37.418000
52.4,Egypt,1986,Male,CAH10-01	Engineering,188,11/12/23 - 17/12/23,0.0011116666666666666,0.007500000000000001,0.0,0.0,0.0,0.0,0.0,00:00:31,00:43:49,0,0,0.0,0.0,0.0,0.0,0.0,0.0,0,0,0,0,0,0,NA,NA,NA,NA,NA,NA,week_eleven,0.0,0,NA,NA,0,NA,0.0,0.0,0.0,0.0,0,0,0,NA,NA,NA,0.0,0,NA,0.0,0,NA,0.0,0,NA,0.0,0.0,NA
63.8,Sri Lanka,1987,Female,CAH10-01	Engineering,189,11/12/23 - 17/12/23,0.0,1.8602783333333335,0.0,0.0,0.0,0.0,0.0,01:51:37,00:43:49,3,5,0.0025,0.005,0.0,0.0,0.0,0.0,1,3,0,0,0,0,2023-12-12 15:08:06.232000,2023-12-12 11:26:42.308000,NA,NA,NA,NA,week_eleven,0.0,0,NA,NA,0,NA,0.0,0.0,0.0,0.0,0,0,0,NA,NA,NA,0.0,0,NA,0.0,0,NA,0.0,0,NA,1.8408333333333333,3.0,2023-12-12 11:26:51.858000
73.8,Algeria,1996,Male,NA,190,11/12/23 - 17/12/23,0.0,2.665555,0.0,0.0,0.0,0.0,0.0,02:39:56,00:43:49,3,7,0.006111666666666666,0.007500000000000001,0.0,0.0,0.0,0.0,1,3,0,0,0,0,2023-12-12 10:56:13.819000,2023-12-12 10:56:35.926000,NA,NA,NA,NA,week_eleven,0.0,0,NA,NA,0,NA,0.0,0.0,0.0,0.0,0,0,0,NA,NA,NA,0.0,0,NA,0.0,0,NA,0.0,0,NA,2.6430549999999995,3.0,2023-12-12 10:56:40.949000
62.4,Sri Lanka,1996,Female,CAH17-01	Business and management,191,11/12/23 - 17/12/23,0.0,2.4152783333333336,0.017221666666666666,0.0,0.0,0.0,0.0,02:25:57,00:43:49,5,8,0.0036116666666666667,0.0022233333333333332,0.0,0.0011116666666666666,0.0,0.0,1,2,0,1,0,0,2023-12-12 14:38:19.602000,2023-12-12 14:38:36.194000,NA,2023-12-12 14:38:32.633000,NA,NA,week_eleven,0.0,0,NA,NA,0,NA,0.0,0.0,0.0,0.0,0,0,0,NA,NA,NA,0.0,0,NA,0.0,0,NA,0.0,0,NA,0.089445,3.0,2023-12-12 14:38:39.942000
73.0,Iran,1988,Male,CAH10-01	Engineering,192,11/12/23 - 17/12/23,0.0,0.0,0.0,0.0,0.0,0.0,0.0,00:00:00,00:43:49,0,0,0.0,0.0,0.0,0.0,0.0,0.0,0,0,0,0,0,0,NA,NA,NA,NA,NA,NA,week_eleven,0.0,0,NA,NA,0,NA,0.0,0.0,0.0,0.0,0,0,0,NA,NA,NA,0.0,0,NA,0.0,0,NA,0.0,0,NA,0.0,0.0,NA
73.0,Sri Lanka,1996,Female,CAH09-01	Mathematical sciences,193,11/12/23 - 17/12/23,0.0,1.1905549999999998,0.0,0.0,0.0,0.0,0.0,01:11:26,00:43:49,5,7,0.01694333333333333,0.005278333333333333,0.0,0.0,0.0,0.0,2,4,0,0,0,0,2023-12-12 03:51:37.797000,2023-12-12 16:03:12.205000,NA,NA,NA,NA,week_eleven,0.0,0,NA,NA,0,NA,0.0,0.0,0.0,0.0,0,0,0,NA,NA,NA,0.0,0,NA,0.0,0,NA,0.0,0,NA,0.023055,3.0,2023-12-12 16:04:14.559000
69.2,India,1996,Male,CAH17-01	Business and management,194,11/12/23 - 17/12/23,0.0,0.0,0.0,0.0,0.0,0.0,0.0,00:00:00,00:43:49,0,0,0.0,0.0,0.0,0.0,0.0,0.0,0,0,0,0,0,0,NA,NA,NA,NA,NA,NA,week_eleven,0.0,0,NA,NA,0,NA,0.0,0.0,0.0,0.0,0,0,0,NA,NA,NA,0.0,0,NA,0.0,0,NA,0.0,0,NA,0.0,0.0,NA
62.4,India,1997,Male,CAH10-01	Engineering,195,11/12/23 - 17/12/23,0.0,0.499445,0.0,0.0,0.0,0.0,0.0,00:29:58,00:43:49,3,3,0.011388333333333332,0.006111666666666666,0.0,0.0,0.0,0.0,2,2,0,0,0,0,2023-12-12 14:10:04.461000,2023-12-12 14:11:08.520000,NA,NA,NA,NA,week_eleven,0.0,0,NA,NA,0,NA,0.0,0.0,0.0,0.0,0,0,0,NA,NA,NA,0.0,0,NA,0.0,0,NA,0.0,0,NA,0.029445,2.0,2023-12-12 14:11:15.459000
70.0,Nigeria,1991,Male,CAH11-01	Computing,196,11/12/23 - 17/12/23,0.0,0.0,0.0,0.0,0.0,0.0,0.0,00:00:00,00:43:49,0,0,0.0,0.0,0.0,0.0,0.0,0.0,0,0,0,0,0,0,NA,NA,NA,NA,NA,NA,week_eleven,0.0,0,NA,NA,0,NA,0.0,0.0,0.0,0.0,0,0,0,NA,NA,NA,0.0,0,NA,0.0,0,NA,0.0,0,NA,0.0,0.0,NA
58.0,Nigeria,1997,Female,CAH15-02	Economics,197,11/12/23 - 17/12/23,0.0,1.7688899999999999,0.0,0.0,0.0,0.0,0.061388333333333336,01:49:49,00:43:49,5,10,0.028055,0.13138833333333333,0.0,0.01,0.0,0.0,4,6,0,1,0,0,2023-12-12 13:12:04.151000,2023-12-12 13:11:52.241000,NA,2023-12-17 17:47:01.355000,NA,NA,week_eleven,0.0,0,NA,NA,0,NA,0.0,0.0,0.0,0.0,0,0,0,NA,NA,NA,0.0,0,NA,0.0,0,NA,0.0,0,NA,0.8816666666666666,5.0,2023-12-12 13:11:42.621000
57.0,United Kingdom of Great Britain and Northern Ireland,2000,Female,CAH04-01	Psychology,198,11/12/23 - 17/12/23,0.0,0.024444999999999998,0.0,0.0,0.0,0.0,0.0,00:01:28,00:43:49,0,0,0.0,0.0,0.0,0.0,0.0,0.0,0,0,0,0,0,0,NA,NA,NA,NA,NA,NA,week_eleven,0.0,0,NA,NA,0,NA,0.0,0.0,0.0,0.0,0,0,0,NA,NA,NA,0.0,0,NA,0.0,0,NA,0.0,0,NA,0.0,0.0,NA
68.6,Malaysia,2000,Female,CAH17-01	Business and management,199,11/12/23 - 17/12/23,0.0,0.4425,0.0,0.0,0.0,0.0,0.0,00:26:33,00:43:49,0,0,0.0,0.0,0.0,0.0,0.0,0.0,0,0,0,0,0,0,NA,NA,NA,NA,NA,NA,week_eleven,0.0,0,NA,NA,0,NA,0.0,0.0,0.0,0.0,0,0,0,NA,NA,NA,0.0,0,NA,0.0,0,NA,0.0,0,NA,0.0,0.0,NA
63.2,United Kingdom of Great Britain and Northern Ireland,2001,Female,CAH15-02	Economics,200,11/12/23 - 17/12/23,0.0,0.0,0.3052783333333334,0.0,0.0,0.0,0.0,00:18:19,00:43:49,0,0,0.0,0.0,0.0,0.0,0.0,0.0,0,0,0,0,0,0,NA,NA,NA,NA,NA,NA,week_eleven,0.0,0,NA,NA,0,NA,0.0,0.0,0.0,0.0,0,0,0,NA,NA,NA,0.0,0,NA,0.0,0,NA,0.0,0,NA,0.0,0.0,NA
71.2,China,2002,Male,CAH11-01	Computing,201,11/12/23 - 17/12/23,0.0,0.228055,0.018333333333333333,0.0,0.0,0.0,0.0,00:14:47,00:43:49,1,1,0.0011116666666666666,0.0,0.0,0.0,0.0,0.0,1,0,0,0,0,0,2023-12-12 13:38:17.926000,NA,NA,NA,NA,NA,week_eleven,0.0,0,NA,NA,0,NA,0.0,0.0,0.0,0.0,0,0,0,NA,NA,NA,0.0,0,NA,0.0,0,NA,0.0,0,NA,0.0,0.0,NA
68.2,Iran,1992,Female,CAH10-01	Engineering,202,11/12/23 - 17/12/23,0.0,0.0,0.0,0.0,0.0,0.0,0.0,00:00:00,00:43:49,0,0,0.0,0.0,0.0,0.0,0.0,0.0,0,0,0,0,0,0,NA,NA,NA,NA,NA,NA,week_eleven,0.0,0,NA,NA,0,NA,0.0,0.0,0.0,0.0,0,0,0,NA,NA,NA,0.0,0,NA,0.0,0,NA,0.0,0,NA,0.0,0.0,NA
73.2,Pakistan,1994,Male,CAH10-01	Engineering,203,11/12/23 - 17/12/23,0.0,0.010278333333333334,0.0,0.0,0.0,0.0,0.0,00:00:37,00:43:49,1,2,0.010278333333333334,0.0,0.0,0.0,0.0,0.0,2,0,0,0,0,0,2023-12-12 06:38:10.159000,NA,NA,NA,NA,NA,week_eleven,0.0,0,NA,NA,0,NA,0.0,0.0,0.0,0.0,0,0,0,NA,NA,NA,0.0,0,NA,0.0,0,NA,0.0,0,NA,0.0,0.0,NA
52.5,India,1999,Male,CAH10-01	Engineering,204,11/12/23 - 17/12/23,0.0,0.7122216666666666,0.0,0.0,0.0,0.0,0.0,00:42:44,00:43:49,1,1,0.0008333333333333334,0.0,0.0,0.0,0.0,0.0,1,0,0,0,0,0,2023-12-12 14:16:42.557000,NA,NA,NA,NA,NA,week_eleven,0.0,0,NA,NA,0,NA,0.0,0.0,0.0,0.0,0,0,0,NA,NA,NA,0.0,0,NA,0.0,0,NA,0.0,0,NA,0.0,0.0,NA
68.6,Myanmar,2001,Female,CAH17-01	Business and management,205,11/12/23 - 17/12/23,0.0,0.31666666666666665,0.0,0.0,0.0,0.0,0.0,00:19:00,00:43:49,4,4,0.0033333333333333335,0.0011116666666666666,0.0,0.0125,0.0,0.0,2,1,0,1,0,0,2023-12-12 23:03:19.767000,2023-12-12 23:04:27.644000,NA,2023-12-12 23:03:36.115000,NA,NA,week_eleven,0.0,0,NA,NA,0,NA,0.0,0.0,0.0,0.0,0,0,0,NA,NA,NA,0.0,0,NA,0.0,0,NA,0.0,0,NA,0.28722166666666665,1.0,2023-12-12 23:04:31.631000
73.8,Turkey,1999,Female,CAH10-01	Engineering,206,11/12/23 - 17/12/23,0.0,1.5247216666666668,0.0,0.0,0.0,0.0,0.0,01:31:29,00:43:49,2,2,0.0,0.0008333333333333334,0.0,0.0,0.0,0.0,0,1,0,0,0,0,NA,2023-12-12 14:07:27.329000,NA,NA,NA,NA,week_eleven,0.0,0,NA,NA,0,NA,0.0,0.0,0.0,0.0,0,0,0,NA,NA,NA,0.0,0,NA,0.0,0,NA,0.0,0,NA,1.5208333333333333,1.0,2023-12-12 14:07:30.447000
71.6,Nigeria,1994,Male,CAH15-02	Economics,207,11/12/23 - 17/12/23,0.0,0.0,0.0,0.0,0.0,0.0,0.0,00:00:00,00:43:49,0,0,0.0,0.0,0.0,0.0,0.0,0.0,0,0,0,0,0,0,NA,NA,NA,NA,NA,NA,week_eleven,0.0,0,NA,NA,0,NA,0.0,0.0,0.0,0.0,0,0,0,NA,NA,NA,0.0,0,NA,0.0,0,NA,0.0,0,NA,0.0,0.0,NA
60.4,India,1992,Male,CAH19-01	English studies,208,11/12/23 - 17/12/23,0.0,0.0,0.3016666666666667,0.0,0.012221666666666665,0.0,0.0,00:18:50,00:43:49,1,2,0.288055,0.0,0.0,0.0,0.0,0.0,2,0,0,0,0,0,2023-12-13 20:32:19.084000,NA,NA,NA,NA,NA,week_eleven,0.0,0,NA,NA,0,NA,0.0,0.0,0.0,0.0,0,0,0,NA,NA,NA,0.0,0,NA,0.0,0,NA,0.0,0,NA,0.0,0.0,NA
64.0,Bangladesh,1996,Female,CAH17-01	Business and management,209,11/12/23 - 17/12/23,0.0,0.017778333333333333,0.022778333333333334,0.0,0.0,0.0,0.0,00:02:26,00:43:49,3,3,0.0,0.0011116666666666666,0.0,0.0,0.0,0.0,1,1,0,0,0,0,2023-12-12 14:31:36.570000,2023-12-12 14:30:43.095000,NA,NA,NA,NA,week_eleven,0.0,0,NA,NA,0,NA,0.0,0.0,0.0,0.0,0,0,0,NA,NA,NA,0.0,0,NA,0.0,0,NA,0.0,0,NA,0.013611666666666668,1.0,2023-12-12 14:30:47.321000
73.0,Sri Lanka,1996,Female,CAH11-01	Computing,210,11/12/23 - 17/12/23,3.0597216666666665,2.7527783333333335,0.0,0.0,0.0,0.0,0.0,05:48:45,00:43:49,6,9,0.8166666666666667,0.004445,0.0,0.006943333333333333,0.0,0.0,3,3,0,3,0,0,2023-12-11 17:20:00.518000,2023-12-12 14:13:06.800000,NA,2023-12-11 17:19:58.522000,NA,NA,week_eleven,0.0,0,NA,NA,0,NA,0.0,0.0,0.0,0.0,0,0,0,NA,NA,NA,0.0,0,NA,0.0,0,NA,0.0,0,NA,0.014445000000000001,1.0,2023-12-12 14:16:13.475000
61.8,Myanmar,1998,Female,CAH11-01	Computing,211,11/12/23 - 17/12/23,0.016666666666666666,0.11388833333333333,0.0,0.0,0.0,0.0016666666666666668,0.0,00:07:56,00:43:49,4,10,0.0016666666666666668,0.090835,0.0,0.0,0.0,0.0,1,5,0,0,0,0,2023-12-16 13:08:03.264000,2023-12-11 20:07:19.576000,NA,NA,NA,NA,week_eleven,0.0,0,NA,NA,0,NA,0.0,0.0,0.0,0.0,0,0,0,NA,NA,NA,0.0,0,NA,0.0,0,NA,0.0,0,NA,0.008888333333333333,4.0,2023-12-11 20:07:31.608000
63.0,United States of America,2001,Male,CAH11-01	Computing,212,11/12/23 - 17/12/23,0.0,1.459445,0.0,0.0,0.0,0.0,0.0,01:27:34,00:43:49,2,2,0.0,0.0008333333333333334,0.0,0.0,0.0,0.0,0,1,0,0,0,0,NA,2023-12-12 14:17:35.205000,NA,NA,NA,NA,week_eleven,0.0,0,NA,NA,0,NA,0.0,0.0,0.0,0.0,0,0,0,NA,NA,NA,0.0,0,NA,0.0,0,NA,0.0,0,NA,0.2513883333333334,1.0,2023-12-12 14:17:38.059000
